[campaign] Resume detected (ledger has DONE entries) and app container kept running: skipping full JVM priming.

[campaign] (1) cell: a|seq|0|50|-|-
=== Cell: scenario=a style=seq rtt=0us rate=50rps duration=2m scale=full repeats=1 ===
[1/4] Setting netem delay 0us...
Removing netem qdisc on lab-mysql eth0...
Netem qdisc removed (or was not present).
Current qdisc:
time="2026-06-11T08:36:18+09:00" level=warning msg="/Users/rene/rdb-join-lab/docker-compose.yml: the attribute `version` is obsolete, it will be ignored, please remove it to avoid potential confusion"
qdisc noqueue 0: root refcnt 2 
[2/4] Warming InnoDB buffer pool...
=== Step 1: Warm-up queries (priming buffer pool, ~10% of full scale) ===
COUNT(*)
3401538
COUNT(*)
975720
COUNT(*)
8680188
COUNT(*)
10000
Warm-up queries complete.
=== Step 2: Triggering InnoDB buffer pool dump ===
time="2026-06-11T08:36:20+09:00" level=warning msg="/Users/rene/rdb-join-lab/docker-compose.yml: the attribute `version` is obsolete, it will be ignored, please remove it to avoid potential confusion"
mysql: [Warning] Using a password on the command line interface can be insecure.
Polling dump status (timeout 300s)...
  [0s] Dump status: Buffer pool(s) dump completed at 260610 23:36:20
Buffer pool dump completed.
=== Step 3: Triggering InnoDB buffer pool load ===
time="2026-06-11T08:36:20+09:00" level=warning msg="/Users/rene/rdb-join-lab/docker-compose.yml: the attribute `version` is obsolete, it will be ignored, please remove it to avoid potential confusion"
mysql: [Warning] Using a password on the command line interface can be insecure.
Polling load status (timeout 300s)...
  [0s] Load status: Loaded 178177/188400 pages
  [5s] Load status: Buffer pool(s) load completed at 260610 23:36:20
Buffer pool load completed.
=== Step 3b: Capturing post-load snapshot for warm-state gate ===
COUNT(*)
1210063
COUNT(*)
8680188
COUNT(*)
10000
Re-verification queries complete.
=== Step 4: Warm-state gate (physical reads < 0.01, post-load window) ===
  Post-load reverify window: physical reads delta: 0 / 22857 = 0.0
  (Pre-warmup baseline: 8508 / 872386620, for reference)
  Warm-state gate PASSED.
=== Step 5: ANALYZE TABLE ===
Table	Op	Msg_type	Msg_text
lab.coupon_policy	analyze	status	OK
lab.member	analyze	status	OK
lab.coupon_issue	analyze	status	OK
ANALYZE TABLE complete.
=== Step 5b: Capturing InnoDB engine status (AHI verification) ===
  InnoDB status captured: results/innodb-status-1781134587.txt
  AHI indicator: INSERT BUFFER AND ADAPTIVE HASH INDEX
0.00 hash searches/s, 11.73 non-hash searches/s
=== Step 5c: EXPLAIN Scenario B ORDER BY id ASC (filesort check) ===
  WARNING: EXPLAIN shows 'Using filesort' for Scenario B ORDER BY id ASC query.
  Expected idx_issue_member_id to cover ORDER BY — check index creation in schema.sql.
  EXPLAIN output:
1	SIMPLE	coupon_issue	NULL	ref	idx_issue_member_status,idx_issue_member_id	idx_issue_member_status	8	const	1209	100.00	Using filesort
[3/4] Dual calibration (nominal=0us)...
  [held conn] calibrate n=10000...
{
    "n": 10000,
    "min": 20,
    "p50": 44,
    "p95": 64,
    "p99": 115,
    "max": 30606
}
  [per checkout] calibrate/loaded n=10000...
{
    "n": 10000,
    "min": 21,
    "p50": 45,
    "p95": 63,
    "p99": 89,
    "max": 1046
}
Running dual calibration probe (n=10000 held + n=10000 loaded)...
=== held (pure wire RTT) ===
{
    "n": 10000,
    "min": 18,
    "p50": 48,
    "p95": 126,
    "p99": 209,
    "max": 2563
}
=== loaded (wire RTT + pool checkout) ===
{
    "n": 10000,
    "min": 21,
    "p50": 44,
    "p95": 59,
    "p99": 69,
    "max": 1915
}

Appended dual record to results/calibration.jsonl: {"held": {"n": 10000, "min": 18, "p50": 48, "p95": 126, "p99": 209, "max": 2563}, "loaded": {"n": 10000, "min": 21, "p50": 44, "p95": 59, "p99": 69, "max": 1915}, "timestamp": "2026-06-10T23:36:29Z", "nominal_delay_us": 0}
[4/1] Running k6 repeat 1/1 (output -> results/a-seq-rtt0-r50-rep1-1781134589.json)...
time="2026-06-11T08:36:29+09:00" level=warning msg="/Users/rene/rdb-join-lab/docker-compose.yml: the attribute `version` is obsolete, it will be ignored, please remove it to avoid potential confusion"

         /\      Grafana   /‾‾/  
    /\  /  \     |\  __   /  /   
   /  \/    \    | |/ /  /   ‾‾\ 
  /          \   |   (  |  (‾)  |
 / __________ \  |_|\_\  \_____/ 


     execution: local
        script: /scripts/scenario.js
        output: -

     scenarios: (100.00%) 1 scenario, 1000 max VUs, 2m30s max duration (incl. graceful stop):
              * main: 50.00 iterations/s for 2m0s (maxVUs: 100-1000, gracefulStop: 30s)


running (0m01.0s), 0001/0100 VUs, 49 complete and 0 interrupted iterations
main   [   1% ] 0001/0100 VUs  0m01.0s/2m0s  50.00 iters/s

running (0m02.0s), 0000/0100 VUs, 99 complete and 0 interrupted iterations
main   [   2% ] 0000/0100 VUs  0m02.0s/2m0s  50.00 iters/s

running (0m03.0s), 0000/0100 VUs, 149 complete and 0 interrupted iterations
main   [   2% ] 0000/0100 VUs  0m03.0s/2m0s  50.00 iters/s

running (0m04.0s), 0001/0100 VUs, 199 complete and 0 interrupted iterations
main   [   3% ] 0001/0100 VUs  0m04.0s/2m0s  50.00 iters/s

running (0m05.0s), 0001/0100 VUs, 249 complete and 0 interrupted iterations
main   [   4% ] 0001/0100 VUs  0m05.0s/2m0s  50.00 iters/s

running (0m06.0s), 0001/0100 VUs, 299 complete and 0 interrupted iterations
main   [   5% ] 0001/0100 VUs  0m06.0s/2m0s  50.00 iters/s

running (0m07.0s), 0001/0100 VUs, 349 complete and 0 interrupted iterations
main   [   6% ] 0001/0100 VUs  0m07.0s/2m0s  50.00 iters/s

running (0m08.0s), 0001/0100 VUs, 399 complete and 0 interrupted iterations
main   [   7% ] 0001/0100 VUs  0m08.0s/2m0s  50.00 iters/s

running (0m09.0s), 0001/0100 VUs, 449 complete and 0 interrupted iterations
main   [   7% ] 0001/0100 VUs  0m09.0s/2m0s  50.00 iters/s

running (0m10.0s), 0000/0100 VUs, 499 complete and 0 interrupted iterations
main   [   8% ] 0001/0100 VUs  0m10.0s/2m0s  50.00 iters/s

running (0m11.0s), 0001/0100 VUs, 549 complete and 0 interrupted iterations
main   [   9% ] 0001/0100 VUs  0m11.0s/2m0s  50.00 iters/s

running (0m12.0s), 0001/0100 VUs, 599 complete and 0 interrupted iterations
main   [  10% ] 0001/0100 VUs  0m12.0s/2m0s  50.00 iters/s

running (0m13.0s), 0000/0100 VUs, 649 complete and 0 interrupted iterations
main   [  11% ] 0000/0100 VUs  0m13.0s/2m0s  50.00 iters/s

running (0m14.0s), 0001/0100 VUs, 699 complete and 0 interrupted iterations
main   [  12% ] 0001/0100 VUs  0m14.0s/2m0s  50.00 iters/s

running (0m15.0s), 0001/0100 VUs, 749 complete and 0 interrupted iterations
main   [  12% ] 0001/0100 VUs  0m15.0s/2m0s  50.00 iters/s

running (0m16.0s), 0000/0100 VUs, 799 complete and 0 interrupted iterations
main   [  13% ] 0000/0100 VUs  0m16.0s/2m0s  50.00 iters/s

running (0m17.0s), 0000/0100 VUs, 849 complete and 0 interrupted iterations
main   [  14% ] 0000/0100 VUs  0m17.0s/2m0s  50.00 iters/s

running (0m18.0s), 0001/0100 VUs, 899 complete and 0 interrupted iterations
main   [  15% ] 0001/0100 VUs  0m18.0s/2m0s  50.00 iters/s

running (0m19.0s), 0000/0100 VUs, 949 complete and 0 interrupted iterations
main   [  16% ] 0000/0100 VUs  0m19.0s/2m0s  50.00 iters/s

running (0m20.0s), 0001/0100 VUs, 999 complete and 0 interrupted iterations
main   [  17% ] 0001/0100 VUs  0m20.0s/2m0s  50.00 iters/s

running (0m21.0s), 0000/0100 VUs, 1049 complete and 0 interrupted iterations
main   [  17% ] 0001/0100 VUs  0m21.0s/2m0s  50.00 iters/s

running (0m22.0s), 0000/0100 VUs, 1099 complete and 0 interrupted iterations
main   [  18% ] 0000/0100 VUs  0m22.0s/2m0s  50.00 iters/s

running (0m23.0s), 0000/0100 VUs, 1149 complete and 0 interrupted iterations
main   [  19% ] 0000/0100 VUs  0m23.0s/2m0s  50.00 iters/s

running (0m24.0s), 0000/0100 VUs, 1199 complete and 0 interrupted iterations
main   [  20% ] 0001/0100 VUs  0m24.0s/2m0s  50.00 iters/s

running (0m25.0s), 0000/0100 VUs, 1249 complete and 0 interrupted iterations
main   [  21% ] 0000/0100 VUs  0m25.0s/2m0s  50.00 iters/s

running (0m26.0s), 0000/0100 VUs, 1299 complete and 0 interrupted iterations
main   [  22% ] 0000/0100 VUs  0m26.0s/2m0s  50.00 iters/s

running (0m27.0s), 0001/0100 VUs, 1349 complete and 0 interrupted iterations
main   [  22% ] 0001/0100 VUs  0m27.0s/2m0s  50.00 iters/s

running (0m28.0s), 0001/0100 VUs, 1399 complete and 0 interrupted iterations
main   [  23% ] 0001/0100 VUs  0m28.0s/2m0s  50.00 iters/s

running (0m29.0s), 0001/0100 VUs, 1449 complete and 0 interrupted iterations
main   [  24% ] 0001/0100 VUs  0m29.0s/2m0s  50.00 iters/s

running (0m30.0s), 0001/0100 VUs, 1499 complete and 0 interrupted iterations
main   [  25% ] 0001/0100 VUs  0m30.0s/2m0s  50.00 iters/s

running (0m31.0s), 0001/0100 VUs, 1549 complete and 0 interrupted iterations
main   [  26% ] 0001/0100 VUs  0m31.0s/2m0s  50.00 iters/s

running (0m32.0s), 0001/0100 VUs, 1599 complete and 0 interrupted iterations
main   [  27% ] 0001/0100 VUs  0m32.0s/2m0s  50.00 iters/s

running (0m33.0s), 0000/0100 VUs, 1649 complete and 0 interrupted iterations
main   [  27% ] 0000/0100 VUs  0m33.0s/2m0s  50.00 iters/s

running (0m34.0s), 0001/0100 VUs, 1699 complete and 0 interrupted iterations
main   [  28% ] 0001/0100 VUs  0m34.0s/2m0s  50.00 iters/s

running (0m35.0s), 0000/0100 VUs, 1749 complete and 0 interrupted iterations
main   [  29% ] 0001/0100 VUs  0m35.0s/2m0s  50.00 iters/s

running (0m36.0s), 0000/0100 VUs, 1799 complete and 0 interrupted iterations
main   [  30% ] 0001/0100 VUs  0m36.0s/2m0s  50.00 iters/s

running (0m37.0s), 0000/0100 VUs, 1849 complete and 0 interrupted iterations
main   [  31% ] 0001/0100 VUs  0m37.0s/2m0s  50.00 iters/s

running (0m38.0s), 0000/0100 VUs, 1899 complete and 0 interrupted iterations
main   [  32% ] 0001/0100 VUs  0m38.0s/2m0s  50.00 iters/s

running (0m39.0s), 0001/0100 VUs, 1949 complete and 0 interrupted iterations
main   [  32% ] 0001/0100 VUs  0m39.0s/2m0s  50.00 iters/s

running (0m40.0s), 0000/0100 VUs, 1999 complete and 0 interrupted iterations
main   [  33% ] 0000/0100 VUs  0m40.0s/2m0s  50.00 iters/s

running (0m41.0s), 0001/0100 VUs, 2049 complete and 0 interrupted iterations
main   [  34% ] 0001/0100 VUs  0m41.0s/2m0s  50.00 iters/s

running (0m42.0s), 0000/0100 VUs, 2099 complete and 0 interrupted iterations
main   [  35% ] 0001/0100 VUs  0m42.0s/2m0s  50.00 iters/s

running (0m43.0s), 0001/0100 VUs, 2148 complete and 0 interrupted iterations
main   [  36% ] 0001/0100 VUs  0m43.0s/2m0s  50.00 iters/s

running (0m44.0s), 0001/0100 VUs, 2199 complete and 0 interrupted iterations
main   [  37% ] 0001/0100 VUs  0m44.0s/2m0s  50.00 iters/s

running (0m45.0s), 0001/0100 VUs, 2249 complete and 0 interrupted iterations
main   [  37% ] 0001/0100 VUs  0m45.0s/2m0s  50.00 iters/s

running (0m46.0s), 0001/0100 VUs, 2299 complete and 0 interrupted iterations
main   [  38% ] 0001/0100 VUs  0m46.0s/2m0s  50.00 iters/s

running (0m47.0s), 0001/0100 VUs, 2349 complete and 0 interrupted iterations
main   [  39% ] 0001/0100 VUs  0m47.0s/2m0s  50.00 iters/s

running (0m48.0s), 0001/0100 VUs, 2399 complete and 0 interrupted iterations
main   [  40% ] 0001/0100 VUs  0m48.0s/2m0s  50.00 iters/s

running (0m49.0s), 0000/0100 VUs, 2449 complete and 0 interrupted iterations
main   [  41% ] 0000/0100 VUs  0m49.0s/2m0s  50.00 iters/s

running (0m50.0s), 0001/0100 VUs, 2499 complete and 0 interrupted iterations
main   [  42% ] 0001/0100 VUs  0m50.0s/2m0s  50.00 iters/s

running (0m51.0s), 0001/0100 VUs, 2549 complete and 0 interrupted iterations
main   [  42% ] 0001/0100 VUs  0m51.0s/2m0s  50.00 iters/s

running (0m52.0s), 0001/0100 VUs, 2599 complete and 0 interrupted iterations
main   [  43% ] 0001/0100 VUs  0m52.0s/2m0s  50.00 iters/s

running (0m53.0s), 0001/0100 VUs, 2649 complete and 0 interrupted iterations
main   [  44% ] 0001/0100 VUs  0m53.0s/2m0s  50.00 iters/s

running (0m54.0s), 0001/0100 VUs, 2699 complete and 0 interrupted iterations
main   [  45% ] 0001/0100 VUs  0m54.0s/2m0s  50.00 iters/s

running (0m55.0s), 0001/0100 VUs, 2749 complete and 0 interrupted iterations
main   [  46% ] 0001/0100 VUs  0m55.0s/2m0s  50.00 iters/s

running (0m56.0s), 0000/0100 VUs, 2799 complete and 0 interrupted iterations
main   [  47% ] 0000/0100 VUs  0m56.0s/2m0s  50.00 iters/s

running (0m57.0s), 0001/0100 VUs, 2849 complete and 0 interrupted iterations
main   [  47% ] 0001/0100 VUs  0m57.0s/2m0s  50.00 iters/s

running (0m58.0s), 0000/0100 VUs, 2899 complete and 0 interrupted iterations
main   [  48% ] 0000/0100 VUs  0m58.0s/2m0s  50.00 iters/s

running (0m59.0s), 0001/0100 VUs, 2949 complete and 0 interrupted iterations
main   [  49% ] 0001/0100 VUs  0m59.0s/2m0s  50.00 iters/s

running (1m00.0s), 0000/0100 VUs, 2999 complete and 0 interrupted iterations
main   [  50% ] 0000/0100 VUs  1m00.0s/2m0s  50.00 iters/s

running (1m01.0s), 0000/0100 VUs, 3049 complete and 0 interrupted iterations
main   [  51% ] 0000/0100 VUs  1m01.0s/2m0s  50.00 iters/s

running (1m02.0s), 0001/0100 VUs, 3099 complete and 0 interrupted iterations
main   [  52% ] 0001/0100 VUs  1m02.0s/2m0s  50.00 iters/s

running (1m03.0s), 0001/0100 VUs, 3149 complete and 0 interrupted iterations
main   [  52% ] 0001/0100 VUs  1m03.0s/2m0s  50.00 iters/s

running (1m04.0s), 0001/0100 VUs, 3199 complete and 0 interrupted iterations
main   [  53% ] 0001/0100 VUs  1m04.0s/2m0s  50.00 iters/s

running (1m05.0s), 0000/0100 VUs, 3249 complete and 0 interrupted iterations
main   [  54% ] 0000/0100 VUs  1m05.0s/2m0s  50.00 iters/s

running (1m06.0s), 0001/0100 VUs, 3299 complete and 0 interrupted iterations
main   [  55% ] 0001/0100 VUs  1m06.0s/2m0s  50.00 iters/s

running (1m07.0s), 0001/0100 VUs, 3349 complete and 0 interrupted iterations
main   [  56% ] 0001/0100 VUs  1m07.0s/2m0s  50.00 iters/s

running (1m08.0s), 0000/0100 VUs, 3399 complete and 0 interrupted iterations
main   [  57% ] 0000/0100 VUs  1m08.0s/2m0s  50.00 iters/s

running (1m09.0s), 0001/0100 VUs, 3449 complete and 0 interrupted iterations
main   [  57% ] 0001/0100 VUs  1m09.0s/2m0s  50.00 iters/s

running (1m10.0s), 0001/0100 VUs, 3499 complete and 0 interrupted iterations
main   [  58% ] 0001/0100 VUs  1m10.0s/2m0s  50.00 iters/s

running (1m11.0s), 0001/0100 VUs, 3549 complete and 0 interrupted iterations
main   [  59% ] 0001/0100 VUs  1m11.0s/2m0s  50.00 iters/s

running (1m12.0s), 0000/0100 VUs, 3599 complete and 0 interrupted iterations
main   [  60% ] 0000/0100 VUs  1m12.0s/2m0s  50.00 iters/s

running (1m13.0s), 0001/0100 VUs, 3649 complete and 0 interrupted iterations
main   [  61% ] 0001/0100 VUs  1m13.0s/2m0s  50.00 iters/s

running (1m14.0s), 0001/0100 VUs, 3699 complete and 0 interrupted iterations
main   [  62% ] 0001/0100 VUs  1m14.0s/2m0s  50.00 iters/s

running (1m15.0s), 0001/0100 VUs, 3749 complete and 0 interrupted iterations
main   [  62% ] 0001/0100 VUs  1m15.0s/2m0s  50.00 iters/s

running (1m16.0s), 0000/0100 VUs, 3799 complete and 0 interrupted iterations
main   [  63% ] 0000/0100 VUs  1m16.0s/2m0s  50.00 iters/s

running (1m17.0s), 0001/0100 VUs, 3849 complete and 0 interrupted iterations
main   [  64% ] 0001/0100 VUs  1m17.0s/2m0s  50.00 iters/s

running (1m18.0s), 0001/0100 VUs, 3899 complete and 0 interrupted iterations
main   [  65% ] 0001/0100 VUs  1m18.0s/2m0s  50.00 iters/s

running (1m19.0s), 0001/0100 VUs, 3949 complete and 0 interrupted iterations
main   [  66% ] 0001/0100 VUs  1m19.0s/2m0s  50.00 iters/s

running (1m20.0s), 0000/0100 VUs, 3999 complete and 0 interrupted iterations
main   [  67% ] 0000/0100 VUs  1m20.0s/2m0s  50.00 iters/s

running (1m21.0s), 0001/0100 VUs, 4049 complete and 0 interrupted iterations
main   [  67% ] 0001/0100 VUs  1m21.0s/2m0s  50.00 iters/s

running (1m22.0s), 0000/0100 VUs, 4099 complete and 0 interrupted iterations
main   [  68% ] 0000/0100 VUs  1m22.0s/2m0s  50.00 iters/s

running (1m23.0s), 0000/0100 VUs, 4149 complete and 0 interrupted iterations
main   [  69% ] 0000/0100 VUs  1m23.0s/2m0s  50.00 iters/s

running (1m24.0s), 0001/0100 VUs, 4199 complete and 0 interrupted iterations
main   [  70% ] 0001/0100 VUs  1m24.0s/2m0s  50.00 iters/s

running (1m25.0s), 0000/0100 VUs, 4249 complete and 0 interrupted iterations
main   [  71% ] 0001/0100 VUs  1m25.0s/2m0s  50.00 iters/s

running (1m26.0s), 0001/0100 VUs, 4299 complete and 0 interrupted iterations
main   [  72% ] 0001/0100 VUs  1m26.0s/2m0s  50.00 iters/s

running (1m27.0s), 0001/0100 VUs, 4349 complete and 0 interrupted iterations
main   [  72% ] 0001/0100 VUs  1m27.0s/2m0s  50.00 iters/s

running (1m28.0s), 0001/0100 VUs, 4399 complete and 0 interrupted iterations
main   [  73% ] 0001/0100 VUs  1m28.0s/2m0s  50.00 iters/s

running (1m29.0s), 0001/0100 VUs, 4449 complete and 0 interrupted iterations
main   [  74% ] 0001/0100 VUs  1m29.0s/2m0s  50.00 iters/s

running (1m30.0s), 0001/0100 VUs, 4499 complete and 0 interrupted iterations
main   [  75% ] 0001/0100 VUs  1m30.0s/2m0s  50.00 iters/s

running (1m31.0s), 0000/0100 VUs, 4549 complete and 0 interrupted iterations
main   [  76% ] 0000/0100 VUs  1m31.0s/2m0s  50.00 iters/s

running (1m32.0s), 0000/0100 VUs, 4599 complete and 0 interrupted iterations
main   [  77% ] 0000/0100 VUs  1m32.0s/2m0s  50.00 iters/s

running (1m33.0s), 0001/0100 VUs, 4649 complete and 0 interrupted iterations
main   [  77% ] 0001/0100 VUs  1m33.0s/2m0s  50.00 iters/s

running (1m34.0s), 0000/0100 VUs, 4699 complete and 0 interrupted iterations
main   [  78% ] 0000/0100 VUs  1m34.0s/2m0s  50.00 iters/s

running (1m35.0s), 0001/0100 VUs, 4749 complete and 0 interrupted iterations
main   [  79% ] 0001/0100 VUs  1m35.0s/2m0s  50.00 iters/s

running (1m36.0s), 0001/0100 VUs, 4799 complete and 0 interrupted iterations
main   [  80% ] 0001/0100 VUs  1m36.0s/2m0s  50.00 iters/s

running (1m37.0s), 0000/0100 VUs, 4849 complete and 0 interrupted iterations
main   [  81% ] 0000/0100 VUs  1m37.0s/2m0s  50.00 iters/s

running (1m38.0s), 0001/0100 VUs, 4899 complete and 0 interrupted iterations
main   [  82% ] 0001/0100 VUs  1m38.0s/2m0s  50.00 iters/s

running (1m39.0s), 0001/0100 VUs, 4949 complete and 0 interrupted iterations
main   [  82% ] 0001/0100 VUs  1m39.0s/2m0s  50.00 iters/s

running (1m40.0s), 0001/0100 VUs, 4999 complete and 0 interrupted iterations
main   [  83% ] 0001/0100 VUs  1m40.0s/2m0s  50.00 iters/s

running (1m41.0s), 0000/0100 VUs, 5049 complete and 0 interrupted iterations
main   [  84% ] 0000/0100 VUs  1m41.0s/2m0s  50.00 iters/s

running (1m42.0s), 0001/0100 VUs, 5099 complete and 0 interrupted iterations
main   [  85% ] 0001/0100 VUs  1m42.0s/2m0s  50.00 iters/s

running (1m43.0s), 0000/0100 VUs, 5149 complete and 0 interrupted iterations
main   [  86% ] 0000/0100 VUs  1m43.0s/2m0s  50.00 iters/s

running (1m44.0s), 0001/0100 VUs, 5199 complete and 0 interrupted iterations
main   [  87% ] 0001/0100 VUs  1m44.0s/2m0s  50.00 iters/s

running (1m45.0s), 0001/0100 VUs, 5249 complete and 0 interrupted iterations
main   [  87% ] 0001/0100 VUs  1m45.0s/2m0s  50.00 iters/s

running (1m46.0s), 0000/0100 VUs, 5299 complete and 0 interrupted iterations
main   [  88% ] 0000/0100 VUs  1m46.0s/2m0s  50.00 iters/s

running (1m47.0s), 0001/0100 VUs, 5349 complete and 0 interrupted iterations
main   [  89% ] 0001/0100 VUs  1m47.0s/2m0s  50.00 iters/s

running (1m48.0s), 0000/0100 VUs, 5399 complete and 0 interrupted iterations
main   [  90% ] 0000/0100 VUs  1m48.0s/2m0s  50.00 iters/s

running (1m49.0s), 0000/0100 VUs, 5449 complete and 0 interrupted iterations
main   [  91% ] 0000/0100 VUs  1m49.0s/2m0s  50.00 iters/s

running (1m50.0s), 0000/0100 VUs, 5499 complete and 0 interrupted iterations
main   [  92% ] 0000/0100 VUs  1m50.0s/2m0s  50.00 iters/s

running (1m51.0s), 0001/0100 VUs, 5549 complete and 0 interrupted iterations
main   [  92% ] 0001/0100 VUs  1m51.0s/2m0s  50.00 iters/s

running (1m52.0s), 0001/0100 VUs, 5599 complete and 0 interrupted iterations
main   [  93% ] 0001/0100 VUs  1m52.0s/2m0s  50.00 iters/s

running (1m53.0s), 0001/0100 VUs, 5649 complete and 0 interrupted iterations
main   [  94% ] 0001/0100 VUs  1m53.0s/2m0s  50.00 iters/s

running (1m54.0s), 0000/0100 VUs, 5699 complete and 0 interrupted iterations
main   [  95% ] 0000/0100 VUs  1m54.0s/2m0s  50.00 iters/s

running (1m55.0s), 0001/0100 VUs, 5749 complete and 0 interrupted iterations
main   [  96% ] 0001/0100 VUs  1m55.0s/2m0s  50.00 iters/s

running (1m56.0s), 0001/0100 VUs, 5799 complete and 0 interrupted iterations
main   [  97% ] 0001/0100 VUs  1m56.0s/2m0s  50.00 iters/s

running (1m57.0s), 0000/0100 VUs, 5849 complete and 0 interrupted iterations
main   [  97% ] 0000/0100 VUs  1m57.0s/2m0s  50.00 iters/s

running (1m58.0s), 0001/0100 VUs, 5899 complete and 0 interrupted iterations
main   [  98% ] 0001/0100 VUs  1m58.0s/2m0s  50.00 iters/s

running (1m59.0s), 0001/0100 VUs, 5949 complete and 0 interrupted iterations
main   [  99% ] 0001/0100 VUs  1m59.0s/2m0s  50.00 iters/s

running (2m00.0s), 0000/0100 VUs, 5999 complete and 0 interrupted iterations
main   [ 100% ] 0000/0100 VUs  2m00.0s/2m0s  50.00 iters/s

running (2m00.0s), 0000/0100 VUs, 6001 complete and 0 interrupted iterations
main ✓ [ 100% ] 0000/0100 VUs  2m0s  50.00 iters/s
  Repeat 1 complete. Results in results/a-seq-rtt0-r50-rep1-1781134589.json
=== Cell complete: 1 repeat(s) for a/seq rtt=0us ===

[campaign] (2) cell: a|jdbc-join|0|50|-|-
=== Cell: scenario=a style=jdbc-join rtt=0us rate=50rps duration=2m scale=full repeats=1 ===
[1/4] Setting netem delay 0us...
Removing netem qdisc on lab-mysql eth0...
Netem qdisc removed (or was not present).
Current qdisc:
time="2026-06-11T08:38:30+09:00" level=warning msg="/Users/rene/rdb-join-lab/docker-compose.yml: the attribute `version` is obsolete, it will be ignored, please remove it to avoid potential confusion"
qdisc noqueue 0: root refcnt 2 
[2/4] Warming InnoDB buffer pool...
=== Step 1: Warm-up queries (priming buffer pool, ~10% of full scale) ===
COUNT(*)
3401538
COUNT(*)
975720
COUNT(*)
8680188
COUNT(*)
10000
Warm-up queries complete.
=== Step 2: Triggering InnoDB buffer pool dump ===
time="2026-06-11T08:38:32+09:00" level=warning msg="/Users/rene/rdb-join-lab/docker-compose.yml: the attribute `version` is obsolete, it will be ignored, please remove it to avoid potential confusion"
mysql: [Warning] Using a password on the command line interface can be insecure.
Polling dump status (timeout 300s)...
  [0s] Dump status: Buffer pool(s) dump completed at 260610 23:38:32
Buffer pool dump completed.
=== Step 3: Triggering InnoDB buffer pool load ===
time="2026-06-11T08:38:32+09:00" level=warning msg="/Users/rene/rdb-join-lab/docker-compose.yml: the attribute `version` is obsolete, it will be ignored, please remove it to avoid potential confusion"
mysql: [Warning] Using a password on the command line interface can be insecure.
Polling load status (timeout 300s)...
  [0s] Load status: Buffer pool(s) load completed at 260610 23:38:32
Buffer pool load completed.
=== Step 3b: Capturing post-load snapshot for warm-state gate ===
COUNT(*)
1210063
COUNT(*)
8680188
COUNT(*)
10000
Re-verification queries complete.
=== Step 4: Warm-state gate (physical reads < 0.01, post-load window) ===
  Post-load reverify window: physical reads delta: 0 / 22857 = 0.0
  (Pre-warmup baseline: 8673 / 872494747, for reference)
  Warm-state gate PASSED.
=== Step 5: ANALYZE TABLE ===
Table	Op	Msg_type	Msg_text
lab.coupon_policy	analyze	status	OK
lab.member	analyze	status	OK
lab.coupon_issue	analyze	status	OK
ANALYZE TABLE complete.
=== Step 5b: Capturing InnoDB engine status (AHI verification) ===
  InnoDB status captured: results/innodb-status-1781134713.txt
  AHI indicator: INSERT BUFFER AND ADAPTIVE HASH INDEX
0.00 hash searches/s, 134.31 non-hash searches/s
=== Step 5c: EXPLAIN Scenario B ORDER BY id ASC (filesort check) ===
  WARNING: EXPLAIN shows 'Using filesort' for Scenario B ORDER BY id ASC query.
  Expected idx_issue_member_id to cover ORDER BY — check index creation in schema.sql.
  EXPLAIN output:
1	SIMPLE	coupon_issue	NULL	ref	idx_issue_member_status,idx_issue_member_id	idx_issue_member_status	8	const	1209	100.00	Using filesort
[3/4] Dual calibration (nominal=0us)...
  [held conn] calibrate n=10000...
{
    "n": 10000,
    "min": 21,
    "p50": 44,
    "p95": 63,
    "p99": 90,
    "max": 9283
}
  [per checkout] calibrate/loaded n=10000...
{
    "n": 10000,
    "min": 21,
    "p50": 43,
    "p95": 59,
    "p99": 75,
    "max": 10837
}
Running dual calibration probe (n=10000 held + n=10000 loaded)...
=== held (pure wire RTT) ===
{
    "n": 10000,
    "min": 20,
    "p50": 42,
    "p95": 56,
    "p99": 66,
    "max": 913
}
=== loaded (wire RTT + pool checkout) ===
{
    "n": 10000,
    "min": 21,
    "p50": 43,
    "p95": 58,
    "p99": 69,
    "max": 1135
}

Appended dual record to results/calibration.jsonl: {"held": {"n": 10000, "min": 20, "p50": 42, "p95": 56, "p99": 66, "max": 913}, "loaded": {"n": 10000, "min": 21, "p50": 43, "p95": 58, "p99": 69, "max": 1135}, "timestamp": "2026-06-10T23:38:36Z", "nominal_delay_us": 0}
[4/1] Running k6 repeat 1/1 (output -> results/a-jdbc-join-rtt0-r50-rep1-1781134716.json)...
time="2026-06-11T08:38:36+09:00" level=warning msg="/Users/rene/rdb-join-lab/docker-compose.yml: the attribute `version` is obsolete, it will be ignored, please remove it to avoid potential confusion"

         /\      Grafana   /‾‾/  
    /\  /  \     |\  __   /  /   
   /  \/    \    | |/ /  /   ‾‾\ 
  /          \   |   (  |  (‾)  |
 / __________ \  |_|\_\  \_____/ 


     execution: local
        script: /scripts/scenario.js
        output: -

     scenarios: (100.00%) 1 scenario, 1000 max VUs, 2m30s max duration (incl. graceful stop):
              * main: 50.00 iterations/s for 2m0s (maxVUs: 100-1000, gracefulStop: 30s)


running (0m01.0s), 0001/0100 VUs, 49 complete and 0 interrupted iterations
main   [   1% ] 0001/0100 VUs  0m01.0s/2m0s  50.00 iters/s

running (0m02.0s), 0001/0100 VUs, 99 complete and 0 interrupted iterations
main   [   2% ] 0001/0100 VUs  0m02.0s/2m0s  50.00 iters/s

running (0m03.0s), 0000/0100 VUs, 149 complete and 0 interrupted iterations
main   [   2% ] 0000/0100 VUs  0m03.0s/2m0s  50.00 iters/s

running (0m04.0s), 0000/0100 VUs, 200 complete and 0 interrupted iterations
main   [   3% ] 0000/0100 VUs  0m04.0s/2m0s  50.00 iters/s

running (0m05.0s), 0001/0100 VUs, 249 complete and 0 interrupted iterations
main   [   4% ] 0001/0100 VUs  0m05.0s/2m0s  50.00 iters/s

running (0m06.0s), 0001/0100 VUs, 299 complete and 0 interrupted iterations
main   [   5% ] 0001/0100 VUs  0m06.0s/2m0s  50.00 iters/s

running (0m07.0s), 0001/0100 VUs, 349 complete and 0 interrupted iterations
main   [   6% ] 0001/0100 VUs  0m07.0s/2m0s  50.00 iters/s

running (0m08.0s), 0001/0100 VUs, 399 complete and 0 interrupted iterations
main   [   7% ] 0001/0100 VUs  0m08.0s/2m0s  50.00 iters/s

running (0m09.0s), 0001/0100 VUs, 449 complete and 0 interrupted iterations
main   [   7% ] 0001/0100 VUs  0m09.0s/2m0s  50.00 iters/s

running (0m10.0s), 0000/0100 VUs, 500 complete and 0 interrupted iterations
main   [   8% ] 0000/0100 VUs  0m10.0s/2m0s  50.00 iters/s

running (0m11.0s), 0001/0100 VUs, 549 complete and 0 interrupted iterations
main   [   9% ] 0001/0100 VUs  0m11.0s/2m0s  50.00 iters/s

running (0m12.0s), 0001/0100 VUs, 599 complete and 0 interrupted iterations
main   [  10% ] 0001/0100 VUs  0m12.0s/2m0s  50.00 iters/s

running (0m13.0s), 0000/0100 VUs, 650 complete and 0 interrupted iterations
main   [  11% ] 0000/0100 VUs  0m13.0s/2m0s  50.00 iters/s

running (0m14.0s), 0001/0100 VUs, 699 complete and 0 interrupted iterations
main   [  12% ] 0001/0100 VUs  0m14.0s/2m0s  50.00 iters/s

running (0m15.0s), 0001/0100 VUs, 749 complete and 0 interrupted iterations
main   [  12% ] 0001/0100 VUs  0m15.0s/2m0s  50.00 iters/s

running (0m16.0s), 0001/0100 VUs, 799 complete and 0 interrupted iterations
main   [  13% ] 0001/0100 VUs  0m16.0s/2m0s  50.00 iters/s

running (0m17.0s), 0000/0100 VUs, 850 complete and 0 interrupted iterations
main   [  14% ] 0000/0100 VUs  0m17.0s/2m0s  50.00 iters/s

running (0m18.0s), 0001/0100 VUs, 899 complete and 0 interrupted iterations
main   [  15% ] 0001/0100 VUs  0m18.0s/2m0s  50.00 iters/s

running (0m19.0s), 0001/0100 VUs, 949 complete and 0 interrupted iterations
main   [  16% ] 0001/0100 VUs  0m19.0s/2m0s  50.00 iters/s

running (0m20.0s), 0000/0100 VUs, 1000 complete and 0 interrupted iterations
main   [  17% ] 0000/0100 VUs  0m20.0s/2m0s  50.00 iters/s

running (0m21.0s), 0001/0100 VUs, 1049 complete and 0 interrupted iterations
main   [  17% ] 0001/0100 VUs  0m21.0s/2m0s  50.00 iters/s

running (0m22.0s), 0001/0100 VUs, 1099 complete and 0 interrupted iterations
main   [  18% ] 0001/0100 VUs  0m22.0s/2m0s  50.00 iters/s

running (0m23.0s), 0001/0100 VUs, 1149 complete and 0 interrupted iterations
main   [  19% ] 0001/0100 VUs  0m23.0s/2m0s  50.00 iters/s

running (0m24.0s), 0001/0100 VUs, 1199 complete and 0 interrupted iterations
main   [  20% ] 0001/0100 VUs  0m24.0s/2m0s  50.00 iters/s

running (0m25.0s), 0001/0100 VUs, 1249 complete and 0 interrupted iterations
main   [  21% ] 0001/0100 VUs  0m25.0s/2m0s  50.00 iters/s

running (0m26.0s), 0000/0100 VUs, 1300 complete and 0 interrupted iterations
main   [  22% ] 0000/0100 VUs  0m26.0s/2m0s  50.00 iters/s

running (0m27.0s), 0001/0100 VUs, 1349 complete and 0 interrupted iterations
main   [  22% ] 0001/0100 VUs  0m27.0s/2m0s  50.00 iters/s

running (0m28.0s), 0000/0100 VUs, 1400 complete and 0 interrupted iterations
main   [  23% ] 0000/0100 VUs  0m28.0s/2m0s  50.00 iters/s

running (0m29.0s), 0000/0100 VUs, 1450 complete and 0 interrupted iterations
main   [  24% ] 0000/0100 VUs  0m29.0s/2m0s  50.00 iters/s

running (0m30.0s), 0001/0100 VUs, 1499 complete and 0 interrupted iterations
main   [  25% ] 0001/0100 VUs  0m30.0s/2m0s  50.00 iters/s

running (0m31.0s), 0001/0100 VUs, 1549 complete and 0 interrupted iterations
main   [  26% ] 0001/0100 VUs  0m31.0s/2m0s  50.00 iters/s

running (0m32.0s), 0000/0100 VUs, 1599 complete and 0 interrupted iterations
main   [  27% ] 0000/0100 VUs  0m32.0s/2m0s  50.00 iters/s

running (0m33.0s), 0001/0100 VUs, 1649 complete and 0 interrupted iterations
main   [  27% ] 0001/0100 VUs  0m33.0s/2m0s  50.00 iters/s

running (0m34.0s), 0001/0100 VUs, 1699 complete and 0 interrupted iterations
main   [  28% ] 0001/0100 VUs  0m34.0s/2m0s  50.00 iters/s

running (0m35.0s), 0000/0100 VUs, 1749 complete and 0 interrupted iterations
main   [  29% ] 0000/0100 VUs  0m35.0s/2m0s  50.00 iters/s

running (0m36.0s), 0000/0100 VUs, 1799 complete and 0 interrupted iterations
main   [  30% ] 0001/0100 VUs  0m36.0s/2m0s  50.00 iters/s

running (0m37.0s), 0001/0100 VUs, 1849 complete and 0 interrupted iterations
main   [  31% ] 0001/0100 VUs  0m37.0s/2m0s  50.00 iters/s

running (0m38.0s), 0000/0100 VUs, 1899 complete and 0 interrupted iterations
main   [  32% ] 0000/0100 VUs  0m38.0s/2m0s  50.00 iters/s

running (0m39.0s), 0001/0100 VUs, 1949 complete and 0 interrupted iterations
main   [  32% ] 0001/0100 VUs  0m39.0s/2m0s  50.00 iters/s

running (0m40.0s), 0001/0100 VUs, 1999 complete and 0 interrupted iterations
main   [  33% ] 0001/0100 VUs  0m40.0s/2m0s  50.00 iters/s

running (0m41.0s), 0000/0100 VUs, 2050 complete and 0 interrupted iterations
main   [  34% ] 0000/0100 VUs  0m41.0s/2m0s  50.00 iters/s

running (0m42.0s), 0001/0100 VUs, 2099 complete and 0 interrupted iterations
main   [  35% ] 0001/0100 VUs  0m42.0s/2m0s  50.00 iters/s

running (0m43.0s), 0000/0100 VUs, 2149 complete and 0 interrupted iterations
main   [  36% ] 0000/0100 VUs  0m43.0s/2m0s  50.00 iters/s

running (0m44.0s), 0000/0100 VUs, 2200 complete and 0 interrupted iterations
main   [  37% ] 0000/0100 VUs  0m44.0s/2m0s  50.00 iters/s

running (0m45.0s), 0000/0100 VUs, 2250 complete and 0 interrupted iterations
main   [  37% ] 0000/0100 VUs  0m45.0s/2m0s  50.00 iters/s

running (0m46.0s), 0001/0100 VUs, 2299 complete and 0 interrupted iterations
main   [  38% ] 0001/0100 VUs  0m46.0s/2m0s  50.00 iters/s

running (0m47.0s), 0001/0100 VUs, 2349 complete and 0 interrupted iterations
main   [  39% ] 0001/0100 VUs  0m47.0s/2m0s  50.00 iters/s

running (0m48.0s), 0000/0100 VUs, 2400 complete and 0 interrupted iterations
main   [  40% ] 0000/0100 VUs  0m48.0s/2m0s  50.00 iters/s

running (0m49.0s), 0001/0100 VUs, 2449 complete and 0 interrupted iterations
main   [  41% ] 0001/0100 VUs  0m49.0s/2m0s  50.00 iters/s

running (0m50.0s), 0001/0100 VUs, 2499 complete and 0 interrupted iterations
main   [  42% ] 0001/0100 VUs  0m50.0s/2m0s  50.00 iters/s

running (0m51.0s), 0001/0100 VUs, 2549 complete and 0 interrupted iterations
main   [  42% ] 0001/0100 VUs  0m51.0s/2m0s  50.00 iters/s

running (0m52.0s), 0001/0100 VUs, 2599 complete and 0 interrupted iterations
main   [  43% ] 0001/0100 VUs  0m52.0s/2m0s  50.00 iters/s

running (0m53.0s), 0000/0100 VUs, 2650 complete and 0 interrupted iterations
main   [  44% ] 0000/0100 VUs  0m53.0s/2m0s  50.00 iters/s

running (0m54.0s), 0001/0100 VUs, 2699 complete and 0 interrupted iterations
main   [  45% ] 0001/0100 VUs  0m54.0s/2m0s  50.00 iters/s

running (0m55.0s), 0001/0100 VUs, 2749 complete and 0 interrupted iterations
main   [  46% ] 0001/0100 VUs  0m55.0s/2m0s  50.00 iters/s

running (0m56.0s), 0000/0100 VUs, 2800 complete and 0 interrupted iterations
main   [  47% ] 0000/0100 VUs  0m56.0s/2m0s  50.00 iters/s

running (0m57.0s), 0001/0100 VUs, 2849 complete and 0 interrupted iterations
main   [  47% ] 0001/0100 VUs  0m57.0s/2m0s  50.00 iters/s

running (0m58.0s), 0001/0100 VUs, 2899 complete and 0 interrupted iterations
main   [  48% ] 0001/0100 VUs  0m58.0s/2m0s  50.00 iters/s

running (0m59.0s), 0000/0100 VUs, 2950 complete and 0 interrupted iterations
main   [  49% ] 0000/0100 VUs  0m59.0s/2m0s  50.00 iters/s

running (1m00.0s), 0001/0100 VUs, 2999 complete and 0 interrupted iterations
main   [  50% ] 0001/0100 VUs  1m00.0s/2m0s  50.00 iters/s

running (1m01.0s), 0000/0100 VUs, 3050 complete and 0 interrupted iterations
main   [  51% ] 0000/0100 VUs  1m01.0s/2m0s  50.00 iters/s

running (1m02.0s), 0001/0100 VUs, 3099 complete and 0 interrupted iterations
main   [  52% ] 0001/0100 VUs  1m02.0s/2m0s  50.00 iters/s

running (1m03.0s), 0001/0100 VUs, 3149 complete and 0 interrupted iterations
main   [  52% ] 0001/0100 VUs  1m03.0s/2m0s  50.00 iters/s

running (1m04.0s), 0001/0100 VUs, 3199 complete and 0 interrupted iterations
main   [  53% ] 0001/0100 VUs  1m04.0s/2m0s  50.00 iters/s

running (1m05.0s), 0000/0100 VUs, 3250 complete and 0 interrupted iterations
main   [  54% ] 0000/0100 VUs  1m05.0s/2m0s  50.00 iters/s

running (1m06.0s), 0001/0100 VUs, 3299 complete and 0 interrupted iterations
main   [  55% ] 0001/0100 VUs  1m06.0s/2m0s  50.00 iters/s

running (1m07.0s), 0001/0100 VUs, 3349 complete and 0 interrupted iterations
main   [  56% ] 0001/0100 VUs  1m07.0s/2m0s  50.00 iters/s

running (1m08.0s), 0000/0100 VUs, 3400 complete and 0 interrupted iterations
main   [  57% ] 0000/0100 VUs  1m08.0s/2m0s  50.00 iters/s

running (1m09.0s), 0001/0100 VUs, 3449 complete and 0 interrupted iterations
main   [  57% ] 0001/0100 VUs  1m09.0s/2m0s  50.00 iters/s

running (1m10.0s), 0001/0100 VUs, 3499 complete and 0 interrupted iterations
main   [  58% ] 0001/0100 VUs  1m10.0s/2m0s  50.00 iters/s

running (1m11.0s), 0000/0100 VUs, 3549 complete and 0 interrupted iterations
main   [  59% ] 0001/0100 VUs  1m11.0s/2m0s  50.00 iters/s

running (1m12.0s), 0001/0100 VUs, 3599 complete and 0 interrupted iterations
main   [  60% ] 0001/0100 VUs  1m12.0s/2m0s  50.00 iters/s

running (1m13.0s), 0001/0100 VUs, 3649 complete and 0 interrupted iterations
main   [  61% ] 0001/0100 VUs  1m13.0s/2m0s  50.00 iters/s

running (1m14.0s), 0000/0100 VUs, 3700 complete and 0 interrupted iterations
main   [  62% ] 0000/0100 VUs  1m14.0s/2m0s  50.00 iters/s

running (1m15.0s), 0000/0100 VUs, 3750 complete and 0 interrupted iterations
main   [  62% ] 0000/0100 VUs  1m15.0s/2m0s  50.00 iters/s

running (1m16.0s), 0001/0100 VUs, 3799 complete and 0 interrupted iterations
main   [  63% ] 0001/0100 VUs  1m16.0s/2m0s  50.00 iters/s

running (1m17.0s), 0001/0100 VUs, 3849 complete and 0 interrupted iterations
main   [  64% ] 0001/0100 VUs  1m17.0s/2m0s  50.00 iters/s

running (1m18.0s), 0001/0100 VUs, 3899 complete and 0 interrupted iterations
main   [  65% ] 0001/0100 VUs  1m18.0s/2m0s  50.00 iters/s

running (1m19.0s), 0000/0100 VUs, 3949 complete and 0 interrupted iterations
main   [  66% ] 0000/0100 VUs  1m19.0s/2m0s  50.00 iters/s

running (1m20.0s), 0001/0100 VUs, 3999 complete and 0 interrupted iterations
main   [  67% ] 0001/0100 VUs  1m20.0s/2m0s  50.00 iters/s

running (1m21.0s), 0001/0100 VUs, 4049 complete and 0 interrupted iterations
main   [  67% ] 0001/0100 VUs  1m21.0s/2m0s  50.00 iters/s

running (1m22.0s), 0001/0100 VUs, 4099 complete and 0 interrupted iterations
main   [  68% ] 0001/0100 VUs  1m22.0s/2m0s  50.00 iters/s

running (1m23.0s), 0001/0100 VUs, 4149 complete and 0 interrupted iterations
main   [  69% ] 0001/0100 VUs  1m23.0s/2m0s  50.00 iters/s

running (1m24.0s), 0001/0100 VUs, 4199 complete and 0 interrupted iterations
main   [  70% ] 0001/0100 VUs  1m24.0s/2m0s  50.00 iters/s

running (1m25.0s), 0000/0100 VUs, 4250 complete and 0 interrupted iterations
main   [  71% ] 0000/0100 VUs  1m25.0s/2m0s  50.00 iters/s

running (1m26.0s), 0001/0100 VUs, 4299 complete and 0 interrupted iterations
main   [  72% ] 0001/0100 VUs  1m26.0s/2m0s  50.00 iters/s

running (1m27.0s), 0001/0100 VUs, 4349 complete and 0 interrupted iterations
main   [  72% ] 0001/0100 VUs  1m27.0s/2m0s  50.00 iters/s

running (1m28.0s), 0001/0100 VUs, 4399 complete and 0 interrupted iterations
main   [  73% ] 0001/0100 VUs  1m28.0s/2m0s  50.00 iters/s

running (1m29.0s), 0000/0100 VUs, 4450 complete and 0 interrupted iterations
main   [  74% ] 0000/0100 VUs  1m29.0s/2m0s  50.00 iters/s

running (1m30.0s), 0000/0100 VUs, 4499 complete and 0 interrupted iterations
main   [  75% ] 0000/0100 VUs  1m30.0s/2m0s  50.00 iters/s

running (1m31.0s), 0000/0100 VUs, 4550 complete and 0 interrupted iterations
main   [  76% ] 0000/0100 VUs  1m31.0s/2m0s  50.00 iters/s

running (1m32.0s), 0000/0100 VUs, 4600 complete and 0 interrupted iterations
main   [  77% ] 0000/0100 VUs  1m32.0s/2m0s  50.00 iters/s

running (1m33.0s), 0001/0100 VUs, 4649 complete and 0 interrupted iterations
main   [  77% ] 0001/0100 VUs  1m33.0s/2m0s  50.00 iters/s

running (1m34.0s), 0000/0100 VUs, 4700 complete and 0 interrupted iterations
main   [  78% ] 0000/0100 VUs  1m34.0s/2m0s  50.00 iters/s

running (1m35.0s), 0001/0100 VUs, 4749 complete and 0 interrupted iterations
main   [  79% ] 0001/0100 VUs  1m35.0s/2m0s  50.00 iters/s

running (1m36.0s), 0001/0100 VUs, 4799 complete and 0 interrupted iterations
main   [  80% ] 0001/0100 VUs  1m36.0s/2m0s  50.00 iters/s

running (1m37.0s), 0001/0100 VUs, 4849 complete and 0 interrupted iterations
main   [  81% ] 0001/0100 VUs  1m37.0s/2m0s  50.00 iters/s

running (1m38.0s), 0001/0100 VUs, 4899 complete and 0 interrupted iterations
main   [  82% ] 0001/0100 VUs  1m38.0s/2m0s  50.00 iters/s

running (1m39.0s), 0001/0100 VUs, 4949 complete and 0 interrupted iterations
main   [  82% ] 0001/0100 VUs  1m39.0s/2m0s  50.00 iters/s

running (1m40.0s), 0001/0100 VUs, 4999 complete and 0 interrupted iterations
main   [  83% ] 0001/0100 VUs  1m40.0s/2m0s  50.00 iters/s

running (1m41.0s), 0000/0100 VUs, 5050 complete and 0 interrupted iterations
main   [  84% ] 0000/0100 VUs  1m41.0s/2m0s  50.00 iters/s

running (1m42.0s), 0001/0100 VUs, 5099 complete and 0 interrupted iterations
main   [  85% ] 0001/0100 VUs  1m42.0s/2m0s  50.00 iters/s

running (1m43.0s), 0001/0100 VUs, 5149 complete and 0 interrupted iterations
main   [  86% ] 0001/0100 VUs  1m43.0s/2m0s  50.00 iters/s

running (1m44.0s), 0001/0100 VUs, 5199 complete and 0 interrupted iterations
main   [  87% ] 0001/0100 VUs  1m44.0s/2m0s  50.00 iters/s

running (1m45.0s), 0001/0100 VUs, 5249 complete and 0 interrupted iterations
main   [  87% ] 0001/0100 VUs  1m45.0s/2m0s  50.00 iters/s

running (1m46.0s), 0000/0100 VUs, 5299 complete and 0 interrupted iterations
main   [  88% ] 0001/0100 VUs  1m46.0s/2m0s  50.00 iters/s

running (1m47.0s), 0001/0100 VUs, 5349 complete and 0 interrupted iterations
main   [  89% ] 0001/0100 VUs  1m47.0s/2m0s  50.00 iters/s

running (1m48.0s), 0001/0100 VUs, 5399 complete and 0 interrupted iterations
main   [  90% ] 0001/0100 VUs  1m48.0s/2m0s  50.00 iters/s

running (1m49.0s), 0001/0100 VUs, 5449 complete and 0 interrupted iterations
main   [  91% ] 0001/0100 VUs  1m49.0s/2m0s  50.00 iters/s

running (1m50.0s), 0000/0100 VUs, 5500 complete and 0 interrupted iterations
main   [  92% ] 0000/0100 VUs  1m50.0s/2m0s  50.00 iters/s

running (1m51.0s), 0000/0100 VUs, 5550 complete and 0 interrupted iterations
main   [  92% ] 0000/0100 VUs  1m51.0s/2m0s  50.00 iters/s

running (1m52.0s), 0001/0100 VUs, 5599 complete and 0 interrupted iterations
main   [  93% ] 0001/0100 VUs  1m52.0s/2m0s  50.00 iters/s

running (1m53.0s), 0000/0100 VUs, 5650 complete and 0 interrupted iterations
main   [  94% ] 0000/0100 VUs  1m53.0s/2m0s  50.00 iters/s

running (1m54.0s), 0000/0100 VUs, 5700 complete and 0 interrupted iterations
main   [  95% ] 0000/0100 VUs  1m54.0s/2m0s  50.00 iters/s

running (1m55.0s), 0001/0100 VUs, 5749 complete and 0 interrupted iterations
main   [  96% ] 0001/0100 VUs  1m55.0s/2m0s  50.00 iters/s

running (1m56.0s), 0000/0100 VUs, 5800 complete and 0 interrupted iterations
main   [  97% ] 0000/0100 VUs  1m56.0s/2m0s  50.00 iters/s

running (1m57.0s), 0000/0100 VUs, 5850 complete and 0 interrupted iterations
main   [  97% ] 0000/0100 VUs  1m57.0s/2m0s  50.00 iters/s

running (1m58.0s), 0001/0100 VUs, 5899 complete and 0 interrupted iterations
main   [  98% ] 0001/0100 VUs  1m58.0s/2m0s  50.00 iters/s

running (1m59.0s), 0001/0100 VUs, 5949 complete and 0 interrupted iterations
main   [  99% ] 0001/0100 VUs  1m59.0s/2m0s  50.00 iters/s

running (2m00.0s), 0001/0100 VUs, 5999 complete and 0 interrupted iterations
main   [ 100% ] 0001/0100 VUs  2m00.0s/2m0s  50.00 iters/s

running (2m00.0s), 0000/0100 VUs, 6001 complete and 0 interrupted iterations
main ✓ [ 100% ] 0000/0100 VUs  2m0s  50.00 iters/s
  Repeat 1 complete. Results in results/a-jdbc-join-rtt0-r50-rep1-1781134716.json
=== Cell complete: 1 repeat(s) for a/jdbc-join rtt=0us ===

[campaign] (3) cell: a|jdbc-seq|0|50|-|-
=== Cell: scenario=a style=jdbc-seq rtt=0us rate=50rps duration=2m scale=full repeats=1 ===
[1/4] Setting netem delay 0us...
Removing netem qdisc on lab-mysql eth0...
Netem qdisc removed (or was not present).
Current qdisc:
time="2026-06-11T08:40:36+09:00" level=warning msg="/Users/rene/rdb-join-lab/docker-compose.yml: the attribute `version` is obsolete, it will be ignored, please remove it to avoid potential confusion"
qdisc noqueue 0: root refcnt 2 
[2/4] Warming InnoDB buffer pool...
=== Step 1: Warm-up queries (priming buffer pool, ~10% of full scale) ===
COUNT(*)
3401538
COUNT(*)
975720
COUNT(*)
8680188
COUNT(*)
10000
Warm-up queries complete.
=== Step 2: Triggering InnoDB buffer pool dump ===
time="2026-06-11T08:40:38+09:00" level=warning msg="/Users/rene/rdb-join-lab/docker-compose.yml: the attribute `version` is obsolete, it will be ignored, please remove it to avoid potential confusion"
mysql: [Warning] Using a password on the command line interface can be insecure.
Polling dump status (timeout 300s)...
  [0s] Dump status: Buffer pool(s) dump completed at 260610 23:40:38
Buffer pool dump completed.
=== Step 3: Triggering InnoDB buffer pool load ===
time="2026-06-11T08:40:38+09:00" level=warning msg="/Users/rene/rdb-join-lab/docker-compose.yml: the attribute `version` is obsolete, it will be ignored, please remove it to avoid potential confusion"
mysql: [Warning] Using a password on the command line interface can be insecure.
Polling load status (timeout 300s)...
  [0s] Load status: Loaded 167937/188480 pages
  [5s] Load status: Buffer pool(s) load completed at 260610 23:40:38
Buffer pool load completed.
=== Step 3b: Capturing post-load snapshot for warm-state gate ===
COUNT(*)
1210063
COUNT(*)
8680188
COUNT(*)
10000
Re-verification queries complete.
=== Step 4: Warm-state gate (physical reads < 0.01, post-load window) ===
  Post-load reverify window: physical reads delta: 0 / 22857 = 0.0
  (Pre-warmup baseline: 8796 / 872602857, for reference)
  Warm-state gate PASSED.
=== Step 5: ANALYZE TABLE ===
Table	Op	Msg_type	Msg_text
lab.coupon_policy	analyze	status	OK
lab.member	analyze	status	OK
lab.coupon_issue	analyze	status	OK
ANALYZE TABLE complete.
=== Step 5b: Capturing InnoDB engine status (AHI verification) ===
  InnoDB status captured: results/innodb-status-1781134845.txt
  AHI indicator: INSERT BUFFER AND ADAPTIVE HASH INDEX
0.00 hash searches/s, 105.07 non-hash searches/s
=== Step 5c: EXPLAIN Scenario B ORDER BY id ASC (filesort check) ===
  WARNING: EXPLAIN shows 'Using filesort' for Scenario B ORDER BY id ASC query.
  Expected idx_issue_member_id to cover ORDER BY — check index creation in schema.sql.
  EXPLAIN output:
1	SIMPLE	coupon_issue	NULL	ref	idx_issue_member_status,idx_issue_member_id	idx_issue_member_status	8	const	1209	100.00	Using filesort
[3/4] Dual calibration (nominal=0us)...
  [held conn] calibrate n=10000...
{
    "n": 10000,
    "min": 21,
    "p50": 45,
    "p95": 66,
    "p99": 138,
    "max": 22673
}
  [per checkout] calibrate/loaded n=10000...
{
    "n": 10000,
    "min": 21,
    "p50": 42,
    "p95": 56,
    "p99": 64,
    "max": 1004
}
Running dual calibration probe (n=10000 held + n=10000 loaded)...
=== held (pure wire RTT) ===
{
    "n": 10000,
    "min": 20,
    "p50": 40,
    "p95": 54,
    "p99": 60,
    "max": 5544
}
=== loaded (wire RTT + pool checkout) ===
{
    "n": 10000,
    "min": 21,
    "p50": 42,
    "p95": 57,
    "p99": 64,
    "max": 2618
}

Appended dual record to results/calibration.jsonl: {"held": {"n": 10000, "min": 20, "p50": 40, "p95": 54, "p99": 60, "max": 5544}, "loaded": {"n": 10000, "min": 21, "p50": 42, "p95": 57, "p99": 64, "max": 2618}, "timestamp": "2026-06-10T23:40:47Z", "nominal_delay_us": 0}
[4/1] Running k6 repeat 1/1 (output -> results/a-jdbc-seq-rtt0-r50-rep1-1781134847.json)...
time="2026-06-11T08:40:47+09:00" level=warning msg="/Users/rene/rdb-join-lab/docker-compose.yml: the attribute `version` is obsolete, it will be ignored, please remove it to avoid potential confusion"

         /\      Grafana   /‾‾/  
    /\  /  \     |\  __   /  /   
   /  \/    \    | |/ /  /   ‾‾\ 
  /          \   |   (  |  (‾)  |
 / __________ \  |_|\_\  \_____/ 


     execution: local
        script: /scripts/scenario.js
        output: -

     scenarios: (100.00%) 1 scenario, 1000 max VUs, 2m30s max duration (incl. graceful stop):
              * main: 50.00 iterations/s for 2m0s (maxVUs: 100-1000, gracefulStop: 30s)


running (0m01.0s), 0001/0100 VUs, 49 complete and 0 interrupted iterations
main   [   1% ] 0001/0100 VUs  0m01.0s/2m0s  50.00 iters/s

running (0m02.0s), 0000/0100 VUs, 99 complete and 0 interrupted iterations
main   [   2% ] 0000/0100 VUs  0m02.0s/2m0s  50.00 iters/s

running (0m03.0s), 0000/0100 VUs, 149 complete and 0 interrupted iterations
main   [   2% ] 0000/0100 VUs  0m03.0s/2m0s  50.00 iters/s

running (0m04.0s), 0000/0100 VUs, 199 complete and 0 interrupted iterations
main   [   3% ] 0000/0100 VUs  0m04.0s/2m0s  50.00 iters/s

running (0m05.0s), 0001/0100 VUs, 249 complete and 0 interrupted iterations
main   [   4% ] 0001/0100 VUs  0m05.0s/2m0s  50.00 iters/s

running (0m06.0s), 0001/0100 VUs, 299 complete and 0 interrupted iterations
main   [   5% ] 0001/0100 VUs  0m06.0s/2m0s  50.00 iters/s

running (0m07.0s), 0001/0100 VUs, 349 complete and 0 interrupted iterations
main   [   6% ] 0001/0100 VUs  0m07.0s/2m0s  50.00 iters/s

running (0m08.0s), 0000/0100 VUs, 399 complete and 0 interrupted iterations
main   [   7% ] 0000/0100 VUs  0m08.0s/2m0s  50.00 iters/s

running (0m09.0s), 0000/0100 VUs, 449 complete and 0 interrupted iterations
main   [   7% ] 0000/0100 VUs  0m09.0s/2m0s  50.00 iters/s

running (0m10.0s), 0000/0100 VUs, 499 complete and 0 interrupted iterations
main   [   8% ] 0000/0100 VUs  0m10.0s/2m0s  50.00 iters/s

running (0m11.0s), 0000/0100 VUs, 549 complete and 0 interrupted iterations
main   [   9% ] 0000/0100 VUs  0m11.0s/2m0s  50.00 iters/s

running (0m12.0s), 0000/0100 VUs, 599 complete and 0 interrupted iterations
main   [  10% ] 0000/0100 VUs  0m12.0s/2m0s  50.00 iters/s

running (0m13.0s), 0000/0100 VUs, 649 complete and 0 interrupted iterations
main   [  11% ] 0000/0100 VUs  0m13.0s/2m0s  50.00 iters/s

running (0m14.0s), 0000/0100 VUs, 699 complete and 0 interrupted iterations
main   [  12% ] 0000/0100 VUs  0m14.0s/2m0s  50.00 iters/s

running (0m15.0s), 0000/0100 VUs, 749 complete and 0 interrupted iterations
main   [  12% ] 0000/0100 VUs  0m15.0s/2m0s  50.00 iters/s

running (0m16.0s), 0000/0100 VUs, 799 complete and 0 interrupted iterations
main   [  13% ] 0000/0100 VUs  0m16.0s/2m0s  50.00 iters/s

running (0m17.0s), 0000/0100 VUs, 849 complete and 0 interrupted iterations
main   [  14% ] 0000/0100 VUs  0m17.0s/2m0s  50.00 iters/s

running (0m18.0s), 0000/0100 VUs, 899 complete and 0 interrupted iterations
main   [  15% ] 0000/0100 VUs  0m18.0s/2m0s  50.00 iters/s

running (0m19.0s), 0001/0100 VUs, 949 complete and 0 interrupted iterations
main   [  16% ] 0001/0100 VUs  0m19.0s/2m0s  50.00 iters/s

running (0m20.0s), 0000/0100 VUs, 999 complete and 0 interrupted iterations
main   [  17% ] 0000/0100 VUs  0m20.0s/2m0s  50.00 iters/s

running (0m21.0s), 0000/0100 VUs, 1049 complete and 0 interrupted iterations
main   [  17% ] 0000/0100 VUs  0m21.0s/2m0s  50.00 iters/s

running (0m22.0s), 0000/0100 VUs, 1099 complete and 0 interrupted iterations
main   [  18% ] 0000/0100 VUs  0m22.0s/2m0s  50.00 iters/s

running (0m23.0s), 0000/0100 VUs, 1149 complete and 0 interrupted iterations
main   [  19% ] 0000/0100 VUs  0m23.0s/2m0s  50.00 iters/s

running (0m24.0s), 0000/0100 VUs, 1199 complete and 0 interrupted iterations
main   [  20% ] 0000/0100 VUs  0m24.0s/2m0s  50.00 iters/s

running (0m25.0s), 0000/0100 VUs, 1249 complete and 0 interrupted iterations
main   [  21% ] 0000/0100 VUs  0m25.0s/2m0s  50.00 iters/s

running (0m26.0s), 0000/0100 VUs, 1299 complete and 0 interrupted iterations
main   [  22% ] 0000/0100 VUs  0m26.0s/2m0s  50.00 iters/s

running (0m27.0s), 0000/0100 VUs, 1349 complete and 0 interrupted iterations
main   [  22% ] 0000/0100 VUs  0m27.0s/2m0s  50.00 iters/s

running (0m28.0s), 0000/0100 VUs, 1399 complete and 0 interrupted iterations
main   [  23% ] 0000/0100 VUs  0m28.0s/2m0s  50.00 iters/s

running (0m29.0s), 0001/0100 VUs, 1449 complete and 0 interrupted iterations
main   [  24% ] 0001/0100 VUs  0m29.0s/2m0s  50.00 iters/s

running (0m30.0s), 0000/0100 VUs, 1499 complete and 0 interrupted iterations
main   [  25% ] 0000/0100 VUs  0m30.0s/2m0s  50.00 iters/s

running (0m31.0s), 0000/0100 VUs, 1549 complete and 0 interrupted iterations
main   [  26% ] 0000/0100 VUs  0m31.0s/2m0s  50.00 iters/s

running (0m32.0s), 0000/0100 VUs, 1599 complete and 0 interrupted iterations
main   [  27% ] 0000/0100 VUs  0m32.0s/2m0s  50.00 iters/s

running (0m33.0s), 0000/0100 VUs, 1649 complete and 0 interrupted iterations
main   [  27% ] 0000/0100 VUs  0m33.0s/2m0s  50.00 iters/s

running (0m34.0s), 0001/0100 VUs, 1699 complete and 0 interrupted iterations
main   [  28% ] 0001/0100 VUs  0m34.0s/2m0s  50.00 iters/s

running (0m35.0s), 0000/0100 VUs, 1749 complete and 0 interrupted iterations
main   [  29% ] 0000/0100 VUs  0m35.0s/2m0s  50.00 iters/s

running (0m36.0s), 0000/0100 VUs, 1799 complete and 0 interrupted iterations
main   [  30% ] 0000/0100 VUs  0m36.0s/2m0s  50.00 iters/s

running (0m37.0s), 0001/0100 VUs, 1849 complete and 0 interrupted iterations
main   [  31% ] 0001/0100 VUs  0m37.0s/2m0s  50.00 iters/s

running (0m38.0s), 0001/0100 VUs, 1899 complete and 0 interrupted iterations
main   [  32% ] 0001/0100 VUs  0m38.0s/2m0s  50.00 iters/s

running (0m39.0s), 0000/0100 VUs, 1949 complete and 0 interrupted iterations
main   [  32% ] 0000/0100 VUs  0m39.0s/2m0s  50.00 iters/s

running (0m40.0s), 0000/0100 VUs, 1999 complete and 0 interrupted iterations
main   [  33% ] 0000/0100 VUs  0m40.0s/2m0s  50.00 iters/s

running (0m41.0s), 0000/0100 VUs, 2049 complete and 0 interrupted iterations
main   [  34% ] 0000/0100 VUs  0m41.0s/2m0s  50.00 iters/s

running (0m42.0s), 0000/0100 VUs, 2099 complete and 0 interrupted iterations
main   [  35% ] 0000/0100 VUs  0m42.0s/2m0s  50.00 iters/s

running (0m43.0s), 0001/0100 VUs, 2149 complete and 0 interrupted iterations
main   [  36% ] 0001/0100 VUs  0m43.0s/2m0s  50.00 iters/s

running (0m44.0s), 0000/0100 VUs, 2199 complete and 0 interrupted iterations
main   [  37% ] 0000/0100 VUs  0m44.0s/2m0s  50.00 iters/s

running (0m45.0s), 0001/0100 VUs, 2249 complete and 0 interrupted iterations
main   [  37% ] 0001/0100 VUs  0m45.0s/2m0s  50.00 iters/s

running (0m46.0s), 0000/0100 VUs, 2299 complete and 0 interrupted iterations
main   [  38% ] 0000/0100 VUs  0m46.0s/2m0s  50.00 iters/s

running (0m47.0s), 0001/0100 VUs, 2349 complete and 0 interrupted iterations
main   [  39% ] 0001/0100 VUs  0m47.0s/2m0s  50.00 iters/s

running (0m48.0s), 0001/0100 VUs, 2399 complete and 0 interrupted iterations
main   [  40% ] 0001/0100 VUs  0m48.0s/2m0s  50.00 iters/s

running (0m49.0s), 0000/0100 VUs, 2449 complete and 0 interrupted iterations
main   [  41% ] 0000/0100 VUs  0m49.0s/2m0s  50.00 iters/s

running (0m50.0s), 0000/0100 VUs, 2499 complete and 0 interrupted iterations
main   [  42% ] 0000/0100 VUs  0m50.0s/2m0s  50.00 iters/s

running (0m51.0s), 0001/0100 VUs, 2549 complete and 0 interrupted iterations
main   [  42% ] 0001/0100 VUs  0m51.0s/2m0s  50.00 iters/s

running (0m52.0s), 0000/0100 VUs, 2599 complete and 0 interrupted iterations
main   [  43% ] 0000/0100 VUs  0m52.0s/2m0s  50.00 iters/s

running (0m53.0s), 0000/0100 VUs, 2649 complete and 0 interrupted iterations
main   [  44% ] 0000/0100 VUs  0m53.0s/2m0s  50.00 iters/s

running (0m54.0s), 0000/0100 VUs, 2699 complete and 0 interrupted iterations
main   [  45% ] 0000/0100 VUs  0m54.0s/2m0s  50.00 iters/s

running (0m55.0s), 0001/0100 VUs, 2749 complete and 0 interrupted iterations
main   [  46% ] 0001/0100 VUs  0m55.0s/2m0s  50.00 iters/s

running (0m56.0s), 0000/0100 VUs, 2799 complete and 0 interrupted iterations
main   [  47% ] 0000/0100 VUs  0m56.0s/2m0s  50.00 iters/s

running (0m57.0s), 0000/0100 VUs, 2849 complete and 0 interrupted iterations
main   [  47% ] 0000/0100 VUs  0m57.0s/2m0s  50.00 iters/s

running (0m58.0s), 0000/0100 VUs, 2899 complete and 0 interrupted iterations
main   [  48% ] 0000/0100 VUs  0m58.0s/2m0s  50.00 iters/s

running (0m59.0s), 0001/0100 VUs, 2949 complete and 0 interrupted iterations
main   [  49% ] 0001/0100 VUs  0m59.0s/2m0s  50.00 iters/s

running (1m00.0s), 0000/0100 VUs, 2999 complete and 0 interrupted iterations
main   [  50% ] 0000/0100 VUs  1m00.0s/2m0s  50.00 iters/s

running (1m01.0s), 0000/0100 VUs, 3049 complete and 0 interrupted iterations
main   [  51% ] 0000/0100 VUs  1m01.0s/2m0s  50.00 iters/s

running (1m02.0s), 0001/0100 VUs, 3099 complete and 0 interrupted iterations
main   [  52% ] 0001/0100 VUs  1m02.0s/2m0s  50.00 iters/s

running (1m03.0s), 0001/0100 VUs, 3149 complete and 0 interrupted iterations
main   [  52% ] 0001/0100 VUs  1m03.0s/2m0s  50.00 iters/s

running (1m04.0s), 0000/0100 VUs, 3199 complete and 0 interrupted iterations
main   [  53% ] 0000/0100 VUs  1m04.0s/2m0s  50.00 iters/s

running (1m05.0s), 0000/0100 VUs, 3249 complete and 0 interrupted iterations
main   [  54% ] 0000/0100 VUs  1m05.0s/2m0s  50.00 iters/s

running (1m06.0s), 0000/0100 VUs, 3299 complete and 0 interrupted iterations
main   [  55% ] 0000/0100 VUs  1m06.0s/2m0s  50.00 iters/s

running (1m07.0s), 0001/0100 VUs, 3349 complete and 0 interrupted iterations
main   [  56% ] 0001/0100 VUs  1m07.0s/2m0s  50.00 iters/s

running (1m08.0s), 0000/0100 VUs, 3399 complete and 0 interrupted iterations
main   [  57% ] 0000/0100 VUs  1m08.0s/2m0s  50.00 iters/s

running (1m09.0s), 0001/0100 VUs, 3449 complete and 0 interrupted iterations
main   [  57% ] 0001/0100 VUs  1m09.0s/2m0s  50.00 iters/s

running (1m10.0s), 0001/0100 VUs, 3499 complete and 0 interrupted iterations
main   [  58% ] 0001/0100 VUs  1m10.0s/2m0s  50.00 iters/s

running (1m11.0s), 0001/0100 VUs, 3549 complete and 0 interrupted iterations
main   [  59% ] 0001/0100 VUs  1m11.0s/2m0s  50.00 iters/s

running (1m12.0s), 0000/0100 VUs, 3599 complete and 0 interrupted iterations
main   [  60% ] 0000/0100 VUs  1m12.0s/2m0s  50.00 iters/s

running (1m13.0s), 0000/0100 VUs, 3649 complete and 0 interrupted iterations
main   [  61% ] 0000/0100 VUs  1m13.0s/2m0s  50.00 iters/s

running (1m14.0s), 0000/0100 VUs, 3699 complete and 0 interrupted iterations
main   [  62% ] 0000/0100 VUs  1m14.0s/2m0s  50.00 iters/s

running (1m15.0s), 0001/0100 VUs, 3749 complete and 0 interrupted iterations
main   [  62% ] 0001/0100 VUs  1m15.0s/2m0s  50.00 iters/s

running (1m16.0s), 0001/0100 VUs, 3799 complete and 0 interrupted iterations
main   [  63% ] 0001/0100 VUs  1m16.0s/2m0s  50.00 iters/s

running (1m17.0s), 0001/0100 VUs, 3849 complete and 0 interrupted iterations
main   [  64% ] 0001/0100 VUs  1m17.0s/2m0s  50.00 iters/s

running (1m18.0s), 0000/0100 VUs, 3899 complete and 0 interrupted iterations
main   [  65% ] 0000/0100 VUs  1m18.0s/2m0s  50.00 iters/s

running (1m19.0s), 0000/0100 VUs, 3949 complete and 0 interrupted iterations
main   [  66% ] 0000/0100 VUs  1m19.0s/2m0s  50.00 iters/s

running (1m20.0s), 0000/0100 VUs, 3999 complete and 0 interrupted iterations
main   [  67% ] 0000/0100 VUs  1m20.0s/2m0s  50.00 iters/s

running (1m21.0s), 0000/0100 VUs, 4049 complete and 0 interrupted iterations
main   [  67% ] 0000/0100 VUs  1m21.0s/2m0s  50.00 iters/s

running (1m22.0s), 0000/0100 VUs, 4099 complete and 0 interrupted iterations
main   [  68% ] 0000/0100 VUs  1m22.0s/2m0s  50.00 iters/s

running (1m23.0s), 0001/0100 VUs, 4149 complete and 0 interrupted iterations
main   [  69% ] 0001/0100 VUs  1m23.0s/2m0s  50.00 iters/s

running (1m24.0s), 0000/0100 VUs, 4199 complete and 0 interrupted iterations
main   [  70% ] 0001/0100 VUs  1m24.0s/2m0s  50.00 iters/s

running (1m25.0s), 0001/0100 VUs, 4249 complete and 0 interrupted iterations
main   [  71% ] 0001/0100 VUs  1m25.0s/2m0s  50.00 iters/s

running (1m26.0s), 0000/0100 VUs, 4299 complete and 0 interrupted iterations
main   [  72% ] 0000/0100 VUs  1m26.0s/2m0s  50.00 iters/s

running (1m27.0s), 0001/0100 VUs, 4349 complete and 0 interrupted iterations
main   [  72% ] 0001/0100 VUs  1m27.0s/2m0s  50.00 iters/s

running (1m28.0s), 0000/0100 VUs, 4399 complete and 0 interrupted iterations
main   [  73% ] 0000/0100 VUs  1m28.0s/2m0s  50.00 iters/s

running (1m29.0s), 0000/0100 VUs, 4449 complete and 0 interrupted iterations
main   [  74% ] 0000/0100 VUs  1m29.0s/2m0s  50.00 iters/s

running (1m30.0s), 0000/0100 VUs, 4499 complete and 0 interrupted iterations
main   [  75% ] 0000/0100 VUs  1m30.0s/2m0s  50.00 iters/s

running (1m31.0s), 0001/0100 VUs, 4549 complete and 0 interrupted iterations
main   [  76% ] 0001/0100 VUs  1m31.0s/2m0s  50.00 iters/s

running (1m32.0s), 0000/0100 VUs, 4599 complete and 0 interrupted iterations
main   [  77% ] 0000/0100 VUs  1m32.0s/2m0s  50.00 iters/s

running (1m33.0s), 0000/0100 VUs, 4649 complete and 0 interrupted iterations
main   [  77% ] 0000/0100 VUs  1m33.0s/2m0s  50.00 iters/s

running (1m34.0s), 0001/0100 VUs, 4699 complete and 0 interrupted iterations
main   [  78% ] 0001/0100 VUs  1m34.0s/2m0s  50.00 iters/s

running (1m35.0s), 0001/0100 VUs, 4749 complete and 0 interrupted iterations
main   [  79% ] 0001/0100 VUs  1m35.0s/2m0s  50.00 iters/s

running (1m36.0s), 0001/0100 VUs, 4799 complete and 0 interrupted iterations
main   [  80% ] 0001/0100 VUs  1m36.0s/2m0s  50.00 iters/s

running (1m37.0s), 0000/0100 VUs, 4849 complete and 0 interrupted iterations
main   [  81% ] 0000/0100 VUs  1m37.0s/2m0s  50.00 iters/s

running (1m38.0s), 0000/0100 VUs, 4899 complete and 0 interrupted iterations
main   [  82% ] 0000/0100 VUs  1m38.0s/2m0s  50.00 iters/s

running (1m39.0s), 0001/0100 VUs, 4949 complete and 0 interrupted iterations
main   [  82% ] 0001/0100 VUs  1m39.0s/2m0s  50.00 iters/s

running (1m40.0s), 0000/0100 VUs, 4999 complete and 0 interrupted iterations
main   [  83% ] 0000/0100 VUs  1m40.0s/2m0s  50.00 iters/s

running (1m41.0s), 0001/0100 VUs, 5049 complete and 0 interrupted iterations
main   [  84% ] 0001/0100 VUs  1m41.0s/2m0s  50.00 iters/s

running (1m42.0s), 0000/0100 VUs, 5099 complete and 0 interrupted iterations
main   [  85% ] 0000/0100 VUs  1m42.0s/2m0s  50.00 iters/s

running (1m43.0s), 0000/0100 VUs, 5149 complete and 0 interrupted iterations
main   [  86% ] 0000/0100 VUs  1m43.0s/2m0s  50.00 iters/s

running (1m44.0s), 0000/0100 VUs, 5199 complete and 0 interrupted iterations
main   [  87% ] 0000/0100 VUs  1m44.0s/2m0s  50.00 iters/s

running (1m45.0s), 0001/0100 VUs, 5249 complete and 0 interrupted iterations
main   [  87% ] 0001/0100 VUs  1m45.0s/2m0s  50.00 iters/s

running (1m46.0s), 0000/0100 VUs, 5299 complete and 0 interrupted iterations
main   [  88% ] 0000/0100 VUs  1m46.0s/2m0s  50.00 iters/s

running (1m47.0s), 0000/0100 VUs, 5349 complete and 0 interrupted iterations
main   [  89% ] 0000/0100 VUs  1m47.0s/2m0s  50.00 iters/s

running (1m48.0s), 0000/0100 VUs, 5399 complete and 0 interrupted iterations
main   [  90% ] 0000/0100 VUs  1m48.0s/2m0s  50.00 iters/s

running (1m49.0s), 0001/0100 VUs, 5449 complete and 0 interrupted iterations
main   [  91% ] 0001/0100 VUs  1m49.0s/2m0s  50.00 iters/s

running (1m50.0s), 0000/0100 VUs, 5499 complete and 0 interrupted iterations
main   [  92% ] 0000/0100 VUs  1m50.0s/2m0s  50.00 iters/s

running (1m51.0s), 0000/0100 VUs, 5549 complete and 0 interrupted iterations
main   [  92% ] 0000/0100 VUs  1m51.0s/2m0s  50.00 iters/s

running (1m52.0s), 0001/0100 VUs, 5599 complete and 0 interrupted iterations
main   [  93% ] 0001/0100 VUs  1m52.0s/2m0s  50.00 iters/s

running (1m53.0s), 0002/0100 VUs, 5648 complete and 0 interrupted iterations
main   [  94% ] 0002/0100 VUs  1m53.0s/2m0s  50.00 iters/s

running (1m54.0s), 0001/0100 VUs, 5699 complete and 0 interrupted iterations
main   [  95% ] 0001/0100 VUs  1m54.0s/2m0s  50.00 iters/s

running (1m55.0s), 0001/0100 VUs, 5749 complete and 0 interrupted iterations
main   [  96% ] 0001/0100 VUs  1m55.0s/2m0s  50.00 iters/s

running (1m56.0s), 0000/0100 VUs, 5799 complete and 0 interrupted iterations
main   [  97% ] 0000/0100 VUs  1m56.0s/2m0s  50.00 iters/s

running (1m57.0s), 0001/0100 VUs, 5849 complete and 0 interrupted iterations
main   [  97% ] 0001/0100 VUs  1m57.0s/2m0s  50.00 iters/s

running (1m58.0s), 0000/0100 VUs, 5899 complete and 0 interrupted iterations
main   [  98% ] 0000/0100 VUs  1m58.0s/2m0s  50.00 iters/s

running (1m59.0s), 0000/0100 VUs, 5949 complete and 0 interrupted iterations
main   [  99% ] 0000/0100 VUs  1m59.0s/2m0s  50.00 iters/s

running (2m00.0s), 0000/0100 VUs, 5999 complete and 0 interrupted iterations
main   [ 100% ] 0000/0100 VUs  2m00.0s/2m0s  50.00 iters/s

running (2m00.0s), 0000/0100 VUs, 6001 complete and 0 interrupted iterations
main ✓ [ 100% ] 0000/0100 VUs  2m0s  50.00 iters/s
  Repeat 1 complete. Results in results/a-jdbc-seq-rtt0-r50-rep1-1781134847.json
=== Cell complete: 1 repeat(s) for a/jdbc-seq rtt=0us ===

[campaign] (4) cell: a|par|0|14|-|-
=== Cell: scenario=a style=par rtt=0us rate=14rps duration=2m scale=full repeats=1 ===
[1/4] Setting netem delay 0us...
Removing netem qdisc on lab-mysql eth0...
Netem qdisc removed (or was not present).
Current qdisc:
time="2026-06-11T08:42:48+09:00" level=warning msg="/Users/rene/rdb-join-lab/docker-compose.yml: the attribute `version` is obsolete, it will be ignored, please remove it to avoid potential confusion"
qdisc noqueue 0: root refcnt 2 
[2/4] Warming InnoDB buffer pool...
=== Step 1: Warm-up queries (priming buffer pool, ~10% of full scale) ===
COUNT(*)
3401538
COUNT(*)
975720
COUNT(*)
8680188
COUNT(*)
10000
Warm-up queries complete.
=== Step 2: Triggering InnoDB buffer pool dump ===
time="2026-06-11T08:42:49+09:00" level=warning msg="/Users/rene/rdb-join-lab/docker-compose.yml: the attribute `version` is obsolete, it will be ignored, please remove it to avoid potential confusion"
mysql: [Warning] Using a password on the command line interface can be insecure.
Polling dump status (timeout 300s)...
  [0s] Dump status: Buffer pool(s) dump completed at 260610 23:42:49
Buffer pool dump completed.
=== Step 3: Triggering InnoDB buffer pool load ===
time="2026-06-11T08:42:49+09:00" level=warning msg="/Users/rene/rdb-join-lab/docker-compose.yml: the attribute `version` is obsolete, it will be ignored, please remove it to avoid potential confusion"
mysql: [Warning] Using a password on the command line interface can be insecure.
Polling load status (timeout 300s)...
  [0s] Load status: Loaded 151553/188400 pages
  [5s] Load status: Buffer pool(s) load completed at 260610 23:42:49
Buffer pool load completed.
=== Step 3b: Capturing post-load snapshot for warm-state gate ===
COUNT(*)
1210063
COUNT(*)
8680188
COUNT(*)
10000
Re-verification queries complete.
=== Step 4: Warm-state gate (physical reads < 0.01, post-load window) ===
  Post-load reverify window: physical reads delta: 0 / 22857 = 0.0
  (Pre-warmup baseline: 8912 / 872711063, for reference)
  Warm-state gate PASSED.
=== Step 5: ANALYZE TABLE ===
Table	Op	Msg_type	Msg_text
lab.coupon_policy	analyze	status	OK
lab.member	analyze	status	OK
lab.coupon_issue	analyze	status	OK
ANALYZE TABLE complete.
=== Step 5b: Capturing InnoDB engine status (AHI verification) ===
  InnoDB status captured: results/innodb-status-1781134976.txt
  AHI indicator: INSERT BUFFER AND ADAPTIVE HASH INDEX
0.00 hash searches/s, 117.97 non-hash searches/s
=== Step 5c: EXPLAIN Scenario B ORDER BY id ASC (filesort check) ===
  WARNING: EXPLAIN shows 'Using filesort' for Scenario B ORDER BY id ASC query.
  Expected idx_issue_member_id to cover ORDER BY — check index creation in schema.sql.
  EXPLAIN output:
1	SIMPLE	coupon_issue	NULL	ref	idx_issue_member_status,idx_issue_member_id	idx_issue_member_status	8	const	1209	100.00	Using filesort
[3/4] Dual calibration (nominal=0us)...
  [held conn] calibrate n=10000...
{
    "n": 10000,
    "min": 20,
    "p50": 44,
    "p95": 62,
    "p99": 80,
    "max": 14169
}
  [per checkout] calibrate/loaded n=10000...
{
    "n": 10000,
    "min": 21,
    "p50": 42,
    "p95": 56,
    "p99": 61,
    "max": 1015
}
Running dual calibration probe (n=10000 held + n=10000 loaded)...
=== held (pure wire RTT) ===
{
    "n": 10000,
    "min": 21,
    "p50": 42,
    "p95": 55,
    "p99": 63,
    "max": 4001
}
=== loaded (wire RTT + pool checkout) ===
{
    "n": 10000,
    "min": 21,
    "p50": 45,
    "p95": 61,
    "p99": 71,
    "max": 2263
}

Appended dual record to results/calibration.jsonl: {"held": {"n": 10000, "min": 21, "p50": 42, "p95": 55, "p99": 63, "max": 4001}, "loaded": {"n": 10000, "min": 21, "p50": 45, "p95": 61, "p99": 71, "max": 2263}, "timestamp": "2026-06-10T23:42:58Z", "nominal_delay_us": 0}
[4/1] Running k6 repeat 1/1 (output -> results/a-par-rtt0-r14-rep1-1781134978.json)...
time="2026-06-11T08:42:58+09:00" level=warning msg="/Users/rene/rdb-join-lab/docker-compose.yml: the attribute `version` is obsolete, it will be ignored, please remove it to avoid potential confusion"

         /\      Grafana   /‾‾/  
    /\  /  \     |\  __   /  /   
   /  \/    \    | |/ /  /   ‾‾\ 
  /          \   |   (  |  (‾)  |
 / __________ \  |_|\_\  \_____/ 


     execution: local
        script: /scripts/scenario.js
        output: -

     scenarios: (100.00%) 1 scenario, 1000 max VUs, 2m30s max duration (incl. graceful stop):
              * main: 14.00 iterations/s for 2m0s (maxVUs: 100-1000, gracefulStop: 30s)


running (0m01.0s), 0000/0100 VUs, 14 complete and 0 interrupted iterations
main   [   1% ] 0000/0100 VUs  0m01.0s/2m0s  14.00 iters/s

running (0m02.0s), 0000/0100 VUs, 28 complete and 0 interrupted iterations
main   [   2% ] 0000/0100 VUs  0m02.0s/2m0s  14.00 iters/s

running (0m03.0s), 0000/0100 VUs, 42 complete and 0 interrupted iterations
main   [   2% ] 0000/0100 VUs  0m03.0s/2m0s  14.00 iters/s

running (0m04.0s), 0000/0100 VUs, 56 complete and 0 interrupted iterations
main   [   3% ] 0000/0100 VUs  0m04.0s/2m0s  14.00 iters/s

running (0m05.0s), 0000/0100 VUs, 70 complete and 0 interrupted iterations
main   [   4% ] 0000/0100 VUs  0m05.0s/2m0s  14.00 iters/s

running (0m06.0s), 0000/0100 VUs, 84 complete and 0 interrupted iterations
main   [   5% ] 0000/0100 VUs  0m06.0s/2m0s  14.00 iters/s

running (0m07.0s), 0000/0100 VUs, 98 complete and 0 interrupted iterations
main   [   6% ] 0000/0100 VUs  0m07.0s/2m0s  14.00 iters/s

running (0m08.0s), 0000/0100 VUs, 112 complete and 0 interrupted iterations
main   [   7% ] 0000/0100 VUs  0m08.0s/2m0s  14.00 iters/s

running (0m09.0s), 0000/0100 VUs, 126 complete and 0 interrupted iterations
main   [   7% ] 0000/0100 VUs  0m09.0s/2m0s  14.00 iters/s

running (0m10.0s), 0000/0100 VUs, 140 complete and 0 interrupted iterations
main   [   8% ] 0000/0100 VUs  0m10.0s/2m0s  14.00 iters/s

running (0m11.0s), 0000/0100 VUs, 154 complete and 0 interrupted iterations
main   [   9% ] 0000/0100 VUs  0m11.0s/2m0s  14.00 iters/s

running (0m12.0s), 0000/0100 VUs, 168 complete and 0 interrupted iterations
main   [  10% ] 0000/0100 VUs  0m12.0s/2m0s  14.00 iters/s

running (0m13.0s), 0000/0100 VUs, 182 complete and 0 interrupted iterations
main   [  11% ] 0000/0100 VUs  0m13.0s/2m0s  14.00 iters/s

running (0m14.0s), 0000/0100 VUs, 196 complete and 0 interrupted iterations
main   [  12% ] 0000/0100 VUs  0m14.0s/2m0s  14.00 iters/s

running (0m15.0s), 0000/0100 VUs, 210 complete and 0 interrupted iterations
main   [  12% ] 0000/0100 VUs  0m15.0s/2m0s  14.00 iters/s

running (0m16.0s), 0000/0100 VUs, 224 complete and 0 interrupted iterations
main   [  13% ] 0000/0100 VUs  0m16.0s/2m0s  14.00 iters/s

running (0m17.0s), 0000/0100 VUs, 238 complete and 0 interrupted iterations
main   [  14% ] 0000/0100 VUs  0m17.0s/2m0s  14.00 iters/s

running (0m18.0s), 0000/0100 VUs, 252 complete and 0 interrupted iterations
main   [  15% ] 0000/0100 VUs  0m18.0s/2m0s  14.00 iters/s

running (0m19.0s), 0000/0100 VUs, 266 complete and 0 interrupted iterations
main   [  16% ] 0000/0100 VUs  0m19.0s/2m0s  14.00 iters/s

running (0m20.0s), 0000/0100 VUs, 280 complete and 0 interrupted iterations
main   [  17% ] 0000/0100 VUs  0m20.0s/2m0s  14.00 iters/s

running (0m21.0s), 0000/0100 VUs, 294 complete and 0 interrupted iterations
main   [  17% ] 0000/0100 VUs  0m21.0s/2m0s  14.00 iters/s

running (0m22.0s), 0000/0100 VUs, 308 complete and 0 interrupted iterations
main   [  18% ] 0000/0100 VUs  0m22.0s/2m0s  14.00 iters/s

running (0m23.0s), 0000/0100 VUs, 322 complete and 0 interrupted iterations
main   [  19% ] 0000/0100 VUs  0m23.0s/2m0s  14.00 iters/s

running (0m24.0s), 0000/0100 VUs, 336 complete and 0 interrupted iterations
main   [  20% ] 0000/0100 VUs  0m24.0s/2m0s  14.00 iters/s

running (0m25.0s), 0000/0100 VUs, 350 complete and 0 interrupted iterations
main   [  21% ] 0000/0100 VUs  0m25.0s/2m0s  14.00 iters/s

running (0m26.0s), 0000/0100 VUs, 364 complete and 0 interrupted iterations
main   [  22% ] 0000/0100 VUs  0m26.0s/2m0s  14.00 iters/s

running (0m27.0s), 0000/0100 VUs, 378 complete and 0 interrupted iterations
main   [  22% ] 0000/0100 VUs  0m27.0s/2m0s  14.00 iters/s

running (0m28.0s), 0000/0100 VUs, 392 complete and 0 interrupted iterations
main   [  23% ] 0000/0100 VUs  0m28.0s/2m0s  14.00 iters/s

running (0m29.0s), 0000/0100 VUs, 406 complete and 0 interrupted iterations
main   [  24% ] 0000/0100 VUs  0m29.0s/2m0s  14.00 iters/s

running (0m30.0s), 0000/0100 VUs, 420 complete and 0 interrupted iterations
main   [  25% ] 0000/0100 VUs  0m30.0s/2m0s  14.00 iters/s

running (0m31.0s), 0000/0100 VUs, 434 complete and 0 interrupted iterations
main   [  26% ] 0000/0100 VUs  0m31.0s/2m0s  14.00 iters/s

running (0m32.0s), 0000/0100 VUs, 448 complete and 0 interrupted iterations
main   [  27% ] 0000/0100 VUs  0m32.0s/2m0s  14.00 iters/s

running (0m33.0s), 0000/0100 VUs, 462 complete and 0 interrupted iterations
main   [  27% ] 0000/0100 VUs  0m33.0s/2m0s  14.00 iters/s

running (0m34.0s), 0000/0100 VUs, 476 complete and 0 interrupted iterations
main   [  28% ] 0000/0100 VUs  0m34.0s/2m0s  14.00 iters/s

running (0m35.0s), 0000/0100 VUs, 490 complete and 0 interrupted iterations
main   [  29% ] 0000/0100 VUs  0m35.0s/2m0s  14.00 iters/s

running (0m36.0s), 0000/0100 VUs, 504 complete and 0 interrupted iterations
main   [  30% ] 0000/0100 VUs  0m36.0s/2m0s  14.00 iters/s

running (0m37.0s), 0000/0100 VUs, 518 complete and 0 interrupted iterations
main   [  31% ] 0000/0100 VUs  0m37.0s/2m0s  14.00 iters/s

running (0m38.0s), 0000/0100 VUs, 532 complete and 0 interrupted iterations
main   [  32% ] 0000/0100 VUs  0m38.0s/2m0s  14.00 iters/s

running (0m39.0s), 0000/0100 VUs, 546 complete and 0 interrupted iterations
main   [  32% ] 0000/0100 VUs  0m39.0s/2m0s  14.00 iters/s

running (0m40.0s), 0000/0100 VUs, 560 complete and 0 interrupted iterations
main   [  33% ] 0000/0100 VUs  0m40.0s/2m0s  14.00 iters/s

running (0m41.0s), 0000/0100 VUs, 574 complete and 0 interrupted iterations
main   [  34% ] 0000/0100 VUs  0m41.0s/2m0s  14.00 iters/s

running (0m42.0s), 0000/0100 VUs, 588 complete and 0 interrupted iterations
main   [  35% ] 0000/0100 VUs  0m42.0s/2m0s  14.00 iters/s

running (0m43.0s), 0000/0100 VUs, 602 complete and 0 interrupted iterations
main   [  36% ] 0000/0100 VUs  0m43.0s/2m0s  14.00 iters/s

running (0m44.0s), 0000/0100 VUs, 616 complete and 0 interrupted iterations
main   [  37% ] 0000/0100 VUs  0m44.0s/2m0s  14.00 iters/s

running (0m45.0s), 0000/0100 VUs, 630 complete and 0 interrupted iterations
main   [  37% ] 0000/0100 VUs  0m45.0s/2m0s  14.00 iters/s

running (0m46.0s), 0000/0100 VUs, 644 complete and 0 interrupted iterations
main   [  38% ] 0000/0100 VUs  0m46.0s/2m0s  14.00 iters/s

running (0m47.0s), 0000/0100 VUs, 658 complete and 0 interrupted iterations
main   [  39% ] 0000/0100 VUs  0m47.0s/2m0s  14.00 iters/s

running (0m48.0s), 0000/0100 VUs, 672 complete and 0 interrupted iterations
main   [  40% ] 0000/0100 VUs  0m48.0s/2m0s  14.00 iters/s

running (0m49.0s), 0000/0100 VUs, 686 complete and 0 interrupted iterations
main   [  41% ] 0000/0100 VUs  0m49.0s/2m0s  14.00 iters/s

running (0m50.0s), 0000/0100 VUs, 700 complete and 0 interrupted iterations
main   [  42% ] 0000/0100 VUs  0m50.0s/2m0s  14.00 iters/s

running (0m51.0s), 0000/0100 VUs, 714 complete and 0 interrupted iterations
main   [  42% ] 0000/0100 VUs  0m51.0s/2m0s  14.00 iters/s

running (0m52.0s), 0000/0100 VUs, 728 complete and 0 interrupted iterations
main   [  43% ] 0000/0100 VUs  0m52.0s/2m0s  14.00 iters/s

running (0m53.0s), 0000/0100 VUs, 742 complete and 0 interrupted iterations
main   [  44% ] 0000/0100 VUs  0m53.0s/2m0s  14.00 iters/s

running (0m54.0s), 0000/0100 VUs, 756 complete and 0 interrupted iterations
main   [  45% ] 0000/0100 VUs  0m54.0s/2m0s  14.00 iters/s

running (0m55.0s), 0000/0100 VUs, 770 complete and 0 interrupted iterations
main   [  46% ] 0000/0100 VUs  0m55.0s/2m0s  14.00 iters/s

running (0m56.0s), 0000/0100 VUs, 784 complete and 0 interrupted iterations
main   [  47% ] 0000/0100 VUs  0m56.0s/2m0s  14.00 iters/s

running (0m57.0s), 0000/0100 VUs, 798 complete and 0 interrupted iterations
main   [  47% ] 0000/0100 VUs  0m57.0s/2m0s  14.00 iters/s

running (0m58.0s), 0000/0100 VUs, 812 complete and 0 interrupted iterations
main   [  48% ] 0000/0100 VUs  0m58.0s/2m0s  14.00 iters/s

running (0m59.0s), 0000/0100 VUs, 826 complete and 0 interrupted iterations
main   [  49% ] 0000/0100 VUs  0m59.0s/2m0s  14.00 iters/s

running (1m00.0s), 0000/0100 VUs, 840 complete and 0 interrupted iterations
main   [  50% ] 0000/0100 VUs  1m00.0s/2m0s  14.00 iters/s

running (1m01.0s), 0000/0100 VUs, 854 complete and 0 interrupted iterations
main   [  51% ] 0000/0100 VUs  1m01.0s/2m0s  14.00 iters/s

running (1m02.0s), 0000/0100 VUs, 868 complete and 0 interrupted iterations
main   [  52% ] 0000/0100 VUs  1m02.0s/2m0s  14.00 iters/s

running (1m03.0s), 0000/0100 VUs, 882 complete and 0 interrupted iterations
main   [  52% ] 0000/0100 VUs  1m03.0s/2m0s  14.00 iters/s

running (1m04.0s), 0000/0100 VUs, 896 complete and 0 interrupted iterations
main   [  53% ] 0000/0100 VUs  1m04.0s/2m0s  14.00 iters/s

running (1m05.0s), 0000/0100 VUs, 910 complete and 0 interrupted iterations
main   [  54% ] 0000/0100 VUs  1m05.0s/2m0s  14.00 iters/s

running (1m06.0s), 0000/0100 VUs, 924 complete and 0 interrupted iterations
main   [  55% ] 0000/0100 VUs  1m06.0s/2m0s  14.00 iters/s

running (1m07.0s), 0000/0100 VUs, 938 complete and 0 interrupted iterations
main   [  56% ] 0000/0100 VUs  1m07.0s/2m0s  14.00 iters/s

running (1m08.0s), 0000/0100 VUs, 952 complete and 0 interrupted iterations
main   [  57% ] 0000/0100 VUs  1m08.0s/2m0s  14.00 iters/s

running (1m09.0s), 0000/0100 VUs, 966 complete and 0 interrupted iterations
main   [  57% ] 0000/0100 VUs  1m09.0s/2m0s  14.00 iters/s

running (1m10.0s), 0000/0100 VUs, 980 complete and 0 interrupted iterations
main   [  58% ] 0000/0100 VUs  1m10.0s/2m0s  14.00 iters/s

running (1m11.0s), 0000/0100 VUs, 994 complete and 0 interrupted iterations
main   [  59% ] 0000/0100 VUs  1m11.0s/2m0s  14.00 iters/s

running (1m12.0s), 0000/0100 VUs, 1008 complete and 0 interrupted iterations
main   [  60% ] 0000/0100 VUs  1m12.0s/2m0s  14.00 iters/s

running (1m13.0s), 0000/0100 VUs, 1022 complete and 0 interrupted iterations
main   [  61% ] 0000/0100 VUs  1m13.0s/2m0s  14.00 iters/s

running (1m14.0s), 0000/0100 VUs, 1036 complete and 0 interrupted iterations
main   [  62% ] 0000/0100 VUs  1m14.0s/2m0s  14.00 iters/s

running (1m15.0s), 0000/0100 VUs, 1050 complete and 0 interrupted iterations
main   [  62% ] 0000/0100 VUs  1m15.0s/2m0s  14.00 iters/s

running (1m16.0s), 0000/0100 VUs, 1064 complete and 0 interrupted iterations
main   [  63% ] 0000/0100 VUs  1m16.0s/2m0s  14.00 iters/s

running (1m17.0s), 0000/0100 VUs, 1078 complete and 0 interrupted iterations
main   [  64% ] 0000/0100 VUs  1m17.0s/2m0s  14.00 iters/s

running (1m18.0s), 0000/0100 VUs, 1092 complete and 0 interrupted iterations
main   [  65% ] 0000/0100 VUs  1m18.0s/2m0s  14.00 iters/s

running (1m19.0s), 0000/0100 VUs, 1106 complete and 0 interrupted iterations
main   [  66% ] 0000/0100 VUs  1m19.0s/2m0s  14.00 iters/s

running (1m20.0s), 0000/0100 VUs, 1120 complete and 0 interrupted iterations
main   [  67% ] 0000/0100 VUs  1m20.0s/2m0s  14.00 iters/s

running (1m21.0s), 0000/0100 VUs, 1134 complete and 0 interrupted iterations
main   [  67% ] 0000/0100 VUs  1m21.0s/2m0s  14.00 iters/s

running (1m22.0s), 0000/0100 VUs, 1148 complete and 0 interrupted iterations
main   [  68% ] 0000/0100 VUs  1m22.0s/2m0s  14.00 iters/s

running (1m23.0s), 0000/0100 VUs, 1162 complete and 0 interrupted iterations
main   [  69% ] 0000/0100 VUs  1m23.0s/2m0s  14.00 iters/s

running (1m24.0s), 0000/0100 VUs, 1176 complete and 0 interrupted iterations
main   [  70% ] 0000/0100 VUs  1m24.0s/2m0s  14.00 iters/s

running (1m25.0s), 0000/0100 VUs, 1190 complete and 0 interrupted iterations
main   [  71% ] 0000/0100 VUs  1m25.0s/2m0s  14.00 iters/s

running (1m26.0s), 0000/0100 VUs, 1204 complete and 0 interrupted iterations
main   [  72% ] 0000/0100 VUs  1m26.0s/2m0s  14.00 iters/s

running (1m27.0s), 0000/0100 VUs, 1218 complete and 0 interrupted iterations
main   [  72% ] 0000/0100 VUs  1m27.0s/2m0s  14.00 iters/s

running (1m28.0s), 0000/0100 VUs, 1232 complete and 0 interrupted iterations
main   [  73% ] 0000/0100 VUs  1m28.0s/2m0s  14.00 iters/s

running (1m29.0s), 0000/0100 VUs, 1246 complete and 0 interrupted iterations
main   [  74% ] 0000/0100 VUs  1m29.0s/2m0s  14.00 iters/s

running (1m30.0s), 0000/0100 VUs, 1260 complete and 0 interrupted iterations
main   [  75% ] 0000/0100 VUs  1m30.0s/2m0s  14.00 iters/s

running (1m31.0s), 0000/0100 VUs, 1274 complete and 0 interrupted iterations
main   [  76% ] 0000/0100 VUs  1m31.0s/2m0s  14.00 iters/s

running (1m32.0s), 0000/0100 VUs, 1288 complete and 0 interrupted iterations
main   [  77% ] 0000/0100 VUs  1m32.0s/2m0s  14.00 iters/s

running (1m33.0s), 0000/0100 VUs, 1302 complete and 0 interrupted iterations
main   [  77% ] 0000/0100 VUs  1m33.0s/2m0s  14.00 iters/s

running (1m34.0s), 0000/0100 VUs, 1316 complete and 0 interrupted iterations
main   [  78% ] 0000/0100 VUs  1m34.0s/2m0s  14.00 iters/s

running (1m35.0s), 0000/0100 VUs, 1330 complete and 0 interrupted iterations
main   [  79% ] 0000/0100 VUs  1m35.0s/2m0s  14.00 iters/s

running (1m36.0s), 0000/0100 VUs, 1344 complete and 0 interrupted iterations
main   [  80% ] 0000/0100 VUs  1m36.0s/2m0s  14.00 iters/s

running (1m37.0s), 0000/0100 VUs, 1358 complete and 0 interrupted iterations
main   [  81% ] 0000/0100 VUs  1m37.0s/2m0s  14.00 iters/s

running (1m38.0s), 0000/0100 VUs, 1372 complete and 0 interrupted iterations
main   [  82% ] 0000/0100 VUs  1m38.0s/2m0s  14.00 iters/s

running (1m39.0s), 0000/0100 VUs, 1386 complete and 0 interrupted iterations
main   [  82% ] 0000/0100 VUs  1m39.0s/2m0s  14.00 iters/s

running (1m40.0s), 0000/0100 VUs, 1400 complete and 0 interrupted iterations
main   [  83% ] 0000/0100 VUs  1m40.0s/2m0s  14.00 iters/s

running (1m41.0s), 0000/0100 VUs, 1414 complete and 0 interrupted iterations
main   [  84% ] 0000/0100 VUs  1m41.0s/2m0s  14.00 iters/s

running (1m42.0s), 0000/0100 VUs, 1428 complete and 0 interrupted iterations
main   [  85% ] 0000/0100 VUs  1m42.0s/2m0s  14.00 iters/s

running (1m43.0s), 0000/0100 VUs, 1442 complete and 0 interrupted iterations
main   [  86% ] 0000/0100 VUs  1m43.0s/2m0s  14.00 iters/s

running (1m44.0s), 0000/0100 VUs, 1456 complete and 0 interrupted iterations
main   [  87% ] 0000/0100 VUs  1m44.0s/2m0s  14.00 iters/s

running (1m45.0s), 0000/0100 VUs, 1470 complete and 0 interrupted iterations
main   [  87% ] 0000/0100 VUs  1m45.0s/2m0s  14.00 iters/s

running (1m46.0s), 0000/0100 VUs, 1484 complete and 0 interrupted iterations
main   [  88% ] 0000/0100 VUs  1m46.0s/2m0s  14.00 iters/s

running (1m47.0s), 0000/0100 VUs, 1498 complete and 0 interrupted iterations
main   [  89% ] 0000/0100 VUs  1m47.0s/2m0s  14.00 iters/s

running (1m48.0s), 0000/0100 VUs, 1512 complete and 0 interrupted iterations
main   [  90% ] 0000/0100 VUs  1m48.0s/2m0s  14.00 iters/s

running (1m49.0s), 0000/0100 VUs, 1526 complete and 0 interrupted iterations
main   [  91% ] 0000/0100 VUs  1m49.0s/2m0s  14.00 iters/s

running (1m50.0s), 0000/0100 VUs, 1540 complete and 0 interrupted iterations
main   [  92% ] 0000/0100 VUs  1m50.0s/2m0s  14.00 iters/s

running (1m51.0s), 0000/0100 VUs, 1554 complete and 0 interrupted iterations
main   [  92% ] 0000/0100 VUs  1m51.0s/2m0s  14.00 iters/s

running (1m52.0s), 0000/0100 VUs, 1568 complete and 0 interrupted iterations
main   [  93% ] 0000/0100 VUs  1m52.0s/2m0s  14.00 iters/s

running (1m53.0s), 0000/0100 VUs, 1582 complete and 0 interrupted iterations
main   [  94% ] 0000/0100 VUs  1m53.0s/2m0s  14.00 iters/s

running (1m54.0s), 0000/0100 VUs, 1596 complete and 0 interrupted iterations
main   [  95% ] 0000/0100 VUs  1m54.0s/2m0s  14.00 iters/s

running (1m55.0s), 0000/0100 VUs, 1610 complete and 0 interrupted iterations
main   [  96% ] 0000/0100 VUs  1m55.0s/2m0s  14.00 iters/s

running (1m56.0s), 0000/0100 VUs, 1624 complete and 0 interrupted iterations
main   [  97% ] 0000/0100 VUs  1m56.0s/2m0s  14.00 iters/s

running (1m57.0s), 0000/0100 VUs, 1638 complete and 0 interrupted iterations
main   [  97% ] 0000/0100 VUs  1m57.0s/2m0s  14.00 iters/s

running (1m58.0s), 0000/0100 VUs, 1652 complete and 0 interrupted iterations
main   [  98% ] 0000/0100 VUs  1m58.0s/2m0s  14.00 iters/s

running (1m59.0s), 0000/0100 VUs, 1666 complete and 0 interrupted iterations
main   [  99% ] 0000/0100 VUs  1m59.0s/2m0s  14.00 iters/s

running (2m00.0s), 0000/0100 VUs, 1680 complete and 0 interrupted iterations
main   [ 100% ] 0000/0100 VUs  2m00.0s/2m0s  14.00 iters/s

running (2m00.0s), 0000/0100 VUs, 1681 complete and 0 interrupted iterations
main ✓ [ 100% ] 0000/0100 VUs  2m0s  14.00 iters/s
  Repeat 1 complete. Results in results/a-par-rtt0-r14-rep1-1781134978.json
=== Cell complete: 1 repeat(s) for a/par rtt=0us ===

[campaign] (5) cell: a|join|300|50|-|-
=== Cell: scenario=a style=join rtt=300us rate=50rps duration=2m scale=full repeats=1 ===
[1/4] Setting netem delay 300us...
Setting netem delay 300us on lab-mysql eth0...
time="2026-06-11T08:44:59+09:00" level=warning msg="/Users/rene/rdb-join-lab/docker-compose.yml: the attribute `version` is obsolete, it will be ignored, please remove it to avoid potential confusion"
Current qdisc:
time="2026-06-11T08:44:59+09:00" level=warning msg="/Users/rene/rdb-join-lab/docker-compose.yml: the attribute `version` is obsolete, it will be ignored, please remove it to avoid potential confusion"
qdisc netem 8013: root refcnt 7 limit 1000 delay 300us seed 12876122526108001973
[2/4] Warming InnoDB buffer pool...
=== Step 1: Warm-up queries (priming buffer pool, ~10% of full scale) ===
COUNT(*)
3401538
COUNT(*)
975720
COUNT(*)
8680188
COUNT(*)
10000
Warm-up queries complete.
=== Step 2: Triggering InnoDB buffer pool dump ===
time="2026-06-11T08:45:00+09:00" level=warning msg="/Users/rene/rdb-join-lab/docker-compose.yml: the attribute `version` is obsolete, it will be ignored, please remove it to avoid potential confusion"
mysql: [Warning] Using a password on the command line interface can be insecure.
Polling dump status (timeout 300s)...
  [0s] Dump status: Buffer pool(s) dump completed at 260610 23:45:00
Buffer pool dump completed.
=== Step 3: Triggering InnoDB buffer pool load ===
time="2026-06-11T08:45:01+09:00" level=warning msg="/Users/rene/rdb-join-lab/docker-compose.yml: the attribute `version` is obsolete, it will be ignored, please remove it to avoid potential confusion"
mysql: [Warning] Using a password on the command line interface can be insecure.
Polling load status (timeout 300s)...
  [0s] Load status: Buffer pool(s) load completed at 260610 23:45:01
Buffer pool load completed.
=== Step 3b: Capturing post-load snapshot for warm-state gate ===
COUNT(*)
1210063
COUNT(*)
8680188
COUNT(*)
10000
Re-verification queries complete.
=== Step 4: Warm-state gate (physical reads < 0.01, post-load window) ===
  Post-load reverify window: physical reads delta: 0 / 22857 = 0.0
  (Pre-warmup baseline: 8972 / 872785411, for reference)
  Warm-state gate PASSED.
=== Step 5: ANALYZE TABLE ===
Table	Op	Msg_type	Msg_text
lab.coupon_policy	analyze	status	OK
lab.member	analyze	status	OK
lab.coupon_issue	analyze	status	OK
ANALYZE TABLE complete.
=== Step 5b: Capturing InnoDB engine status (AHI verification) ===
  InnoDB status captured: results/innodb-status-1781135102.txt
  AHI indicator: INSERT BUFFER AND ADAPTIVE HASH INDEX
0.00 hash searches/s, 40.84 non-hash searches/s
=== Step 5c: EXPLAIN Scenario B ORDER BY id ASC (filesort check) ===
  WARNING: EXPLAIN shows 'Using filesort' for Scenario B ORDER BY id ASC query.
  Expected idx_issue_member_id to cover ORDER BY — check index creation in schema.sql.
  EXPLAIN output:
1	SIMPLE	coupon_issue	NULL	ref	idx_issue_member_status,idx_issue_member_id	idx_issue_member_status	8	const	1209	100.00	Using filesort
[3/4] Dual calibration (nominal=300us)...
  [held conn] calibrate n=10000...
{
    "n": 10000,
    "min": 346,
    "p50": 562,
    "p95": 689,
    "p99": 794,
    "max": 10756
}
  [per checkout] calibrate/loaded n=10000...
{
    "n": 10000,
    "min": 349,
    "p50": 548,
    "p95": 655,
    "p99": 741,
    "max": 16551
}
Running dual calibration probe (n=10000 held + n=10000 loaded)...
=== held (pure wire RTT) ===
{
    "n": 10000,
    "min": 351,
    "p50": 556,
    "p95": 681,
    "p99": 737,
    "max": 13672
}
=== loaded (wire RTT + pool checkout) ===
{
    "n": 10000,
    "min": 347,
    "p50": 558,
    "p95": 660,
    "p99": 750,
    "max": 7717
}

Appended dual record to results/calibration.jsonl: {"held": {"n": 10000, "min": 351, "p50": 556, "p95": 681, "p99": 737, "max": 13672}, "loaded": {"n": 10000, "min": 347, "p50": 558, "p95": 660, "p99": 750, "max": 7717}, "timestamp": "2026-06-10T23:45:25Z", "nominal_delay_us": 300}
[4/1] Running k6 repeat 1/1 (output -> results/a-join-rtt300-r50-rep1-1781135125.json)...
time="2026-06-11T08:45:25+09:00" level=warning msg="/Users/rene/rdb-join-lab/docker-compose.yml: the attribute `version` is obsolete, it will be ignored, please remove it to avoid potential confusion"

         /\      Grafana   /‾‾/  
    /\  /  \     |\  __   /  /   
   /  \/    \    | |/ /  /   ‾‾\ 
  /          \   |   (  |  (‾)  |
 / __________ \  |_|\_\  \_____/ 


     execution: local
        script: /scripts/scenario.js
        output: -

     scenarios: (100.00%) 1 scenario, 1000 max VUs, 2m30s max duration (incl. graceful stop):
              * main: 50.00 iterations/s for 2m0s (maxVUs: 100-1000, gracefulStop: 30s)


running (0m01.0s), 0001/0100 VUs, 49 complete and 0 interrupted iterations
main   [   1% ] 0001/0100 VUs  0m01.0s/2m0s  50.00 iters/s

running (0m02.0s), 0001/0100 VUs, 99 complete and 0 interrupted iterations
main   [   2% ] 0001/0100 VUs  0m02.0s/2m0s  50.00 iters/s

running (0m03.0s), 0001/0100 VUs, 149 complete and 0 interrupted iterations
main   [   2% ] 0001/0100 VUs  0m03.0s/2m0s  50.00 iters/s

running (0m04.0s), 0001/0100 VUs, 199 complete and 0 interrupted iterations
main   [   3% ] 0001/0100 VUs  0m04.0s/2m0s  50.00 iters/s

running (0m05.0s), 0000/0100 VUs, 249 complete and 0 interrupted iterations
main   [   4% ] 0000/0100 VUs  0m05.0s/2m0s  50.00 iters/s

running (0m06.0s), 0001/0100 VUs, 299 complete and 0 interrupted iterations
main   [   5% ] 0001/0100 VUs  0m06.0s/2m0s  50.00 iters/s

running (0m07.0s), 0000/0100 VUs, 349 complete and 0 interrupted iterations
main   [   6% ] 0000/0100 VUs  0m07.0s/2m0s  50.00 iters/s

running (0m08.0s), 0001/0100 VUs, 399 complete and 0 interrupted iterations
main   [   7% ] 0001/0100 VUs  0m08.0s/2m0s  50.00 iters/s

running (0m09.0s), 0001/0100 VUs, 449 complete and 0 interrupted iterations
main   [   7% ] 0001/0100 VUs  0m09.0s/2m0s  50.00 iters/s

running (0m10.0s), 0001/0100 VUs, 499 complete and 0 interrupted iterations
main   [   8% ] 0001/0100 VUs  0m10.0s/2m0s  50.00 iters/s

running (0m11.0s), 0001/0100 VUs, 549 complete and 0 interrupted iterations
main   [   9% ] 0001/0100 VUs  0m11.0s/2m0s  50.00 iters/s

running (0m12.0s), 0001/0100 VUs, 599 complete and 0 interrupted iterations
main   [  10% ] 0001/0100 VUs  0m12.0s/2m0s  50.00 iters/s

running (0m13.0s), 0001/0100 VUs, 649 complete and 0 interrupted iterations
main   [  11% ] 0001/0100 VUs  0m13.0s/2m0s  50.00 iters/s

running (0m14.0s), 0001/0100 VUs, 699 complete and 0 interrupted iterations
main   [  12% ] 0001/0100 VUs  0m14.0s/2m0s  50.00 iters/s

running (0m15.0s), 0001/0100 VUs, 749 complete and 0 interrupted iterations
main   [  12% ] 0001/0100 VUs  0m15.0s/2m0s  50.00 iters/s

running (0m16.0s), 0001/0100 VUs, 799 complete and 0 interrupted iterations
main   [  13% ] 0001/0100 VUs  0m16.0s/2m0s  50.00 iters/s

running (0m17.0s), 0001/0100 VUs, 849 complete and 0 interrupted iterations
main   [  14% ] 0001/0100 VUs  0m17.0s/2m0s  50.00 iters/s

running (0m18.0s), 0000/0100 VUs, 899 complete and 0 interrupted iterations
main   [  15% ] 0000/0100 VUs  0m18.0s/2m0s  50.00 iters/s

running (0m19.0s), 0001/0100 VUs, 949 complete and 0 interrupted iterations
main   [  16% ] 0001/0100 VUs  0m19.0s/2m0s  50.00 iters/s

running (0m20.0s), 0000/0100 VUs, 999 complete and 0 interrupted iterations
main   [  17% ] 0000/0100 VUs  0m20.0s/2m0s  50.00 iters/s

running (0m21.0s), 0001/0100 VUs, 1049 complete and 0 interrupted iterations
main   [  17% ] 0001/0100 VUs  0m21.0s/2m0s  50.00 iters/s

running (0m22.0s), 0001/0100 VUs, 1099 complete and 0 interrupted iterations
main   [  18% ] 0001/0100 VUs  0m22.0s/2m0s  50.00 iters/s

running (0m23.0s), 0001/0100 VUs, 1149 complete and 0 interrupted iterations
main   [  19% ] 0001/0100 VUs  0m23.0s/2m0s  50.00 iters/s

running (0m24.0s), 0000/0100 VUs, 1199 complete and 0 interrupted iterations
main   [  20% ] 0000/0100 VUs  0m24.0s/2m0s  50.00 iters/s

running (0m25.0s), 0001/0100 VUs, 1249 complete and 0 interrupted iterations
main   [  21% ] 0001/0100 VUs  0m25.0s/2m0s  50.00 iters/s

running (0m26.0s), 0001/0100 VUs, 1299 complete and 0 interrupted iterations
main   [  22% ] 0001/0100 VUs  0m26.0s/2m0s  50.00 iters/s

running (0m27.0s), 0001/0100 VUs, 1349 complete and 0 interrupted iterations
main   [  22% ] 0001/0100 VUs  0m27.0s/2m0s  50.00 iters/s

running (0m28.0s), 0001/0100 VUs, 1399 complete and 0 interrupted iterations
main   [  23% ] 0001/0100 VUs  0m28.0s/2m0s  50.00 iters/s

running (0m29.0s), 0000/0100 VUs, 1449 complete and 0 interrupted iterations
main   [  24% ] 0001/0100 VUs  0m29.0s/2m0s  50.00 iters/s

running (0m30.0s), 0001/0100 VUs, 1499 complete and 0 interrupted iterations
main   [  25% ] 0001/0100 VUs  0m30.0s/2m0s  50.00 iters/s

running (0m31.0s), 0001/0100 VUs, 1549 complete and 0 interrupted iterations
main   [  26% ] 0001/0100 VUs  0m31.0s/2m0s  50.00 iters/s

running (0m32.0s), 0001/0100 VUs, 1599 complete and 0 interrupted iterations
main   [  27% ] 0001/0100 VUs  0m32.0s/2m0s  50.00 iters/s

running (0m33.0s), 0000/0100 VUs, 1649 complete and 0 interrupted iterations
main   [  27% ] 0000/0100 VUs  0m33.0s/2m0s  50.00 iters/s

running (0m34.0s), 0001/0100 VUs, 1699 complete and 0 interrupted iterations
main   [  28% ] 0001/0100 VUs  0m34.0s/2m0s  50.00 iters/s

running (0m35.0s), 0001/0100 VUs, 1749 complete and 0 interrupted iterations
main   [  29% ] 0001/0100 VUs  0m35.0s/2m0s  50.00 iters/s

running (0m36.0s), 0001/0100 VUs, 1799 complete and 0 interrupted iterations
main   [  30% ] 0001/0100 VUs  0m36.0s/2m0s  50.00 iters/s

running (0m37.0s), 0001/0100 VUs, 1849 complete and 0 interrupted iterations
main   [  31% ] 0001/0100 VUs  0m37.0s/2m0s  50.00 iters/s

running (0m38.0s), 0000/0100 VUs, 1899 complete and 0 interrupted iterations
main   [  32% ] 0000/0100 VUs  0m38.0s/2m0s  50.00 iters/s

running (0m39.0s), 0001/0100 VUs, 1949 complete and 0 interrupted iterations
main   [  32% ] 0001/0100 VUs  0m39.0s/2m0s  50.00 iters/s

running (0m40.0s), 0001/0100 VUs, 1999 complete and 0 interrupted iterations
main   [  33% ] 0001/0100 VUs  0m40.0s/2m0s  50.00 iters/s

running (0m41.0s), 0001/0100 VUs, 2049 complete and 0 interrupted iterations
main   [  34% ] 0001/0100 VUs  0m41.0s/2m0s  50.00 iters/s

running (0m42.0s), 0001/0100 VUs, 2099 complete and 0 interrupted iterations
main   [  35% ] 0001/0100 VUs  0m42.0s/2m0s  50.00 iters/s

running (0m43.0s), 0001/0100 VUs, 2149 complete and 0 interrupted iterations
main   [  36% ] 0001/0100 VUs  0m43.0s/2m0s  50.00 iters/s

running (0m44.0s), 0001/0100 VUs, 2199 complete and 0 interrupted iterations
main   [  37% ] 0001/0100 VUs  0m44.0s/2m0s  50.00 iters/s

running (0m45.0s), 0001/0100 VUs, 2249 complete and 0 interrupted iterations
main   [  37% ] 0001/0100 VUs  0m45.0s/2m0s  50.00 iters/s

running (0m46.0s), 0000/0100 VUs, 2299 complete and 0 interrupted iterations
main   [  38% ] 0000/0100 VUs  0m46.0s/2m0s  50.00 iters/s

running (0m47.0s), 0000/0100 VUs, 2349 complete and 0 interrupted iterations
main   [  39% ] 0000/0100 VUs  0m47.0s/2m0s  50.00 iters/s

running (0m48.0s), 0000/0100 VUs, 2399 complete and 0 interrupted iterations
main   [  40% ] 0000/0100 VUs  0m48.0s/2m0s  50.00 iters/s

running (0m49.0s), 0001/0100 VUs, 2449 complete and 0 interrupted iterations
main   [  41% ] 0001/0100 VUs  0m49.0s/2m0s  50.00 iters/s

running (0m50.0s), 0000/0100 VUs, 2499 complete and 0 interrupted iterations
main   [  42% ] 0000/0100 VUs  0m50.0s/2m0s  50.00 iters/s

running (0m51.0s), 0001/0100 VUs, 2549 complete and 0 interrupted iterations
main   [  42% ] 0001/0100 VUs  0m51.0s/2m0s  50.00 iters/s

running (0m52.0s), 0000/0100 VUs, 2599 complete and 0 interrupted iterations
main   [  43% ] 0000/0100 VUs  0m52.0s/2m0s  50.00 iters/s

running (0m53.0s), 0000/0100 VUs, 2649 complete and 0 interrupted iterations
main   [  44% ] 0000/0100 VUs  0m53.0s/2m0s  50.00 iters/s

running (0m54.0s), 0001/0100 VUs, 2699 complete and 0 interrupted iterations
main   [  45% ] 0001/0100 VUs  0m54.0s/2m0s  50.00 iters/s

running (0m55.0s), 0001/0100 VUs, 2749 complete and 0 interrupted iterations
main   [  46% ] 0001/0100 VUs  0m55.0s/2m0s  50.00 iters/s

running (0m56.0s), 0001/0100 VUs, 2799 complete and 0 interrupted iterations
main   [  47% ] 0001/0100 VUs  0m56.0s/2m0s  50.00 iters/s

running (0m57.0s), 0001/0100 VUs, 2849 complete and 0 interrupted iterations
main   [  47% ] 0001/0100 VUs  0m57.0s/2m0s  50.00 iters/s

running (0m58.0s), 0001/0100 VUs, 2899 complete and 0 interrupted iterations
main   [  48% ] 0001/0100 VUs  0m58.0s/2m0s  50.00 iters/s

running (0m59.0s), 0001/0100 VUs, 2949 complete and 0 interrupted iterations
main   [  49% ] 0001/0100 VUs  0m59.0s/2m0s  50.00 iters/s

running (1m00.0s), 0001/0100 VUs, 2999 complete and 0 interrupted iterations
main   [  50% ] 0001/0100 VUs  1m00.0s/2m0s  50.00 iters/s

running (1m01.0s), 0001/0100 VUs, 3049 complete and 0 interrupted iterations
main   [  51% ] 0001/0100 VUs  1m01.0s/2m0s  50.00 iters/s

running (1m02.0s), 0001/0100 VUs, 3099 complete and 0 interrupted iterations
main   [  52% ] 0001/0100 VUs  1m02.0s/2m0s  50.00 iters/s

running (1m03.0s), 0001/0100 VUs, 3149 complete and 0 interrupted iterations
main   [  52% ] 0001/0100 VUs  1m03.0s/2m0s  50.00 iters/s

running (1m04.0s), 0000/0100 VUs, 3199 complete and 0 interrupted iterations
main   [  53% ] 0001/0100 VUs  1m04.0s/2m0s  50.00 iters/s

running (1m05.0s), 0001/0100 VUs, 3249 complete and 0 interrupted iterations
main   [  54% ] 0001/0100 VUs  1m05.0s/2m0s  50.00 iters/s

running (1m06.0s), 0001/0100 VUs, 3299 complete and 0 interrupted iterations
main   [  55% ] 0001/0100 VUs  1m06.0s/2m0s  50.00 iters/s

running (1m07.0s), 0001/0100 VUs, 3349 complete and 0 interrupted iterations
main   [  56% ] 0001/0100 VUs  1m07.0s/2m0s  50.00 iters/s

running (1m08.0s), 0001/0100 VUs, 3399 complete and 0 interrupted iterations
main   [  57% ] 0001/0100 VUs  1m08.0s/2m0s  50.00 iters/s

running (1m09.0s), 0000/0100 VUs, 3449 complete and 0 interrupted iterations
main   [  57% ] 0000/0100 VUs  1m09.0s/2m0s  50.00 iters/s

running (1m10.0s), 0000/0100 VUs, 3499 complete and 0 interrupted iterations
main   [  58% ] 0000/0100 VUs  1m10.0s/2m0s  50.00 iters/s

running (1m11.0s), 0001/0100 VUs, 3549 complete and 0 interrupted iterations
main   [  59% ] 0001/0100 VUs  1m11.0s/2m0s  50.00 iters/s

running (1m12.0s), 0000/0100 VUs, 3599 complete and 0 interrupted iterations
main   [  60% ] 0000/0100 VUs  1m12.0s/2m0s  50.00 iters/s

running (1m13.0s), 0001/0100 VUs, 3649 complete and 0 interrupted iterations
main   [  61% ] 0001/0100 VUs  1m13.0s/2m0s  50.00 iters/s

running (1m14.0s), 0000/0100 VUs, 3699 complete and 0 interrupted iterations
main   [  62% ] 0000/0100 VUs  1m14.0s/2m0s  50.00 iters/s

running (1m15.0s), 0000/0100 VUs, 3749 complete and 0 interrupted iterations
main   [  62% ] 0001/0100 VUs  1m15.0s/2m0s  50.00 iters/s

running (1m16.0s), 0001/0100 VUs, 3799 complete and 0 interrupted iterations
main   [  63% ] 0001/0100 VUs  1m16.0s/2m0s  50.00 iters/s

running (1m17.0s), 0001/0100 VUs, 3849 complete and 0 interrupted iterations
main   [  64% ] 0001/0100 VUs  1m17.0s/2m0s  50.00 iters/s

running (1m18.0s), 0000/0100 VUs, 3899 complete and 0 interrupted iterations
main   [  65% ] 0000/0100 VUs  1m18.0s/2m0s  50.00 iters/s

running (1m19.0s), 0001/0100 VUs, 3949 complete and 0 interrupted iterations
main   [  66% ] 0001/0100 VUs  1m19.0s/2m0s  50.00 iters/s

running (1m20.0s), 0001/0100 VUs, 3999 complete and 0 interrupted iterations
main   [  67% ] 0001/0100 VUs  1m20.0s/2m0s  50.00 iters/s

running (1m21.0s), 0001/0100 VUs, 4049 complete and 0 interrupted iterations
main   [  67% ] 0001/0100 VUs  1m21.0s/2m0s  50.00 iters/s

running (1m22.0s), 0001/0100 VUs, 4099 complete and 0 interrupted iterations
main   [  68% ] 0001/0100 VUs  1m22.0s/2m0s  50.00 iters/s

running (1m23.0s), 0001/0100 VUs, 4149 complete and 0 interrupted iterations
main   [  69% ] 0001/0100 VUs  1m23.0s/2m0s  50.00 iters/s

running (1m24.0s), 0001/0100 VUs, 4199 complete and 0 interrupted iterations
main   [  70% ] 0001/0100 VUs  1m24.0s/2m0s  50.00 iters/s

running (1m25.0s), 0000/0100 VUs, 4249 complete and 0 interrupted iterations
main   [  71% ] 0000/0100 VUs  1m25.0s/2m0s  50.00 iters/s

running (1m26.0s), 0001/0100 VUs, 4299 complete and 0 interrupted iterations
main   [  72% ] 0001/0100 VUs  1m26.0s/2m0s  50.00 iters/s

running (1m27.0s), 0001/0100 VUs, 4349 complete and 0 interrupted iterations
main   [  72% ] 0001/0100 VUs  1m27.0s/2m0s  50.00 iters/s

running (1m28.0s), 0001/0100 VUs, 4399 complete and 0 interrupted iterations
main   [  73% ] 0001/0100 VUs  1m28.0s/2m0s  50.00 iters/s

running (1m29.0s), 0001/0100 VUs, 4449 complete and 0 interrupted iterations
main   [  74% ] 0001/0100 VUs  1m29.0s/2m0s  50.00 iters/s

running (1m30.0s), 0000/0100 VUs, 4499 complete and 0 interrupted iterations
main   [  75% ] 0000/0100 VUs  1m30.0s/2m0s  50.00 iters/s

running (1m31.0s), 0001/0100 VUs, 4549 complete and 0 interrupted iterations
main   [  76% ] 0001/0100 VUs  1m31.0s/2m0s  50.00 iters/s

running (1m32.0s), 0001/0100 VUs, 4599 complete and 0 interrupted iterations
main   [  77% ] 0001/0100 VUs  1m32.0s/2m0s  50.00 iters/s

running (1m33.0s), 0000/0100 VUs, 4649 complete and 0 interrupted iterations
main   [  77% ] 0000/0100 VUs  1m33.0s/2m0s  50.00 iters/s

running (1m34.0s), 0000/0100 VUs, 4699 complete and 0 interrupted iterations
main   [  78% ] 0000/0100 VUs  1m34.0s/2m0s  50.00 iters/s

running (1m35.0s), 0001/0100 VUs, 4749 complete and 0 interrupted iterations
main   [  79% ] 0001/0100 VUs  1m35.0s/2m0s  50.00 iters/s

running (1m36.0s), 0001/0100 VUs, 4799 complete and 0 interrupted iterations
main   [  80% ] 0001/0100 VUs  1m36.0s/2m0s  50.00 iters/s

running (1m37.0s), 0000/0100 VUs, 4849 complete and 0 interrupted iterations
main   [  81% ] 0000/0100 VUs  1m37.0s/2m0s  50.00 iters/s

running (1m38.0s), 0001/0100 VUs, 4899 complete and 0 interrupted iterations
main   [  82% ] 0001/0100 VUs  1m38.0s/2m0s  50.00 iters/s

running (1m39.0s), 0001/0100 VUs, 4949 complete and 0 interrupted iterations
main   [  82% ] 0001/0100 VUs  1m39.0s/2m0s  50.00 iters/s

running (1m40.0s), 0001/0100 VUs, 4999 complete and 0 interrupted iterations
main   [  83% ] 0001/0100 VUs  1m40.0s/2m0s  50.00 iters/s

running (1m41.0s), 0001/0100 VUs, 5049 complete and 0 interrupted iterations
main   [  84% ] 0001/0100 VUs  1m41.0s/2m0s  50.00 iters/s

running (1m42.0s), 0001/0100 VUs, 5099 complete and 0 interrupted iterations
main   [  85% ] 0001/0100 VUs  1m42.0s/2m0s  50.00 iters/s

running (1m43.0s), 0001/0100 VUs, 5149 complete and 0 interrupted iterations
main   [  86% ] 0001/0100 VUs  1m43.0s/2m0s  50.00 iters/s

running (1m44.0s), 0001/0100 VUs, 5199 complete and 0 interrupted iterations
main   [  87% ] 0001/0100 VUs  1m44.0s/2m0s  50.00 iters/s

running (1m45.0s), 0001/0100 VUs, 5249 complete and 0 interrupted iterations
main   [  87% ] 0001/0100 VUs  1m45.0s/2m0s  50.00 iters/s

running (1m46.0s), 0000/0100 VUs, 5299 complete and 0 interrupted iterations
main   [  88% ] 0000/0100 VUs  1m46.0s/2m0s  50.00 iters/s

running (1m47.0s), 0001/0100 VUs, 5349 complete and 0 interrupted iterations
main   [  89% ] 0001/0100 VUs  1m47.0s/2m0s  50.00 iters/s

running (1m48.0s), 0000/0100 VUs, 5399 complete and 0 interrupted iterations
main   [  90% ] 0000/0100 VUs  1m48.0s/2m0s  50.00 iters/s

running (1m49.0s), 0001/0100 VUs, 5449 complete and 0 interrupted iterations
main   [  91% ] 0001/0100 VUs  1m49.0s/2m0s  50.00 iters/s

running (1m50.0s), 0001/0100 VUs, 5499 complete and 0 interrupted iterations
main   [  92% ] 0001/0100 VUs  1m50.0s/2m0s  50.00 iters/s

running (1m51.0s), 0000/0100 VUs, 5549 complete and 0 interrupted iterations
main   [  92% ] 0000/0100 VUs  1m51.0s/2m0s  50.00 iters/s

running (1m52.0s), 0000/0100 VUs, 5599 complete and 0 interrupted iterations
main   [  93% ] 0000/0100 VUs  1m52.0s/2m0s  50.00 iters/s

running (1m53.0s), 0000/0100 VUs, 5649 complete and 0 interrupted iterations
main   [  94% ] 0000/0100 VUs  1m53.0s/2m0s  50.00 iters/s

running (1m54.0s), 0001/0100 VUs, 5699 complete and 0 interrupted iterations
main   [  95% ] 0001/0100 VUs  1m54.0s/2m0s  50.00 iters/s

running (1m55.0s), 0001/0100 VUs, 5749 complete and 0 interrupted iterations
main   [  96% ] 0001/0100 VUs  1m55.0s/2m0s  50.00 iters/s

running (1m56.0s), 0000/0100 VUs, 5799 complete and 0 interrupted iterations
main   [  97% ] 0000/0100 VUs  1m56.0s/2m0s  50.00 iters/s

running (1m57.0s), 0000/0100 VUs, 5849 complete and 0 interrupted iterations
main   [  97% ] 0000/0100 VUs  1m57.0s/2m0s  50.00 iters/s

running (1m58.0s), 0001/0100 VUs, 5899 complete and 0 interrupted iterations
main   [  98% ] 0001/0100 VUs  1m58.0s/2m0s  50.00 iters/s

running (1m59.0s), 0001/0100 VUs, 5949 complete and 0 interrupted iterations
main   [  99% ] 0001/0100 VUs  1m59.0s/2m0s  50.00 iters/s

running (2m00.0s), 0000/0100 VUs, 5999 complete and 0 interrupted iterations
main   [ 100% ] 0000/0100 VUs  2m00.0s/2m0s  50.00 iters/s

running (2m00.0s), 0000/0100 VUs, 6001 complete and 0 interrupted iterations
main ✓ [ 100% ] 0000/0100 VUs  2m0s  50.00 iters/s
  Repeat 1 complete. Results in results/a-join-rtt300-r50-rep1-1781135125.json
=== Cell complete: 1 repeat(s) for a/join rtt=300us ===

[campaign] (6) cell: a|seq|300|50|-|-
=== Cell: scenario=a style=seq rtt=300us rate=50rps duration=2m scale=full repeats=1 ===
[1/4] Setting netem delay 300us...
Setting netem delay 300us on lab-mysql eth0...
time="2026-06-11T08:47:26+09:00" level=warning msg="/Users/rene/rdb-join-lab/docker-compose.yml: the attribute `version` is obsolete, it will be ignored, please remove it to avoid potential confusion"
Current qdisc:
time="2026-06-11T08:47:26+09:00" level=warning msg="/Users/rene/rdb-join-lab/docker-compose.yml: the attribute `version` is obsolete, it will be ignored, please remove it to avoid potential confusion"
qdisc netem 8013: root refcnt 7 limit 1000 delay 300us seed 4073572569542722744
[2/4] Warming InnoDB buffer pool...
=== Step 1: Warm-up queries (priming buffer pool, ~10% of full scale) ===
COUNT(*)
3401538
COUNT(*)
975720
COUNT(*)
8680188
COUNT(*)
10000
Warm-up queries complete.
=== Step 2: Triggering InnoDB buffer pool dump ===
time="2026-06-11T08:47:27+09:00" level=warning msg="/Users/rene/rdb-join-lab/docker-compose.yml: the attribute `version` is obsolete, it will be ignored, please remove it to avoid potential confusion"
mysql: [Warning] Using a password on the command line interface can be insecure.
Polling dump status (timeout 300s)...
  [0s] Dump status: Buffer pool(s) dump completed at 260610 23:47:27
Buffer pool dump completed.
=== Step 3: Triggering InnoDB buffer pool load ===
time="2026-06-11T08:47:27+09:00" level=warning msg="/Users/rene/rdb-join-lab/docker-compose.yml: the attribute `version` is obsolete, it will be ignored, please remove it to avoid potential confusion"
mysql: [Warning] Using a password on the command line interface can be insecure.
Polling load status (timeout 300s)...
  [0s] Load status: Loaded 165889/188400 pages
  [5s] Load status: Buffer pool(s) load completed at 260610 23:47:27
Buffer pool load completed.
=== Step 3b: Capturing post-load snapshot for warm-state gate ===
COUNT(*)
1210063
COUNT(*)
8680188
COUNT(*)
10000
Re-verification queries complete.
=== Step 4: Warm-state gate (physical reads < 0.01, post-load window) ===
  Post-load reverify window: physical reads delta: 0 / 22857 = 0.0
  (Pre-warmup baseline: 9075 / 872893500, for reference)
  Warm-state gate PASSED.
=== Step 5: ANALYZE TABLE ===
Table	Op	Msg_type	Msg_text
lab.coupon_policy	analyze	status	OK
lab.member	analyze	status	OK
lab.coupon_issue	analyze	status	OK
ANALYZE TABLE complete.
=== Step 5b: Capturing InnoDB engine status (AHI verification) ===
  InnoDB status captured: results/innodb-status-1781135254.txt
  AHI indicator: INSERT BUFFER AND ADAPTIVE HASH INDEX
0.00 hash searches/s, 72.96 non-hash searches/s
=== Step 5c: EXPLAIN Scenario B ORDER BY id ASC (filesort check) ===
  WARNING: EXPLAIN shows 'Using filesort' for Scenario B ORDER BY id ASC query.
  Expected idx_issue_member_id to cover ORDER BY — check index creation in schema.sql.
  EXPLAIN output:
1	SIMPLE	coupon_issue	NULL	ref	idx_issue_member_status,idx_issue_member_id	idx_issue_member_status	8	const	1209	100.00	Using filesort
[3/4] Dual calibration (nominal=300us)...
  [held conn] calibrate n=10000...
{
    "n": 10000,
    "min": 354,
    "p50": 566,
    "p95": 696,
    "p99": 805,
    "max": 16556
}
  [per checkout] calibrate/loaded n=10000...
{
    "n": 10000,
    "min": 348,
    "p50": 542,
    "p95": 657,
    "p99": 740,
    "max": 18910
}
Running dual calibration probe (n=10000 held + n=10000 loaded)...
=== held (pure wire RTT) ===
{
    "n": 10000,
    "min": 354,
    "p50": 562,
    "p95": 637,
    "p99": 727,
    "max": 3965
}
=== loaded (wire RTT + pool checkout) ===
{
    "n": 10000,
    "min": 348,
    "p50": 564,
    "p95": 706,
    "p99": 777,
    "max": 9845
}

Appended dual record to results/calibration.jsonl: {"held": {"n": 10000, "min": 354, "p50": 562, "p95": 637, "p99": 727, "max": 3965}, "loaded": {"n": 10000, "min": 348, "p50": 564, "p95": 706, "p99": 777, "max": 9845}, "timestamp": "2026-06-10T23:47:57Z", "nominal_delay_us": 300}
[4/1] Running k6 repeat 1/1 (output -> results/a-seq-rtt300-r50-rep1-1781135277.json)...
time="2026-06-11T08:47:57+09:00" level=warning msg="/Users/rene/rdb-join-lab/docker-compose.yml: the attribute `version` is obsolete, it will be ignored, please remove it to avoid potential confusion"

         /\      Grafana   /‾‾/  
    /\  /  \     |\  __   /  /   
   /  \/    \    | |/ /  /   ‾‾\ 
  /          \   |   (  |  (‾)  |
 / __________ \  |_|\_\  \_____/ 


     execution: local
        script: /scripts/scenario.js
        output: -

     scenarios: (100.00%) 1 scenario, 1000 max VUs, 2m30s max duration (incl. graceful stop):
              * main: 50.00 iterations/s for 2m0s (maxVUs: 100-1000, gracefulStop: 30s)


running (0m01.0s), 0001/0100 VUs, 49 complete and 0 interrupted iterations
main   [   1% ] 0001/0100 VUs  0m01.0s/2m0s  50.00 iters/s

running (0m02.0s), 0000/0100 VUs, 99 complete and 0 interrupted iterations
main   [   2% ] 0000/0100 VUs  0m02.0s/2m0s  50.00 iters/s

running (0m03.0s), 0001/0100 VUs, 148 complete and 0 interrupted iterations
main   [   2% ] 0001/0100 VUs  0m03.0s/2m0s  50.00 iters/s

running (0m04.0s), 0000/0100 VUs, 199 complete and 0 interrupted iterations
main   [   3% ] 0000/0100 VUs  0m04.0s/2m0s  50.00 iters/s

running (0m05.0s), 0001/0100 VUs, 249 complete and 0 interrupted iterations
main   [   4% ] 0001/0100 VUs  0m05.0s/2m0s  50.00 iters/s

running (0m06.0s), 0000/0100 VUs, 299 complete and 0 interrupted iterations
main   [   5% ] 0000/0100 VUs  0m06.0s/2m0s  50.00 iters/s

running (0m07.0s), 0001/0100 VUs, 349 complete and 0 interrupted iterations
main   [   6% ] 0001/0100 VUs  0m07.0s/2m0s  50.00 iters/s

running (0m08.0s), 0001/0100 VUs, 399 complete and 0 interrupted iterations
main   [   7% ] 0001/0100 VUs  0m08.0s/2m0s  50.00 iters/s

running (0m09.0s), 0000/0100 VUs, 449 complete and 0 interrupted iterations
main   [   7% ] 0000/0100 VUs  0m09.0s/2m0s  50.00 iters/s

running (0m10.0s), 0001/0100 VUs, 499 complete and 0 interrupted iterations
main   [   8% ] 0001/0100 VUs  0m10.0s/2m0s  50.00 iters/s

running (0m11.0s), 0000/0100 VUs, 549 complete and 0 interrupted iterations
main   [   9% ] 0000/0100 VUs  0m11.0s/2m0s  50.00 iters/s

running (0m12.0s), 0000/0100 VUs, 599 complete and 0 interrupted iterations
main   [  10% ] 0000/0100 VUs  0m12.0s/2m0s  50.00 iters/s

running (0m13.0s), 0000/0100 VUs, 649 complete and 0 interrupted iterations
main   [  11% ] 0000/0100 VUs  0m13.0s/2m0s  50.00 iters/s

running (0m14.0s), 0001/0100 VUs, 699 complete and 0 interrupted iterations
main   [  12% ] 0001/0100 VUs  0m14.0s/2m0s  50.00 iters/s

running (0m15.0s), 0001/0100 VUs, 749 complete and 0 interrupted iterations
main   [  12% ] 0001/0100 VUs  0m15.0s/2m0s  50.00 iters/s

running (0m16.0s), 0001/0100 VUs, 799 complete and 0 interrupted iterations
main   [  13% ] 0001/0100 VUs  0m16.0s/2m0s  50.00 iters/s

running (0m17.0s), 0001/0100 VUs, 849 complete and 0 interrupted iterations
main   [  14% ] 0001/0100 VUs  0m17.0s/2m0s  50.00 iters/s

running (0m18.0s), 0000/0100 VUs, 899 complete and 0 interrupted iterations
main   [  15% ] 0000/0100 VUs  0m18.0s/2m0s  50.00 iters/s

running (0m19.0s), 0000/0100 VUs, 949 complete and 0 interrupted iterations
main   [  16% ] 0000/0100 VUs  0m19.0s/2m0s  50.00 iters/s

running (0m20.0s), 0000/0100 VUs, 999 complete and 0 interrupted iterations
main   [  17% ] 0000/0100 VUs  0m20.0s/2m0s  50.00 iters/s

running (0m21.0s), 0001/0100 VUs, 1049 complete and 0 interrupted iterations
main   [  17% ] 0001/0100 VUs  0m21.0s/2m0s  50.00 iters/s

running (0m22.0s), 0001/0100 VUs, 1099 complete and 0 interrupted iterations
main   [  18% ] 0001/0100 VUs  0m22.0s/2m0s  50.00 iters/s

running (0m23.0s), 0001/0100 VUs, 1149 complete and 0 interrupted iterations
main   [  19% ] 0001/0100 VUs  0m23.0s/2m0s  50.00 iters/s

running (0m24.0s), 0001/0100 VUs, 1199 complete and 0 interrupted iterations
main   [  20% ] 0001/0100 VUs  0m24.0s/2m0s  50.00 iters/s

running (0m25.0s), 0000/0100 VUs, 1249 complete and 0 interrupted iterations
main   [  21% ] 0001/0100 VUs  0m25.0s/2m0s  50.00 iters/s

running (0m26.0s), 0000/0100 VUs, 1299 complete and 0 interrupted iterations
main   [  22% ] 0000/0100 VUs  0m26.0s/2m0s  50.00 iters/s

running (0m27.0s), 0000/0100 VUs, 1349 complete and 0 interrupted iterations
main   [  22% ] 0000/0100 VUs  0m27.0s/2m0s  50.00 iters/s

running (0m28.0s), 0001/0100 VUs, 1399 complete and 0 interrupted iterations
main   [  23% ] 0001/0100 VUs  0m28.0s/2m0s  50.00 iters/s

running (0m29.0s), 0000/0100 VUs, 1449 complete and 0 interrupted iterations
main   [  24% ] 0000/0100 VUs  0m29.0s/2m0s  50.00 iters/s

running (0m30.0s), 0001/0100 VUs, 1499 complete and 0 interrupted iterations
main   [  25% ] 0001/0100 VUs  0m30.0s/2m0s  50.00 iters/s

running (0m31.0s), 0001/0100 VUs, 1549 complete and 0 interrupted iterations
main   [  26% ] 0001/0100 VUs  0m31.0s/2m0s  50.00 iters/s

running (0m32.0s), 0001/0100 VUs, 1599 complete and 0 interrupted iterations
main   [  27% ] 0001/0100 VUs  0m32.0s/2m0s  50.00 iters/s

running (0m33.0s), 0001/0100 VUs, 1649 complete and 0 interrupted iterations
main   [  27% ] 0001/0100 VUs  0m33.0s/2m0s  50.00 iters/s

running (0m34.0s), 0001/0100 VUs, 1699 complete and 0 interrupted iterations
main   [  28% ] 0001/0100 VUs  0m34.0s/2m0s  50.00 iters/s

running (0m35.0s), 0001/0100 VUs, 1749 complete and 0 interrupted iterations
main   [  29% ] 0001/0100 VUs  0m35.0s/2m0s  50.00 iters/s

running (0m36.0s), 0001/0100 VUs, 1799 complete and 0 interrupted iterations
main   [  30% ] 0001/0100 VUs  0m36.0s/2m0s  50.00 iters/s

running (0m37.0s), 0000/0100 VUs, 1849 complete and 0 interrupted iterations
main   [  31% ] 0000/0100 VUs  0m37.0s/2m0s  50.00 iters/s

running (0m38.0s), 0001/0100 VUs, 1899 complete and 0 interrupted iterations
main   [  32% ] 0001/0100 VUs  0m38.0s/2m0s  50.00 iters/s

running (0m39.0s), 0000/0100 VUs, 1949 complete and 0 interrupted iterations
main   [  32% ] 0000/0100 VUs  0m39.0s/2m0s  50.00 iters/s

running (0m40.0s), 0001/0100 VUs, 1999 complete and 0 interrupted iterations
main   [  33% ] 0001/0100 VUs  0m40.0s/2m0s  50.00 iters/s

running (0m41.0s), 0001/0100 VUs, 2049 complete and 0 interrupted iterations
main   [  34% ] 0001/0100 VUs  0m41.0s/2m0s  50.00 iters/s

running (0m42.0s), 0000/0100 VUs, 2099 complete and 0 interrupted iterations
main   [  35% ] 0000/0100 VUs  0m42.0s/2m0s  50.00 iters/s

running (0m43.0s), 0001/0100 VUs, 2149 complete and 0 interrupted iterations
main   [  36% ] 0001/0100 VUs  0m43.0s/2m0s  50.00 iters/s

running (0m44.0s), 0001/0100 VUs, 2199 complete and 0 interrupted iterations
main   [  37% ] 0001/0100 VUs  0m44.0s/2m0s  50.00 iters/s

running (0m45.0s), 0001/0100 VUs, 2249 complete and 0 interrupted iterations
main   [  37% ] 0001/0100 VUs  0m45.0s/2m0s  50.00 iters/s

running (0m46.0s), 0001/0100 VUs, 2299 complete and 0 interrupted iterations
main   [  38% ] 0001/0100 VUs  0m46.0s/2m0s  50.00 iters/s

running (0m47.0s), 0000/0100 VUs, 2349 complete and 0 interrupted iterations
main   [  39% ] 0000/0100 VUs  0m47.0s/2m0s  50.00 iters/s

running (0m48.0s), 0001/0100 VUs, 2399 complete and 0 interrupted iterations
main   [  40% ] 0001/0100 VUs  0m48.0s/2m0s  50.00 iters/s

running (0m49.0s), 0000/0100 VUs, 2449 complete and 0 interrupted iterations
main   [  41% ] 0000/0100 VUs  0m49.0s/2m0s  50.00 iters/s

running (0m50.0s), 0000/0100 VUs, 2499 complete and 0 interrupted iterations
main   [  42% ] 0001/0100 VUs  0m50.0s/2m0s  50.00 iters/s

running (0m51.0s), 0001/0100 VUs, 2549 complete and 0 interrupted iterations
main   [  42% ] 0001/0100 VUs  0m51.0s/2m0s  50.00 iters/s

running (0m52.0s), 0001/0100 VUs, 2599 complete and 0 interrupted iterations
main   [  43% ] 0001/0100 VUs  0m52.0s/2m0s  50.00 iters/s

running (0m53.0s), 0001/0100 VUs, 2649 complete and 0 interrupted iterations
main   [  44% ] 0001/0100 VUs  0m53.0s/2m0s  50.00 iters/s

running (0m54.0s), 0001/0100 VUs, 2699 complete and 0 interrupted iterations
main   [  45% ] 0001/0100 VUs  0m54.0s/2m0s  50.00 iters/s

running (0m55.0s), 0001/0100 VUs, 2749 complete and 0 interrupted iterations
main   [  46% ] 0001/0100 VUs  0m55.0s/2m0s  50.00 iters/s

running (0m56.0s), 0001/0100 VUs, 2799 complete and 0 interrupted iterations
main   [  47% ] 0001/0100 VUs  0m56.0s/2m0s  50.00 iters/s

running (0m57.0s), 0001/0100 VUs, 2849 complete and 0 interrupted iterations
main   [  47% ] 0001/0100 VUs  0m57.0s/2m0s  50.00 iters/s

running (0m58.0s), 0000/0100 VUs, 2899 complete and 0 interrupted iterations
main   [  48% ] 0000/0100 VUs  0m58.0s/2m0s  50.00 iters/s

running (0m59.0s), 0001/0100 VUs, 2949 complete and 0 interrupted iterations
main   [  49% ] 0001/0100 VUs  0m59.0s/2m0s  50.00 iters/s

running (1m00.0s), 0001/0100 VUs, 2999 complete and 0 interrupted iterations
main   [  50% ] 0001/0100 VUs  1m00.0s/2m0s  50.00 iters/s

running (1m01.0s), 0001/0100 VUs, 3049 complete and 0 interrupted iterations
main   [  51% ] 0001/0100 VUs  1m01.0s/2m0s  50.00 iters/s

running (1m02.0s), 0001/0100 VUs, 3099 complete and 0 interrupted iterations
main   [  52% ] 0001/0100 VUs  1m02.0s/2m0s  50.00 iters/s

running (1m03.0s), 0000/0100 VUs, 3149 complete and 0 interrupted iterations
main   [  52% ] 0000/0100 VUs  1m03.0s/2m0s  50.00 iters/s

running (1m04.0s), 0001/0100 VUs, 3199 complete and 0 interrupted iterations
main   [  53% ] 0001/0100 VUs  1m04.0s/2m0s  50.00 iters/s

running (1m05.0s), 0001/0100 VUs, 3249 complete and 0 interrupted iterations
main   [  54% ] 0001/0100 VUs  1m05.0s/2m0s  50.00 iters/s

running (1m06.0s), 0001/0100 VUs, 3299 complete and 0 interrupted iterations
main   [  55% ] 0001/0100 VUs  1m06.0s/2m0s  50.00 iters/s

running (1m07.0s), 0000/0100 VUs, 3349 complete and 0 interrupted iterations
main   [  56% ] 0000/0100 VUs  1m07.0s/2m0s  50.00 iters/s

running (1m08.0s), 0001/0100 VUs, 3399 complete and 0 interrupted iterations
main   [  57% ] 0001/0100 VUs  1m08.0s/2m0s  50.00 iters/s

running (1m09.0s), 0000/0100 VUs, 3449 complete and 0 interrupted iterations
main   [  57% ] 0000/0100 VUs  1m09.0s/2m0s  50.00 iters/s

running (1m10.0s), 0001/0100 VUs, 3499 complete and 0 interrupted iterations
main   [  58% ] 0001/0100 VUs  1m10.0s/2m0s  50.00 iters/s

running (1m11.0s), 0000/0100 VUs, 3549 complete and 0 interrupted iterations
main   [  59% ] 0001/0100 VUs  1m11.0s/2m0s  50.00 iters/s

running (1m12.0s), 0001/0100 VUs, 3599 complete and 0 interrupted iterations
main   [  60% ] 0001/0100 VUs  1m12.0s/2m0s  50.00 iters/s

running (1m13.0s), 0001/0100 VUs, 3649 complete and 0 interrupted iterations
main   [  61% ] 0001/0100 VUs  1m13.0s/2m0s  50.00 iters/s

running (1m14.0s), 0001/0100 VUs, 3699 complete and 0 interrupted iterations
main   [  62% ] 0001/0100 VUs  1m14.0s/2m0s  50.00 iters/s

running (1m15.0s), 0000/0100 VUs, 3749 complete and 0 interrupted iterations
main   [  62% ] 0001/0100 VUs  1m15.0s/2m0s  50.00 iters/s

running (1m16.0s), 0000/0100 VUs, 3799 complete and 0 interrupted iterations
main   [  63% ] 0000/0100 VUs  1m16.0s/2m0s  50.00 iters/s

running (1m17.0s), 0001/0100 VUs, 3849 complete and 0 interrupted iterations
main   [  64% ] 0001/0100 VUs  1m17.0s/2m0s  50.00 iters/s

running (1m18.0s), 0001/0100 VUs, 3899 complete and 0 interrupted iterations
main   [  65% ] 0001/0100 VUs  1m18.0s/2m0s  50.00 iters/s

running (1m19.0s), 0001/0100 VUs, 3949 complete and 0 interrupted iterations
main   [  66% ] 0001/0100 VUs  1m19.0s/2m0s  50.00 iters/s

running (1m20.0s), 0000/0100 VUs, 3999 complete and 0 interrupted iterations
main   [  67% ] 0000/0100 VUs  1m20.0s/2m0s  50.00 iters/s

running (1m21.0s), 0001/0100 VUs, 4049 complete and 0 interrupted iterations
main   [  67% ] 0001/0100 VUs  1m21.0s/2m0s  50.00 iters/s

running (1m22.0s), 0000/0100 VUs, 4099 complete and 0 interrupted iterations
main   [  68% ] 0000/0100 VUs  1m22.0s/2m0s  50.00 iters/s

running (1m23.0s), 0000/0100 VUs, 4149 complete and 0 interrupted iterations
main   [  69% ] 0000/0100 VUs  1m23.0s/2m0s  50.00 iters/s

running (1m24.0s), 0000/0100 VUs, 4199 complete and 0 interrupted iterations
main   [  70% ] 0000/0100 VUs  1m24.0s/2m0s  50.00 iters/s

running (1m25.0s), 0000/0100 VUs, 4249 complete and 0 interrupted iterations
main   [  71% ] 0000/0100 VUs  1m25.0s/2m0s  50.00 iters/s

running (1m26.0s), 0001/0100 VUs, 4299 complete and 0 interrupted iterations
main   [  72% ] 0001/0100 VUs  1m26.0s/2m0s  50.00 iters/s

running (1m27.0s), 0001/0100 VUs, 4349 complete and 0 interrupted iterations
main   [  72% ] 0001/0100 VUs  1m27.0s/2m0s  50.00 iters/s

running (1m28.0s), 0001/0100 VUs, 4399 complete and 0 interrupted iterations
main   [  73% ] 0001/0100 VUs  1m28.0s/2m0s  50.00 iters/s

running (1m29.0s), 0001/0100 VUs, 4449 complete and 0 interrupted iterations
main   [  74% ] 0001/0100 VUs  1m29.0s/2m0s  50.00 iters/s

running (1m30.0s), 0000/0100 VUs, 4499 complete and 0 interrupted iterations
main   [  75% ] 0000/0100 VUs  1m30.0s/2m0s  50.00 iters/s

running (1m31.0s), 0001/0100 VUs, 4549 complete and 0 interrupted iterations
main   [  76% ] 0001/0100 VUs  1m31.0s/2m0s  50.00 iters/s

running (1m32.0s), 0000/0100 VUs, 4599 complete and 0 interrupted iterations
main   [  77% ] 0000/0100 VUs  1m32.0s/2m0s  50.00 iters/s

running (1m33.0s), 0001/0100 VUs, 4649 complete and 0 interrupted iterations
main   [  77% ] 0001/0100 VUs  1m33.0s/2m0s  50.00 iters/s

running (1m34.0s), 0000/0100 VUs, 4699 complete and 0 interrupted iterations
main   [  78% ] 0000/0100 VUs  1m34.0s/2m0s  50.00 iters/s

running (1m35.0s), 0000/0100 VUs, 4749 complete and 0 interrupted iterations
main   [  79% ] 0000/0100 VUs  1m35.0s/2m0s  50.00 iters/s

running (1m36.0s), 0000/0100 VUs, 4799 complete and 0 interrupted iterations
main   [  80% ] 0000/0100 VUs  1m36.0s/2m0s  50.00 iters/s

running (1m37.0s), 0000/0100 VUs, 4849 complete and 0 interrupted iterations
main   [  81% ] 0000/0100 VUs  1m37.0s/2m0s  50.00 iters/s

running (1m38.0s), 0000/0100 VUs, 4899 complete and 0 interrupted iterations
main   [  82% ] 0000/0100 VUs  1m38.0s/2m0s  50.00 iters/s

running (1m39.0s), 0000/0100 VUs, 4949 complete and 0 interrupted iterations
main   [  82% ] 0000/0100 VUs  1m39.0s/2m0s  50.00 iters/s

running (1m40.0s), 0001/0100 VUs, 4999 complete and 0 interrupted iterations
main   [  83% ] 0001/0100 VUs  1m40.0s/2m0s  50.00 iters/s

running (1m41.0s), 0000/0100 VUs, 5049 complete and 0 interrupted iterations
main   [  84% ] 0000/0100 VUs  1m41.0s/2m0s  50.00 iters/s

running (1m42.0s), 0001/0100 VUs, 5099 complete and 0 interrupted iterations
main   [  85% ] 0001/0100 VUs  1m42.0s/2m0s  50.00 iters/s

running (1m43.0s), 0001/0100 VUs, 5149 complete and 0 interrupted iterations
main   [  86% ] 0001/0100 VUs  1m43.0s/2m0s  50.00 iters/s

running (1m44.0s), 0001/0100 VUs, 5199 complete and 0 interrupted iterations
main   [  87% ] 0001/0100 VUs  1m44.0s/2m0s  50.00 iters/s

running (1m45.0s), 0001/0100 VUs, 5249 complete and 0 interrupted iterations
main   [  87% ] 0001/0100 VUs  1m45.0s/2m0s  50.00 iters/s

running (1m46.0s), 0001/0100 VUs, 5299 complete and 0 interrupted iterations
main   [  88% ] 0001/0100 VUs  1m46.0s/2m0s  50.00 iters/s

running (1m47.0s), 0000/0100 VUs, 5349 complete and 0 interrupted iterations
main   [  89% ] 0000/0100 VUs  1m47.0s/2m0s  50.00 iters/s

running (1m48.0s), 0000/0100 VUs, 5399 complete and 0 interrupted iterations
main   [  90% ] 0001/0100 VUs  1m48.0s/2m0s  50.00 iters/s

running (1m49.0s), 0001/0100 VUs, 5449 complete and 0 interrupted iterations
main   [  91% ] 0001/0100 VUs  1m49.0s/2m0s  50.00 iters/s

running (1m50.0s), 0001/0100 VUs, 5499 complete and 0 interrupted iterations
main   [  92% ] 0001/0100 VUs  1m50.0s/2m0s  50.00 iters/s

running (1m51.0s), 0000/0100 VUs, 5549 complete and 0 interrupted iterations
main   [  92% ] 0000/0100 VUs  1m51.0s/2m0s  50.00 iters/s

running (1m52.0s), 0001/0100 VUs, 5599 complete and 0 interrupted iterations
main   [  93% ] 0001/0100 VUs  1m52.0s/2m0s  50.00 iters/s

running (1m53.0s), 0001/0100 VUs, 5649 complete and 0 interrupted iterations
main   [  94% ] 0001/0100 VUs  1m53.0s/2m0s  50.00 iters/s

running (1m54.0s), 0001/0100 VUs, 5699 complete and 0 interrupted iterations
main   [  95% ] 0001/0100 VUs  1m54.0s/2m0s  50.00 iters/s

running (1m55.0s), 0001/0100 VUs, 5749 complete and 0 interrupted iterations
main   [  96% ] 0001/0100 VUs  1m55.0s/2m0s  50.00 iters/s

running (1m56.0s), 0001/0100 VUs, 5799 complete and 0 interrupted iterations
main   [  97% ] 0001/0100 VUs  1m56.0s/2m0s  50.00 iters/s

running (1m57.0s), 0000/0100 VUs, 5849 complete and 0 interrupted iterations
main   [  97% ] 0000/0100 VUs  1m57.0s/2m0s  50.00 iters/s

running (1m58.0s), 0000/0100 VUs, 5899 complete and 0 interrupted iterations
main   [  98% ] 0000/0100 VUs  1m58.0s/2m0s  50.00 iters/s

running (1m59.0s), 0001/0100 VUs, 5949 complete and 0 interrupted iterations
main   [  99% ] 0001/0100 VUs  1m59.0s/2m0s  50.00 iters/s

running (2m00.0s), 0001/0100 VUs, 5999 complete and 0 interrupted iterations
main   [ 100% ] 0001/0100 VUs  2m00.0s/2m0s  50.00 iters/s

running (2m00.0s), 0000/0100 VUs, 6001 complete and 0 interrupted iterations
main ✓ [ 100% ] 0000/0100 VUs  2m0s  50.00 iters/s
  Repeat 1 complete. Results in results/a-seq-rtt300-r50-rep1-1781135277.json
=== Cell complete: 1 repeat(s) for a/seq rtt=300us ===

[campaign] (7) cell: a|jdbc-join|300|50|-|-
=== Cell: scenario=a style=jdbc-join rtt=300us rate=50rps duration=2m scale=full repeats=1 ===
[1/4] Setting netem delay 300us...
Setting netem delay 300us on lab-mysql eth0...
time="2026-06-11T08:49:57+09:00" level=warning msg="/Users/rene/rdb-join-lab/docker-compose.yml: the attribute `version` is obsolete, it will be ignored, please remove it to avoid potential confusion"
Current qdisc:
time="2026-06-11T08:49:58+09:00" level=warning msg="/Users/rene/rdb-join-lab/docker-compose.yml: the attribute `version` is obsolete, it will be ignored, please remove it to avoid potential confusion"
qdisc netem 8013: root refcnt 7 limit 1000 delay 300us seed 10685320087120152295
[2/4] Warming InnoDB buffer pool...
=== Step 1: Warm-up queries (priming buffer pool, ~10% of full scale) ===
COUNT(*)
3401538
COUNT(*)
975720
COUNT(*)
8680188
COUNT(*)
10000
Warm-up queries complete.
=== Step 2: Triggering InnoDB buffer pool dump ===
time="2026-06-11T08:49:59+09:00" level=warning msg="/Users/rene/rdb-join-lab/docker-compose.yml: the attribute `version` is obsolete, it will be ignored, please remove it to avoid potential confusion"
mysql: [Warning] Using a password on the command line interface can be insecure.
Polling dump status (timeout 300s)...
  [0s] Dump status: Buffer pool(s) dump completed at 260610 23:49:59
Buffer pool dump completed.
=== Step 3: Triggering InnoDB buffer pool load ===
time="2026-06-11T08:49:59+09:00" level=warning msg="/Users/rene/rdb-join-lab/docker-compose.yml: the attribute `version` is obsolete, it will be ignored, please remove it to avoid potential confusion"
mysql: [Warning] Using a password on the command line interface can be insecure.
Polling load status (timeout 300s)...
  [0s] Load status: Loaded 169985/188400 pages
  [5s] Load status: Buffer pool(s) load completed at 260610 23:49:59
Buffer pool load completed.
=== Step 3b: Capturing post-load snapshot for warm-state gate ===
COUNT(*)
1210063
COUNT(*)
8680188
COUNT(*)
10000
Re-verification queries complete.
=== Step 4: Warm-state gate (physical reads < 0.01, post-load window) ===
  Post-load reverify window: physical reads delta: 0 / 22857 = 0.0
  (Pre-warmup baseline: 9180 / 873001500, for reference)
  Warm-state gate PASSED.
=== Step 5: ANALYZE TABLE ===
Table	Op	Msg_type	Msg_text
lab.coupon_policy	analyze	status	OK
lab.member	analyze	status	OK
lab.coupon_issue	analyze	status	OK
ANALYZE TABLE complete.
=== Step 5b: Capturing InnoDB engine status (AHI verification) ===
  InnoDB status captured: results/innodb-status-1781135406.txt
  AHI indicator: INSERT BUFFER AND ADAPTIVE HASH INDEX
0.00 hash searches/s, 23.60 non-hash searches/s
=== Step 5c: EXPLAIN Scenario B ORDER BY id ASC (filesort check) ===
  WARNING: EXPLAIN shows 'Using filesort' for Scenario B ORDER BY id ASC query.
  Expected idx_issue_member_id to cover ORDER BY — check index creation in schema.sql.
  EXPLAIN output:
1	SIMPLE	coupon_issue	NULL	ref	idx_issue_member_status,idx_issue_member_id	idx_issue_member_status	8	const	1209	100.00	Using filesort
[3/4] Dual calibration (nominal=300us)...
  [held conn] calibrate n=10000...
{
    "n": 10000,
    "min": 345,
    "p50": 527,
    "p95": 648,
    "p99": 782,
    "max": 26468
}
  [per checkout] calibrate/loaded n=10000...
{
    "n": 10000,
    "min": 354,
    "p50": 559,
    "p95": 642,
    "p99": 734,
    "max": 2708
}
Running dual calibration probe (n=10000 held + n=10000 loaded)...
=== held (pure wire RTT) ===
{
    "n": 10000,
    "min": 355,
    "p50": 556,
    "p95": 642,
    "p99": 719,
    "max": 6025
}
=== loaded (wire RTT + pool checkout) ===
{
    "n": 10000,
    "min": 355,
    "p50": 560,
    "p95": 675,
    "p99": 744,
    "max": 4273
}

Appended dual record to results/calibration.jsonl: {"held": {"n": 10000, "min": 355, "p50": 556, "p95": 642, "p99": 719, "max": 6025}, "loaded": {"n": 10000, "min": 355, "p50": 560, "p95": 675, "p99": 744, "max": 4273}, "timestamp": "2026-06-10T23:50:29Z", "nominal_delay_us": 300}
[4/1] Running k6 repeat 1/1 (output -> results/a-jdbc-join-rtt300-r50-rep1-1781135429.json)...
time="2026-06-11T08:50:29+09:00" level=warning msg="/Users/rene/rdb-join-lab/docker-compose.yml: the attribute `version` is obsolete, it will be ignored, please remove it to avoid potential confusion"

         /\      Grafana   /‾‾/  
    /\  /  \     |\  __   /  /   
   /  \/    \    | |/ /  /   ‾‾\ 
  /          \   |   (  |  (‾)  |
 / __________ \  |_|\_\  \_____/ 


     execution: local
        script: /scripts/scenario.js
        output: -

     scenarios: (100.00%) 1 scenario, 1000 max VUs, 2m30s max duration (incl. graceful stop):
              * main: 50.00 iterations/s for 2m0s (maxVUs: 100-1000, gracefulStop: 30s)


running (0m01.0s), 0000/0100 VUs, 50 complete and 0 interrupted iterations
main   [   1% ] 0000/0100 VUs  0m01.0s/2m0s  50.00 iters/s

running (0m02.0s), 0000/0100 VUs, 100 complete and 0 interrupted iterations
main   [   2% ] 0000/0100 VUs  0m02.0s/2m0s  50.00 iters/s

running (0m03.0s), 0001/0100 VUs, 149 complete and 0 interrupted iterations
main   [   2% ] 0001/0100 VUs  0m03.0s/2m0s  50.00 iters/s

running (0m04.0s), 0000/0100 VUs, 200 complete and 0 interrupted iterations
main   [   3% ] 0000/0100 VUs  0m04.0s/2m0s  50.00 iters/s

running (0m05.0s), 0000/0100 VUs, 250 complete and 0 interrupted iterations
main   [   4% ] 0000/0100 VUs  0m05.0s/2m0s  50.00 iters/s

running (0m06.0s), 0001/0100 VUs, 299 complete and 0 interrupted iterations
main   [   5% ] 0001/0100 VUs  0m06.0s/2m0s  50.00 iters/s

running (0m07.0s), 0000/0100 VUs, 350 complete and 0 interrupted iterations
main   [   6% ] 0000/0100 VUs  0m07.0s/2m0s  50.00 iters/s

running (0m08.0s), 0001/0100 VUs, 399 complete and 0 interrupted iterations
main   [   7% ] 0001/0100 VUs  0m08.0s/2m0s  50.00 iters/s

running (0m09.0s), 0000/0100 VUs, 450 complete and 0 interrupted iterations
main   [   7% ] 0000/0100 VUs  0m09.0s/2m0s  50.00 iters/s

running (0m10.0s), 0001/0100 VUs, 499 complete and 0 interrupted iterations
main   [   8% ] 0001/0100 VUs  0m10.0s/2m0s  50.00 iters/s

running (0m11.0s), 0001/0100 VUs, 549 complete and 0 interrupted iterations
main   [   9% ] 0001/0100 VUs  0m11.0s/2m0s  50.00 iters/s

running (0m12.0s), 0001/0100 VUs, 599 complete and 0 interrupted iterations
main   [  10% ] 0001/0100 VUs  0m12.0s/2m0s  50.00 iters/s

running (0m13.0s), 0000/0100 VUs, 650 complete and 0 interrupted iterations
main   [  11% ] 0000/0100 VUs  0m13.0s/2m0s  50.00 iters/s

running (0m14.0s), 0000/0100 VUs, 700 complete and 0 interrupted iterations
main   [  12% ] 0000/0100 VUs  0m14.0s/2m0s  50.00 iters/s

running (0m15.0s), 0001/0100 VUs, 749 complete and 0 interrupted iterations
main   [  12% ] 0001/0100 VUs  0m15.0s/2m0s  50.00 iters/s

running (0m16.0s), 0000/0100 VUs, 800 complete and 0 interrupted iterations
main   [  13% ] 0000/0100 VUs  0m16.0s/2m0s  50.00 iters/s

running (0m17.0s), 0001/0100 VUs, 849 complete and 0 interrupted iterations
main   [  14% ] 0001/0100 VUs  0m17.0s/2m0s  50.00 iters/s

running (0m18.0s), 0000/0100 VUs, 899 complete and 0 interrupted iterations
main   [  15% ] 0000/0100 VUs  0m18.0s/2m0s  50.00 iters/s

running (0m19.0s), 0000/0100 VUs, 950 complete and 0 interrupted iterations
main   [  16% ] 0000/0100 VUs  0m19.0s/2m0s  50.00 iters/s

running (0m20.0s), 0000/0100 VUs, 1000 complete and 0 interrupted iterations
main   [  17% ] 0000/0100 VUs  0m20.0s/2m0s  50.00 iters/s

running (0m21.0s), 0000/0100 VUs, 1050 complete and 0 interrupted iterations
main   [  17% ] 0000/0100 VUs  0m21.0s/2m0s  50.00 iters/s

running (0m22.0s), 0000/0100 VUs, 1100 complete and 0 interrupted iterations
main   [  18% ] 0000/0100 VUs  0m22.0s/2m0s  50.00 iters/s

running (0m23.0s), 0000/0100 VUs, 1150 complete and 0 interrupted iterations
main   [  19% ] 0000/0100 VUs  0m23.0s/2m0s  50.00 iters/s

running (0m24.0s), 0000/0100 VUs, 1200 complete and 0 interrupted iterations
main   [  20% ] 0000/0100 VUs  0m24.0s/2m0s  50.00 iters/s

running (0m25.0s), 0000/0100 VUs, 1250 complete and 0 interrupted iterations
main   [  21% ] 0000/0100 VUs  0m25.0s/2m0s  50.00 iters/s

running (0m26.0s), 0001/0100 VUs, 1299 complete and 0 interrupted iterations
main   [  22% ] 0001/0100 VUs  0m26.0s/2m0s  50.00 iters/s

running (0m27.0s), 0000/0100 VUs, 1349 complete and 0 interrupted iterations
main   [  22% ] 0001/0100 VUs  0m27.0s/2m0s  50.00 iters/s

running (0m28.0s), 0000/0100 VUs, 1400 complete and 0 interrupted iterations
main   [  23% ] 0000/0100 VUs  0m28.0s/2m0s  50.00 iters/s

running (0m29.0s), 0000/0100 VUs, 1450 complete and 0 interrupted iterations
main   [  24% ] 0000/0100 VUs  0m29.0s/2m0s  50.00 iters/s

running (0m30.0s), 0000/0100 VUs, 1500 complete and 0 interrupted iterations
main   [  25% ] 0000/0100 VUs  0m30.0s/2m0s  50.00 iters/s

running (0m31.0s), 0000/0100 VUs, 1550 complete and 0 interrupted iterations
main   [  26% ] 0000/0100 VUs  0m31.0s/2m0s  50.00 iters/s

running (0m32.0s), 0000/0100 VUs, 1600 complete and 0 interrupted iterations
main   [  27% ] 0000/0100 VUs  0m32.0s/2m0s  50.00 iters/s

running (0m33.0s), 0000/0100 VUs, 1650 complete and 0 interrupted iterations
main   [  27% ] 0000/0100 VUs  0m33.0s/2m0s  50.00 iters/s

running (0m34.0s), 0000/0100 VUs, 1700 complete and 0 interrupted iterations
main   [  28% ] 0000/0100 VUs  0m34.0s/2m0s  50.00 iters/s

running (0m35.0s), 0000/0100 VUs, 1750 complete and 0 interrupted iterations
main   [  29% ] 0000/0100 VUs  0m35.0s/2m0s  50.00 iters/s

running (0m36.0s), 0001/0100 VUs, 1799 complete and 0 interrupted iterations
main   [  30% ] 0001/0100 VUs  0m36.0s/2m0s  50.00 iters/s

running (0m37.0s), 0000/0100 VUs, 1850 complete and 0 interrupted iterations
main   [  31% ] 0000/0100 VUs  0m37.0s/2m0s  50.00 iters/s

running (0m38.0s), 0001/0100 VUs, 1899 complete and 0 interrupted iterations
main   [  32% ] 0001/0100 VUs  0m38.0s/2m0s  50.00 iters/s

running (0m39.0s), 0001/0100 VUs, 1949 complete and 0 interrupted iterations
main   [  32% ] 0001/0100 VUs  0m39.0s/2m0s  50.00 iters/s

running (0m40.0s), 0001/0100 VUs, 1999 complete and 0 interrupted iterations
main   [  33% ] 0001/0100 VUs  0m40.0s/2m0s  50.00 iters/s

running (0m41.0s), 0001/0100 VUs, 2049 complete and 0 interrupted iterations
main   [  34% ] 0001/0100 VUs  0m41.0s/2m0s  50.00 iters/s

running (0m42.0s), 0001/0100 VUs, 2099 complete and 0 interrupted iterations
main   [  35% ] 0001/0100 VUs  0m42.0s/2m0s  50.00 iters/s

running (0m43.0s), 0001/0100 VUs, 2149 complete and 0 interrupted iterations
main   [  36% ] 0001/0100 VUs  0m43.0s/2m0s  50.00 iters/s

running (0m44.0s), 0001/0100 VUs, 2199 complete and 0 interrupted iterations
main   [  37% ] 0001/0100 VUs  0m44.0s/2m0s  50.00 iters/s

running (0m45.0s), 0000/0100 VUs, 2250 complete and 0 interrupted iterations
main   [  37% ] 0000/0100 VUs  0m45.0s/2m0s  50.00 iters/s

running (0m46.0s), 0001/0100 VUs, 2299 complete and 0 interrupted iterations
main   [  38% ] 0001/0100 VUs  0m46.0s/2m0s  50.00 iters/s

running (0m47.0s), 0001/0100 VUs, 2349 complete and 0 interrupted iterations
main   [  39% ] 0001/0100 VUs  0m47.0s/2m0s  50.00 iters/s

running (0m48.0s), 0001/0100 VUs, 2399 complete and 0 interrupted iterations
main   [  40% ] 0001/0100 VUs  0m48.0s/2m0s  50.00 iters/s

running (0m49.0s), 0000/0100 VUs, 2450 complete and 0 interrupted iterations
main   [  41% ] 0000/0100 VUs  0m49.0s/2m0s  50.00 iters/s

running (0m50.0s), 0001/0100 VUs, 2499 complete and 0 interrupted iterations
main   [  42% ] 0001/0100 VUs  0m50.0s/2m0s  50.00 iters/s

running (0m51.0s), 0000/0100 VUs, 2550 complete and 0 interrupted iterations
main   [  42% ] 0000/0100 VUs  0m51.0s/2m0s  50.00 iters/s

running (0m52.0s), 0000/0100 VUs, 2600 complete and 0 interrupted iterations
main   [  43% ] 0000/0100 VUs  0m52.0s/2m0s  50.00 iters/s

running (0m53.0s), 0001/0100 VUs, 2649 complete and 0 interrupted iterations
main   [  44% ] 0001/0100 VUs  0m53.0s/2m0s  50.00 iters/s

running (0m54.0s), 0001/0100 VUs, 2699 complete and 0 interrupted iterations
main   [  45% ] 0001/0100 VUs  0m54.0s/2m0s  50.00 iters/s

running (0m55.0s), 0001/0100 VUs, 2749 complete and 0 interrupted iterations
main   [  46% ] 0001/0100 VUs  0m55.0s/2m0s  50.00 iters/s

running (0m56.0s), 0001/0100 VUs, 2799 complete and 0 interrupted iterations
main   [  47% ] 0001/0100 VUs  0m56.0s/2m0s  50.00 iters/s

running (0m57.0s), 0001/0100 VUs, 2849 complete and 0 interrupted iterations
main   [  47% ] 0001/0100 VUs  0m57.0s/2m0s  50.00 iters/s

running (0m58.0s), 0000/0100 VUs, 2900 complete and 0 interrupted iterations
main   [  48% ] 0000/0100 VUs  0m58.0s/2m0s  50.00 iters/s

running (0m59.0s), 0000/0100 VUs, 2950 complete and 0 interrupted iterations
main   [  49% ] 0000/0100 VUs  0m59.0s/2m0s  50.00 iters/s

running (1m00.0s), 0000/0100 VUs, 3000 complete and 0 interrupted iterations
main   [  50% ] 0000/0100 VUs  1m00.0s/2m0s  50.00 iters/s

running (1m01.0s), 0000/0100 VUs, 3050 complete and 0 interrupted iterations
main   [  51% ] 0000/0100 VUs  1m01.0s/2m0s  50.00 iters/s

running (1m02.0s), 0000/0100 VUs, 3100 complete and 0 interrupted iterations
main   [  52% ] 0000/0100 VUs  1m02.0s/2m0s  50.00 iters/s

running (1m03.0s), 0001/0100 VUs, 3149 complete and 0 interrupted iterations
main   [  52% ] 0001/0100 VUs  1m03.0s/2m0s  50.00 iters/s

running (1m04.0s), 0000/0100 VUs, 3200 complete and 0 interrupted iterations
main   [  53% ] 0000/0100 VUs  1m04.0s/2m0s  50.00 iters/s

running (1m05.0s), 0001/0100 VUs, 3249 complete and 0 interrupted iterations
main   [  54% ] 0001/0100 VUs  1m05.0s/2m0s  50.00 iters/s

running (1m06.0s), 0001/0100 VUs, 3299 complete and 0 interrupted iterations
main   [  55% ] 0001/0100 VUs  1m06.0s/2m0s  50.00 iters/s

running (1m07.0s), 0001/0100 VUs, 3349 complete and 0 interrupted iterations
main   [  56% ] 0001/0100 VUs  1m07.0s/2m0s  50.00 iters/s

running (1m08.0s), 0000/0100 VUs, 3400 complete and 0 interrupted iterations
main   [  57% ] 0000/0100 VUs  1m08.0s/2m0s  50.00 iters/s

running (1m09.0s), 0001/0100 VUs, 3449 complete and 0 interrupted iterations
main   [  57% ] 0001/0100 VUs  1m09.0s/2m0s  50.00 iters/s

running (1m10.0s), 0001/0100 VUs, 3499 complete and 0 interrupted iterations
main   [  58% ] 0001/0100 VUs  1m10.0s/2m0s  50.00 iters/s

running (1m11.0s), 0000/0100 VUs, 3550 complete and 0 interrupted iterations
main   [  59% ] 0000/0100 VUs  1m11.0s/2m0s  50.00 iters/s

running (1m12.0s), 0000/0100 VUs, 3600 complete and 0 interrupted iterations
main   [  60% ] 0000/0100 VUs  1m12.0s/2m0s  50.00 iters/s

running (1m13.0s), 0000/0100 VUs, 3650 complete and 0 interrupted iterations
main   [  61% ] 0000/0100 VUs  1m13.0s/2m0s  50.00 iters/s

running (1m14.0s), 0000/0100 VUs, 3700 complete and 0 interrupted iterations
main   [  62% ] 0000/0100 VUs  1m14.0s/2m0s  50.00 iters/s

running (1m15.0s), 0001/0100 VUs, 3749 complete and 0 interrupted iterations
main   [  62% ] 0001/0100 VUs  1m15.0s/2m0s  50.00 iters/s

running (1m16.0s), 0000/0100 VUs, 3800 complete and 0 interrupted iterations
main   [  63% ] 0000/0100 VUs  1m16.0s/2m0s  50.00 iters/s

running (1m17.0s), 0000/0100 VUs, 3850 complete and 0 interrupted iterations
main   [  64% ] 0000/0100 VUs  1m17.0s/2m0s  50.00 iters/s

running (1m18.0s), 0000/0100 VUs, 3900 complete and 0 interrupted iterations
main   [  65% ] 0000/0100 VUs  1m18.0s/2m0s  50.00 iters/s

running (1m19.0s), 0001/0100 VUs, 3949 complete and 0 interrupted iterations
main   [  66% ] 0001/0100 VUs  1m19.0s/2m0s  50.00 iters/s

running (1m20.0s), 0001/0100 VUs, 3999 complete and 0 interrupted iterations
main   [  67% ] 0001/0100 VUs  1m20.0s/2m0s  50.00 iters/s

running (1m21.0s), 0000/0100 VUs, 4050 complete and 0 interrupted iterations
main   [  67% ] 0000/0100 VUs  1m21.0s/2m0s  50.00 iters/s

running (1m22.0s), 0001/0100 VUs, 4099 complete and 0 interrupted iterations
main   [  68% ] 0001/0100 VUs  1m22.0s/2m0s  50.00 iters/s

running (1m23.0s), 0001/0100 VUs, 4149 complete and 0 interrupted iterations
main   [  69% ] 0001/0100 VUs  1m23.0s/2m0s  50.00 iters/s

running (1m24.0s), 0000/0100 VUs, 4200 complete and 0 interrupted iterations
main   [  70% ] 0000/0100 VUs  1m24.0s/2m0s  50.00 iters/s

running (1m25.0s), 0001/0100 VUs, 4249 complete and 0 interrupted iterations
main   [  71% ] 0001/0100 VUs  1m25.0s/2m0s  50.00 iters/s

running (1m26.0s), 0001/0100 VUs, 4299 complete and 0 interrupted iterations
main   [  72% ] 0001/0100 VUs  1m26.0s/2m0s  50.00 iters/s

running (1m27.0s), 0000/0100 VUs, 4350 complete and 0 interrupted iterations
main   [  72% ] 0000/0100 VUs  1m27.0s/2m0s  50.00 iters/s

running (1m28.0s), 0000/0100 VUs, 4400 complete and 0 interrupted iterations
main   [  73% ] 0000/0100 VUs  1m28.0s/2m0s  50.00 iters/s

running (1m29.0s), 0001/0100 VUs, 4449 complete and 0 interrupted iterations
main   [  74% ] 0001/0100 VUs  1m29.0s/2m0s  50.00 iters/s

running (1m30.0s), 0001/0100 VUs, 4499 complete and 0 interrupted iterations
main   [  75% ] 0001/0100 VUs  1m30.0s/2m0s  50.00 iters/s

running (1m31.0s), 0000/0100 VUs, 4550 complete and 0 interrupted iterations
main   [  76% ] 0000/0100 VUs  1m31.0s/2m0s  50.00 iters/s

running (1m32.0s), 0001/0100 VUs, 4599 complete and 0 interrupted iterations
main   [  77% ] 0001/0100 VUs  1m32.0s/2m0s  50.00 iters/s

running (1m33.0s), 0001/0100 VUs, 4649 complete and 0 interrupted iterations
main   [  77% ] 0001/0100 VUs  1m33.0s/2m0s  50.00 iters/s

running (1m34.0s), 0000/0100 VUs, 4700 complete and 0 interrupted iterations
main   [  78% ] 0000/0100 VUs  1m34.0s/2m0s  50.00 iters/s

running (1m35.0s), 0000/0100 VUs, 4750 complete and 0 interrupted iterations
main   [  79% ] 0000/0100 VUs  1m35.0s/2m0s  50.00 iters/s

running (1m36.0s), 0000/0100 VUs, 4800 complete and 0 interrupted iterations
main   [  80% ] 0000/0100 VUs  1m36.0s/2m0s  50.00 iters/s

running (1m37.0s), 0001/0100 VUs, 4849 complete and 0 interrupted iterations
main   [  81% ] 0001/0100 VUs  1m37.0s/2m0s  50.00 iters/s

running (1m38.0s), 0001/0100 VUs, 4899 complete and 0 interrupted iterations
main   [  82% ] 0001/0100 VUs  1m38.0s/2m0s  50.00 iters/s

running (1m39.0s), 0000/0100 VUs, 4950 complete and 0 interrupted iterations
main   [  82% ] 0000/0100 VUs  1m39.0s/2m0s  50.00 iters/s

running (1m40.0s), 0001/0100 VUs, 4999 complete and 0 interrupted iterations
main   [  83% ] 0001/0100 VUs  1m40.0s/2m0s  50.00 iters/s

running (1m41.0s), 0000/0100 VUs, 5050 complete and 0 interrupted iterations
main   [  84% ] 0000/0100 VUs  1m41.0s/2m0s  50.00 iters/s

running (1m42.0s), 0000/0100 VUs, 5100 complete and 0 interrupted iterations
main   [  85% ] 0000/0100 VUs  1m42.0s/2m0s  50.00 iters/s

running (1m43.0s), 0000/0100 VUs, 5150 complete and 0 interrupted iterations
main   [  86% ] 0000/0100 VUs  1m43.0s/2m0s  50.00 iters/s

running (1m44.0s), 0001/0100 VUs, 5199 complete and 0 interrupted iterations
main   [  87% ] 0001/0100 VUs  1m44.0s/2m0s  50.00 iters/s

running (1m45.0s), 0000/0100 VUs, 5250 complete and 0 interrupted iterations
main   [  87% ] 0000/0100 VUs  1m45.0s/2m0s  50.00 iters/s

running (1m46.0s), 0001/0100 VUs, 5299 complete and 0 interrupted iterations
main   [  88% ] 0001/0100 VUs  1m46.0s/2m0s  50.00 iters/s

running (1m47.0s), 0000/0100 VUs, 5350 complete and 0 interrupted iterations
main   [  89% ] 0000/0100 VUs  1m47.0s/2m0s  50.00 iters/s

running (1m48.0s), 0000/0100 VUs, 5400 complete and 0 interrupted iterations
main   [  90% ] 0000/0100 VUs  1m48.0s/2m0s  50.00 iters/s

running (1m49.0s), 0001/0100 VUs, 5449 complete and 0 interrupted iterations
main   [  91% ] 0001/0100 VUs  1m49.0s/2m0s  50.00 iters/s

running (1m50.0s), 0001/0100 VUs, 5499 complete and 0 interrupted iterations
main   [  92% ] 0001/0100 VUs  1m50.0s/2m0s  50.00 iters/s

running (1m51.0s), 0000/0100 VUs, 5550 complete and 0 interrupted iterations
main   [  92% ] 0000/0100 VUs  1m51.0s/2m0s  50.00 iters/s

running (1m52.0s), 0000/0100 VUs, 5600 complete and 0 interrupted iterations
main   [  93% ] 0000/0100 VUs  1m52.0s/2m0s  50.00 iters/s

running (1m53.0s), 0000/0100 VUs, 5650 complete and 0 interrupted iterations
main   [  94% ] 0000/0100 VUs  1m53.0s/2m0s  50.00 iters/s

running (1m54.0s), 0001/0100 VUs, 5699 complete and 0 interrupted iterations
main   [  95% ] 0001/0100 VUs  1m54.0s/2m0s  50.00 iters/s

running (1m55.0s), 0001/0100 VUs, 5749 complete and 0 interrupted iterations
main   [  96% ] 0001/0100 VUs  1m55.0s/2m0s  50.00 iters/s

running (1m56.0s), 0000/0100 VUs, 5800 complete and 0 interrupted iterations
main   [  97% ] 0000/0100 VUs  1m56.0s/2m0s  50.00 iters/s

running (1m57.0s), 0000/0100 VUs, 5850 complete and 0 interrupted iterations
main   [  97% ] 0000/0100 VUs  1m57.0s/2m0s  50.00 iters/s

running (1m58.0s), 0001/0100 VUs, 5899 complete and 0 interrupted iterations
main   [  98% ] 0001/0100 VUs  1m58.0s/2m0s  50.00 iters/s

running (1m59.0s), 0000/0100 VUs, 5950 complete and 0 interrupted iterations
main   [  99% ] 0000/0100 VUs  1m59.0s/2m0s  50.00 iters/s

running (2m00.0s), 0000/0100 VUs, 6000 complete and 0 interrupted iterations
main   [ 100% ] 0000/0100 VUs  2m00.0s/2m0s  50.00 iters/s

running (2m00.0s), 0000/0100 VUs, 6001 complete and 0 interrupted iterations
main ✓ [ 100% ] 0000/0100 VUs  2m0s  50.00 iters/s
  Repeat 1 complete. Results in results/a-jdbc-join-rtt300-r50-rep1-1781135429.json
=== Cell complete: 1 repeat(s) for a/jdbc-join rtt=300us ===

[campaign] (8) cell: a|jdbc-seq|300|50|-|-
=== Cell: scenario=a style=jdbc-seq rtt=300us rate=50rps duration=2m scale=full repeats=1 ===
[1/4] Setting netem delay 300us...
Setting netem delay 300us on lab-mysql eth0...
time="2026-06-11T08:52:29+09:00" level=warning msg="/Users/rene/rdb-join-lab/docker-compose.yml: the attribute `version` is obsolete, it will be ignored, please remove it to avoid potential confusion"
Current qdisc:
time="2026-06-11T08:52:30+09:00" level=warning msg="/Users/rene/rdb-join-lab/docker-compose.yml: the attribute `version` is obsolete, it will be ignored, please remove it to avoid potential confusion"
qdisc netem 8013: root refcnt 7 limit 1000 delay 300us seed 6477488448861228347
[2/4] Warming InnoDB buffer pool...
=== Step 1: Warm-up queries (priming buffer pool, ~10% of full scale) ===
COUNT(*)
3401538
COUNT(*)
975720
COUNT(*)
8680188
COUNT(*)
10000
Warm-up queries complete.
=== Step 2: Triggering InnoDB buffer pool dump ===
time="2026-06-11T08:52:31+09:00" level=warning msg="/Users/rene/rdb-join-lab/docker-compose.yml: the attribute `version` is obsolete, it will be ignored, please remove it to avoid potential confusion"
mysql: [Warning] Using a password on the command line interface can be insecure.
Polling dump status (timeout 300s)...
  [0s] Dump status: Buffer pool(s) dump completed at 260610 23:52:31
Buffer pool dump completed.
=== Step 3: Triggering InnoDB buffer pool load ===
time="2026-06-11T08:52:31+09:00" level=warning msg="/Users/rene/rdb-join-lab/docker-compose.yml: the attribute `version` is obsolete, it will be ignored, please remove it to avoid potential confusion"
mysql: [Warning] Using a password on the command line interface can be insecure.
Polling load status (timeout 300s)...
  [0s] Load status: Loaded 137217/188448 pages
  [5s] Load status: Buffer pool(s) load completed at 260610 23:52:31
Buffer pool load completed.
=== Step 3b: Capturing post-load snapshot for warm-state gate ===
COUNT(*)
1210063
COUNT(*)
8680188
COUNT(*)
10000
Re-verification queries complete.
=== Step 4: Warm-state gate (physical reads < 0.01, post-load window) ===
  Post-load reverify window: physical reads delta: 0 / 22857 = 0.0
  (Pre-warmup baseline: 9285 / 873109438, for reference)
  Warm-state gate PASSED.
=== Step 5: ANALYZE TABLE ===
Table	Op	Msg_type	Msg_text
lab.coupon_policy	analyze	status	OK
lab.member	analyze	status	OK
lab.coupon_issue	analyze	status	OK
ANALYZE TABLE complete.
=== Step 5b: Capturing InnoDB engine status (AHI verification) ===
  InnoDB status captured: results/innodb-status-1781135558.txt
  AHI indicator: INSERT BUFFER AND ADAPTIVE HASH INDEX
0.00 hash searches/s, 16.85 non-hash searches/s
=== Step 5c: EXPLAIN Scenario B ORDER BY id ASC (filesort check) ===
  WARNING: EXPLAIN shows 'Using filesort' for Scenario B ORDER BY id ASC query.
  Expected idx_issue_member_id to cover ORDER BY — check index creation in schema.sql.
  EXPLAIN output:
1	SIMPLE	coupon_issue	NULL	ref	idx_issue_member_status,idx_issue_member_id	idx_issue_member_status	8	const	1209	100.00	Using filesort
[3/4] Dual calibration (nominal=300us)...
  [held conn] calibrate n=10000...
{
    "n": 10000,
    "min": 346,
    "p50": 561,
    "p95": 696,
    "p99": 774,
    "max": 3201
}
  [per checkout] calibrate/loaded n=10000...
{
    "n": 10000,
    "min": 347,
    "p50": 564,
    "p95": 698,
    "p99": 743,
    "max": 13617
}
Running dual calibration probe (n=10000 held + n=10000 loaded)...
=== held (pure wire RTT) ===
{
    "n": 10000,
    "min": 341,
    "p50": 556,
    "p95": 631,
    "p99": 716,
    "max": 16593
}
=== loaded (wire RTT + pool checkout) ===
{
    "n": 10000,
    "min": 344,
    "p50": 561,
    "p95": 704,
    "p99": 758,
    "max": 4671
}

Appended dual record to results/calibration.jsonl: {"held": {"n": 10000, "min": 341, "p50": 556, "p95": 631, "p99": 716, "max": 16593}, "loaded": {"n": 10000, "min": 344, "p50": 561, "p95": 704, "p99": 758, "max": 4671}, "timestamp": "2026-06-10T23:53:01Z", "nominal_delay_us": 300}
[4/1] Running k6 repeat 1/1 (output -> results/a-jdbc-seq-rtt300-r50-rep1-1781135581.json)...
time="2026-06-11T08:53:01+09:00" level=warning msg="/Users/rene/rdb-join-lab/docker-compose.yml: the attribute `version` is obsolete, it will be ignored, please remove it to avoid potential confusion"

         /\      Grafana   /‾‾/  
    /\  /  \     |\  __   /  /   
   /  \/    \    | |/ /  /   ‾‾\ 
  /          \   |   (  |  (‾)  |
 / __________ \  |_|\_\  \_____/ 


     execution: local
        script: /scripts/scenario.js
        output: -

     scenarios: (100.00%) 1 scenario, 1000 max VUs, 2m30s max duration (incl. graceful stop):
              * main: 50.00 iterations/s for 2m0s (maxVUs: 100-1000, gracefulStop: 30s)


running (0m01.0s), 0001/0100 VUs, 49 complete and 0 interrupted iterations
main   [   1% ] 0001/0100 VUs  0m01.0s/2m0s  50.00 iters/s

running (0m02.0s), 0001/0100 VUs, 99 complete and 0 interrupted iterations
main   [   2% ] 0001/0100 VUs  0m02.0s/2m0s  50.00 iters/s

running (0m03.0s), 0001/0100 VUs, 149 complete and 0 interrupted iterations
main   [   2% ] 0001/0100 VUs  0m03.0s/2m0s  50.00 iters/s

running (0m04.0s), 0001/0100 VUs, 199 complete and 0 interrupted iterations
main   [   3% ] 0001/0100 VUs  0m04.0s/2m0s  50.00 iters/s

running (0m05.0s), 0001/0100 VUs, 249 complete and 0 interrupted iterations
main   [   4% ] 0001/0100 VUs  0m05.0s/2m0s  50.00 iters/s

running (0m06.0s), 0000/0100 VUs, 299 complete and 0 interrupted iterations
main   [   5% ] 0000/0100 VUs  0m06.0s/2m0s  50.00 iters/s

running (0m07.0s), 0001/0100 VUs, 349 complete and 0 interrupted iterations
main   [   6% ] 0001/0100 VUs  0m07.0s/2m0s  50.00 iters/s

running (0m08.0s), 0000/0100 VUs, 399 complete and 0 interrupted iterations
main   [   7% ] 0000/0100 VUs  0m08.0s/2m0s  50.00 iters/s

running (0m09.0s), 0000/0100 VUs, 449 complete and 0 interrupted iterations
main   [   7% ] 0000/0100 VUs  0m09.0s/2m0s  50.00 iters/s

running (0m10.0s), 0001/0100 VUs, 499 complete and 0 interrupted iterations
main   [   8% ] 0001/0100 VUs  0m10.0s/2m0s  50.00 iters/s

running (0m11.0s), 0000/0100 VUs, 549 complete and 0 interrupted iterations
main   [   9% ] 0000/0100 VUs  0m11.0s/2m0s  50.00 iters/s

running (0m12.0s), 0001/0100 VUs, 599 complete and 0 interrupted iterations
main   [  10% ] 0001/0100 VUs  0m12.0s/2m0s  50.00 iters/s

running (0m13.0s), 0001/0100 VUs, 649 complete and 0 interrupted iterations
main   [  11% ] 0001/0100 VUs  0m13.0s/2m0s  50.00 iters/s

running (0m14.0s), 0001/0100 VUs, 699 complete and 0 interrupted iterations
main   [  12% ] 0001/0100 VUs  0m14.0s/2m0s  50.00 iters/s

running (0m15.0s), 0001/0100 VUs, 749 complete and 0 interrupted iterations
main   [  12% ] 0001/0100 VUs  0m15.0s/2m0s  50.00 iters/s

running (0m16.0s), 0000/0100 VUs, 799 complete and 0 interrupted iterations
main   [  13% ] 0000/0100 VUs  0m16.0s/2m0s  50.00 iters/s

running (0m17.0s), 0001/0100 VUs, 849 complete and 0 interrupted iterations
main   [  14% ] 0001/0100 VUs  0m17.0s/2m0s  50.00 iters/s

running (0m18.0s), 0000/0100 VUs, 899 complete and 0 interrupted iterations
main   [  15% ] 0000/0100 VUs  0m18.0s/2m0s  50.00 iters/s

running (0m19.0s), 0001/0100 VUs, 949 complete and 0 interrupted iterations
main   [  16% ] 0001/0100 VUs  0m19.0s/2m0s  50.00 iters/s

running (0m20.0s), 0001/0100 VUs, 999 complete and 0 interrupted iterations
main   [  17% ] 0001/0100 VUs  0m20.0s/2m0s  50.00 iters/s

running (0m21.0s), 0001/0100 VUs, 1049 complete and 0 interrupted iterations
main   [  17% ] 0001/0100 VUs  0m21.0s/2m0s  50.00 iters/s

running (0m22.0s), 0001/0100 VUs, 1099 complete and 0 interrupted iterations
main   [  18% ] 0001/0100 VUs  0m22.0s/2m0s  50.00 iters/s

running (0m23.0s), 0001/0100 VUs, 1149 complete and 0 interrupted iterations
main   [  19% ] 0001/0100 VUs  0m23.0s/2m0s  50.00 iters/s

running (0m24.0s), 0001/0100 VUs, 1199 complete and 0 interrupted iterations
main   [  20% ] 0001/0100 VUs  0m24.0s/2m0s  50.00 iters/s

running (0m25.0s), 0000/0100 VUs, 1249 complete and 0 interrupted iterations
main   [  21% ] 0000/0100 VUs  0m25.0s/2m0s  50.00 iters/s

running (0m26.0s), 0001/0100 VUs, 1299 complete and 0 interrupted iterations
main   [  22% ] 0001/0100 VUs  0m26.0s/2m0s  50.00 iters/s

running (0m27.0s), 0001/0100 VUs, 1349 complete and 0 interrupted iterations
main   [  22% ] 0001/0100 VUs  0m27.0s/2m0s  50.00 iters/s

running (0m28.0s), 0000/0100 VUs, 1399 complete and 0 interrupted iterations
main   [  23% ] 0000/0100 VUs  0m28.0s/2m0s  50.00 iters/s

running (0m29.0s), 0001/0100 VUs, 1449 complete and 0 interrupted iterations
main   [  24% ] 0001/0100 VUs  0m29.0s/2m0s  50.00 iters/s

running (0m30.0s), 0001/0100 VUs, 1499 complete and 0 interrupted iterations
main   [  25% ] 0001/0100 VUs  0m30.0s/2m0s  50.00 iters/s

running (0m31.0s), 0001/0100 VUs, 1549 complete and 0 interrupted iterations
main   [  26% ] 0001/0100 VUs  0m31.0s/2m0s  50.00 iters/s

running (0m32.0s), 0001/0100 VUs, 1599 complete and 0 interrupted iterations
main   [  27% ] 0001/0100 VUs  0m32.0s/2m0s  50.00 iters/s

running (0m33.0s), 0001/0100 VUs, 1649 complete and 0 interrupted iterations
main   [  27% ] 0001/0100 VUs  0m33.0s/2m0s  50.00 iters/s

running (0m34.0s), 0001/0100 VUs, 1699 complete and 0 interrupted iterations
main   [  28% ] 0001/0100 VUs  0m34.0s/2m0s  50.00 iters/s

running (0m35.0s), 0001/0100 VUs, 1749 complete and 0 interrupted iterations
main   [  29% ] 0001/0100 VUs  0m35.0s/2m0s  50.00 iters/s

running (0m36.0s), 0001/0100 VUs, 1799 complete and 0 interrupted iterations
main   [  30% ] 0001/0100 VUs  0m36.0s/2m0s  50.00 iters/s

running (0m37.0s), 0000/0100 VUs, 1849 complete and 0 interrupted iterations
main   [  31% ] 0000/0100 VUs  0m37.0s/2m0s  50.00 iters/s

running (0m38.0s), 0001/0100 VUs, 1899 complete and 0 interrupted iterations
main   [  32% ] 0001/0100 VUs  0m38.0s/2m0s  50.00 iters/s

running (0m39.0s), 0001/0100 VUs, 1949 complete and 0 interrupted iterations
main   [  32% ] 0001/0100 VUs  0m39.0s/2m0s  50.00 iters/s

running (0m40.0s), 0000/0100 VUs, 1999 complete and 0 interrupted iterations
main   [  33% ] 0000/0100 VUs  0m40.0s/2m0s  50.00 iters/s

running (0m41.0s), 0001/0100 VUs, 2049 complete and 0 interrupted iterations
main   [  34% ] 0001/0100 VUs  0m41.0s/2m0s  50.00 iters/s

running (0m42.0s), 0001/0100 VUs, 2099 complete and 0 interrupted iterations
main   [  35% ] 0001/0100 VUs  0m42.0s/2m0s  50.00 iters/s

running (0m43.0s), 0001/0100 VUs, 2149 complete and 0 interrupted iterations
main   [  36% ] 0001/0100 VUs  0m43.0s/2m0s  50.00 iters/s

running (0m44.0s), 0001/0100 VUs, 2199 complete and 0 interrupted iterations
main   [  37% ] 0001/0100 VUs  0m44.0s/2m0s  50.00 iters/s

running (0m45.0s), 0001/0100 VUs, 2249 complete and 0 interrupted iterations
main   [  37% ] 0001/0100 VUs  0m45.0s/2m0s  50.00 iters/s

running (0m46.0s), 0001/0100 VUs, 2299 complete and 0 interrupted iterations
main   [  38% ] 0001/0100 VUs  0m46.0s/2m0s  50.00 iters/s

running (0m47.0s), 0001/0100 VUs, 2349 complete and 0 interrupted iterations
main   [  39% ] 0001/0100 VUs  0m47.0s/2m0s  50.00 iters/s

running (0m48.0s), 0000/0100 VUs, 2399 complete and 0 interrupted iterations
main   [  40% ] 0000/0100 VUs  0m48.0s/2m0s  50.00 iters/s

running (0m49.0s), 0001/0100 VUs, 2449 complete and 0 interrupted iterations
main   [  41% ] 0001/0100 VUs  0m49.0s/2m0s  50.00 iters/s

running (0m50.0s), 0001/0100 VUs, 2499 complete and 0 interrupted iterations
main   [  42% ] 0001/0100 VUs  0m50.0s/2m0s  50.00 iters/s

running (0m51.0s), 0001/0100 VUs, 2549 complete and 0 interrupted iterations
main   [  42% ] 0001/0100 VUs  0m51.0s/2m0s  50.00 iters/s

running (0m52.0s), 0001/0100 VUs, 2599 complete and 0 interrupted iterations
main   [  43% ] 0001/0100 VUs  0m52.0s/2m0s  50.00 iters/s

running (0m53.0s), 0001/0100 VUs, 2649 complete and 0 interrupted iterations
main   [  44% ] 0001/0100 VUs  0m53.0s/2m0s  50.00 iters/s

running (0m54.0s), 0001/0100 VUs, 2699 complete and 0 interrupted iterations
main   [  45% ] 0001/0100 VUs  0m54.0s/2m0s  50.00 iters/s

running (0m55.0s), 0001/0100 VUs, 2749 complete and 0 interrupted iterations
main   [  46% ] 0001/0100 VUs  0m55.0s/2m0s  50.00 iters/s

running (0m56.0s), 0001/0100 VUs, 2799 complete and 0 interrupted iterations
main   [  47% ] 0001/0100 VUs  0m56.0s/2m0s  50.00 iters/s

running (0m57.0s), 0001/0100 VUs, 2849 complete and 0 interrupted iterations
main   [  47% ] 0001/0100 VUs  0m57.0s/2m0s  50.00 iters/s

running (0m58.0s), 0000/0100 VUs, 2899 complete and 0 interrupted iterations
main   [  48% ] 0000/0100 VUs  0m58.0s/2m0s  50.00 iters/s

running (0m59.0s), 0001/0100 VUs, 2949 complete and 0 interrupted iterations
main   [  49% ] 0001/0100 VUs  0m59.0s/2m0s  50.00 iters/s

running (1m00.0s), 0000/0100 VUs, 2999 complete and 0 interrupted iterations
main   [  50% ] 0000/0100 VUs  1m00.0s/2m0s  50.00 iters/s

running (1m01.0s), 0001/0100 VUs, 3049 complete and 0 interrupted iterations
main   [  51% ] 0001/0100 VUs  1m01.0s/2m0s  50.00 iters/s

running (1m02.0s), 0001/0100 VUs, 3099 complete and 0 interrupted iterations
main   [  52% ] 0001/0100 VUs  1m02.0s/2m0s  50.00 iters/s

running (1m03.0s), 0001/0100 VUs, 3149 complete and 0 interrupted iterations
main   [  52% ] 0001/0100 VUs  1m03.0s/2m0s  50.00 iters/s

running (1m04.0s), 0000/0100 VUs, 3199 complete and 0 interrupted iterations
main   [  53% ] 0000/0100 VUs  1m04.0s/2m0s  50.00 iters/s

running (1m05.0s), 0001/0100 VUs, 3249 complete and 0 interrupted iterations
main   [  54% ] 0001/0100 VUs  1m05.0s/2m0s  50.00 iters/s

running (1m06.0s), 0000/0100 VUs, 3299 complete and 0 interrupted iterations
main   [  55% ] 0000/0100 VUs  1m06.0s/2m0s  50.00 iters/s

running (1m07.0s), 0001/0100 VUs, 3349 complete and 0 interrupted iterations
main   [  56% ] 0001/0100 VUs  1m07.0s/2m0s  50.00 iters/s

running (1m08.0s), 0001/0100 VUs, 3399 complete and 0 interrupted iterations
main   [  57% ] 0001/0100 VUs  1m08.0s/2m0s  50.00 iters/s

running (1m09.0s), 0001/0100 VUs, 3449 complete and 0 interrupted iterations
main   [  57% ] 0001/0100 VUs  1m09.0s/2m0s  50.00 iters/s

running (1m10.0s), 0001/0100 VUs, 3499 complete and 0 interrupted iterations
main   [  58% ] 0001/0100 VUs  1m10.0s/2m0s  50.00 iters/s

running (1m11.0s), 0001/0100 VUs, 3549 complete and 0 interrupted iterations
main   [  59% ] 0001/0100 VUs  1m11.0s/2m0s  50.00 iters/s

running (1m12.0s), 0001/0100 VUs, 3599 complete and 0 interrupted iterations
main   [  60% ] 0001/0100 VUs  1m12.0s/2m0s  50.00 iters/s

running (1m13.0s), 0001/0100 VUs, 3649 complete and 0 interrupted iterations
main   [  61% ] 0001/0100 VUs  1m13.0s/2m0s  50.00 iters/s

running (1m14.0s), 0000/0100 VUs, 3699 complete and 0 interrupted iterations
main   [  62% ] 0000/0100 VUs  1m14.0s/2m0s  50.00 iters/s

running (1m15.0s), 0000/0100 VUs, 3749 complete and 0 interrupted iterations
main   [  62% ] 0000/0100 VUs  1m15.0s/2m0s  50.00 iters/s

running (1m16.0s), 0001/0100 VUs, 3799 complete and 0 interrupted iterations
main   [  63% ] 0001/0100 VUs  1m16.0s/2m0s  50.00 iters/s

running (1m17.0s), 0000/0100 VUs, 3849 complete and 0 interrupted iterations
main   [  64% ] 0001/0100 VUs  1m17.0s/2m0s  50.00 iters/s

running (1m18.0s), 0001/0100 VUs, 3899 complete and 0 interrupted iterations
main   [  65% ] 0001/0100 VUs  1m18.0s/2m0s  50.00 iters/s

running (1m19.0s), 0001/0100 VUs, 3949 complete and 0 interrupted iterations
main   [  66% ] 0001/0100 VUs  1m19.0s/2m0s  50.00 iters/s

running (1m20.0s), 0001/0100 VUs, 3999 complete and 0 interrupted iterations
main   [  67% ] 0001/0100 VUs  1m20.0s/2m0s  50.00 iters/s

running (1m21.0s), 0001/0100 VUs, 4049 complete and 0 interrupted iterations
main   [  67% ] 0001/0100 VUs  1m21.0s/2m0s  50.00 iters/s

running (1m22.0s), 0001/0100 VUs, 4099 complete and 0 interrupted iterations
main   [  68% ] 0001/0100 VUs  1m22.0s/2m0s  50.00 iters/s

running (1m23.0s), 0001/0100 VUs, 4149 complete and 0 interrupted iterations
main   [  69% ] 0001/0100 VUs  1m23.0s/2m0s  50.00 iters/s

running (1m24.0s), 0001/0100 VUs, 4199 complete and 0 interrupted iterations
main   [  70% ] 0001/0100 VUs  1m24.0s/2m0s  50.00 iters/s

running (1m25.0s), 0001/0100 VUs, 4249 complete and 0 interrupted iterations
main   [  71% ] 0001/0100 VUs  1m25.0s/2m0s  50.00 iters/s

running (1m26.0s), 0001/0100 VUs, 4299 complete and 0 interrupted iterations
main   [  72% ] 0001/0100 VUs  1m26.0s/2m0s  50.00 iters/s

running (1m27.0s), 0000/0100 VUs, 4349 complete and 0 interrupted iterations
main   [  72% ] 0000/0100 VUs  1m27.0s/2m0s  50.00 iters/s

running (1m28.0s), 0001/0100 VUs, 4399 complete and 0 interrupted iterations
main   [  73% ] 0001/0100 VUs  1m28.0s/2m0s  50.00 iters/s

running (1m29.0s), 0001/0100 VUs, 4449 complete and 0 interrupted iterations
main   [  74% ] 0001/0100 VUs  1m29.0s/2m0s  50.00 iters/s

running (1m30.0s), 0001/0100 VUs, 4499 complete and 0 interrupted iterations
main   [  75% ] 0001/0100 VUs  1m30.0s/2m0s  50.00 iters/s

running (1m31.0s), 0001/0100 VUs, 4549 complete and 0 interrupted iterations
main   [  76% ] 0001/0100 VUs  1m31.0s/2m0s  50.00 iters/s

running (1m32.0s), 0000/0100 VUs, 4599 complete and 0 interrupted iterations
main   [  77% ] 0000/0100 VUs  1m32.0s/2m0s  50.00 iters/s

running (1m33.0s), 0001/0100 VUs, 4649 complete and 0 interrupted iterations
main   [  77% ] 0001/0100 VUs  1m33.0s/2m0s  50.00 iters/s

running (1m34.0s), 0001/0100 VUs, 4699 complete and 0 interrupted iterations
main   [  78% ] 0001/0100 VUs  1m34.0s/2m0s  50.00 iters/s

running (1m35.0s), 0001/0100 VUs, 4749 complete and 0 interrupted iterations
main   [  79% ] 0001/0100 VUs  1m35.0s/2m0s  50.00 iters/s

running (1m36.0s), 0001/0100 VUs, 4799 complete and 0 interrupted iterations
main   [  80% ] 0001/0100 VUs  1m36.0s/2m0s  50.00 iters/s

running (1m37.0s), 0001/0100 VUs, 4849 complete and 0 interrupted iterations
main   [  81% ] 0001/0100 VUs  1m37.0s/2m0s  50.00 iters/s

running (1m38.0s), 0001/0100 VUs, 4899 complete and 0 interrupted iterations
main   [  82% ] 0001/0100 VUs  1m38.0s/2m0s  50.00 iters/s

running (1m39.0s), 0001/0100 VUs, 4949 complete and 0 interrupted iterations
main   [  82% ] 0001/0100 VUs  1m39.0s/2m0s  50.00 iters/s

running (1m40.0s), 0000/0100 VUs, 4999 complete and 0 interrupted iterations
main   [  83% ] 0000/0100 VUs  1m40.0s/2m0s  50.00 iters/s

running (1m41.0s), 0001/0100 VUs, 5049 complete and 0 interrupted iterations
main   [  84% ] 0001/0100 VUs  1m41.0s/2m0s  50.00 iters/s

running (1m42.0s), 0000/0100 VUs, 5099 complete and 0 interrupted iterations
main   [  85% ] 0000/0100 VUs  1m42.0s/2m0s  50.00 iters/s

running (1m43.0s), 0001/0100 VUs, 5149 complete and 0 interrupted iterations
main   [  86% ] 0001/0100 VUs  1m43.0s/2m0s  50.00 iters/s

running (1m44.0s), 0001/0100 VUs, 5199 complete and 0 interrupted iterations
main   [  87% ] 0001/0100 VUs  1m44.0s/2m0s  50.00 iters/s

running (1m45.0s), 0001/0100 VUs, 5249 complete and 0 interrupted iterations
main   [  87% ] 0001/0100 VUs  1m45.0s/2m0s  50.00 iters/s

running (1m46.0s), 0001/0100 VUs, 5299 complete and 0 interrupted iterations
main   [  88% ] 0001/0100 VUs  1m46.0s/2m0s  50.00 iters/s

running (1m47.0s), 0001/0100 VUs, 5349 complete and 0 interrupted iterations
main   [  89% ] 0001/0100 VUs  1m47.0s/2m0s  50.00 iters/s

running (1m48.0s), 0000/0100 VUs, 5399 complete and 0 interrupted iterations
main   [  90% ] 0000/0100 VUs  1m48.0s/2m0s  50.00 iters/s

running (1m49.0s), 0000/0100 VUs, 5449 complete and 0 interrupted iterations
main   [  91% ] 0000/0100 VUs  1m49.0s/2m0s  50.00 iters/s

running (1m50.0s), 0001/0100 VUs, 5499 complete and 0 interrupted iterations
main   [  92% ] 0001/0100 VUs  1m50.0s/2m0s  50.00 iters/s

running (1m51.0s), 0000/0100 VUs, 5549 complete and 0 interrupted iterations
main   [  92% ] 0001/0100 VUs  1m51.0s/2m0s  50.00 iters/s

running (1m52.0s), 0001/0100 VUs, 5599 complete and 0 interrupted iterations
main   [  93% ] 0001/0100 VUs  1m52.0s/2m0s  50.00 iters/s

running (1m53.0s), 0001/0100 VUs, 5649 complete and 0 interrupted iterations
main   [  94% ] 0001/0100 VUs  1m53.0s/2m0s  50.00 iters/s

running (1m54.0s), 0000/0100 VUs, 5699 complete and 0 interrupted iterations
main   [  95% ] 0000/0100 VUs  1m54.0s/2m0s  50.00 iters/s

running (1m55.0s), 0001/0100 VUs, 5749 complete and 0 interrupted iterations
main   [  96% ] 0001/0100 VUs  1m55.0s/2m0s  50.00 iters/s

running (1m56.0s), 0001/0100 VUs, 5799 complete and 0 interrupted iterations
main   [  97% ] 0001/0100 VUs  1m56.0s/2m0s  50.00 iters/s

running (1m57.0s), 0001/0100 VUs, 5849 complete and 0 interrupted iterations
main   [  97% ] 0001/0100 VUs  1m57.0s/2m0s  50.00 iters/s

running (1m58.0s), 0001/0100 VUs, 5899 complete and 0 interrupted iterations
main   [  98% ] 0001/0100 VUs  1m58.0s/2m0s  50.00 iters/s

running (1m59.0s), 0001/0100 VUs, 5949 complete and 0 interrupted iterations
main   [  99% ] 0001/0100 VUs  1m59.0s/2m0s  50.00 iters/s

running (2m00.0s), 0000/0100 VUs, 5999 complete and 0 interrupted iterations
main   [ 100% ] 0000/0100 VUs  2m00.0s/2m0s  50.00 iters/s

running (2m00.0s), 0000/0100 VUs, 6001 complete and 0 interrupted iterations
main ✓ [ 100% ] 0000/0100 VUs  2m0s  50.00 iters/s
  Repeat 1 complete. Results in results/a-jdbc-seq-rtt300-r50-rep1-1781135581.json
=== Cell complete: 1 repeat(s) for a/jdbc-seq rtt=300us ===

[campaign] (9) cell: a|par|300|14|-|-
=== Cell: scenario=a style=par rtt=300us rate=14rps duration=2m scale=full repeats=1 ===
[1/4] Setting netem delay 300us...
Setting netem delay 300us on lab-mysql eth0...
time="2026-06-11T08:55:02+09:00" level=warning msg="/Users/rene/rdb-join-lab/docker-compose.yml: the attribute `version` is obsolete, it will be ignored, please remove it to avoid potential confusion"
Current qdisc:
time="2026-06-11T08:55:02+09:00" level=warning msg="/Users/rene/rdb-join-lab/docker-compose.yml: the attribute `version` is obsolete, it will be ignored, please remove it to avoid potential confusion"
qdisc netem 8013: root refcnt 7 limit 1000 delay 300us seed 424123828673822620
[2/4] Warming InnoDB buffer pool...
=== Step 1: Warm-up queries (priming buffer pool, ~10% of full scale) ===
COUNT(*)
3401538
COUNT(*)
975720
COUNT(*)
8680188
COUNT(*)
10000
Warm-up queries complete.
=== Step 2: Triggering InnoDB buffer pool dump ===
time="2026-06-11T08:55:03+09:00" level=warning msg="/Users/rene/rdb-join-lab/docker-compose.yml: the attribute `version` is obsolete, it will be ignored, please remove it to avoid potential confusion"
mysql: [Warning] Using a password on the command line interface can be insecure.
Polling dump status (timeout 300s)...
  [0s] Dump status: Buffer pool(s) dump completed at 260610 23:55:03
Buffer pool dump completed.
=== Step 3: Triggering InnoDB buffer pool load ===
time="2026-06-11T08:55:03+09:00" level=warning msg="/Users/rene/rdb-join-lab/docker-compose.yml: the attribute `version` is obsolete, it will be ignored, please remove it to avoid potential confusion"
mysql: [Warning] Using a password on the command line interface can be insecure.
Polling load status (timeout 300s)...
  [0s] Load status: Loaded 143361/188400 pages
  [5s] Load status: Buffer pool(s) load completed at 260610 23:55:03
Buffer pool load completed.
=== Step 3b: Capturing post-load snapshot for warm-state gate ===
COUNT(*)
1210063
COUNT(*)
8680188
COUNT(*)
10000
Re-verification queries complete.
=== Step 4: Warm-state gate (physical reads < 0.01, post-load window) ===
  Post-load reverify window: physical reads delta: 0 / 22857 = 0.0
  (Pre-warmup baseline: 9377 / 873217446, for reference)
  Warm-state gate PASSED.
=== Step 5: ANALYZE TABLE ===
Table	Op	Msg_type	Msg_text
lab.coupon_policy	analyze	status	OK
lab.member	analyze	status	OK
lab.coupon_issue	analyze	status	OK
ANALYZE TABLE complete.
=== Step 5b: Capturing InnoDB engine status (AHI verification) ===
  InnoDB status captured: results/innodb-status-1781135710.txt
  AHI indicator: INSERT BUFFER AND ADAPTIVE HASH INDEX
0.00 hash searches/s, 22.44 non-hash searches/s
=== Step 5c: EXPLAIN Scenario B ORDER BY id ASC (filesort check) ===
  WARNING: EXPLAIN shows 'Using filesort' for Scenario B ORDER BY id ASC query.
  Expected idx_issue_member_id to cover ORDER BY — check index creation in schema.sql.
  EXPLAIN output:
1	SIMPLE	coupon_issue	NULL	ref	idx_issue_member_status,idx_issue_member_id	idx_issue_member_status	8	const	1209	100.00	Using filesort
[3/4] Dual calibration (nominal=300us)...
  [held conn] calibrate n=10000...
{
    "n": 10000,
    "min": 344,
    "p50": 560,
    "p95": 668,
    "p99": 757,
    "max": 13189
}
  [per checkout] calibrate/loaded n=10000...
{
    "n": 10000,
    "min": 352,
    "p50": 566,
    "p95": 653,
    "p99": 742,
    "max": 1336
}
Running dual calibration probe (n=10000 held + n=10000 loaded)...
=== held (pure wire RTT) ===
{
    "n": 10000,
    "min": 345,
    "p50": 556,
    "p95": 640,
    "p99": 732,
    "max": 4147
}
=== loaded (wire RTT + pool checkout) ===
{
    "n": 10000,
    "min": 343,
    "p50": 569,
    "p95": 694,
    "p99": 743,
    "max": 4199
}

Appended dual record to results/calibration.jsonl: {"held": {"n": 10000, "min": 345, "p50": 556, "p95": 640, "p99": 732, "max": 4147}, "loaded": {"n": 10000, "min": 343, "p50": 569, "p95": 694, "p99": 743, "max": 4199}, "timestamp": "2026-06-10T23:55:33Z", "nominal_delay_us": 300}
[4/1] Running k6 repeat 1/1 (output -> results/a-par-rtt300-r14-rep1-1781135733.json)...
time="2026-06-11T08:55:33+09:00" level=warning msg="/Users/rene/rdb-join-lab/docker-compose.yml: the attribute `version` is obsolete, it will be ignored, please remove it to avoid potential confusion"

         /\      Grafana   /‾‾/  
    /\  /  \     |\  __   /  /   
   /  \/    \    | |/ /  /   ‾‾\ 
  /          \   |   (  |  (‾)  |
 / __________ \  |_|\_\  \_____/ 


     execution: local
        script: /scripts/scenario.js
        output: -

     scenarios: (100.00%) 1 scenario, 1000 max VUs, 2m30s max duration (incl. graceful stop):
              * main: 14.00 iterations/s for 2m0s (maxVUs: 100-1000, gracefulStop: 30s)


running (0m01.0s), 0000/0100 VUs, 14 complete and 0 interrupted iterations
main   [   1% ] 0000/0100 VUs  0m01.0s/2m0s  14.00 iters/s

running (0m02.0s), 0000/0100 VUs, 28 complete and 0 interrupted iterations
main   [   2% ] 0000/0100 VUs  0m02.0s/2m0s  14.00 iters/s

running (0m03.0s), 0000/0100 VUs, 42 complete and 0 interrupted iterations
main   [   2% ] 0000/0100 VUs  0m03.0s/2m0s  14.00 iters/s

running (0m04.0s), 0000/0100 VUs, 56 complete and 0 interrupted iterations
main   [   3% ] 0000/0100 VUs  0m04.0s/2m0s  14.00 iters/s

running (0m05.0s), 0000/0100 VUs, 70 complete and 0 interrupted iterations
main   [   4% ] 0000/0100 VUs  0m05.0s/2m0s  14.00 iters/s

running (0m06.0s), 0000/0100 VUs, 84 complete and 0 interrupted iterations
main   [   5% ] 0000/0100 VUs  0m06.0s/2m0s  14.00 iters/s

running (0m07.0s), 0000/0100 VUs, 98 complete and 0 interrupted iterations
main   [   6% ] 0000/0100 VUs  0m07.0s/2m0s  14.00 iters/s

running (0m08.0s), 0000/0100 VUs, 112 complete and 0 interrupted iterations
main   [   7% ] 0000/0100 VUs  0m08.0s/2m0s  14.00 iters/s

running (0m09.0s), 0000/0100 VUs, 126 complete and 0 interrupted iterations
main   [   7% ] 0000/0100 VUs  0m09.0s/2m0s  14.00 iters/s

running (0m10.0s), 0000/0100 VUs, 140 complete and 0 interrupted iterations
main   [   8% ] 0000/0100 VUs  0m10.0s/2m0s  14.00 iters/s

running (0m11.0s), 0000/0100 VUs, 154 complete and 0 interrupted iterations
main   [   9% ] 0000/0100 VUs  0m11.0s/2m0s  14.00 iters/s

running (0m12.0s), 0000/0100 VUs, 168 complete and 0 interrupted iterations
main   [  10% ] 0000/0100 VUs  0m12.0s/2m0s  14.00 iters/s

running (0m13.0s), 0000/0100 VUs, 182 complete and 0 interrupted iterations
main   [  11% ] 0000/0100 VUs  0m13.0s/2m0s  14.00 iters/s

running (0m14.0s), 0000/0100 VUs, 196 complete and 0 interrupted iterations
main   [  12% ] 0000/0100 VUs  0m14.0s/2m0s  14.00 iters/s

running (0m15.0s), 0000/0100 VUs, 210 complete and 0 interrupted iterations
main   [  12% ] 0000/0100 VUs  0m15.0s/2m0s  14.00 iters/s

running (0m16.0s), 0000/0100 VUs, 224 complete and 0 interrupted iterations
main   [  13% ] 0000/0100 VUs  0m16.0s/2m0s  14.00 iters/s

running (0m17.0s), 0000/0100 VUs, 238 complete and 0 interrupted iterations
main   [  14% ] 0000/0100 VUs  0m17.0s/2m0s  14.00 iters/s

running (0m18.0s), 0000/0100 VUs, 252 complete and 0 interrupted iterations
main   [  15% ] 0000/0100 VUs  0m18.0s/2m0s  14.00 iters/s

running (0m19.0s), 0000/0100 VUs, 266 complete and 0 interrupted iterations
main   [  16% ] 0000/0100 VUs  0m19.0s/2m0s  14.00 iters/s

running (0m20.0s), 0000/0100 VUs, 280 complete and 0 interrupted iterations
main   [  17% ] 0000/0100 VUs  0m20.0s/2m0s  14.00 iters/s

running (0m21.0s), 0000/0100 VUs, 294 complete and 0 interrupted iterations
main   [  17% ] 0000/0100 VUs  0m21.0s/2m0s  14.00 iters/s

running (0m22.0s), 0000/0100 VUs, 308 complete and 0 interrupted iterations
main   [  18% ] 0000/0100 VUs  0m22.0s/2m0s  14.00 iters/s

running (0m23.0s), 0000/0100 VUs, 322 complete and 0 interrupted iterations
main   [  19% ] 0000/0100 VUs  0m23.0s/2m0s  14.00 iters/s

running (0m24.0s), 0000/0100 VUs, 336 complete and 0 interrupted iterations
main   [  20% ] 0000/0100 VUs  0m24.0s/2m0s  14.00 iters/s

running (0m25.0s), 0000/0100 VUs, 350 complete and 0 interrupted iterations
main   [  21% ] 0000/0100 VUs  0m25.0s/2m0s  14.00 iters/s

running (0m26.0s), 0000/0100 VUs, 364 complete and 0 interrupted iterations
main   [  22% ] 0000/0100 VUs  0m26.0s/2m0s  14.00 iters/s

running (0m27.0s), 0000/0100 VUs, 378 complete and 0 interrupted iterations
main   [  22% ] 0000/0100 VUs  0m27.0s/2m0s  14.00 iters/s

running (0m28.0s), 0000/0100 VUs, 392 complete and 0 interrupted iterations
main   [  23% ] 0000/0100 VUs  0m28.0s/2m0s  14.00 iters/s

running (0m29.0s), 0000/0100 VUs, 406 complete and 0 interrupted iterations
main   [  24% ] 0000/0100 VUs  0m29.0s/2m0s  14.00 iters/s

running (0m30.0s), 0000/0100 VUs, 420 complete and 0 interrupted iterations
main   [  25% ] 0000/0100 VUs  0m30.0s/2m0s  14.00 iters/s

running (0m31.0s), 0000/0100 VUs, 434 complete and 0 interrupted iterations
main   [  26% ] 0000/0100 VUs  0m31.0s/2m0s  14.00 iters/s

running (0m32.0s), 0000/0100 VUs, 448 complete and 0 interrupted iterations
main   [  27% ] 0000/0100 VUs  0m32.0s/2m0s  14.00 iters/s

running (0m33.0s), 0000/0100 VUs, 462 complete and 0 interrupted iterations
main   [  27% ] 0000/0100 VUs  0m33.0s/2m0s  14.00 iters/s

running (0m34.0s), 0000/0100 VUs, 476 complete and 0 interrupted iterations
main   [  28% ] 0000/0100 VUs  0m34.0s/2m0s  14.00 iters/s

running (0m35.0s), 0000/0100 VUs, 490 complete and 0 interrupted iterations
main   [  29% ] 0000/0100 VUs  0m35.0s/2m0s  14.00 iters/s

running (0m36.0s), 0000/0100 VUs, 504 complete and 0 interrupted iterations
main   [  30% ] 0000/0100 VUs  0m36.0s/2m0s  14.00 iters/s

running (0m37.0s), 0000/0100 VUs, 518 complete and 0 interrupted iterations
main   [  31% ] 0000/0100 VUs  0m37.0s/2m0s  14.00 iters/s

running (0m38.0s), 0000/0100 VUs, 532 complete and 0 interrupted iterations
main   [  32% ] 0000/0100 VUs  0m38.0s/2m0s  14.00 iters/s

running (0m39.0s), 0000/0100 VUs, 546 complete and 0 interrupted iterations
main   [  32% ] 0000/0100 VUs  0m39.0s/2m0s  14.00 iters/s

running (0m40.0s), 0000/0100 VUs, 560 complete and 0 interrupted iterations
main   [  33% ] 0000/0100 VUs  0m40.0s/2m0s  14.00 iters/s

running (0m41.0s), 0000/0100 VUs, 574 complete and 0 interrupted iterations
main   [  34% ] 0000/0100 VUs  0m41.0s/2m0s  14.00 iters/s

running (0m42.0s), 0000/0100 VUs, 588 complete and 0 interrupted iterations
main   [  35% ] 0000/0100 VUs  0m42.0s/2m0s  14.00 iters/s

running (0m43.0s), 0000/0100 VUs, 602 complete and 0 interrupted iterations
main   [  36% ] 0000/0100 VUs  0m43.0s/2m0s  14.00 iters/s

running (0m44.0s), 0000/0100 VUs, 616 complete and 0 interrupted iterations
main   [  37% ] 0000/0100 VUs  0m44.0s/2m0s  14.00 iters/s

running (0m45.0s), 0000/0100 VUs, 630 complete and 0 interrupted iterations
main   [  37% ] 0000/0100 VUs  0m45.0s/2m0s  14.00 iters/s

running (0m46.0s), 0000/0100 VUs, 644 complete and 0 interrupted iterations
main   [  38% ] 0000/0100 VUs  0m46.0s/2m0s  14.00 iters/s

running (0m47.0s), 0000/0100 VUs, 658 complete and 0 interrupted iterations
main   [  39% ] 0000/0100 VUs  0m47.0s/2m0s  14.00 iters/s

running (0m48.0s), 0000/0100 VUs, 672 complete and 0 interrupted iterations
main   [  40% ] 0000/0100 VUs  0m48.0s/2m0s  14.00 iters/s

running (0m49.0s), 0000/0100 VUs, 686 complete and 0 interrupted iterations
main   [  41% ] 0000/0100 VUs  0m49.0s/2m0s  14.00 iters/s

running (0m50.0s), 0000/0100 VUs, 700 complete and 0 interrupted iterations
main   [  42% ] 0000/0100 VUs  0m50.0s/2m0s  14.00 iters/s

running (0m51.0s), 0000/0100 VUs, 714 complete and 0 interrupted iterations
main   [  42% ] 0000/0100 VUs  0m51.0s/2m0s  14.00 iters/s

running (0m52.0s), 0000/0100 VUs, 728 complete and 0 interrupted iterations
main   [  43% ] 0000/0100 VUs  0m52.0s/2m0s  14.00 iters/s

running (0m53.0s), 0000/0100 VUs, 742 complete and 0 interrupted iterations
main   [  44% ] 0000/0100 VUs  0m53.0s/2m0s  14.00 iters/s

running (0m54.0s), 0000/0100 VUs, 756 complete and 0 interrupted iterations
main   [  45% ] 0000/0100 VUs  0m54.0s/2m0s  14.00 iters/s

running (0m55.0s), 0000/0100 VUs, 770 complete and 0 interrupted iterations
main   [  46% ] 0000/0100 VUs  0m55.0s/2m0s  14.00 iters/s

running (0m56.0s), 0000/0100 VUs, 784 complete and 0 interrupted iterations
main   [  47% ] 0000/0100 VUs  0m56.0s/2m0s  14.00 iters/s

running (0m57.0s), 0000/0100 VUs, 798 complete and 0 interrupted iterations
main   [  47% ] 0000/0100 VUs  0m57.0s/2m0s  14.00 iters/s

running (0m58.0s), 0000/0100 VUs, 812 complete and 0 interrupted iterations
main   [  48% ] 0000/0100 VUs  0m58.0s/2m0s  14.00 iters/s

running (0m59.0s), 0000/0100 VUs, 826 complete and 0 interrupted iterations
main   [  49% ] 0000/0100 VUs  0m59.0s/2m0s  14.00 iters/s

running (1m00.0s), 0000/0100 VUs, 840 complete and 0 interrupted iterations
main   [  50% ] 0000/0100 VUs  1m00.0s/2m0s  14.00 iters/s

running (1m01.0s), 0000/0100 VUs, 854 complete and 0 interrupted iterations
main   [  51% ] 0000/0100 VUs  1m01.0s/2m0s  14.00 iters/s

running (1m02.0s), 0000/0100 VUs, 868 complete and 0 interrupted iterations
main   [  52% ] 0000/0100 VUs  1m02.0s/2m0s  14.00 iters/s

running (1m03.0s), 0000/0100 VUs, 882 complete and 0 interrupted iterations
main   [  52% ] 0000/0100 VUs  1m03.0s/2m0s  14.00 iters/s

running (1m04.0s), 0000/0100 VUs, 896 complete and 0 interrupted iterations
main   [  53% ] 0000/0100 VUs  1m04.0s/2m0s  14.00 iters/s

running (1m05.0s), 0000/0100 VUs, 910 complete and 0 interrupted iterations
main   [  54% ] 0000/0100 VUs  1m05.0s/2m0s  14.00 iters/s

running (1m06.0s), 0000/0100 VUs, 924 complete and 0 interrupted iterations
main   [  55% ] 0000/0100 VUs  1m06.0s/2m0s  14.00 iters/s

running (1m07.0s), 0000/0100 VUs, 938 complete and 0 interrupted iterations
main   [  56% ] 0000/0100 VUs  1m07.0s/2m0s  14.00 iters/s

running (1m08.0s), 0000/0100 VUs, 952 complete and 0 interrupted iterations
main   [  57% ] 0000/0100 VUs  1m08.0s/2m0s  14.00 iters/s

running (1m09.0s), 0000/0100 VUs, 966 complete and 0 interrupted iterations
main   [  57% ] 0000/0100 VUs  1m09.0s/2m0s  14.00 iters/s

running (1m10.0s), 0000/0100 VUs, 980 complete and 0 interrupted iterations
main   [  58% ] 0000/0100 VUs  1m10.0s/2m0s  14.00 iters/s

running (1m11.0s), 0000/0100 VUs, 994 complete and 0 interrupted iterations
main   [  59% ] 0000/0100 VUs  1m11.0s/2m0s  14.00 iters/s

running (1m12.0s), 0000/0100 VUs, 1008 complete and 0 interrupted iterations
main   [  60% ] 0000/0100 VUs  1m12.0s/2m0s  14.00 iters/s

running (1m13.0s), 0000/0100 VUs, 1022 complete and 0 interrupted iterations
main   [  61% ] 0000/0100 VUs  1m13.0s/2m0s  14.00 iters/s

running (1m14.0s), 0000/0100 VUs, 1036 complete and 0 interrupted iterations
main   [  62% ] 0000/0100 VUs  1m14.0s/2m0s  14.00 iters/s

running (1m15.0s), 0000/0100 VUs, 1050 complete and 0 interrupted iterations
main   [  62% ] 0000/0100 VUs  1m15.0s/2m0s  14.00 iters/s

running (1m16.0s), 0000/0100 VUs, 1064 complete and 0 interrupted iterations
main   [  63% ] 0000/0100 VUs  1m16.0s/2m0s  14.00 iters/s

running (1m17.0s), 0000/0100 VUs, 1078 complete and 0 interrupted iterations
main   [  64% ] 0000/0100 VUs  1m17.0s/2m0s  14.00 iters/s

running (1m18.0s), 0000/0100 VUs, 1092 complete and 0 interrupted iterations
main   [  65% ] 0000/0100 VUs  1m18.0s/2m0s  14.00 iters/s

running (1m19.0s), 0000/0100 VUs, 1106 complete and 0 interrupted iterations
main   [  66% ] 0000/0100 VUs  1m19.0s/2m0s  14.00 iters/s

running (1m20.0s), 0000/0100 VUs, 1120 complete and 0 interrupted iterations
main   [  67% ] 0000/0100 VUs  1m20.0s/2m0s  14.00 iters/s

running (1m21.0s), 0000/0100 VUs, 1134 complete and 0 interrupted iterations
main   [  67% ] 0000/0100 VUs  1m21.0s/2m0s  14.00 iters/s

running (1m22.0s), 0000/0100 VUs, 1148 complete and 0 interrupted iterations
main   [  68% ] 0000/0100 VUs  1m22.0s/2m0s  14.00 iters/s

running (1m23.0s), 0000/0100 VUs, 1162 complete and 0 interrupted iterations
main   [  69% ] 0000/0100 VUs  1m23.0s/2m0s  14.00 iters/s

running (1m24.0s), 0000/0100 VUs, 1176 complete and 0 interrupted iterations
main   [  70% ] 0000/0100 VUs  1m24.0s/2m0s  14.00 iters/s

running (1m25.0s), 0000/0100 VUs, 1190 complete and 0 interrupted iterations
main   [  71% ] 0000/0100 VUs  1m25.0s/2m0s  14.00 iters/s

running (1m26.0s), 0000/0100 VUs, 1204 complete and 0 interrupted iterations
main   [  72% ] 0000/0100 VUs  1m26.0s/2m0s  14.00 iters/s

running (1m27.0s), 0000/0100 VUs, 1218 complete and 0 interrupted iterations
main   [  72% ] 0000/0100 VUs  1m27.0s/2m0s  14.00 iters/s

running (1m28.0s), 0000/0100 VUs, 1232 complete and 0 interrupted iterations
main   [  73% ] 0000/0100 VUs  1m28.0s/2m0s  14.00 iters/s

running (1m29.0s), 0000/0100 VUs, 1246 complete and 0 interrupted iterations
main   [  74% ] 0000/0100 VUs  1m29.0s/2m0s  14.00 iters/s

running (1m30.0s), 0000/0100 VUs, 1260 complete and 0 interrupted iterations
main   [  75% ] 0000/0100 VUs  1m30.0s/2m0s  14.00 iters/s

running (1m31.0s), 0000/0100 VUs, 1274 complete and 0 interrupted iterations
main   [  76% ] 0000/0100 VUs  1m31.0s/2m0s  14.00 iters/s

running (1m32.0s), 0000/0100 VUs, 1288 complete and 0 interrupted iterations
main   [  77% ] 0000/0100 VUs  1m32.0s/2m0s  14.00 iters/s

running (1m33.0s), 0000/0100 VUs, 1302 complete and 0 interrupted iterations
main   [  77% ] 0000/0100 VUs  1m33.0s/2m0s  14.00 iters/s

running (1m34.0s), 0000/0100 VUs, 1316 complete and 0 interrupted iterations
main   [  78% ] 0000/0100 VUs  1m34.0s/2m0s  14.00 iters/s

running (1m35.0s), 0000/0100 VUs, 1330 complete and 0 interrupted iterations
main   [  79% ] 0000/0100 VUs  1m35.0s/2m0s  14.00 iters/s

running (1m36.0s), 0000/0100 VUs, 1344 complete and 0 interrupted iterations
main   [  80% ] 0000/0100 VUs  1m36.0s/2m0s  14.00 iters/s

running (1m37.0s), 0000/0100 VUs, 1358 complete and 0 interrupted iterations
main   [  81% ] 0000/0100 VUs  1m37.0s/2m0s  14.00 iters/s

running (1m38.0s), 0000/0100 VUs, 1372 complete and 0 interrupted iterations
main   [  82% ] 0000/0100 VUs  1m38.0s/2m0s  14.00 iters/s

running (1m39.0s), 0000/0100 VUs, 1386 complete and 0 interrupted iterations
main   [  82% ] 0000/0100 VUs  1m39.0s/2m0s  14.00 iters/s

running (1m40.0s), 0000/0100 VUs, 1400 complete and 0 interrupted iterations
main   [  83% ] 0000/0100 VUs  1m40.0s/2m0s  14.00 iters/s

running (1m41.0s), 0000/0100 VUs, 1414 complete and 0 interrupted iterations
main   [  84% ] 0000/0100 VUs  1m41.0s/2m0s  14.00 iters/s

running (1m42.0s), 0000/0100 VUs, 1428 complete and 0 interrupted iterations
main   [  85% ] 0000/0100 VUs  1m42.0s/2m0s  14.00 iters/s

running (1m43.0s), 0000/0100 VUs, 1442 complete and 0 interrupted iterations
main   [  86% ] 0000/0100 VUs  1m43.0s/2m0s  14.00 iters/s

running (1m44.0s), 0000/0100 VUs, 1456 complete and 0 interrupted iterations
main   [  87% ] 0000/0100 VUs  1m44.0s/2m0s  14.00 iters/s

running (1m45.0s), 0000/0100 VUs, 1470 complete and 0 interrupted iterations
main   [  87% ] 0000/0100 VUs  1m45.0s/2m0s  14.00 iters/s

running (1m46.0s), 0000/0100 VUs, 1484 complete and 0 interrupted iterations
main   [  88% ] 0000/0100 VUs  1m46.0s/2m0s  14.00 iters/s

running (1m47.0s), 0000/0100 VUs, 1498 complete and 0 interrupted iterations
main   [  89% ] 0000/0100 VUs  1m47.0s/2m0s  14.00 iters/s

running (1m48.0s), 0000/0100 VUs, 1512 complete and 0 interrupted iterations
main   [  90% ] 0000/0100 VUs  1m48.0s/2m0s  14.00 iters/s

running (1m49.0s), 0000/0100 VUs, 1526 complete and 0 interrupted iterations
main   [  91% ] 0000/0100 VUs  1m49.0s/2m0s  14.00 iters/s

running (1m50.0s), 0000/0100 VUs, 1540 complete and 0 interrupted iterations
main   [  92% ] 0000/0100 VUs  1m50.0s/2m0s  14.00 iters/s

running (1m51.0s), 0000/0100 VUs, 1554 complete and 0 interrupted iterations
main   [  92% ] 0000/0100 VUs  1m51.0s/2m0s  14.00 iters/s

running (1m52.0s), 0000/0100 VUs, 1568 complete and 0 interrupted iterations
main   [  93% ] 0000/0100 VUs  1m52.0s/2m0s  14.00 iters/s

running (1m53.0s), 0000/0100 VUs, 1582 complete and 0 interrupted iterations
main   [  94% ] 0000/0100 VUs  1m53.0s/2m0s  14.00 iters/s

running (1m54.0s), 0000/0100 VUs, 1596 complete and 0 interrupted iterations
main   [  95% ] 0000/0100 VUs  1m54.0s/2m0s  14.00 iters/s

running (1m55.0s), 0000/0100 VUs, 1610 complete and 0 interrupted iterations
main   [  96% ] 0000/0100 VUs  1m55.0s/2m0s  14.00 iters/s

running (1m56.0s), 0000/0100 VUs, 1624 complete and 0 interrupted iterations
main   [  97% ] 0000/0100 VUs  1m56.0s/2m0s  14.00 iters/s

running (1m57.0s), 0000/0100 VUs, 1638 complete and 0 interrupted iterations
main   [  97% ] 0000/0100 VUs  1m57.0s/2m0s  14.00 iters/s

running (1m58.0s), 0000/0100 VUs, 1652 complete and 0 interrupted iterations
main   [  98% ] 0000/0100 VUs  1m58.0s/2m0s  14.00 iters/s

running (1m59.0s), 0000/0100 VUs, 1666 complete and 0 interrupted iterations
main   [  99% ] 0000/0100 VUs  1m59.0s/2m0s  14.00 iters/s

running (2m00.0s), 0000/0100 VUs, 1680 complete and 0 interrupted iterations
main   [ 100% ] 0000/0100 VUs  2m00.0s/2m0s  14.00 iters/s

running (2m00.0s), 0000/0100 VUs, 1681 complete and 0 interrupted iterations
main ✓ [ 100% ] 0000/0100 VUs  2m0s  14.00 iters/s
  Repeat 1 complete. Results in results/a-par-rtt300-r14-rep1-1781135733.json
=== Cell complete: 1 repeat(s) for a/par rtt=300us ===

[campaign] (10) cell: a|join|1500|50|-|-
=== Cell: scenario=a style=join rtt=1500us rate=50rps duration=2m scale=full repeats=1 ===
[1/4] Setting netem delay 1500us...
Setting netem delay 1500us on lab-mysql eth0...
time="2026-06-11T08:57:34+09:00" level=warning msg="/Users/rene/rdb-join-lab/docker-compose.yml: the attribute `version` is obsolete, it will be ignored, please remove it to avoid potential confusion"
Current qdisc:
time="2026-06-11T08:57:34+09:00" level=warning msg="/Users/rene/rdb-join-lab/docker-compose.yml: the attribute `version` is obsolete, it will be ignored, please remove it to avoid potential confusion"
qdisc netem 8013: root refcnt 7 limit 1000 delay 1.5ms seed 744821856317410445
[2/4] Warming InnoDB buffer pool...
=== Step 1: Warm-up queries (priming buffer pool, ~10% of full scale) ===
COUNT(*)
3401538
COUNT(*)
975720
COUNT(*)
8680188
COUNT(*)
10000
Warm-up queries complete.
=== Step 2: Triggering InnoDB buffer pool dump ===
time="2026-06-11T08:57:35+09:00" level=warning msg="/Users/rene/rdb-join-lab/docker-compose.yml: the attribute `version` is obsolete, it will be ignored, please remove it to avoid potential confusion"
mysql: [Warning] Using a password on the command line interface can be insecure.
Polling dump status (timeout 300s)...
  [0s] Dump status: Buffer pool(s) dump completed at 260610 23:57:35
Buffer pool dump completed.
=== Step 3: Triggering InnoDB buffer pool load ===
time="2026-06-11T08:57:35+09:00" level=warning msg="/Users/rene/rdb-join-lab/docker-compose.yml: the attribute `version` is obsolete, it will be ignored, please remove it to avoid potential confusion"
mysql: [Warning] Using a password on the command line interface can be insecure.
Polling load status (timeout 300s)...
  [0s] Load status: Loaded 167937/188400 pages
  [5s] Load status: Buffer pool(s) load completed at 260610 23:57:36
Buffer pool load completed.
=== Step 3b: Capturing post-load snapshot for warm-state gate ===
COUNT(*)
1210063
COUNT(*)
8680188
COUNT(*)
10000
Re-verification queries complete.
=== Step 4: Warm-state gate (physical reads < 0.01, post-load window) ===
  Post-load reverify window: physical reads delta: 0 / 22857 = 0.0
  (Pre-warmup baseline: 9447 / 873291861, for reference)
  Warm-state gate PASSED.
=== Step 5: ANALYZE TABLE ===
Table	Op	Msg_type	Msg_text
lab.coupon_policy	analyze	status	OK
lab.member	analyze	status	OK
lab.coupon_issue	analyze	status	OK
ANALYZE TABLE complete.
=== Step 5b: Capturing InnoDB engine status (AHI verification) ===
  InnoDB status captured: results/innodb-status-1781135862.txt
  AHI indicator: INSERT BUFFER AND ADAPTIVE HASH INDEX
0.00 hash searches/s, 22.91 non-hash searches/s
=== Step 5c: EXPLAIN Scenario B ORDER BY id ASC (filesort check) ===
  WARNING: EXPLAIN shows 'Using filesort' for Scenario B ORDER BY id ASC query.
  Expected idx_issue_member_id to cover ORDER BY — check index creation in schema.sql.
  EXPLAIN output:
1	SIMPLE	coupon_issue	NULL	ref	idx_issue_member_status,idx_issue_member_id	idx_issue_member_status	8	const	1209	100.00	Using filesort
[3/4] Dual calibration (nominal=1500us)...
  [held conn] calibrate n=10000...
{
    "n": 10000,
    "min": 1565,
    "p50": 2401,
    "p95": 2596,
    "p99": 2746,
    "max": 59512
}
  [per checkout] calibrate/loaded n=10000...
{
    "n": 10000,
    "min": 1565,
    "p50": 2396,
    "p95": 2575,
    "p99": 2686,
    "max": 3829
}
Running dual calibration probe (n=10000 held + n=10000 loaded)...
=== held (pure wire RTT) ===
{
    "n": 10000,
    "min": 1561,
    "p50": 2394,
    "p95": 2578,
    "p99": 2710,
    "max": 16610
}
=== loaded (wire RTT + pool checkout) ===
{
    "n": 10000,
    "min": 1557,
    "p50": 2397,
    "p95": 2583,
    "p99": 2707,
    "max": 16222
}

Appended dual record to results/calibration.jsonl: {"held": {"n": 10000, "min": 1561, "p50": 2394, "p95": 2578, "p99": 2710, "max": 16610}, "loaded": {"n": 10000, "min": 1557, "p50": 2397, "p95": 2583, "p99": 2707, "max": 16222}, "timestamp": "2026-06-10T23:59:15Z", "nominal_delay_us": 1500}
[4/1] Running k6 repeat 1/1 (output -> results/a-join-rtt1500-r50-rep1-1781135955.json)...
time="2026-06-11T08:59:15+09:00" level=warning msg="/Users/rene/rdb-join-lab/docker-compose.yml: the attribute `version` is obsolete, it will be ignored, please remove it to avoid potential confusion"

         /\      Grafana   /‾‾/  
    /\  /  \     |\  __   /  /   
   /  \/    \    | |/ /  /   ‾‾\ 
  /          \   |   (  |  (‾)  |
 / __________ \  |_|\_\  \_____/ 


     execution: local
        script: /scripts/scenario.js
        output: -

     scenarios: (100.00%) 1 scenario, 1000 max VUs, 2m30s max duration (incl. graceful stop):
              * main: 50.00 iterations/s for 2m0s (maxVUs: 100-1000, gracefulStop: 30s)


running (0m01.0s), 0000/0100 VUs, 49 complete and 0 interrupted iterations
main   [   1% ] 0000/0100 VUs  0m01.0s/2m0s  50.00 iters/s

running (0m02.0s), 0000/0100 VUs, 99 complete and 0 interrupted iterations
main   [   2% ] 0000/0100 VUs  0m02.0s/2m0s  50.00 iters/s

running (0m03.0s), 0000/0100 VUs, 149 complete and 0 interrupted iterations
main   [   2% ] 0000/0100 VUs  0m03.0s/2m0s  50.00 iters/s

running (0m04.0s), 0000/0100 VUs, 199 complete and 0 interrupted iterations
main   [   3% ] 0000/0100 VUs  0m04.0s/2m0s  50.00 iters/s

running (0m05.0s), 0001/0100 VUs, 249 complete and 0 interrupted iterations
main   [   4% ] 0001/0100 VUs  0m05.0s/2m0s  50.00 iters/s

running (0m06.0s), 0001/0100 VUs, 299 complete and 0 interrupted iterations
main   [   5% ] 0001/0100 VUs  0m06.0s/2m0s  50.00 iters/s

running (0m07.0s), 0000/0100 VUs, 349 complete and 0 interrupted iterations
main   [   6% ] 0000/0100 VUs  0m07.0s/2m0s  50.00 iters/s

running (0m08.0s), 0001/0100 VUs, 398 complete and 0 interrupted iterations
main   [   7% ] 0001/0100 VUs  0m08.0s/2m0s  50.00 iters/s

running (0m09.0s), 0000/0100 VUs, 449 complete and 0 interrupted iterations
main   [   7% ] 0000/0100 VUs  0m09.0s/2m0s  50.00 iters/s

running (0m10.0s), 0000/0100 VUs, 499 complete and 0 interrupted iterations
main   [   8% ] 0000/0100 VUs  0m10.0s/2m0s  50.00 iters/s

running (0m11.0s), 0001/0100 VUs, 548 complete and 0 interrupted iterations
main   [   9% ] 0001/0100 VUs  0m11.0s/2m0s  50.00 iters/s

running (0m12.0s), 0000/0100 VUs, 599 complete and 0 interrupted iterations
main   [  10% ] 0000/0100 VUs  0m12.0s/2m0s  50.00 iters/s

running (0m13.0s), 0000/0100 VUs, 649 complete and 0 interrupted iterations
main   [  11% ] 0000/0100 VUs  0m13.0s/2m0s  50.00 iters/s

running (0m14.0s), 0000/0100 VUs, 699 complete and 0 interrupted iterations
main   [  12% ] 0000/0100 VUs  0m14.0s/2m0s  50.00 iters/s

running (0m15.0s), 0000/0100 VUs, 749 complete and 0 interrupted iterations
main   [  12% ] 0000/0100 VUs  0m15.0s/2m0s  50.00 iters/s

running (0m16.0s), 0000/0100 VUs, 799 complete and 0 interrupted iterations
main   [  13% ] 0000/0100 VUs  0m16.0s/2m0s  50.00 iters/s

running (0m17.0s), 0000/0100 VUs, 849 complete and 0 interrupted iterations
main   [  14% ] 0000/0100 VUs  0m17.0s/2m0s  50.00 iters/s

running (0m18.0s), 0000/0100 VUs, 899 complete and 0 interrupted iterations
main   [  15% ] 0000/0100 VUs  0m18.0s/2m0s  50.00 iters/s

running (0m19.0s), 0000/0100 VUs, 949 complete and 0 interrupted iterations
main   [  16% ] 0000/0100 VUs  0m19.0s/2m0s  50.00 iters/s

running (0m20.0s), 0000/0100 VUs, 999 complete and 0 interrupted iterations
main   [  17% ] 0000/0100 VUs  0m20.0s/2m0s  50.00 iters/s

running (0m21.0s), 0001/0100 VUs, 1049 complete and 0 interrupted iterations
main   [  17% ] 0001/0100 VUs  0m21.0s/2m0s  50.00 iters/s

running (0m22.0s), 0000/0100 VUs, 1099 complete and 0 interrupted iterations
main   [  18% ] 0000/0100 VUs  0m22.0s/2m0s  50.00 iters/s

running (0m23.0s), 0000/0100 VUs, 1149 complete and 0 interrupted iterations
main   [  19% ] 0000/0100 VUs  0m23.0s/2m0s  50.00 iters/s

running (0m24.0s), 0000/0100 VUs, 1199 complete and 0 interrupted iterations
main   [  20% ] 0000/0100 VUs  0m24.0s/2m0s  50.00 iters/s

running (0m25.0s), 0000/0100 VUs, 1249 complete and 0 interrupted iterations
main   [  21% ] 0000/0100 VUs  0m25.0s/2m0s  50.00 iters/s

running (0m26.0s), 0000/0100 VUs, 1299 complete and 0 interrupted iterations
main   [  22% ] 0000/0100 VUs  0m26.0s/2m0s  50.00 iters/s

running (0m27.0s), 0000/0100 VUs, 1349 complete and 0 interrupted iterations
main   [  22% ] 0000/0100 VUs  0m27.0s/2m0s  50.00 iters/s

running (0m28.0s), 0000/0100 VUs, 1399 complete and 0 interrupted iterations
main   [  23% ] 0000/0100 VUs  0m28.0s/2m0s  50.00 iters/s

running (0m29.0s), 0001/0100 VUs, 1448 complete and 0 interrupted iterations
main   [  24% ] 0001/0100 VUs  0m29.0s/2m0s  50.00 iters/s

running (0m30.0s), 0000/0100 VUs, 1499 complete and 0 interrupted iterations
main   [  25% ] 0000/0100 VUs  0m30.0s/2m0s  50.00 iters/s

running (0m31.0s), 0000/0100 VUs, 1549 complete and 0 interrupted iterations
main   [  26% ] 0000/0100 VUs  0m31.0s/2m0s  50.00 iters/s

running (0m32.0s), 0000/0100 VUs, 1599 complete and 0 interrupted iterations
main   [  27% ] 0000/0100 VUs  0m32.0s/2m0s  50.00 iters/s

running (0m33.0s), 0001/0100 VUs, 1648 complete and 0 interrupted iterations
main   [  27% ] 0001/0100 VUs  0m33.0s/2m0s  50.00 iters/s

running (0m34.0s), 0000/0100 VUs, 1699 complete and 0 interrupted iterations
main   [  28% ] 0000/0100 VUs  0m34.0s/2m0s  50.00 iters/s

running (0m35.0s), 0001/0100 VUs, 1749 complete and 0 interrupted iterations
main   [  29% ] 0001/0100 VUs  0m35.0s/2m0s  50.00 iters/s

running (0m36.0s), 0001/0100 VUs, 1799 complete and 0 interrupted iterations
main   [  30% ] 0001/0100 VUs  0m36.0s/2m0s  50.00 iters/s

running (0m37.0s), 0000/0100 VUs, 1849 complete and 0 interrupted iterations
main   [  31% ] 0000/0100 VUs  0m37.0s/2m0s  50.00 iters/s

running (0m38.0s), 0000/0100 VUs, 1899 complete and 0 interrupted iterations
main   [  32% ] 0000/0100 VUs  0m38.0s/2m0s  50.00 iters/s

running (0m39.0s), 0000/0100 VUs, 1949 complete and 0 interrupted iterations
main   [  32% ] 0000/0100 VUs  0m39.0s/2m0s  50.00 iters/s

running (0m40.0s), 0000/0100 VUs, 1999 complete and 0 interrupted iterations
main   [  33% ] 0000/0100 VUs  0m40.0s/2m0s  50.00 iters/s

running (0m41.0s), 0000/0100 VUs, 2049 complete and 0 interrupted iterations
main   [  34% ] 0000/0100 VUs  0m41.0s/2m0s  50.00 iters/s

running (0m42.0s), 0000/0100 VUs, 2099 complete and 0 interrupted iterations
main   [  35% ] 0000/0100 VUs  0m42.0s/2m0s  50.00 iters/s

running (0m43.0s), 0000/0100 VUs, 2149 complete and 0 interrupted iterations
main   [  36% ] 0000/0100 VUs  0m43.0s/2m0s  50.00 iters/s

running (0m44.0s), 0000/0100 VUs, 2199 complete and 0 interrupted iterations
main   [  37% ] 0000/0100 VUs  0m44.0s/2m0s  50.00 iters/s

running (0m45.0s), 0000/0100 VUs, 2249 complete and 0 interrupted iterations
main   [  37% ] 0000/0100 VUs  0m45.0s/2m0s  50.00 iters/s

running (0m46.0s), 0000/0100 VUs, 2299 complete and 0 interrupted iterations
main   [  38% ] 0000/0100 VUs  0m46.0s/2m0s  50.00 iters/s

running (0m47.0s), 0000/0100 VUs, 2349 complete and 0 interrupted iterations
main   [  39% ] 0000/0100 VUs  0m47.0s/2m0s  50.00 iters/s

running (0m48.0s), 0001/0100 VUs, 2398 complete and 0 interrupted iterations
main   [  40% ] 0001/0100 VUs  0m48.0s/2m0s  50.00 iters/s

running (0m49.0s), 0000/0100 VUs, 2449 complete and 0 interrupted iterations
main   [  41% ] 0000/0100 VUs  0m49.0s/2m0s  50.00 iters/s

running (0m50.0s), 0000/0100 VUs, 2499 complete and 0 interrupted iterations
main   [  42% ] 0000/0100 VUs  0m50.0s/2m0s  50.00 iters/s

running (0m51.0s), 0000/0100 VUs, 2549 complete and 0 interrupted iterations
main   [  42% ] 0000/0100 VUs  0m51.0s/2m0s  50.00 iters/s

running (0m52.0s), 0001/0100 VUs, 2599 complete and 0 interrupted iterations
main   [  43% ] 0001/0100 VUs  0m52.0s/2m0s  50.00 iters/s

running (0m53.0s), 0000/0100 VUs, 2649 complete and 0 interrupted iterations
main   [  44% ] 0000/0100 VUs  0m53.0s/2m0s  50.00 iters/s

running (0m54.0s), 0000/0100 VUs, 2699 complete and 0 interrupted iterations
main   [  45% ] 0000/0100 VUs  0m54.0s/2m0s  50.00 iters/s

running (0m55.0s), 0000/0100 VUs, 2749 complete and 0 interrupted iterations
main   [  46% ] 0000/0100 VUs  0m55.0s/2m0s  50.00 iters/s

running (0m56.0s), 0000/0100 VUs, 2799 complete and 0 interrupted iterations
main   [  47% ] 0000/0100 VUs  0m56.0s/2m0s  50.00 iters/s

running (0m57.0s), 0000/0100 VUs, 2849 complete and 0 interrupted iterations
main   [  47% ] 0000/0100 VUs  0m57.0s/2m0s  50.00 iters/s

running (0m58.0s), 0000/0100 VUs, 2899 complete and 0 interrupted iterations
main   [  48% ] 0000/0100 VUs  0m58.0s/2m0s  50.00 iters/s

running (0m59.0s), 0000/0100 VUs, 2949 complete and 0 interrupted iterations
main   [  49% ] 0000/0100 VUs  0m59.0s/2m0s  50.00 iters/s

running (1m00.0s), 0001/0100 VUs, 2998 complete and 0 interrupted iterations
main   [  50% ] 0001/0100 VUs  1m00.0s/2m0s  50.00 iters/s

running (1m01.0s), 0000/0100 VUs, 3049 complete and 0 interrupted iterations
main   [  51% ] 0000/0100 VUs  1m01.0s/2m0s  50.00 iters/s

running (1m02.0s), 0000/0100 VUs, 3099 complete and 0 interrupted iterations
main   [  52% ] 0000/0100 VUs  1m02.0s/2m0s  50.00 iters/s

running (1m03.0s), 0000/0100 VUs, 3149 complete and 0 interrupted iterations
main   [  52% ] 0000/0100 VUs  1m03.0s/2m0s  50.00 iters/s

running (1m04.0s), 0000/0100 VUs, 3199 complete and 0 interrupted iterations
main   [  53% ] 0000/0100 VUs  1m04.0s/2m0s  50.00 iters/s

running (1m05.0s), 0000/0100 VUs, 3249 complete and 0 interrupted iterations
main   [  54% ] 0000/0100 VUs  1m05.0s/2m0s  50.00 iters/s

running (1m06.0s), 0000/0100 VUs, 3299 complete and 0 interrupted iterations
main   [  55% ] 0000/0100 VUs  1m06.0s/2m0s  50.00 iters/s

running (1m07.0s), 0000/0100 VUs, 3349 complete and 0 interrupted iterations
main   [  56% ] 0000/0100 VUs  1m07.0s/2m0s  50.00 iters/s

running (1m08.0s), 0000/0100 VUs, 3399 complete and 0 interrupted iterations
main   [  57% ] 0000/0100 VUs  1m08.0s/2m0s  50.00 iters/s

running (1m09.0s), 0002/0100 VUs, 3448 complete and 0 interrupted iterations
main   [  57% ] 0002/0100 VUs  1m09.0s/2m0s  50.00 iters/s

running (1m10.0s), 0000/0100 VUs, 3499 complete and 0 interrupted iterations
main   [  58% ] 0000/0100 VUs  1m10.0s/2m0s  50.00 iters/s

running (1m11.0s), 0000/0100 VUs, 3549 complete and 0 interrupted iterations
main   [  59% ] 0000/0100 VUs  1m11.0s/2m0s  50.00 iters/s

running (1m12.0s), 0000/0100 VUs, 3599 complete and 0 interrupted iterations
main   [  60% ] 0000/0100 VUs  1m12.0s/2m0s  50.00 iters/s

running (1m13.0s), 0000/0100 VUs, 3649 complete and 0 interrupted iterations
main   [  61% ] 0000/0100 VUs  1m13.0s/2m0s  50.00 iters/s

running (1m14.0s), 0000/0100 VUs, 3699 complete and 0 interrupted iterations
main   [  62% ] 0000/0100 VUs  1m14.0s/2m0s  50.00 iters/s

running (1m15.0s), 0000/0100 VUs, 3749 complete and 0 interrupted iterations
main   [  62% ] 0000/0100 VUs  1m15.0s/2m0s  50.00 iters/s

running (1m16.0s), 0000/0100 VUs, 3799 complete and 0 interrupted iterations
main   [  63% ] 0000/0100 VUs  1m16.0s/2m0s  50.00 iters/s

running (1m17.0s), 0000/0100 VUs, 3849 complete and 0 interrupted iterations
main   [  64% ] 0000/0100 VUs  1m17.0s/2m0s  50.00 iters/s

running (1m18.0s), 0000/0100 VUs, 3899 complete and 0 interrupted iterations
main   [  65% ] 0000/0100 VUs  1m18.0s/2m0s  50.00 iters/s

running (1m19.0s), 0000/0100 VUs, 3949 complete and 0 interrupted iterations
main   [  66% ] 0000/0100 VUs  1m19.0s/2m0s  50.00 iters/s

running (1m20.0s), 0000/0100 VUs, 3999 complete and 0 interrupted iterations
main   [  67% ] 0000/0100 VUs  1m20.0s/2m0s  50.00 iters/s

running (1m21.0s), 0000/0100 VUs, 4049 complete and 0 interrupted iterations
main   [  67% ] 0000/0100 VUs  1m21.0s/2m0s  50.00 iters/s

running (1m22.0s), 0000/0100 VUs, 4099 complete and 0 interrupted iterations
main   [  68% ] 0000/0100 VUs  1m22.0s/2m0s  50.00 iters/s

running (1m23.0s), 0000/0100 VUs, 4149 complete and 0 interrupted iterations
main   [  69% ] 0000/0100 VUs  1m23.0s/2m0s  50.00 iters/s

running (1m24.0s), 0000/0100 VUs, 4199 complete and 0 interrupted iterations
main   [  70% ] 0000/0100 VUs  1m24.0s/2m0s  50.00 iters/s

running (1m25.0s), 0000/0100 VUs, 4249 complete and 0 interrupted iterations
main   [  71% ] 0000/0100 VUs  1m25.0s/2m0s  50.00 iters/s

running (1m26.0s), 0000/0100 VUs, 4299 complete and 0 interrupted iterations
main   [  72% ] 0000/0100 VUs  1m26.0s/2m0s  50.00 iters/s

running (1m27.0s), 0000/0100 VUs, 4349 complete and 0 interrupted iterations
main   [  72% ] 0000/0100 VUs  1m27.0s/2m0s  50.00 iters/s

running (1m28.0s), 0001/0100 VUs, 4399 complete and 0 interrupted iterations
main   [  73% ] 0001/0100 VUs  1m28.0s/2m0s  50.00 iters/s

running (1m29.0s), 0001/0100 VUs, 4449 complete and 0 interrupted iterations
main   [  74% ] 0001/0100 VUs  1m29.0s/2m0s  50.00 iters/s

running (1m30.0s), 0000/0100 VUs, 4499 complete and 0 interrupted iterations
main   [  75% ] 0000/0100 VUs  1m30.0s/2m0s  50.00 iters/s

running (1m31.0s), 0001/0100 VUs, 4549 complete and 0 interrupted iterations
main   [  76% ] 0001/0100 VUs  1m31.0s/2m0s  50.00 iters/s

running (1m32.0s), 0000/0100 VUs, 4599 complete and 0 interrupted iterations
main   [  77% ] 0000/0100 VUs  1m32.0s/2m0s  50.00 iters/s

running (1m33.0s), 0001/0100 VUs, 4649 complete and 0 interrupted iterations
main   [  77% ] 0001/0100 VUs  1m33.0s/2m0s  50.00 iters/s

running (1m34.0s), 0000/0100 VUs, 4699 complete and 0 interrupted iterations
main   [  78% ] 0000/0100 VUs  1m34.0s/2m0s  50.00 iters/s

running (1m35.0s), 0000/0100 VUs, 4749 complete and 0 interrupted iterations
main   [  79% ] 0000/0100 VUs  1m35.0s/2m0s  50.00 iters/s

running (1m36.0s), 0000/0100 VUs, 4799 complete and 0 interrupted iterations
main   [  80% ] 0000/0100 VUs  1m36.0s/2m0s  50.00 iters/s

running (1m37.0s), 0000/0100 VUs, 4849 complete and 0 interrupted iterations
main   [  81% ] 0000/0100 VUs  1m37.0s/2m0s  50.00 iters/s

running (1m38.0s), 0000/0100 VUs, 4899 complete and 0 interrupted iterations
main   [  82% ] 0000/0100 VUs  1m38.0s/2m0s  50.00 iters/s

running (1m39.0s), 0000/0100 VUs, 4949 complete and 0 interrupted iterations
main   [  82% ] 0000/0100 VUs  1m39.0s/2m0s  50.00 iters/s

running (1m40.0s), 0001/0100 VUs, 4999 complete and 0 interrupted iterations
main   [  83% ] 0001/0100 VUs  1m40.0s/2m0s  50.00 iters/s

running (1m41.0s), 0000/0100 VUs, 5049 complete and 0 interrupted iterations
main   [  84% ] 0000/0100 VUs  1m41.0s/2m0s  50.00 iters/s

running (1m42.0s), 0000/0100 VUs, 5099 complete and 0 interrupted iterations
main   [  85% ] 0000/0100 VUs  1m42.0s/2m0s  50.00 iters/s

running (1m43.0s), 0001/0100 VUs, 5149 complete and 0 interrupted iterations
main   [  86% ] 0001/0100 VUs  1m43.0s/2m0s  50.00 iters/s

running (1m44.0s), 0000/0100 VUs, 5199 complete and 0 interrupted iterations
main   [  87% ] 0000/0100 VUs  1m44.0s/2m0s  50.00 iters/s

running (1m45.0s), 0000/0100 VUs, 5249 complete and 0 interrupted iterations
main   [  87% ] 0000/0100 VUs  1m45.0s/2m0s  50.00 iters/s

running (1m46.0s), 0000/0100 VUs, 5299 complete and 0 interrupted iterations
main   [  88% ] 0000/0100 VUs  1m46.0s/2m0s  50.00 iters/s

running (1m47.0s), 0001/0100 VUs, 5349 complete and 0 interrupted iterations
main   [  89% ] 0001/0100 VUs  1m47.0s/2m0s  50.00 iters/s

running (1m48.0s), 0000/0100 VUs, 5399 complete and 0 interrupted iterations
main   [  90% ] 0000/0100 VUs  1m48.0s/2m0s  50.00 iters/s

running (1m49.0s), 0000/0100 VUs, 5449 complete and 0 interrupted iterations
main   [  91% ] 0000/0100 VUs  1m49.0s/2m0s  50.00 iters/s

running (1m50.0s), 0000/0100 VUs, 5499 complete and 0 interrupted iterations
main   [  92% ] 0000/0100 VUs  1m50.0s/2m0s  50.00 iters/s

running (1m51.0s), 0000/0100 VUs, 5549 complete and 0 interrupted iterations
main   [  92% ] 0000/0100 VUs  1m51.0s/2m0s  50.00 iters/s

running (1m52.0s), 0001/0100 VUs, 5599 complete and 0 interrupted iterations
main   [  93% ] 0001/0100 VUs  1m52.0s/2m0s  50.00 iters/s

running (1m53.0s), 0000/0100 VUs, 5649 complete and 0 interrupted iterations
main   [  94% ] 0000/0100 VUs  1m53.0s/2m0s  50.00 iters/s

running (1m54.0s), 0000/0100 VUs, 5699 complete and 0 interrupted iterations
main   [  95% ] 0000/0100 VUs  1m54.0s/2m0s  50.00 iters/s

running (1m55.0s), 0000/0100 VUs, 5749 complete and 0 interrupted iterations
main   [  96% ] 0000/0100 VUs  1m55.0s/2m0s  50.00 iters/s

running (1m56.0s), 0000/0100 VUs, 5799 complete and 0 interrupted iterations
main   [  97% ] 0000/0100 VUs  1m56.0s/2m0s  50.00 iters/s

running (1m57.0s), 0000/0100 VUs, 5849 complete and 0 interrupted iterations
main   [  97% ] 0000/0100 VUs  1m57.0s/2m0s  50.00 iters/s

running (1m58.0s), 0001/0100 VUs, 5899 complete and 0 interrupted iterations
main   [  98% ] 0001/0100 VUs  1m58.0s/2m0s  50.00 iters/s

running (1m59.0s), 0000/0100 VUs, 5949 complete and 0 interrupted iterations
main   [  99% ] 0000/0100 VUs  1m59.0s/2m0s  50.00 iters/s

running (2m00.0s), 0000/0100 VUs, 5999 complete and 0 interrupted iterations
main   [ 100% ] 0000/0100 VUs  2m00.0s/2m0s  50.00 iters/s

running (2m00.0s), 0000/0100 VUs, 6001 complete and 0 interrupted iterations
main ✓ [ 100% ] 0000/0100 VUs  2m0s  50.00 iters/s
  Repeat 1 complete. Results in results/a-join-rtt1500-r50-rep1-1781135955.json
=== Cell complete: 1 repeat(s) for a/join rtt=1500us ===

[campaign] (11) cell: a|seq|1500|50|-|-
=== Cell: scenario=a style=seq rtt=1500us rate=50rps duration=2m scale=full repeats=1 ===
[1/4] Setting netem delay 1500us...
Setting netem delay 1500us on lab-mysql eth0...
time="2026-06-11T09:01:16+09:00" level=warning msg="/Users/rene/rdb-join-lab/docker-compose.yml: the attribute `version` is obsolete, it will be ignored, please remove it to avoid potential confusion"
Current qdisc:
time="2026-06-11T09:01:16+09:00" level=warning msg="/Users/rene/rdb-join-lab/docker-compose.yml: the attribute `version` is obsolete, it will be ignored, please remove it to avoid potential confusion"
qdisc netem 8013: root refcnt 7 limit 1000 delay 1.5ms seed 3367515820585498510
[2/4] Warming InnoDB buffer pool...
=== Step 1: Warm-up queries (priming buffer pool, ~10% of full scale) ===
COUNT(*)
3401538
COUNT(*)
975720
COUNT(*)
8680188
COUNT(*)
10000
Warm-up queries complete.
=== Step 2: Triggering InnoDB buffer pool dump ===
time="2026-06-11T09:01:18+09:00" level=warning msg="/Users/rene/rdb-join-lab/docker-compose.yml: the attribute `version` is obsolete, it will be ignored, please remove it to avoid potential confusion"
mysql: [Warning] Using a password on the command line interface can be insecure.
Polling dump status (timeout 300s)...
  [0s] Dump status: Buffer pool(s) dump completed at 260611  0:01:18
Buffer pool dump completed.
=== Step 3: Triggering InnoDB buffer pool load ===
time="2026-06-11T09:01:18+09:00" level=warning msg="/Users/rene/rdb-join-lab/docker-compose.yml: the attribute `version` is obsolete, it will be ignored, please remove it to avoid potential confusion"
mysql: [Warning] Using a password on the command line interface can be insecure.
Polling load status (timeout 300s)...
  [0s] Load status: Loaded 161793/188400 pages
  [5s] Load status: Buffer pool(s) load completed at 260611  0:01:18
Buffer pool load completed.
=== Step 3b: Capturing post-load snapshot for warm-state gate ===
COUNT(*)
1210063
COUNT(*)
8680188
COUNT(*)
10000
Re-verification queries complete.
=== Step 4: Warm-state gate (physical reads < 0.01, post-load window) ===
  Post-load reverify window: physical reads delta: 0 / 22857 = 0.0
  (Pre-warmup baseline: 9539 / 873399883, for reference)
  Warm-state gate PASSED.
=== Step 5: ANALYZE TABLE ===
Table	Op	Msg_type	Msg_text
lab.coupon_policy	analyze	status	OK
lab.member	analyze	status	OK
lab.coupon_issue	analyze	status	OK
ANALYZE TABLE complete.
=== Step 5b: Capturing InnoDB engine status (AHI verification) ===
  InnoDB status captured: results/innodb-status-1781136085.txt
  AHI indicator: INSERT BUFFER AND ADAPTIVE HASH INDEX
0.00 hash searches/s, 117.00 non-hash searches/s
=== Step 5c: EXPLAIN Scenario B ORDER BY id ASC (filesort check) ===
  WARNING: EXPLAIN shows 'Using filesort' for Scenario B ORDER BY id ASC query.
  Expected idx_issue_member_id to cover ORDER BY — check index creation in schema.sql.
  EXPLAIN output:
1	SIMPLE	coupon_issue	NULL	ref	idx_issue_member_status,idx_issue_member_id	idx_issue_member_status	8	const	1209	100.00	Using filesort
[3/4] Dual calibration (nominal=1500us)...
  [held conn] calibrate n=10000...
{
    "n": 10000,
    "min": 1559,
    "p50": 2332,
    "p95": 2468,
    "p99": 2600,
    "max": 14126
}
  [per checkout] calibrate/loaded n=10000...
{
    "n": 10000,
    "min": 1557,
    "p50": 2338,
    "p95": 2503,
    "p99": 2645,
    "max": 15995
}
Running dual calibration probe (n=10000 held + n=10000 loaded)...
=== held (pure wire RTT) ===
{
    "n": 10000,
    "min": 1552,
    "p50": 2330,
    "p95": 2455,
    "p99": 2596,
    "max": 3740
}
=== loaded (wire RTT + pool checkout) ===
{
    "n": 10000,
    "min": 1556,
    "p50": 2336,
    "p95": 2468,
    "p99": 2607,
    "max": 23096
}

Appended dual record to results/calibration.jsonl: {"held": {"n": 10000, "min": 1552, "p50": 2330, "p95": 2455, "p99": 2596, "max": 3740}, "loaded": {"n": 10000, "min": 1556, "p50": 2336, "p95": 2468, "p99": 2607, "max": 23096}, "timestamp": "2026-06-11T00:02:54Z", "nominal_delay_us": 1500}
[4/1] Running k6 repeat 1/1 (output -> results/a-seq-rtt1500-r50-rep1-1781136174.json)...
time="2026-06-11T09:02:54+09:00" level=warning msg="/Users/rene/rdb-join-lab/docker-compose.yml: the attribute `version` is obsolete, it will be ignored, please remove it to avoid potential confusion"

         /\      Grafana   /‾‾/  
    /\  /  \     |\  __   /  /   
   /  \/    \    | |/ /  /   ‾‾\ 
  /          \   |   (  |  (‾)  |
 / __________ \  |_|\_\  \_____/ 


     execution: local
        script: /scripts/scenario.js
        output: -

     scenarios: (100.00%) 1 scenario, 1000 max VUs, 2m30s max duration (incl. graceful stop):
              * main: 50.00 iterations/s for 2m0s (maxVUs: 100-1000, gracefulStop: 30s)


running (0m01.0s), 0001/0100 VUs, 49 complete and 0 interrupted iterations
main   [   1% ] 0001/0100 VUs  0m01.0s/2m0s  50.00 iters/s

running (0m02.0s), 0001/0100 VUs, 99 complete and 0 interrupted iterations
main   [   2% ] 0001/0100 VUs  0m02.0s/2m0s  50.00 iters/s

running (0m03.0s), 0001/0100 VUs, 149 complete and 0 interrupted iterations
main   [   2% ] 0001/0100 VUs  0m03.0s/2m0s  50.00 iters/s

running (0m04.0s), 0001/0100 VUs, 199 complete and 0 interrupted iterations
main   [   3% ] 0001/0100 VUs  0m04.0s/2m0s  50.00 iters/s

running (0m05.0s), 0001/0100 VUs, 249 complete and 0 interrupted iterations
main   [   4% ] 0001/0100 VUs  0m05.0s/2m0s  50.00 iters/s

running (0m06.0s), 0001/0100 VUs, 299 complete and 0 interrupted iterations
main   [   5% ] 0001/0100 VUs  0m06.0s/2m0s  50.00 iters/s

running (0m07.0s), 0001/0100 VUs, 349 complete and 0 interrupted iterations
main   [   6% ] 0001/0100 VUs  0m07.0s/2m0s  50.00 iters/s

running (0m08.0s), 0001/0100 VUs, 399 complete and 0 interrupted iterations
main   [   7% ] 0001/0100 VUs  0m08.0s/2m0s  50.00 iters/s

running (0m09.0s), 0001/0100 VUs, 449 complete and 0 interrupted iterations
main   [   7% ] 0001/0100 VUs  0m09.0s/2m0s  50.00 iters/s

running (0m10.0s), 0001/0100 VUs, 499 complete and 0 interrupted iterations
main   [   8% ] 0001/0100 VUs  0m10.0s/2m0s  50.00 iters/s

running (0m11.0s), 0001/0100 VUs, 549 complete and 0 interrupted iterations
main   [   9% ] 0001/0100 VUs  0m11.0s/2m0s  50.00 iters/s

running (0m12.0s), 0001/0100 VUs, 599 complete and 0 interrupted iterations
main   [  10% ] 0001/0100 VUs  0m12.0s/2m0s  50.00 iters/s

running (0m13.0s), 0001/0100 VUs, 649 complete and 0 interrupted iterations
main   [  11% ] 0001/0100 VUs  0m13.0s/2m0s  50.00 iters/s

running (0m14.0s), 0001/0100 VUs, 699 complete and 0 interrupted iterations
main   [  12% ] 0001/0100 VUs  0m14.0s/2m0s  50.00 iters/s

running (0m15.0s), 0001/0100 VUs, 749 complete and 0 interrupted iterations
main   [  12% ] 0001/0100 VUs  0m15.0s/2m0s  50.00 iters/s

running (0m16.0s), 0001/0100 VUs, 799 complete and 0 interrupted iterations
main   [  13% ] 0001/0100 VUs  0m16.0s/2m0s  50.00 iters/s

running (0m17.0s), 0001/0100 VUs, 849 complete and 0 interrupted iterations
main   [  14% ] 0001/0100 VUs  0m17.0s/2m0s  50.00 iters/s

running (0m18.0s), 0001/0100 VUs, 899 complete and 0 interrupted iterations
main   [  15% ] 0001/0100 VUs  0m18.0s/2m0s  50.00 iters/s

running (0m19.0s), 0001/0100 VUs, 949 complete and 0 interrupted iterations
main   [  16% ] 0001/0100 VUs  0m19.0s/2m0s  50.00 iters/s

running (0m20.0s), 0001/0100 VUs, 999 complete and 0 interrupted iterations
main   [  17% ] 0001/0100 VUs  0m20.0s/2m0s  50.00 iters/s

running (0m21.0s), 0001/0100 VUs, 1049 complete and 0 interrupted iterations
main   [  17% ] 0001/0100 VUs  0m21.0s/2m0s  50.00 iters/s

running (0m22.0s), 0001/0100 VUs, 1099 complete and 0 interrupted iterations
main   [  18% ] 0001/0100 VUs  0m22.0s/2m0s  50.00 iters/s

running (0m23.0s), 0001/0100 VUs, 1149 complete and 0 interrupted iterations
main   [  19% ] 0001/0100 VUs  0m23.0s/2m0s  50.00 iters/s

running (0m24.0s), 0001/0100 VUs, 1199 complete and 0 interrupted iterations
main   [  20% ] 0001/0100 VUs  0m24.0s/2m0s  50.00 iters/s

running (0m25.0s), 0001/0100 VUs, 1249 complete and 0 interrupted iterations
main   [  21% ] 0001/0100 VUs  0m25.0s/2m0s  50.00 iters/s

running (0m26.0s), 0001/0100 VUs, 1299 complete and 0 interrupted iterations
main   [  22% ] 0001/0100 VUs  0m26.0s/2m0s  50.00 iters/s

running (0m27.0s), 0001/0100 VUs, 1349 complete and 0 interrupted iterations
main   [  22% ] 0001/0100 VUs  0m27.0s/2m0s  50.00 iters/s

running (0m28.0s), 0001/0100 VUs, 1399 complete and 0 interrupted iterations
main   [  23% ] 0001/0100 VUs  0m28.0s/2m0s  50.00 iters/s

running (0m29.0s), 0001/0100 VUs, 1449 complete and 0 interrupted iterations
main   [  24% ] 0001/0100 VUs  0m29.0s/2m0s  50.00 iters/s

running (0m30.0s), 0001/0100 VUs, 1499 complete and 0 interrupted iterations
main   [  25% ] 0001/0100 VUs  0m30.0s/2m0s  50.00 iters/s

running (0m31.0s), 0001/0100 VUs, 1549 complete and 0 interrupted iterations
main   [  26% ] 0001/0100 VUs  0m31.0s/2m0s  50.00 iters/s

running (0m32.0s), 0001/0100 VUs, 1599 complete and 0 interrupted iterations
main   [  27% ] 0001/0100 VUs  0m32.0s/2m0s  50.00 iters/s

running (0m33.0s), 0001/0100 VUs, 1649 complete and 0 interrupted iterations
main   [  27% ] 0001/0100 VUs  0m33.0s/2m0s  50.00 iters/s

running (0m34.0s), 0001/0100 VUs, 1699 complete and 0 interrupted iterations
main   [  28% ] 0001/0100 VUs  0m34.0s/2m0s  50.00 iters/s

running (0m35.0s), 0001/0100 VUs, 1749 complete and 0 interrupted iterations
main   [  29% ] 0001/0100 VUs  0m35.0s/2m0s  50.00 iters/s

running (0m36.0s), 0001/0100 VUs, 1799 complete and 0 interrupted iterations
main   [  30% ] 0001/0100 VUs  0m36.0s/2m0s  50.00 iters/s

running (0m37.0s), 0001/0100 VUs, 1849 complete and 0 interrupted iterations
main   [  31% ] 0001/0100 VUs  0m37.0s/2m0s  50.00 iters/s

running (0m38.0s), 0001/0100 VUs, 1899 complete and 0 interrupted iterations
main   [  32% ] 0001/0100 VUs  0m38.0s/2m0s  50.00 iters/s

running (0m39.0s), 0001/0100 VUs, 1949 complete and 0 interrupted iterations
main   [  32% ] 0001/0100 VUs  0m39.0s/2m0s  50.00 iters/s

running (0m40.0s), 0001/0100 VUs, 1999 complete and 0 interrupted iterations
main   [  33% ] 0001/0100 VUs  0m40.0s/2m0s  50.00 iters/s

running (0m41.0s), 0001/0100 VUs, 2049 complete and 0 interrupted iterations
main   [  34% ] 0001/0100 VUs  0m41.0s/2m0s  50.00 iters/s

running (0m42.0s), 0001/0100 VUs, 2099 complete and 0 interrupted iterations
main   [  35% ] 0001/0100 VUs  0m42.0s/2m0s  50.00 iters/s

running (0m43.0s), 0001/0100 VUs, 2149 complete and 0 interrupted iterations
main   [  36% ] 0001/0100 VUs  0m43.0s/2m0s  50.00 iters/s

running (0m44.0s), 0001/0100 VUs, 2199 complete and 0 interrupted iterations
main   [  37% ] 0001/0100 VUs  0m44.0s/2m0s  50.00 iters/s

running (0m45.0s), 0001/0100 VUs, 2249 complete and 0 interrupted iterations
main   [  37% ] 0001/0100 VUs  0m45.0s/2m0s  50.00 iters/s

running (0m46.0s), 0001/0100 VUs, 2299 complete and 0 interrupted iterations
main   [  38% ] 0001/0100 VUs  0m46.0s/2m0s  50.00 iters/s

running (0m47.0s), 0001/0100 VUs, 2349 complete and 0 interrupted iterations
main   [  39% ] 0001/0100 VUs  0m47.0s/2m0s  50.00 iters/s

running (0m48.0s), 0001/0100 VUs, 2399 complete and 0 interrupted iterations
main   [  40% ] 0001/0100 VUs  0m48.0s/2m0s  50.00 iters/s

running (0m49.0s), 0001/0100 VUs, 2449 complete and 0 interrupted iterations
main   [  41% ] 0001/0100 VUs  0m49.0s/2m0s  50.00 iters/s

running (0m50.0s), 0001/0100 VUs, 2499 complete and 0 interrupted iterations
main   [  42% ] 0001/0100 VUs  0m50.0s/2m0s  50.00 iters/s

running (0m51.0s), 0001/0100 VUs, 2549 complete and 0 interrupted iterations
main   [  42% ] 0001/0100 VUs  0m51.0s/2m0s  50.00 iters/s

running (0m52.0s), 0001/0100 VUs, 2599 complete and 0 interrupted iterations
main   [  43% ] 0001/0100 VUs  0m52.0s/2m0s  50.00 iters/s

running (0m53.0s), 0001/0100 VUs, 2649 complete and 0 interrupted iterations
main   [  44% ] 0001/0100 VUs  0m53.0s/2m0s  50.00 iters/s

running (0m54.0s), 0001/0100 VUs, 2699 complete and 0 interrupted iterations
main   [  45% ] 0001/0100 VUs  0m54.0s/2m0s  50.00 iters/s

running (0m55.0s), 0001/0100 VUs, 2749 complete and 0 interrupted iterations
main   [  46% ] 0001/0100 VUs  0m55.0s/2m0s  50.00 iters/s

running (0m56.0s), 0001/0100 VUs, 2799 complete and 0 interrupted iterations
main   [  47% ] 0001/0100 VUs  0m56.0s/2m0s  50.00 iters/s

running (0m57.0s), 0001/0100 VUs, 2849 complete and 0 interrupted iterations
main   [  47% ] 0001/0100 VUs  0m57.0s/2m0s  50.00 iters/s

running (0m58.0s), 0001/0100 VUs, 2899 complete and 0 interrupted iterations
main   [  48% ] 0001/0100 VUs  0m58.0s/2m0s  50.00 iters/s

running (0m59.0s), 0001/0100 VUs, 2949 complete and 0 interrupted iterations
main   [  49% ] 0001/0100 VUs  0m59.0s/2m0s  50.00 iters/s

running (1m00.0s), 0001/0100 VUs, 2999 complete and 0 interrupted iterations
main   [  50% ] 0001/0100 VUs  1m00.0s/2m0s  50.00 iters/s

running (1m01.0s), 0001/0100 VUs, 3049 complete and 0 interrupted iterations
main   [  51% ] 0001/0100 VUs  1m01.0s/2m0s  50.00 iters/s

running (1m02.0s), 0001/0100 VUs, 3099 complete and 0 interrupted iterations
main   [  52% ] 0001/0100 VUs  1m02.0s/2m0s  50.00 iters/s

running (1m03.0s), 0001/0100 VUs, 3149 complete and 0 interrupted iterations
main   [  52% ] 0001/0100 VUs  1m03.0s/2m0s  50.00 iters/s

running (1m04.0s), 0001/0100 VUs, 3199 complete and 0 interrupted iterations
main   [  53% ] 0001/0100 VUs  1m04.0s/2m0s  50.00 iters/s

running (1m05.0s), 0001/0100 VUs, 3249 complete and 0 interrupted iterations
main   [  54% ] 0001/0100 VUs  1m05.0s/2m0s  50.00 iters/s

running (1m06.0s), 0001/0100 VUs, 3299 complete and 0 interrupted iterations
main   [  55% ] 0001/0100 VUs  1m06.0s/2m0s  50.00 iters/s

running (1m07.0s), 0001/0100 VUs, 3349 complete and 0 interrupted iterations
main   [  56% ] 0001/0100 VUs  1m07.0s/2m0s  50.00 iters/s

running (1m08.0s), 0001/0100 VUs, 3399 complete and 0 interrupted iterations
main   [  57% ] 0001/0100 VUs  1m08.0s/2m0s  50.00 iters/s

running (1m09.0s), 0001/0100 VUs, 3449 complete and 0 interrupted iterations
main   [  57% ] 0001/0100 VUs  1m09.0s/2m0s  50.00 iters/s

running (1m10.0s), 0001/0100 VUs, 3499 complete and 0 interrupted iterations
main   [  58% ] 0001/0100 VUs  1m10.0s/2m0s  50.00 iters/s

running (1m11.0s), 0001/0100 VUs, 3549 complete and 0 interrupted iterations
main   [  59% ] 0001/0100 VUs  1m11.0s/2m0s  50.00 iters/s

running (1m12.0s), 0001/0100 VUs, 3599 complete and 0 interrupted iterations
main   [  60% ] 0001/0100 VUs  1m12.0s/2m0s  50.00 iters/s

running (1m13.0s), 0001/0100 VUs, 3649 complete and 0 interrupted iterations
main   [  61% ] 0001/0100 VUs  1m13.0s/2m0s  50.00 iters/s

running (1m14.0s), 0001/0100 VUs, 3699 complete and 0 interrupted iterations
main   [  62% ] 0001/0100 VUs  1m14.0s/2m0s  50.00 iters/s

running (1m15.0s), 0001/0100 VUs, 3749 complete and 0 interrupted iterations
main   [  62% ] 0001/0100 VUs  1m15.0s/2m0s  50.00 iters/s

running (1m16.0s), 0001/0100 VUs, 3799 complete and 0 interrupted iterations
main   [  63% ] 0001/0100 VUs  1m16.0s/2m0s  50.00 iters/s

running (1m17.0s), 0001/0100 VUs, 3849 complete and 0 interrupted iterations
main   [  64% ] 0001/0100 VUs  1m17.0s/2m0s  50.00 iters/s

running (1m18.0s), 0001/0100 VUs, 3899 complete and 0 interrupted iterations
main   [  65% ] 0001/0100 VUs  1m18.0s/2m0s  50.00 iters/s

running (1m19.0s), 0001/0100 VUs, 3949 complete and 0 interrupted iterations
main   [  66% ] 0001/0100 VUs  1m19.0s/2m0s  50.00 iters/s

running (1m20.0s), 0001/0100 VUs, 3999 complete and 0 interrupted iterations
main   [  67% ] 0001/0100 VUs  1m20.0s/2m0s  50.00 iters/s

running (1m21.0s), 0001/0100 VUs, 4049 complete and 0 interrupted iterations
main   [  67% ] 0001/0100 VUs  1m21.0s/2m0s  50.00 iters/s

running (1m22.0s), 0001/0100 VUs, 4099 complete and 0 interrupted iterations
main   [  68% ] 0001/0100 VUs  1m22.0s/2m0s  50.00 iters/s

running (1m23.0s), 0001/0100 VUs, 4149 complete and 0 interrupted iterations
main   [  69% ] 0001/0100 VUs  1m23.0s/2m0s  50.00 iters/s

running (1m24.0s), 0001/0100 VUs, 4199 complete and 0 interrupted iterations
main   [  70% ] 0001/0100 VUs  1m24.0s/2m0s  50.00 iters/s

running (1m25.0s), 0001/0100 VUs, 4249 complete and 0 interrupted iterations
main   [  71% ] 0001/0100 VUs  1m25.0s/2m0s  50.00 iters/s

running (1m26.0s), 0001/0100 VUs, 4299 complete and 0 interrupted iterations
main   [  72% ] 0001/0100 VUs  1m26.0s/2m0s  50.00 iters/s

running (1m27.0s), 0001/0100 VUs, 4349 complete and 0 interrupted iterations
main   [  72% ] 0001/0100 VUs  1m27.0s/2m0s  50.00 iters/s

running (1m28.0s), 0001/0100 VUs, 4399 complete and 0 interrupted iterations
main   [  73% ] 0001/0100 VUs  1m28.0s/2m0s  50.00 iters/s

running (1m29.0s), 0001/0100 VUs, 4449 complete and 0 interrupted iterations
main   [  74% ] 0001/0100 VUs  1m29.0s/2m0s  50.00 iters/s

running (1m30.0s), 0001/0100 VUs, 4499 complete and 0 interrupted iterations
main   [  75% ] 0001/0100 VUs  1m30.0s/2m0s  50.00 iters/s

running (1m31.0s), 0001/0100 VUs, 4549 complete and 0 interrupted iterations
main   [  76% ] 0001/0100 VUs  1m31.0s/2m0s  50.00 iters/s

running (1m32.0s), 0001/0100 VUs, 4599 complete and 0 interrupted iterations
main   [  77% ] 0001/0100 VUs  1m32.0s/2m0s  50.00 iters/s

running (1m33.0s), 0001/0100 VUs, 4649 complete and 0 interrupted iterations
main   [  77% ] 0001/0100 VUs  1m33.0s/2m0s  50.00 iters/s

running (1m34.0s), 0001/0100 VUs, 4699 complete and 0 interrupted iterations
main   [  78% ] 0001/0100 VUs  1m34.0s/2m0s  50.00 iters/s

running (1m35.0s), 0001/0100 VUs, 4749 complete and 0 interrupted iterations
main   [  79% ] 0001/0100 VUs  1m35.0s/2m0s  50.00 iters/s

running (1m36.0s), 0001/0100 VUs, 4799 complete and 0 interrupted iterations
main   [  80% ] 0001/0100 VUs  1m36.0s/2m0s  50.00 iters/s

running (1m37.0s), 0001/0100 VUs, 4849 complete and 0 interrupted iterations
main   [  81% ] 0001/0100 VUs  1m37.0s/2m0s  50.00 iters/s

running (1m38.0s), 0001/0100 VUs, 4899 complete and 0 interrupted iterations
main   [  82% ] 0001/0100 VUs  1m38.0s/2m0s  50.00 iters/s

running (1m39.0s), 0001/0100 VUs, 4949 complete and 0 interrupted iterations
main   [  82% ] 0001/0100 VUs  1m39.0s/2m0s  50.00 iters/s

running (1m40.0s), 0001/0100 VUs, 4999 complete and 0 interrupted iterations
main   [  83% ] 0001/0100 VUs  1m40.0s/2m0s  50.00 iters/s

running (1m41.0s), 0001/0100 VUs, 5049 complete and 0 interrupted iterations
main   [  84% ] 0001/0100 VUs  1m41.0s/2m0s  50.00 iters/s

running (1m42.0s), 0001/0100 VUs, 5099 complete and 0 interrupted iterations
main   [  85% ] 0001/0100 VUs  1m42.0s/2m0s  50.00 iters/s

running (1m43.0s), 0001/0100 VUs, 5149 complete and 0 interrupted iterations
main   [  86% ] 0001/0100 VUs  1m43.0s/2m0s  50.00 iters/s

running (1m44.0s), 0001/0100 VUs, 5199 complete and 0 interrupted iterations
main   [  87% ] 0001/0100 VUs  1m44.0s/2m0s  50.00 iters/s

running (1m45.0s), 0001/0100 VUs, 5249 complete and 0 interrupted iterations
main   [  87% ] 0001/0100 VUs  1m45.0s/2m0s  50.00 iters/s

running (1m46.0s), 0001/0100 VUs, 5299 complete and 0 interrupted iterations
main   [  88% ] 0001/0100 VUs  1m46.0s/2m0s  50.00 iters/s

running (1m47.0s), 0001/0100 VUs, 5349 complete and 0 interrupted iterations
main   [  89% ] 0001/0100 VUs  1m47.0s/2m0s  50.00 iters/s

running (1m48.0s), 0001/0100 VUs, 5399 complete and 0 interrupted iterations
main   [  90% ] 0001/0100 VUs  1m48.0s/2m0s  50.00 iters/s

running (1m49.0s), 0001/0100 VUs, 5449 complete and 0 interrupted iterations
main   [  91% ] 0001/0100 VUs  1m49.0s/2m0s  50.00 iters/s

running (1m50.0s), 0001/0100 VUs, 5499 complete and 0 interrupted iterations
main   [  92% ] 0001/0100 VUs  1m50.0s/2m0s  50.00 iters/s

running (1m51.0s), 0001/0100 VUs, 5549 complete and 0 interrupted iterations
main   [  92% ] 0001/0100 VUs  1m51.0s/2m0s  50.00 iters/s

running (1m52.0s), 0001/0100 VUs, 5599 complete and 0 interrupted iterations
main   [  93% ] 0001/0100 VUs  1m52.0s/2m0s  50.00 iters/s

running (1m53.0s), 0001/0100 VUs, 5649 complete and 0 interrupted iterations
main   [  94% ] 0001/0100 VUs  1m53.0s/2m0s  50.00 iters/s

running (1m54.0s), 0001/0100 VUs, 5699 complete and 0 interrupted iterations
main   [  95% ] 0001/0100 VUs  1m54.0s/2m0s  50.00 iters/s

running (1m55.0s), 0001/0100 VUs, 5749 complete and 0 interrupted iterations
main   [  96% ] 0001/0100 VUs  1m55.0s/2m0s  50.00 iters/s

running (1m56.0s), 0001/0100 VUs, 5799 complete and 0 interrupted iterations
main   [  97% ] 0001/0100 VUs  1m56.0s/2m0s  50.00 iters/s

running (1m57.0s), 0001/0100 VUs, 5849 complete and 0 interrupted iterations
main   [  97% ] 0001/0100 VUs  1m57.0s/2m0s  50.00 iters/s

running (1m58.0s), 0001/0100 VUs, 5899 complete and 0 interrupted iterations
main   [  98% ] 0001/0100 VUs  1m58.0s/2m0s  50.00 iters/s

running (1m59.0s), 0001/0100 VUs, 5949 complete and 0 interrupted iterations
main   [  99% ] 0001/0100 VUs  1m59.0s/2m0s  50.00 iters/s

running (2m00.0s), 0001/0100 VUs, 5999 complete and 0 interrupted iterations
main   [ 100% ] 0001/0100 VUs  2m00.0s/2m0s  50.00 iters/s

running (2m00.0s), 0000/0100 VUs, 6000 complete and 0 interrupted iterations
main ✓ [ 100% ] 0000/0100 VUs  2m0s  50.00 iters/s
  Repeat 1 complete. Results in results/a-seq-rtt1500-r50-rep1-1781136174.json
=== Cell complete: 1 repeat(s) for a/seq rtt=1500us ===

[campaign] (12) cell: a|jdbc-join|1500|50|-|-
=== Cell: scenario=a style=jdbc-join rtt=1500us rate=50rps duration=2m scale=full repeats=1 ===
[1/4] Setting netem delay 1500us...
Setting netem delay 1500us on lab-mysql eth0...
time="2026-06-11T09:04:55+09:00" level=warning msg="/Users/rene/rdb-join-lab/docker-compose.yml: the attribute `version` is obsolete, it will be ignored, please remove it to avoid potential confusion"
Current qdisc:
time="2026-06-11T09:04:55+09:00" level=warning msg="/Users/rene/rdb-join-lab/docker-compose.yml: the attribute `version` is obsolete, it will be ignored, please remove it to avoid potential confusion"
qdisc netem 8013: root refcnt 7 limit 1000 delay 1.5ms seed 6569540254768041755
[2/4] Warming InnoDB buffer pool...
=== Step 1: Warm-up queries (priming buffer pool, ~10% of full scale) ===
COUNT(*)
3401538
COUNT(*)
975720
COUNT(*)
8680188
COUNT(*)
10000
Warm-up queries complete.
=== Step 2: Triggering InnoDB buffer pool dump ===
time="2026-06-11T09:04:56+09:00" level=warning msg="/Users/rene/rdb-join-lab/docker-compose.yml: the attribute `version` is obsolete, it will be ignored, please remove it to avoid potential confusion"
mysql: [Warning] Using a password on the command line interface can be insecure.
Polling dump status (timeout 300s)...
  [0s] Dump status: Buffer pool(s) dump completed at 260611  0:04:56
Buffer pool dump completed.
=== Step 3: Triggering InnoDB buffer pool load ===
time="2026-06-11T09:04:56+09:00" level=warning msg="/Users/rene/rdb-join-lab/docker-compose.yml: the attribute `version` is obsolete, it will be ignored, please remove it to avoid potential confusion"
mysql: [Warning] Using a password on the command line interface can be insecure.
Polling load status (timeout 300s)...
  [0s] Load status: Buffer pool(s) load completed at 260611  0:04:57
Buffer pool load completed.
=== Step 3b: Capturing post-load snapshot for warm-state gate ===
COUNT(*)
1210063
COUNT(*)
8680188
COUNT(*)
10000
Re-verification queries complete.
=== Step 4: Warm-state gate (physical reads < 0.01, post-load window) ===
  Post-load reverify window: physical reads delta: 0 / 22857 = 0.0
  (Pre-warmup baseline: 9620 / 873507975, for reference)
  Warm-state gate PASSED.
=== Step 5: ANALYZE TABLE ===
Table	Op	Msg_type	Msg_text
lab.coupon_policy	analyze	status	OK
lab.member	analyze	status	OK
lab.coupon_issue	analyze	status	OK
ANALYZE TABLE complete.
=== Step 5b: Capturing InnoDB engine status (AHI verification) ===
  InnoDB status captured: results/innodb-status-1781136298.txt
  AHI indicator: INSERT BUFFER AND ADAPTIVE HASH INDEX
0.00 hash searches/s, 131.44 non-hash searches/s
=== Step 5c: EXPLAIN Scenario B ORDER BY id ASC (filesort check) ===
  WARNING: EXPLAIN shows 'Using filesort' for Scenario B ORDER BY id ASC query.
  Expected idx_issue_member_id to cover ORDER BY — check index creation in schema.sql.
  EXPLAIN output:
1	SIMPLE	coupon_issue	NULL	ref	idx_issue_member_status,idx_issue_member_id	idx_issue_member_status	8	const	1209	100.00	Using filesort
[3/4] Dual calibration (nominal=1500us)...
  [held conn] calibrate n=10000...
{
    "n": 10000,
    "min": 1559,
    "p50": 2394,
    "p95": 2661,
    "p99": 2889,
    "max": 24245
}
  [per checkout] calibrate/loaded n=10000...
{
    "n": 10000,
    "min": 1551,
    "p50": 2400,
    "p95": 2621,
    "p99": 2802,
    "max": 25816
}
Running dual calibration probe (n=10000 held + n=10000 loaded)...
=== held (pure wire RTT) ===
{
    "n": 10000,
    "min": 1564,
    "p50": 2395,
    "p95": 2603,
    "p99": 2749,
    "max": 28937
}
=== loaded (wire RTT + pool checkout) ===
{
    "n": 10000,
    "min": 1568,
    "p50": 2404,
    "p95": 2613,
    "p99": 2767,
    "max": 9033
}

Appended dual record to results/calibration.jsonl: {"held": {"n": 10000, "min": 1564, "p50": 2395, "p95": 2603, "p99": 2749, "max": 28937}, "loaded": {"n": 10000, "min": 1568, "p50": 2404, "p95": 2613, "p99": 2767, "max": 9033}, "timestamp": "2026-06-11T00:06:32Z", "nominal_delay_us": 1500}
[4/1] Running k6 repeat 1/1 (output -> results/a-jdbc-join-rtt1500-r50-rep1-1781136392.json)...
time="2026-06-11T09:06:32+09:00" level=warning msg="/Users/rene/rdb-join-lab/docker-compose.yml: the attribute `version` is obsolete, it will be ignored, please remove it to avoid potential confusion"

         /\      Grafana   /‾‾/  
    /\  /  \     |\  __   /  /   
   /  \/    \    | |/ /  /   ‾‾\ 
  /          \   |   (  |  (‾)  |
 / __________ \  |_|\_\  \_____/ 


     execution: local
        script: /scripts/scenario.js
        output: -

     scenarios: (100.00%) 1 scenario, 1000 max VUs, 2m30s max duration (incl. graceful stop):
              * main: 50.00 iterations/s for 2m0s (maxVUs: 100-1000, gracefulStop: 30s)


running (0m01.0s), 0001/0100 VUs, 49 complete and 0 interrupted iterations
main   [   1% ] 0001/0100 VUs  0m01.0s/2m0s  50.00 iters/s

running (0m02.0s), 0001/0100 VUs, 99 complete and 0 interrupted iterations
main   [   2% ] 0001/0100 VUs  0m02.0s/2m0s  50.00 iters/s

running (0m03.0s), 0001/0100 VUs, 149 complete and 0 interrupted iterations
main   [   2% ] 0001/0100 VUs  0m03.0s/2m0s  50.00 iters/s

running (0m04.0s), 0001/0100 VUs, 199 complete and 0 interrupted iterations
main   [   3% ] 0001/0100 VUs  0m04.0s/2m0s  50.00 iters/s

running (0m05.0s), 0001/0100 VUs, 249 complete and 0 interrupted iterations
main   [   4% ] 0001/0100 VUs  0m05.0s/2m0s  50.00 iters/s

running (0m06.0s), 0001/0100 VUs, 299 complete and 0 interrupted iterations
main   [   5% ] 0001/0100 VUs  0m06.0s/2m0s  50.00 iters/s

running (0m07.0s), 0001/0100 VUs, 349 complete and 0 interrupted iterations
main   [   6% ] 0001/0100 VUs  0m07.0s/2m0s  50.00 iters/s

running (0m08.0s), 0001/0100 VUs, 399 complete and 0 interrupted iterations
main   [   7% ] 0001/0100 VUs  0m08.0s/2m0s  50.00 iters/s

running (0m09.0s), 0001/0100 VUs, 449 complete and 0 interrupted iterations
main   [   7% ] 0001/0100 VUs  0m09.0s/2m0s  50.00 iters/s

running (0m10.0s), 0001/0100 VUs, 499 complete and 0 interrupted iterations
main   [   8% ] 0001/0100 VUs  0m10.0s/2m0s  50.00 iters/s

running (0m11.0s), 0001/0100 VUs, 549 complete and 0 interrupted iterations
main   [   9% ] 0001/0100 VUs  0m11.0s/2m0s  50.00 iters/s

running (0m12.0s), 0001/0100 VUs, 599 complete and 0 interrupted iterations
main   [  10% ] 0001/0100 VUs  0m12.0s/2m0s  50.00 iters/s

running (0m13.0s), 0001/0100 VUs, 649 complete and 0 interrupted iterations
main   [  11% ] 0001/0100 VUs  0m13.0s/2m0s  50.00 iters/s

running (0m14.0s), 0001/0100 VUs, 699 complete and 0 interrupted iterations
main   [  12% ] 0001/0100 VUs  0m14.0s/2m0s  50.00 iters/s

running (0m15.0s), 0001/0100 VUs, 749 complete and 0 interrupted iterations
main   [  12% ] 0001/0100 VUs  0m15.0s/2m0s  50.00 iters/s

running (0m16.0s), 0000/0100 VUs, 800 complete and 0 interrupted iterations
main   [  13% ] 0000/0100 VUs  0m16.0s/2m0s  50.00 iters/s

running (0m17.0s), 0001/0100 VUs, 849 complete and 0 interrupted iterations
main   [  14% ] 0001/0100 VUs  0m17.0s/2m0s  50.00 iters/s

running (0m18.0s), 0001/0100 VUs, 899 complete and 0 interrupted iterations
main   [  15% ] 0001/0100 VUs  0m18.0s/2m0s  50.00 iters/s

running (0m19.0s), 0001/0100 VUs, 949 complete and 0 interrupted iterations
main   [  16% ] 0001/0100 VUs  0m19.0s/2m0s  50.00 iters/s

running (0m20.0s), 0000/0100 VUs, 1000 complete and 0 interrupted iterations
main   [  17% ] 0000/0100 VUs  0m20.0s/2m0s  50.00 iters/s

running (0m21.0s), 0001/0100 VUs, 1049 complete and 0 interrupted iterations
main   [  17% ] 0001/0100 VUs  0m21.0s/2m0s  50.00 iters/s

running (0m22.0s), 0001/0100 VUs, 1099 complete and 0 interrupted iterations
main   [  18% ] 0001/0100 VUs  0m22.0s/2m0s  50.00 iters/s

running (0m23.0s), 0001/0100 VUs, 1149 complete and 0 interrupted iterations
main   [  19% ] 0001/0100 VUs  0m23.0s/2m0s  50.00 iters/s

running (0m24.0s), 0001/0100 VUs, 1199 complete and 0 interrupted iterations
main   [  20% ] 0001/0100 VUs  0m24.0s/2m0s  50.00 iters/s

running (0m25.0s), 0001/0100 VUs, 1249 complete and 0 interrupted iterations
main   [  21% ] 0001/0100 VUs  0m25.0s/2m0s  50.00 iters/s

running (0m26.0s), 0000/0100 VUs, 1300 complete and 0 interrupted iterations
main   [  22% ] 0000/0100 VUs  0m26.0s/2m0s  50.00 iters/s

running (0m27.0s), 0001/0100 VUs, 1349 complete and 0 interrupted iterations
main   [  22% ] 0001/0100 VUs  0m27.0s/2m0s  50.00 iters/s

running (0m28.0s), 0001/0100 VUs, 1399 complete and 0 interrupted iterations
main   [  23% ] 0001/0100 VUs  0m28.0s/2m0s  50.00 iters/s

running (0m29.0s), 0001/0100 VUs, 1449 complete and 0 interrupted iterations
main   [  24% ] 0001/0100 VUs  0m29.0s/2m0s  50.00 iters/s

running (0m30.0s), 0001/0100 VUs, 1499 complete and 0 interrupted iterations
main   [  25% ] 0001/0100 VUs  0m30.0s/2m0s  50.00 iters/s

running (0m31.0s), 0001/0100 VUs, 1549 complete and 0 interrupted iterations
main   [  26% ] 0001/0100 VUs  0m31.0s/2m0s  50.00 iters/s

running (0m32.0s), 0001/0100 VUs, 1599 complete and 0 interrupted iterations
main   [  27% ] 0001/0100 VUs  0m32.0s/2m0s  50.00 iters/s

running (0m33.0s), 0001/0100 VUs, 1649 complete and 0 interrupted iterations
main   [  27% ] 0001/0100 VUs  0m33.0s/2m0s  50.00 iters/s

running (0m34.0s), 0001/0100 VUs, 1699 complete and 0 interrupted iterations
main   [  28% ] 0001/0100 VUs  0m34.0s/2m0s  50.00 iters/s

running (0m35.0s), 0001/0100 VUs, 1749 complete and 0 interrupted iterations
main   [  29% ] 0001/0100 VUs  0m35.0s/2m0s  50.00 iters/s

running (0m36.0s), 0001/0100 VUs, 1799 complete and 0 interrupted iterations
main   [  30% ] 0001/0100 VUs  0m36.0s/2m0s  50.00 iters/s

running (0m37.0s), 0001/0100 VUs, 1849 complete and 0 interrupted iterations
main   [  31% ] 0001/0100 VUs  0m37.0s/2m0s  50.00 iters/s

running (0m38.0s), 0001/0100 VUs, 1899 complete and 0 interrupted iterations
main   [  32% ] 0001/0100 VUs  0m38.0s/2m0s  50.00 iters/s

running (0m39.0s), 0001/0100 VUs, 1949 complete and 0 interrupted iterations
main   [  32% ] 0001/0100 VUs  0m39.0s/2m0s  50.00 iters/s

running (0m40.0s), 0001/0100 VUs, 1999 complete and 0 interrupted iterations
main   [  33% ] 0001/0100 VUs  0m40.0s/2m0s  50.00 iters/s

running (0m41.0s), 0001/0100 VUs, 2049 complete and 0 interrupted iterations
main   [  34% ] 0001/0100 VUs  0m41.0s/2m0s  50.00 iters/s

running (0m42.0s), 0001/0100 VUs, 2099 complete and 0 interrupted iterations
main   [  35% ] 0001/0100 VUs  0m42.0s/2m0s  50.00 iters/s

running (0m43.0s), 0001/0100 VUs, 2149 complete and 0 interrupted iterations
main   [  36% ] 0001/0100 VUs  0m43.0s/2m0s  50.00 iters/s

running (0m44.0s), 0001/0100 VUs, 2199 complete and 0 interrupted iterations
main   [  37% ] 0001/0100 VUs  0m44.0s/2m0s  50.00 iters/s

running (0m45.0s), 0001/0100 VUs, 2249 complete and 0 interrupted iterations
main   [  37% ] 0001/0100 VUs  0m45.0s/2m0s  50.00 iters/s

running (0m46.0s), 0001/0100 VUs, 2299 complete and 0 interrupted iterations
main   [  38% ] 0001/0100 VUs  0m46.0s/2m0s  50.00 iters/s

running (0m47.0s), 0000/0100 VUs, 2350 complete and 0 interrupted iterations
main   [  39% ] 0000/0100 VUs  0m47.0s/2m0s  50.00 iters/s

running (0m48.0s), 0001/0100 VUs, 2399 complete and 0 interrupted iterations
main   [  40% ] 0001/0100 VUs  0m48.0s/2m0s  50.00 iters/s

running (0m49.0s), 0001/0100 VUs, 2449 complete and 0 interrupted iterations
main   [  41% ] 0001/0100 VUs  0m49.0s/2m0s  50.00 iters/s

running (0m50.0s), 0000/0100 VUs, 2500 complete and 0 interrupted iterations
main   [  42% ] 0000/0100 VUs  0m50.0s/2m0s  50.00 iters/s

running (0m51.0s), 0001/0100 VUs, 2549 complete and 0 interrupted iterations
main   [  42% ] 0001/0100 VUs  0m51.0s/2m0s  50.00 iters/s

running (0m52.0s), 0000/0100 VUs, 2600 complete and 0 interrupted iterations
main   [  43% ] 0000/0100 VUs  0m52.0s/2m0s  50.00 iters/s

running (0m53.0s), 0001/0100 VUs, 2649 complete and 0 interrupted iterations
main   [  44% ] 0001/0100 VUs  0m53.0s/2m0s  50.00 iters/s

running (0m54.0s), 0001/0100 VUs, 2699 complete and 0 interrupted iterations
main   [  45% ] 0001/0100 VUs  0m54.0s/2m0s  50.00 iters/s

running (0m55.0s), 0001/0100 VUs, 2749 complete and 0 interrupted iterations
main   [  46% ] 0001/0100 VUs  0m55.0s/2m0s  50.00 iters/s

running (0m56.0s), 0001/0100 VUs, 2799 complete and 0 interrupted iterations
main   [  47% ] 0001/0100 VUs  0m56.0s/2m0s  50.00 iters/s

running (0m57.0s), 0000/0100 VUs, 2850 complete and 0 interrupted iterations
main   [  47% ] 0000/0100 VUs  0m57.0s/2m0s  50.00 iters/s

running (0m58.0s), 0001/0100 VUs, 2899 complete and 0 interrupted iterations
main   [  48% ] 0001/0100 VUs  0m58.0s/2m0s  50.00 iters/s

running (0m59.0s), 0001/0100 VUs, 2949 complete and 0 interrupted iterations
main   [  49% ] 0001/0100 VUs  0m59.0s/2m0s  50.00 iters/s

running (1m00.0s), 0001/0100 VUs, 2999 complete and 0 interrupted iterations
main   [  50% ] 0001/0100 VUs  1m00.0s/2m0s  50.00 iters/s

running (1m01.0s), 0000/0100 VUs, 3050 complete and 0 interrupted iterations
main   [  51% ] 0000/0100 VUs  1m01.0s/2m0s  50.00 iters/s

running (1m02.0s), 0001/0100 VUs, 3099 complete and 0 interrupted iterations
main   [  52% ] 0001/0100 VUs  1m02.0s/2m0s  50.00 iters/s

running (1m03.0s), 0001/0100 VUs, 3149 complete and 0 interrupted iterations
main   [  52% ] 0001/0100 VUs  1m03.0s/2m0s  50.00 iters/s

running (1m04.0s), 0001/0100 VUs, 3199 complete and 0 interrupted iterations
main   [  53% ] 0001/0100 VUs  1m04.0s/2m0s  50.00 iters/s

running (1m05.0s), 0001/0100 VUs, 3249 complete and 0 interrupted iterations
main   [  54% ] 0001/0100 VUs  1m05.0s/2m0s  50.00 iters/s

running (1m06.0s), 0001/0100 VUs, 3299 complete and 0 interrupted iterations
main   [  55% ] 0001/0100 VUs  1m06.0s/2m0s  50.00 iters/s

running (1m07.0s), 0001/0100 VUs, 3349 complete and 0 interrupted iterations
main   [  56% ] 0001/0100 VUs  1m07.0s/2m0s  50.00 iters/s

running (1m08.0s), 0000/0100 VUs, 3400 complete and 0 interrupted iterations
main   [  57% ] 0000/0100 VUs  1m08.0s/2m0s  50.00 iters/s

running (1m09.0s), 0001/0100 VUs, 3449 complete and 0 interrupted iterations
main   [  57% ] 0001/0100 VUs  1m09.0s/2m0s  50.00 iters/s

running (1m10.0s), 0001/0100 VUs, 3499 complete and 0 interrupted iterations
main   [  58% ] 0001/0100 VUs  1m10.0s/2m0s  50.00 iters/s

running (1m11.0s), 0001/0100 VUs, 3549 complete and 0 interrupted iterations
main   [  59% ] 0001/0100 VUs  1m11.0s/2m0s  50.00 iters/s

running (1m12.0s), 0001/0100 VUs, 3599 complete and 0 interrupted iterations
main   [  60% ] 0001/0100 VUs  1m12.0s/2m0s  50.00 iters/s

running (1m13.0s), 0001/0100 VUs, 3649 complete and 0 interrupted iterations
main   [  61% ] 0001/0100 VUs  1m13.0s/2m0s  50.00 iters/s

running (1m14.0s), 0001/0100 VUs, 3699 complete and 0 interrupted iterations
main   [  62% ] 0001/0100 VUs  1m14.0s/2m0s  50.00 iters/s

running (1m15.0s), 0001/0100 VUs, 3749 complete and 0 interrupted iterations
main   [  62% ] 0001/0100 VUs  1m15.0s/2m0s  50.00 iters/s

running (1m16.0s), 0001/0100 VUs, 3799 complete and 0 interrupted iterations
main   [  63% ] 0001/0100 VUs  1m16.0s/2m0s  50.00 iters/s

running (1m17.0s), 0001/0100 VUs, 3849 complete and 0 interrupted iterations
main   [  64% ] 0001/0100 VUs  1m17.0s/2m0s  50.00 iters/s

running (1m18.0s), 0001/0100 VUs, 3899 complete and 0 interrupted iterations
main   [  65% ] 0001/0100 VUs  1m18.0s/2m0s  50.00 iters/s

running (1m19.0s), 0001/0100 VUs, 3949 complete and 0 interrupted iterations
main   [  66% ] 0001/0100 VUs  1m19.0s/2m0s  50.00 iters/s

running (1m20.0s), 0001/0100 VUs, 3999 complete and 0 interrupted iterations
main   [  67% ] 0001/0100 VUs  1m20.0s/2m0s  50.00 iters/s

running (1m21.0s), 0001/0100 VUs, 4049 complete and 0 interrupted iterations
main   [  67% ] 0001/0100 VUs  1m21.0s/2m0s  50.00 iters/s

running (1m22.0s), 0001/0100 VUs, 4099 complete and 0 interrupted iterations
main   [  68% ] 0001/0100 VUs  1m22.0s/2m0s  50.00 iters/s

running (1m23.0s), 0000/0100 VUs, 4150 complete and 0 interrupted iterations
main   [  69% ] 0000/0100 VUs  1m23.0s/2m0s  50.00 iters/s

running (1m24.0s), 0001/0100 VUs, 4199 complete and 0 interrupted iterations
main   [  70% ] 0001/0100 VUs  1m24.0s/2m0s  50.00 iters/s

running (1m25.0s), 0000/0100 VUs, 4250 complete and 0 interrupted iterations
main   [  71% ] 0000/0100 VUs  1m25.0s/2m0s  50.00 iters/s

running (1m26.0s), 0001/0100 VUs, 4299 complete and 0 interrupted iterations
main   [  72% ] 0001/0100 VUs  1m26.0s/2m0s  50.00 iters/s

running (1m27.0s), 0001/0100 VUs, 4349 complete and 0 interrupted iterations
main   [  72% ] 0001/0100 VUs  1m27.0s/2m0s  50.00 iters/s

running (1m28.0s), 0001/0100 VUs, 4399 complete and 0 interrupted iterations
main   [  73% ] 0001/0100 VUs  1m28.0s/2m0s  50.00 iters/s

running (1m29.0s), 0001/0100 VUs, 4449 complete and 0 interrupted iterations
main   [  74% ] 0001/0100 VUs  1m29.0s/2m0s  50.00 iters/s

running (1m30.0s), 0001/0100 VUs, 4499 complete and 0 interrupted iterations
main   [  75% ] 0001/0100 VUs  1m30.0s/2m0s  50.00 iters/s

running (1m31.0s), 0001/0100 VUs, 4549 complete and 0 interrupted iterations
main   [  76% ] 0001/0100 VUs  1m31.0s/2m0s  50.00 iters/s

running (1m32.0s), 0001/0100 VUs, 4599 complete and 0 interrupted iterations
main   [  77% ] 0001/0100 VUs  1m32.0s/2m0s  50.00 iters/s

running (1m33.0s), 0001/0100 VUs, 4649 complete and 0 interrupted iterations
main   [  77% ] 0001/0100 VUs  1m33.0s/2m0s  50.00 iters/s

running (1m34.0s), 0001/0100 VUs, 4699 complete and 0 interrupted iterations
main   [  78% ] 0001/0100 VUs  1m34.0s/2m0s  50.00 iters/s

running (1m35.0s), 0001/0100 VUs, 4749 complete and 0 interrupted iterations
main   [  79% ] 0001/0100 VUs  1m35.0s/2m0s  50.00 iters/s

running (1m36.0s), 0000/0100 VUs, 4800 complete and 0 interrupted iterations
main   [  80% ] 0000/0100 VUs  1m36.0s/2m0s  50.00 iters/s

running (1m37.0s), 0001/0100 VUs, 4849 complete and 0 interrupted iterations
main   [  81% ] 0001/0100 VUs  1m37.0s/2m0s  50.00 iters/s

running (1m38.0s), 0001/0100 VUs, 4899 complete and 0 interrupted iterations
main   [  82% ] 0001/0100 VUs  1m38.0s/2m0s  50.00 iters/s

running (1m39.0s), 0001/0100 VUs, 4949 complete and 0 interrupted iterations
main   [  82% ] 0001/0100 VUs  1m39.0s/2m0s  50.00 iters/s

running (1m40.0s), 0001/0100 VUs, 4999 complete and 0 interrupted iterations
main   [  83% ] 0001/0100 VUs  1m40.0s/2m0s  50.00 iters/s

running (1m41.0s), 0001/0100 VUs, 5049 complete and 0 interrupted iterations
main   [  84% ] 0001/0100 VUs  1m41.0s/2m0s  50.00 iters/s

running (1m42.0s), 0001/0100 VUs, 5099 complete and 0 interrupted iterations
main   [  85% ] 0001/0100 VUs  1m42.0s/2m0s  50.00 iters/s

running (1m43.0s), 0001/0100 VUs, 5149 complete and 0 interrupted iterations
main   [  86% ] 0001/0100 VUs  1m43.0s/2m0s  50.00 iters/s

running (1m44.0s), 0001/0100 VUs, 5199 complete and 0 interrupted iterations
main   [  87% ] 0001/0100 VUs  1m44.0s/2m0s  50.00 iters/s

running (1m45.0s), 0001/0100 VUs, 5249 complete and 0 interrupted iterations
main   [  87% ] 0001/0100 VUs  1m45.0s/2m0s  50.00 iters/s

running (1m46.0s), 0001/0100 VUs, 5299 complete and 0 interrupted iterations
main   [  88% ] 0001/0100 VUs  1m46.0s/2m0s  50.00 iters/s

running (1m47.0s), 0001/0100 VUs, 5349 complete and 0 interrupted iterations
main   [  89% ] 0001/0100 VUs  1m47.0s/2m0s  50.00 iters/s

running (1m48.0s), 0001/0100 VUs, 5399 complete and 0 interrupted iterations
main   [  90% ] 0001/0100 VUs  1m48.0s/2m0s  50.00 iters/s

running (1m49.0s), 0001/0100 VUs, 5449 complete and 0 interrupted iterations
main   [  91% ] 0001/0100 VUs  1m49.0s/2m0s  50.00 iters/s

running (1m50.0s), 0001/0100 VUs, 5499 complete and 0 interrupted iterations
main   [  92% ] 0001/0100 VUs  1m50.0s/2m0s  50.00 iters/s

running (1m51.0s), 0001/0100 VUs, 5549 complete and 0 interrupted iterations
main   [  92% ] 0001/0100 VUs  1m51.0s/2m0s  50.00 iters/s

running (1m52.0s), 0001/0100 VUs, 5599 complete and 0 interrupted iterations
main   [  93% ] 0001/0100 VUs  1m52.0s/2m0s  50.00 iters/s

running (1m53.0s), 0000/0100 VUs, 5650 complete and 0 interrupted iterations
main   [  94% ] 0000/0100 VUs  1m53.0s/2m0s  50.00 iters/s

running (1m54.0s), 0001/0100 VUs, 5699 complete and 0 interrupted iterations
main   [  95% ] 0001/0100 VUs  1m54.0s/2m0s  50.00 iters/s

running (1m55.0s), 0001/0100 VUs, 5749 complete and 0 interrupted iterations
main   [  96% ] 0001/0100 VUs  1m55.0s/2m0s  50.00 iters/s

running (1m56.0s), 0001/0100 VUs, 5799 complete and 0 interrupted iterations
main   [  97% ] 0001/0100 VUs  1m56.0s/2m0s  50.00 iters/s

running (1m57.0s), 0001/0100 VUs, 5849 complete and 0 interrupted iterations
main   [  97% ] 0001/0100 VUs  1m57.0s/2m0s  50.00 iters/s

running (1m58.0s), 0001/0100 VUs, 5899 complete and 0 interrupted iterations
main   [  98% ] 0001/0100 VUs  1m58.0s/2m0s  50.00 iters/s

running (1m59.0s), 0001/0100 VUs, 5949 complete and 0 interrupted iterations
main   [  99% ] 0001/0100 VUs  1m59.0s/2m0s  50.00 iters/s

running (2m00.0s), 0001/0100 VUs, 5999 complete and 0 interrupted iterations
main   [ 100% ] 0001/0100 VUs  2m00.0s/2m0s  50.00 iters/s

running (2m00.0s), 0000/0100 VUs, 6000 complete and 0 interrupted iterations
main ✓ [ 100% ] 0000/0100 VUs  2m0s  50.00 iters/s
  Repeat 1 complete. Results in results/a-jdbc-join-rtt1500-r50-rep1-1781136392.json
=== Cell complete: 1 repeat(s) for a/jdbc-join rtt=1500us ===

[campaign] (13) cell: a|jdbc-seq|1500|50|-|-
=== Cell: scenario=a style=jdbc-seq rtt=1500us rate=50rps duration=2m scale=full repeats=1 ===
[1/4] Setting netem delay 1500us...
Setting netem delay 1500us on lab-mysql eth0...
time="2026-06-11T09:08:33+09:00" level=warning msg="/Users/rene/rdb-join-lab/docker-compose.yml: the attribute `version` is obsolete, it will be ignored, please remove it to avoid potential confusion"
Current qdisc:
time="2026-06-11T09:08:33+09:00" level=warning msg="/Users/rene/rdb-join-lab/docker-compose.yml: the attribute `version` is obsolete, it will be ignored, please remove it to avoid potential confusion"
qdisc netem 8013: root refcnt 7 limit 1000 delay 1.5ms seed 351374383892195751
[2/4] Warming InnoDB buffer pool...
=== Step 1: Warm-up queries (priming buffer pool, ~10% of full scale) ===
COUNT(*)
3401538
COUNT(*)
975720
COUNT(*)
8680188
COUNT(*)
10000
Warm-up queries complete.
=== Step 2: Triggering InnoDB buffer pool dump ===
time="2026-06-11T09:08:34+09:00" level=warning msg="/Users/rene/rdb-join-lab/docker-compose.yml: the attribute `version` is obsolete, it will be ignored, please remove it to avoid potential confusion"
mysql: [Warning] Using a password on the command line interface can be insecure.
Polling dump status (timeout 300s)...
  [0s] Dump status: Buffer pool(s) dump completed at 260611  0:08:34
Buffer pool dump completed.
=== Step 3: Triggering InnoDB buffer pool load ===
time="2026-06-11T09:08:34+09:00" level=warning msg="/Users/rene/rdb-join-lab/docker-compose.yml: the attribute `version` is obsolete, it will be ignored, please remove it to avoid potential confusion"
mysql: [Warning] Using a password on the command line interface can be insecure.
Polling load status (timeout 300s)...
  [0s] Load status: Loaded 143361/188425 pages
  [5s] Load status: Buffer pool(s) load completed at 260611  0:08:34
Buffer pool load completed.
=== Step 3b: Capturing post-load snapshot for warm-state gate ===
COUNT(*)
1210063
COUNT(*)
8680188
COUNT(*)
10000
Re-verification queries complete.
=== Step 4: Warm-state gate (physical reads < 0.01, post-load window) ===
  Post-load reverify window: physical reads delta: 0 / 22857 = 0.0
  (Pre-warmup baseline: 9715 / 873616023, for reference)
  Warm-state gate PASSED.
=== Step 5: ANALYZE TABLE ===
Table	Op	Msg_type	Msg_text
lab.coupon_policy	analyze	status	OK
lab.member	analyze	status	OK
lab.coupon_issue	analyze	status	OK
ANALYZE TABLE complete.
=== Step 5b: Capturing InnoDB engine status (AHI verification) ===
  InnoDB status captured: results/innodb-status-1781136521.txt
  AHI indicator: INSERT BUFFER AND ADAPTIVE HASH INDEX
0.00 hash searches/s, 116.75 non-hash searches/s
=== Step 5c: EXPLAIN Scenario B ORDER BY id ASC (filesort check) ===
  WARNING: EXPLAIN shows 'Using filesort' for Scenario B ORDER BY id ASC query.
  Expected idx_issue_member_id to cover ORDER BY — check index creation in schema.sql.
  EXPLAIN output:
1	SIMPLE	coupon_issue	NULL	ref	idx_issue_member_status,idx_issue_member_id	idx_issue_member_status	8	const	1209	100.00	Using filesort
[3/4] Dual calibration (nominal=1500us)...
  [held conn] calibrate n=10000...
{
    "n": 10000,
    "min": 1559,
    "p50": 2401,
    "p95": 2674,
    "p99": 2847,
    "max": 21802
}
  [per checkout] calibrate/loaded n=10000...
{
    "n": 10000,
    "min": 1569,
    "p50": 2397,
    "p95": 2670,
    "p99": 2858,
    "max": 15918
}
Running dual calibration probe (n=10000 held + n=10000 loaded)...
=== held (pure wire RTT) ===
{
    "n": 10000,
    "min": 1560,
    "p50": 2397,
    "p95": 2568,
    "p99": 2667,
    "max": 17842
}
=== loaded (wire RTT + pool checkout) ===
{
    "n": 10000,
    "min": 1558,
    "p50": 2403,
    "p95": 2658,
    "p99": 2841,
    "max": 19934
}

Appended dual record to results/calibration.jsonl: {"held": {"n": 10000, "min": 1560, "p50": 2397, "p95": 2568, "p99": 2667, "max": 17842}, "loaded": {"n": 10000, "min": 1558, "p50": 2403, "p95": 2658, "p99": 2841, "max": 19934}, "timestamp": "2026-06-11T00:10:15Z", "nominal_delay_us": 1500}
[4/1] Running k6 repeat 1/1 (output -> results/a-jdbc-seq-rtt1500-r50-rep1-1781136615.json)...
time="2026-06-11T09:10:15+09:00" level=warning msg="/Users/rene/rdb-join-lab/docker-compose.yml: the attribute `version` is obsolete, it will be ignored, please remove it to avoid potential confusion"

         /\      Grafana   /‾‾/  
    /\  /  \     |\  __   /  /   
   /  \/    \    | |/ /  /   ‾‾\ 
  /          \   |   (  |  (‾)  |
 / __________ \  |_|\_\  \_____/ 


     execution: local
        script: /scripts/scenario.js
        output: -

     scenarios: (100.00%) 1 scenario, 1000 max VUs, 2m30s max duration (incl. graceful stop):
              * main: 50.00 iterations/s for 2m0s (maxVUs: 100-1000, gracefulStop: 30s)


running (0m01.0s), 0001/0100 VUs, 48 complete and 0 interrupted iterations
main   [   1% ] 0001/0100 VUs  0m01.0s/2m0s  50.00 iters/s

running (0m02.0s), 0001/0100 VUs, 98 complete and 0 interrupted iterations
main   [   2% ] 0001/0100 VUs  0m02.0s/2m0s  50.00 iters/s

running (0m03.0s), 0001/0100 VUs, 148 complete and 0 interrupted iterations
main   [   2% ] 0001/0100 VUs  0m03.0s/2m0s  50.00 iters/s

running (0m04.0s), 0002/0100 VUs, 198 complete and 0 interrupted iterations
main   [   3% ] 0002/0100 VUs  0m04.0s/2m0s  50.00 iters/s

running (0m05.0s), 0000/0100 VUs, 249 complete and 0 interrupted iterations
main   [   4% ] 0000/0100 VUs  0m05.0s/2m0s  50.00 iters/s

running (0m06.0s), 0001/0100 VUs, 298 complete and 0 interrupted iterations
main   [   5% ] 0001/0100 VUs  0m06.0s/2m0s  50.00 iters/s

running (0m07.0s), 0002/0100 VUs, 348 complete and 0 interrupted iterations
main   [   6% ] 0002/0100 VUs  0m07.0s/2m0s  50.00 iters/s

running (0m08.0s), 0000/0100 VUs, 399 complete and 0 interrupted iterations
main   [   7% ] 0000/0100 VUs  0m08.0s/2m0s  50.00 iters/s

running (0m09.0s), 0000/0100 VUs, 449 complete and 0 interrupted iterations
main   [   7% ] 0000/0100 VUs  0m09.0s/2m0s  50.00 iters/s

running (0m10.0s), 0002/0100 VUs, 498 complete and 0 interrupted iterations
main   [   8% ] 0002/0100 VUs  0m10.0s/2m0s  50.00 iters/s

running (0m11.0s), 0001/0100 VUs, 548 complete and 0 interrupted iterations
main   [   9% ] 0001/0100 VUs  0m11.0s/2m0s  50.00 iters/s

running (0m12.0s), 0001/0100 VUs, 598 complete and 0 interrupted iterations
main   [  10% ] 0001/0100 VUs  0m12.0s/2m0s  50.00 iters/s

running (0m13.0s), 0001/0100 VUs, 648 complete and 0 interrupted iterations
main   [  11% ] 0001/0100 VUs  0m13.0s/2m0s  50.00 iters/s

running (0m14.0s), 0001/0100 VUs, 698 complete and 0 interrupted iterations
main   [  12% ] 0001/0100 VUs  0m14.0s/2m0s  50.00 iters/s

running (0m15.0s), 0001/0100 VUs, 748 complete and 0 interrupted iterations
main   [  12% ] 0001/0100 VUs  0m15.0s/2m0s  50.00 iters/s

running (0m16.0s), 0001/0100 VUs, 798 complete and 0 interrupted iterations
main   [  13% ] 0001/0100 VUs  0m16.0s/2m0s  50.00 iters/s

running (0m17.0s), 0001/0100 VUs, 849 complete and 0 interrupted iterations
main   [  14% ] 0001/0100 VUs  0m17.0s/2m0s  50.00 iters/s

running (0m18.0s), 0001/0100 VUs, 898 complete and 0 interrupted iterations
main   [  15% ] 0001/0100 VUs  0m18.0s/2m0s  50.00 iters/s

running (0m19.0s), 0001/0100 VUs, 948 complete and 0 interrupted iterations
main   [  16% ] 0001/0100 VUs  0m19.0s/2m0s  50.00 iters/s

running (0m20.0s), 0002/0100 VUs, 998 complete and 0 interrupted iterations
main   [  17% ] 0002/0100 VUs  0m20.0s/2m0s  50.00 iters/s

running (0m21.0s), 0001/0100 VUs, 1048 complete and 0 interrupted iterations
main   [  17% ] 0001/0100 VUs  0m21.0s/2m0s  50.00 iters/s

running (0m22.0s), 0002/0100 VUs, 1098 complete and 0 interrupted iterations
main   [  18% ] 0002/0100 VUs  0m22.0s/2m0s  50.00 iters/s

running (0m23.0s), 0001/0100 VUs, 1148 complete and 0 interrupted iterations
main   [  19% ] 0001/0100 VUs  0m23.0s/2m0s  50.00 iters/s

running (0m24.0s), 0000/0100 VUs, 1199 complete and 0 interrupted iterations
main   [  20% ] 0000/0100 VUs  0m24.0s/2m0s  50.00 iters/s

running (0m25.0s), 0000/0100 VUs, 1249 complete and 0 interrupted iterations
main   [  21% ] 0000/0100 VUs  0m25.0s/2m0s  50.00 iters/s

running (0m26.0s), 0002/0100 VUs, 1298 complete and 0 interrupted iterations
main   [  22% ] 0002/0100 VUs  0m26.0s/2m0s  50.00 iters/s

running (0m27.0s), 0001/0100 VUs, 1348 complete and 0 interrupted iterations
main   [  22% ] 0001/0100 VUs  0m27.0s/2m0s  50.00 iters/s

running (0m28.0s), 0001/0100 VUs, 1398 complete and 0 interrupted iterations
main   [  23% ] 0001/0100 VUs  0m28.0s/2m0s  50.00 iters/s

running (0m29.0s), 0001/0100 VUs, 1449 complete and 0 interrupted iterations
main   [  24% ] 0001/0100 VUs  0m29.0s/2m0s  50.00 iters/s

running (0m30.0s), 0001/0100 VUs, 1498 complete and 0 interrupted iterations
main   [  25% ] 0001/0100 VUs  0m30.0s/2m0s  50.00 iters/s

running (0m31.0s), 0001/0100 VUs, 1548 complete and 0 interrupted iterations
main   [  26% ] 0001/0100 VUs  0m31.0s/2m0s  50.00 iters/s

running (0m32.0s), 0001/0100 VUs, 1598 complete and 0 interrupted iterations
main   [  27% ] 0001/0100 VUs  0m32.0s/2m0s  50.00 iters/s

running (0m33.0s), 0001/0100 VUs, 1648 complete and 0 interrupted iterations
main   [  27% ] 0001/0100 VUs  0m33.0s/2m0s  50.00 iters/s

running (0m34.0s), 0001/0100 VUs, 1698 complete and 0 interrupted iterations
main   [  28% ] 0001/0100 VUs  0m34.0s/2m0s  50.00 iters/s

running (0m35.0s), 0002/0100 VUs, 1748 complete and 0 interrupted iterations
main   [  29% ] 0002/0100 VUs  0m35.0s/2m0s  50.00 iters/s

running (0m36.0s), 0002/0100 VUs, 1798 complete and 0 interrupted iterations
main   [  30% ] 0002/0100 VUs  0m36.0s/2m0s  50.00 iters/s

running (0m37.0s), 0001/0100 VUs, 1848 complete and 0 interrupted iterations
main   [  31% ] 0001/0100 VUs  0m37.0s/2m0s  50.00 iters/s

running (0m38.0s), 0001/0100 VUs, 1899 complete and 0 interrupted iterations
main   [  32% ] 0001/0100 VUs  0m38.0s/2m0s  50.00 iters/s

running (0m39.0s), 0001/0100 VUs, 1948 complete and 0 interrupted iterations
main   [  32% ] 0001/0100 VUs  0m39.0s/2m0s  50.00 iters/s

running (0m40.0s), 0001/0100 VUs, 1999 complete and 0 interrupted iterations
main   [  33% ] 0001/0100 VUs  0m40.0s/2m0s  50.00 iters/s

running (0m41.0s), 0002/0100 VUs, 2048 complete and 0 interrupted iterations
main   [  34% ] 0002/0100 VUs  0m41.0s/2m0s  50.00 iters/s

running (0m42.0s), 0002/0100 VUs, 2098 complete and 0 interrupted iterations
main   [  35% ] 0002/0100 VUs  0m42.0s/2m0s  50.00 iters/s

running (0m43.0s), 0002/0100 VUs, 2148 complete and 0 interrupted iterations
main   [  36% ] 0002/0100 VUs  0m43.0s/2m0s  50.00 iters/s

running (0m44.0s), 0001/0100 VUs, 2198 complete and 0 interrupted iterations
main   [  37% ] 0001/0100 VUs  0m44.0s/2m0s  50.00 iters/s

running (0m45.0s), 0001/0100 VUs, 2248 complete and 0 interrupted iterations
main   [  37% ] 0001/0100 VUs  0m45.0s/2m0s  50.00 iters/s

running (0m46.0s), 0002/0100 VUs, 2298 complete and 0 interrupted iterations
main   [  38% ] 0002/0100 VUs  0m46.0s/2m0s  50.00 iters/s

running (0m47.0s), 0001/0100 VUs, 2348 complete and 0 interrupted iterations
main   [  39% ] 0001/0100 VUs  0m47.0s/2m0s  50.00 iters/s

running (0m48.0s), 0001/0100 VUs, 2398 complete and 0 interrupted iterations
main   [  40% ] 0001/0100 VUs  0m48.0s/2m0s  50.00 iters/s

running (0m49.0s), 0001/0100 VUs, 2448 complete and 0 interrupted iterations
main   [  41% ] 0001/0100 VUs  0m49.0s/2m0s  50.00 iters/s

running (0m50.0s), 0001/0100 VUs, 2498 complete and 0 interrupted iterations
main   [  42% ] 0001/0100 VUs  0m50.0s/2m0s  50.00 iters/s

running (0m51.0s), 0001/0100 VUs, 2549 complete and 0 interrupted iterations
main   [  42% ] 0001/0100 VUs  0m51.0s/2m0s  50.00 iters/s

running (0m52.0s), 0002/0100 VUs, 2598 complete and 0 interrupted iterations
main   [  43% ] 0002/0100 VUs  0m52.0s/2m0s  50.00 iters/s

running (0m53.0s), 0001/0100 VUs, 2648 complete and 0 interrupted iterations
main   [  44% ] 0001/0100 VUs  0m53.0s/2m0s  50.00 iters/s

running (0m54.0s), 0001/0100 VUs, 2698 complete and 0 interrupted iterations
main   [  45% ] 0001/0100 VUs  0m54.0s/2m0s  50.00 iters/s

running (0m55.0s), 0002/0100 VUs, 2748 complete and 0 interrupted iterations
main   [  46% ] 0002/0100 VUs  0m55.0s/2m0s  50.00 iters/s

running (0m56.0s), 0001/0100 VUs, 2798 complete and 0 interrupted iterations
main   [  47% ] 0001/0100 VUs  0m56.0s/2m0s  50.00 iters/s

running (0m57.0s), 0001/0100 VUs, 2849 complete and 0 interrupted iterations
main   [  47% ] 0001/0100 VUs  0m57.0s/2m0s  50.00 iters/s

running (0m58.0s), 0001/0100 VUs, 2898 complete and 0 interrupted iterations
main   [  48% ] 0001/0100 VUs  0m58.0s/2m0s  50.00 iters/s

running (0m59.0s), 0001/0100 VUs, 2949 complete and 0 interrupted iterations
main   [  49% ] 0001/0100 VUs  0m59.0s/2m0s  50.00 iters/s

running (1m00.0s), 0002/0100 VUs, 2998 complete and 0 interrupted iterations
main   [  50% ] 0002/0100 VUs  1m00.0s/2m0s  50.00 iters/s

running (1m01.0s), 0000/0100 VUs, 3049 complete and 0 interrupted iterations
main   [  51% ] 0000/0100 VUs  1m01.0s/2m0s  50.00 iters/s

running (1m02.0s), 0002/0100 VUs, 3098 complete and 0 interrupted iterations
main   [  52% ] 0002/0100 VUs  1m02.0s/2m0s  50.00 iters/s

running (1m03.0s), 0002/0100 VUs, 3148 complete and 0 interrupted iterations
main   [  52% ] 0002/0100 VUs  1m03.0s/2m0s  50.00 iters/s

running (1m04.0s), 0002/0100 VUs, 3198 complete and 0 interrupted iterations
main   [  53% ] 0002/0100 VUs  1m04.0s/2m0s  50.00 iters/s

running (1m05.0s), 0000/0100 VUs, 3249 complete and 0 interrupted iterations
main   [  54% ] 0000/0100 VUs  1m05.0s/2m0s  50.00 iters/s

running (1m06.0s), 0002/0100 VUs, 3298 complete and 0 interrupted iterations
main   [  55% ] 0002/0100 VUs  1m06.0s/2m0s  50.00 iters/s

running (1m07.0s), 0001/0100 VUs, 3348 complete and 0 interrupted iterations
main   [  56% ] 0001/0100 VUs  1m07.0s/2m0s  50.00 iters/s

running (1m08.0s), 0002/0100 VUs, 3398 complete and 0 interrupted iterations
main   [  57% ] 0002/0100 VUs  1m08.0s/2m0s  50.00 iters/s

running (1m09.0s), 0001/0100 VUs, 3448 complete and 0 interrupted iterations
main   [  57% ] 0001/0100 VUs  1m09.0s/2m0s  50.00 iters/s

running (1m10.0s), 0002/0100 VUs, 3498 complete and 0 interrupted iterations
main   [  58% ] 0002/0100 VUs  1m10.0s/2m0s  50.00 iters/s

running (1m11.0s), 0001/0100 VUs, 3548 complete and 0 interrupted iterations
main   [  59% ] 0001/0100 VUs  1m11.0s/2m0s  50.00 iters/s

running (1m12.0s), 0001/0100 VUs, 3599 complete and 0 interrupted iterations
main   [  60% ] 0001/0100 VUs  1m12.0s/2m0s  50.00 iters/s

running (1m13.0s), 0002/0100 VUs, 3648 complete and 0 interrupted iterations
main   [  61% ] 0002/0100 VUs  1m13.0s/2m0s  50.00 iters/s

running (1m14.0s), 0001/0100 VUs, 3698 complete and 0 interrupted iterations
main   [  62% ] 0001/0100 VUs  1m14.0s/2m0s  50.00 iters/s

running (1m15.0s), 0001/0100 VUs, 3748 complete and 0 interrupted iterations
main   [  62% ] 0001/0100 VUs  1m15.0s/2m0s  50.00 iters/s

running (1m16.0s), 0002/0100 VUs, 3798 complete and 0 interrupted iterations
main   [  63% ] 0002/0100 VUs  1m16.0s/2m0s  50.00 iters/s

running (1m17.0s), 0001/0100 VUs, 3848 complete and 0 interrupted iterations
main   [  64% ] 0001/0100 VUs  1m17.0s/2m0s  50.00 iters/s

running (1m18.0s), 0000/0100 VUs, 3899 complete and 0 interrupted iterations
main   [  65% ] 0000/0100 VUs  1m18.0s/2m0s  50.00 iters/s

running (1m19.0s), 0001/0100 VUs, 3948 complete and 0 interrupted iterations
main   [  66% ] 0001/0100 VUs  1m19.0s/2m0s  50.00 iters/s

running (1m20.0s), 0002/0100 VUs, 3998 complete and 0 interrupted iterations
main   [  67% ] 0002/0100 VUs  1m20.0s/2m0s  50.00 iters/s

running (1m21.0s), 0001/0100 VUs, 4048 complete and 0 interrupted iterations
main   [  67% ] 0001/0100 VUs  1m21.0s/2m0s  50.00 iters/s

running (1m22.0s), 0001/0100 VUs, 4098 complete and 0 interrupted iterations
main   [  68% ] 0001/0100 VUs  1m22.0s/2m0s  50.00 iters/s

running (1m23.0s), 0002/0100 VUs, 4148 complete and 0 interrupted iterations
main   [  69% ] 0002/0100 VUs  1m23.0s/2m0s  50.00 iters/s

running (1m24.0s), 0001/0100 VUs, 4199 complete and 0 interrupted iterations
main   [  70% ] 0001/0100 VUs  1m24.0s/2m0s  50.00 iters/s

running (1m25.0s), 0002/0100 VUs, 4248 complete and 0 interrupted iterations
main   [  71% ] 0002/0100 VUs  1m25.0s/2m0s  50.00 iters/s

running (1m26.0s), 0001/0100 VUs, 4298 complete and 0 interrupted iterations
main   [  72% ] 0001/0100 VUs  1m26.0s/2m0s  50.00 iters/s

running (1m27.0s), 0001/0100 VUs, 4348 complete and 0 interrupted iterations
main   [  72% ] 0001/0100 VUs  1m27.0s/2m0s  50.00 iters/s

running (1m28.0s), 0002/0100 VUs, 4398 complete and 0 interrupted iterations
main   [  73% ] 0002/0100 VUs  1m28.0s/2m0s  50.00 iters/s

running (1m29.0s), 0000/0100 VUs, 4449 complete and 0 interrupted iterations
main   [  74% ] 0000/0100 VUs  1m29.0s/2m0s  50.00 iters/s

running (1m30.0s), 0001/0100 VUs, 4498 complete and 0 interrupted iterations
main   [  75% ] 0001/0100 VUs  1m30.0s/2m0s  50.00 iters/s

running (1m31.0s), 0001/0100 VUs, 4548 complete and 0 interrupted iterations
main   [  76% ] 0001/0100 VUs  1m31.0s/2m0s  50.00 iters/s

running (1m32.0s), 0000/0100 VUs, 4599 complete and 0 interrupted iterations
main   [  77% ] 0000/0100 VUs  1m32.0s/2m0s  50.00 iters/s

running (1m33.0s), 0001/0100 VUs, 4648 complete and 0 interrupted iterations
main   [  77% ] 0001/0100 VUs  1m33.0s/2m0s  50.00 iters/s

running (1m34.0s), 0001/0100 VUs, 4698 complete and 0 interrupted iterations
main   [  78% ] 0001/0100 VUs  1m34.0s/2m0s  50.00 iters/s

running (1m35.0s), 0002/0100 VUs, 4748 complete and 0 interrupted iterations
main   [  79% ] 0002/0100 VUs  1m35.0s/2m0s  50.00 iters/s

running (1m36.0s), 0001/0100 VUs, 4798 complete and 0 interrupted iterations
main   [  80% ] 0001/0100 VUs  1m36.0s/2m0s  50.00 iters/s

running (1m37.0s), 0001/0100 VUs, 4848 complete and 0 interrupted iterations
main   [  81% ] 0001/0100 VUs  1m37.0s/2m0s  50.00 iters/s

running (1m38.0s), 0002/0100 VUs, 4898 complete and 0 interrupted iterations
main   [  82% ] 0002/0100 VUs  1m38.0s/2m0s  50.00 iters/s

running (1m39.0s), 0001/0100 VUs, 4948 complete and 0 interrupted iterations
main   [  82% ] 0001/0100 VUs  1m39.0s/2m0s  50.00 iters/s

running (1m40.0s), 0002/0100 VUs, 4998 complete and 0 interrupted iterations
main   [  83% ] 0002/0100 VUs  1m40.0s/2m0s  50.00 iters/s

running (1m41.0s), 0001/0100 VUs, 5048 complete and 0 interrupted iterations
main   [  84% ] 0001/0100 VUs  1m41.0s/2m0s  50.00 iters/s

running (1m42.0s), 0001/0100 VUs, 5098 complete and 0 interrupted iterations
main   [  85% ] 0001/0100 VUs  1m42.0s/2m0s  50.00 iters/s

running (1m43.0s), 0001/0100 VUs, 5148 complete and 0 interrupted iterations
main   [  86% ] 0001/0100 VUs  1m43.0s/2m0s  50.00 iters/s

running (1m44.0s), 0001/0100 VUs, 5198 complete and 0 interrupted iterations
main   [  87% ] 0001/0100 VUs  1m44.0s/2m0s  50.00 iters/s

running (1m45.0s), 0001/0100 VUs, 5248 complete and 0 interrupted iterations
main   [  87% ] 0001/0100 VUs  1m45.0s/2m0s  50.00 iters/s

running (1m46.0s), 0001/0100 VUs, 5298 complete and 0 interrupted iterations
main   [  88% ] 0001/0100 VUs  1m46.0s/2m0s  50.00 iters/s

running (1m47.0s), 0001/0100 VUs, 5348 complete and 0 interrupted iterations
main   [  89% ] 0001/0100 VUs  1m47.0s/2m0s  50.00 iters/s

running (1m48.0s), 0000/0100 VUs, 5399 complete and 0 interrupted iterations
main   [  90% ] 0000/0100 VUs  1m48.0s/2m0s  50.00 iters/s

running (1m49.0s), 0002/0100 VUs, 5448 complete and 0 interrupted iterations
main   [  91% ] 0002/0100 VUs  1m49.0s/2m0s  50.00 iters/s

running (1m50.0s), 0001/0100 VUs, 5498 complete and 0 interrupted iterations
main   [  92% ] 0001/0100 VUs  1m50.0s/2m0s  50.00 iters/s

running (1m51.0s), 0002/0100 VUs, 5548 complete and 0 interrupted iterations
main   [  92% ] 0002/0100 VUs  1m51.0s/2m0s  50.00 iters/s

running (1m52.0s), 0001/0100 VUs, 5599 complete and 0 interrupted iterations
main   [  93% ] 0001/0100 VUs  1m52.0s/2m0s  50.00 iters/s

running (1m53.0s), 0001/0100 VUs, 5648 complete and 0 interrupted iterations
main   [  94% ] 0001/0100 VUs  1m53.0s/2m0s  50.00 iters/s

running (1m54.0s), 0001/0100 VUs, 5698 complete and 0 interrupted iterations
main   [  95% ] 0001/0100 VUs  1m54.0s/2m0s  50.00 iters/s

running (1m55.0s), 0001/0100 VUs, 5749 complete and 0 interrupted iterations
main   [  96% ] 0001/0100 VUs  1m55.0s/2m0s  50.00 iters/s

running (1m56.0s), 0002/0100 VUs, 5798 complete and 0 interrupted iterations
main   [  97% ] 0002/0100 VUs  1m56.0s/2m0s  50.00 iters/s

running (1m57.0s), 0001/0100 VUs, 5848 complete and 0 interrupted iterations
main   [  97% ] 0002/0100 VUs  1m57.0s/2m0s  50.00 iters/s

running (1m58.0s), 0001/0100 VUs, 5898 complete and 0 interrupted iterations
main   [  98% ] 0001/0100 VUs  1m58.0s/2m0s  50.00 iters/s

running (1m59.0s), 0000/0100 VUs, 5949 complete and 0 interrupted iterations
main   [  99% ] 0000/0100 VUs  1m59.0s/2m0s  50.00 iters/s

running (2m00.0s), 0001/0100 VUs, 5999 complete and 0 interrupted iterations
main   [ 100% ] 0001/0100 VUs  2m00.0s/2m0s  50.00 iters/s

running (2m00.0s), 0000/0100 VUs, 6001 complete and 0 interrupted iterations
main ✓ [ 100% ] 0000/0100 VUs  2m0s  50.00 iters/s
  Repeat 1 complete. Results in results/a-jdbc-seq-rtt1500-r50-rep1-1781136615.json
=== Cell complete: 1 repeat(s) for a/jdbc-seq rtt=1500us ===

[campaign] (14) cell: a|par|1500|14|-|-
=== Cell: scenario=a style=par rtt=1500us rate=14rps duration=2m scale=full repeats=1 ===
[1/4] Setting netem delay 1500us...
Setting netem delay 1500us on lab-mysql eth0...
time="2026-06-11T09:12:16+09:00" level=warning msg="/Users/rene/rdb-join-lab/docker-compose.yml: the attribute `version` is obsolete, it will be ignored, please remove it to avoid potential confusion"
Current qdisc:
time="2026-06-11T09:12:16+09:00" level=warning msg="/Users/rene/rdb-join-lab/docker-compose.yml: the attribute `version` is obsolete, it will be ignored, please remove it to avoid potential confusion"
qdisc netem 8013: root refcnt 7 limit 1000 delay 1.5ms seed 12794346984855021849
[2/4] Warming InnoDB buffer pool...
=== Step 1: Warm-up queries (priming buffer pool, ~10% of full scale) ===
COUNT(*)
3401538
COUNT(*)
975720
COUNT(*)
8680188
COUNT(*)
10000
Warm-up queries complete.
=== Step 2: Triggering InnoDB buffer pool dump ===
time="2026-06-11T09:12:17+09:00" level=warning msg="/Users/rene/rdb-join-lab/docker-compose.yml: the attribute `version` is obsolete, it will be ignored, please remove it to avoid potential confusion"
mysql: [Warning] Using a password on the command line interface can be insecure.
Polling dump status (timeout 300s)...
  [0s] Dump status: Buffer pool(s) dump completed at 260611  0:12:17
Buffer pool dump completed.
=== Step 3: Triggering InnoDB buffer pool load ===
time="2026-06-11T09:12:17+09:00" level=warning msg="/Users/rene/rdb-join-lab/docker-compose.yml: the attribute `version` is obsolete, it will be ignored, please remove it to avoid potential confusion"
mysql: [Warning] Using a password on the command line interface can be insecure.
Polling load status (timeout 300s)...
  [0s] Load status: Buffer pool(s) load completed at 260611  0:12:18
Buffer pool load completed.
=== Step 3b: Capturing post-load snapshot for warm-state gate ===
COUNT(*)
1210063
COUNT(*)
8680188
COUNT(*)
10000
Re-verification queries complete.
=== Step 4: Warm-state gate (physical reads < 0.01, post-load window) ===
  Post-load reverify window: physical reads delta: 0 / 22857 = 0.0
  (Pre-warmup baseline: 9802 / 873724073, for reference)
  Warm-state gate PASSED.
=== Step 5: ANALYZE TABLE ===
Table	Op	Msg_type	Msg_text
lab.coupon_policy	analyze	status	OK
lab.member	analyze	status	OK
lab.coupon_issue	analyze	status	OK
ANALYZE TABLE complete.
=== Step 5b: Capturing InnoDB engine status (AHI verification) ===
  InnoDB status captured: results/innodb-status-1781136739.txt
  AHI indicator: INSERT BUFFER AND ADAPTIVE HASH INDEX
0.00 hash searches/s, 132.87 non-hash searches/s
=== Step 5c: EXPLAIN Scenario B ORDER BY id ASC (filesort check) ===
  WARNING: EXPLAIN shows 'Using filesort' for Scenario B ORDER BY id ASC query.
  Expected idx_issue_member_id to cover ORDER BY — check index creation in schema.sql.
  EXPLAIN output:
1	SIMPLE	coupon_issue	NULL	ref	idx_issue_member_status,idx_issue_member_id	idx_issue_member_status	8	const	1209	100.00	Using filesort
[3/4] Dual calibration (nominal=1500us)...
  [held conn] calibrate n=10000...
{
    "n": 10000,
    "min": 1559,
    "p50": 2391,
    "p95": 2597,
    "p99": 2792,
    "max": 23953
}
  [per checkout] calibrate/loaded n=10000...
{
    "n": 10000,
    "min": 1563,
    "p50": 2396,
    "p95": 2583,
    "p99": 2687,
    "max": 7501
}
Running dual calibration probe (n=10000 held + n=10000 loaded)...
=== held (pure wire RTT) ===
{
    "n": 10000,
    "min": 1554,
    "p50": 2393,
    "p95": 2612,
    "p99": 2784,
    "max": 26197
}
=== loaded (wire RTT + pool checkout) ===
{
    "n": 10000,
    "min": 1561,
    "p50": 2404,
    "p95": 2656,
    "p99": 2851,
    "max": 32517
}

Appended dual record to results/calibration.jsonl: {"held": {"n": 10000, "min": 1554, "p50": 2393, "p95": 2612, "p99": 2784, "max": 26197}, "loaded": {"n": 10000, "min": 1561, "p50": 2404, "p95": 2656, "p99": 2851, "max": 32517}, "timestamp": "2026-06-11T00:13:52Z", "nominal_delay_us": 1500}
[4/1] Running k6 repeat 1/1 (output -> results/a-par-rtt1500-r14-rep1-1781136832.json)...
time="2026-06-11T09:13:53+09:00" level=warning msg="/Users/rene/rdb-join-lab/docker-compose.yml: the attribute `version` is obsolete, it will be ignored, please remove it to avoid potential confusion"

         /\      Grafana   /‾‾/  
    /\  /  \     |\  __   /  /   
   /  \/    \    | |/ /  /   ‾‾\ 
  /          \   |   (  |  (‾)  |
 / __________ \  |_|\_\  \_____/ 


     execution: local
        script: /scripts/scenario.js
        output: -

     scenarios: (100.00%) 1 scenario, 1000 max VUs, 2m30s max duration (incl. graceful stop):
              * main: 14.00 iterations/s for 2m0s (maxVUs: 100-1000, gracefulStop: 30s)


running (0m01.0s), 0000/0100 VUs, 14 complete and 0 interrupted iterations
main   [   1% ] 0000/0100 VUs  0m01.0s/2m0s  14.00 iters/s

running (0m02.0s), 0000/0100 VUs, 28 complete and 0 interrupted iterations
main   [   2% ] 0000/0100 VUs  0m02.0s/2m0s  14.00 iters/s

running (0m03.0s), 0000/0100 VUs, 42 complete and 0 interrupted iterations
main   [   2% ] 0000/0100 VUs  0m03.0s/2m0s  14.00 iters/s

running (0m04.0s), 0000/0100 VUs, 56 complete and 0 interrupted iterations
main   [   3% ] 0000/0100 VUs  0m04.0s/2m0s  14.00 iters/s

running (0m05.0s), 0000/0100 VUs, 70 complete and 0 interrupted iterations
main   [   4% ] 0000/0100 VUs  0m05.0s/2m0s  14.00 iters/s

running (0m06.0s), 0000/0100 VUs, 84 complete and 0 interrupted iterations
main   [   5% ] 0000/0100 VUs  0m06.0s/2m0s  14.00 iters/s

running (0m07.0s), 0000/0100 VUs, 98 complete and 0 interrupted iterations
main   [   6% ] 0000/0100 VUs  0m07.0s/2m0s  14.00 iters/s

running (0m08.0s), 0000/0100 VUs, 112 complete and 0 interrupted iterations
main   [   7% ] 0000/0100 VUs  0m08.0s/2m0s  14.00 iters/s

running (0m09.0s), 0000/0100 VUs, 126 complete and 0 interrupted iterations
main   [   7% ] 0000/0100 VUs  0m09.0s/2m0s  14.00 iters/s

running (0m10.0s), 0000/0100 VUs, 140 complete and 0 interrupted iterations
main   [   8% ] 0000/0100 VUs  0m10.0s/2m0s  14.00 iters/s

running (0m11.0s), 0000/0100 VUs, 154 complete and 0 interrupted iterations
main   [   9% ] 0000/0100 VUs  0m11.0s/2m0s  14.00 iters/s

running (0m12.0s), 0000/0100 VUs, 168 complete and 0 interrupted iterations
main   [  10% ] 0000/0100 VUs  0m12.0s/2m0s  14.00 iters/s

running (0m13.0s), 0000/0100 VUs, 182 complete and 0 interrupted iterations
main   [  11% ] 0000/0100 VUs  0m13.0s/2m0s  14.00 iters/s

running (0m14.0s), 0000/0100 VUs, 196 complete and 0 interrupted iterations
main   [  12% ] 0000/0100 VUs  0m14.0s/2m0s  14.00 iters/s

running (0m15.0s), 0000/0100 VUs, 210 complete and 0 interrupted iterations
main   [  12% ] 0000/0100 VUs  0m15.0s/2m0s  14.00 iters/s

running (0m16.0s), 0000/0100 VUs, 224 complete and 0 interrupted iterations
main   [  13% ] 0000/0100 VUs  0m16.0s/2m0s  14.00 iters/s

running (0m17.0s), 0000/0100 VUs, 238 complete and 0 interrupted iterations
main   [  14% ] 0000/0100 VUs  0m17.0s/2m0s  14.00 iters/s

running (0m18.0s), 0000/0100 VUs, 252 complete and 0 interrupted iterations
main   [  15% ] 0000/0100 VUs  0m18.0s/2m0s  14.00 iters/s

running (0m19.0s), 0000/0100 VUs, 266 complete and 0 interrupted iterations
main   [  16% ] 0000/0100 VUs  0m19.0s/2m0s  14.00 iters/s

running (0m20.0s), 0000/0100 VUs, 280 complete and 0 interrupted iterations
main   [  17% ] 0000/0100 VUs  0m20.0s/2m0s  14.00 iters/s

running (0m21.0s), 0000/0100 VUs, 294 complete and 0 interrupted iterations
main   [  17% ] 0000/0100 VUs  0m21.0s/2m0s  14.00 iters/s

running (0m22.0s), 0000/0100 VUs, 308 complete and 0 interrupted iterations
main   [  18% ] 0000/0100 VUs  0m22.0s/2m0s  14.00 iters/s

running (0m23.0s), 0000/0100 VUs, 322 complete and 0 interrupted iterations
main   [  19% ] 0000/0100 VUs  0m23.0s/2m0s  14.00 iters/s

running (0m24.0s), 0000/0100 VUs, 336 complete and 0 interrupted iterations
main   [  20% ] 0000/0100 VUs  0m24.0s/2m0s  14.00 iters/s

running (0m25.0s), 0000/0100 VUs, 350 complete and 0 interrupted iterations
main   [  21% ] 0000/0100 VUs  0m25.0s/2m0s  14.00 iters/s

running (0m26.0s), 0000/0100 VUs, 364 complete and 0 interrupted iterations
main   [  22% ] 0000/0100 VUs  0m26.0s/2m0s  14.00 iters/s

running (0m27.0s), 0000/0100 VUs, 378 complete and 0 interrupted iterations
main   [  22% ] 0000/0100 VUs  0m27.0s/2m0s  14.00 iters/s

running (0m28.0s), 0000/0100 VUs, 392 complete and 0 interrupted iterations
main   [  23% ] 0000/0100 VUs  0m28.0s/2m0s  14.00 iters/s

running (0m29.0s), 0000/0100 VUs, 406 complete and 0 interrupted iterations
main   [  24% ] 0000/0100 VUs  0m29.0s/2m0s  14.00 iters/s

running (0m30.0s), 0000/0100 VUs, 420 complete and 0 interrupted iterations
main   [  25% ] 0000/0100 VUs  0m30.0s/2m0s  14.00 iters/s

running (0m31.0s), 0000/0100 VUs, 434 complete and 0 interrupted iterations
main   [  26% ] 0000/0100 VUs  0m31.0s/2m0s  14.00 iters/s

running (0m32.0s), 0000/0100 VUs, 448 complete and 0 interrupted iterations
main   [  27% ] 0000/0100 VUs  0m32.0s/2m0s  14.00 iters/s

running (0m33.0s), 0000/0100 VUs, 462 complete and 0 interrupted iterations
main   [  27% ] 0000/0100 VUs  0m33.0s/2m0s  14.00 iters/s

running (0m34.0s), 0000/0100 VUs, 476 complete and 0 interrupted iterations
main   [  28% ] 0000/0100 VUs  0m34.0s/2m0s  14.00 iters/s

running (0m35.0s), 0000/0100 VUs, 490 complete and 0 interrupted iterations
main   [  29% ] 0000/0100 VUs  0m35.0s/2m0s  14.00 iters/s

running (0m36.0s), 0000/0100 VUs, 504 complete and 0 interrupted iterations
main   [  30% ] 0000/0100 VUs  0m36.0s/2m0s  14.00 iters/s

running (0m37.0s), 0000/0100 VUs, 518 complete and 0 interrupted iterations
main   [  31% ] 0000/0100 VUs  0m37.0s/2m0s  14.00 iters/s

running (0m38.0s), 0000/0100 VUs, 532 complete and 0 interrupted iterations
main   [  32% ] 0000/0100 VUs  0m38.0s/2m0s  14.00 iters/s

running (0m39.0s), 0000/0100 VUs, 546 complete and 0 interrupted iterations
main   [  32% ] 0000/0100 VUs  0m39.0s/2m0s  14.00 iters/s

running (0m40.0s), 0000/0100 VUs, 560 complete and 0 interrupted iterations
main   [  33% ] 0000/0100 VUs  0m40.0s/2m0s  14.00 iters/s

running (0m41.0s), 0000/0100 VUs, 574 complete and 0 interrupted iterations
main   [  34% ] 0000/0100 VUs  0m41.0s/2m0s  14.00 iters/s

running (0m42.0s), 0000/0100 VUs, 588 complete and 0 interrupted iterations
main   [  35% ] 0000/0100 VUs  0m42.0s/2m0s  14.00 iters/s

running (0m43.0s), 0000/0100 VUs, 602 complete and 0 interrupted iterations
main   [  36% ] 0000/0100 VUs  0m43.0s/2m0s  14.00 iters/s

running (0m44.0s), 0000/0100 VUs, 616 complete and 0 interrupted iterations
main   [  37% ] 0000/0100 VUs  0m44.0s/2m0s  14.00 iters/s

running (0m45.0s), 0000/0100 VUs, 630 complete and 0 interrupted iterations
main   [  37% ] 0000/0100 VUs  0m45.0s/2m0s  14.00 iters/s

running (0m46.0s), 0000/0100 VUs, 644 complete and 0 interrupted iterations
main   [  38% ] 0000/0100 VUs  0m46.0s/2m0s  14.00 iters/s

running (0m47.0s), 0000/0100 VUs, 658 complete and 0 interrupted iterations
main   [  39% ] 0000/0100 VUs  0m47.0s/2m0s  14.00 iters/s

running (0m48.0s), 0000/0100 VUs, 672 complete and 0 interrupted iterations
main   [  40% ] 0000/0100 VUs  0m48.0s/2m0s  14.00 iters/s

running (0m49.0s), 0000/0100 VUs, 686 complete and 0 interrupted iterations
main   [  41% ] 0000/0100 VUs  0m49.0s/2m0s  14.00 iters/s

running (0m50.0s), 0000/0100 VUs, 700 complete and 0 interrupted iterations
main   [  42% ] 0000/0100 VUs  0m50.0s/2m0s  14.00 iters/s

running (0m51.0s), 0000/0100 VUs, 714 complete and 0 interrupted iterations
main   [  42% ] 0000/0100 VUs  0m51.0s/2m0s  14.00 iters/s

running (0m52.0s), 0000/0100 VUs, 728 complete and 0 interrupted iterations
main   [  43% ] 0000/0100 VUs  0m52.0s/2m0s  14.00 iters/s

running (0m53.0s), 0000/0100 VUs, 742 complete and 0 interrupted iterations
main   [  44% ] 0000/0100 VUs  0m53.0s/2m0s  14.00 iters/s

running (0m54.0s), 0000/0100 VUs, 756 complete and 0 interrupted iterations
main   [  45% ] 0000/0100 VUs  0m54.0s/2m0s  14.00 iters/s

running (0m55.0s), 0000/0100 VUs, 770 complete and 0 interrupted iterations
main   [  46% ] 0000/0100 VUs  0m55.0s/2m0s  14.00 iters/s

running (0m56.0s), 0000/0100 VUs, 784 complete and 0 interrupted iterations
main   [  47% ] 0000/0100 VUs  0m56.0s/2m0s  14.00 iters/s

running (0m57.0s), 0000/0100 VUs, 798 complete and 0 interrupted iterations
main   [  47% ] 0000/0100 VUs  0m57.0s/2m0s  14.00 iters/s

running (0m58.0s), 0000/0100 VUs, 812 complete and 0 interrupted iterations
main   [  48% ] 0000/0100 VUs  0m58.0s/2m0s  14.00 iters/s

running (0m59.0s), 0000/0100 VUs, 826 complete and 0 interrupted iterations
main   [  49% ] 0000/0100 VUs  0m59.0s/2m0s  14.00 iters/s

running (1m00.0s), 0000/0100 VUs, 840 complete and 0 interrupted iterations
main   [  50% ] 0000/0100 VUs  1m00.0s/2m0s  14.00 iters/s

running (1m01.0s), 0000/0100 VUs, 854 complete and 0 interrupted iterations
main   [  51% ] 0000/0100 VUs  1m01.0s/2m0s  14.00 iters/s

running (1m02.0s), 0000/0100 VUs, 868 complete and 0 interrupted iterations
main   [  52% ] 0000/0100 VUs  1m02.0s/2m0s  14.00 iters/s

running (1m03.0s), 0000/0100 VUs, 882 complete and 0 interrupted iterations
main   [  52% ] 0000/0100 VUs  1m03.0s/2m0s  14.00 iters/s

running (1m04.0s), 0000/0100 VUs, 896 complete and 0 interrupted iterations
main   [  53% ] 0000/0100 VUs  1m04.0s/2m0s  14.00 iters/s

running (1m05.0s), 0000/0100 VUs, 910 complete and 0 interrupted iterations
main   [  54% ] 0000/0100 VUs  1m05.0s/2m0s  14.00 iters/s

running (1m06.0s), 0000/0100 VUs, 924 complete and 0 interrupted iterations
main   [  55% ] 0000/0100 VUs  1m06.0s/2m0s  14.00 iters/s

running (1m07.0s), 0000/0100 VUs, 938 complete and 0 interrupted iterations
main   [  56% ] 0000/0100 VUs  1m07.0s/2m0s  14.00 iters/s

running (1m08.0s), 0000/0100 VUs, 952 complete and 0 interrupted iterations
main   [  57% ] 0000/0100 VUs  1m08.0s/2m0s  14.00 iters/s

running (1m09.0s), 0000/0100 VUs, 966 complete and 0 interrupted iterations
main   [  57% ] 0000/0100 VUs  1m09.0s/2m0s  14.00 iters/s

running (1m10.0s), 0000/0100 VUs, 980 complete and 0 interrupted iterations
main   [  58% ] 0000/0100 VUs  1m10.0s/2m0s  14.00 iters/s

running (1m11.0s), 0000/0100 VUs, 994 complete and 0 interrupted iterations
main   [  59% ] 0000/0100 VUs  1m11.0s/2m0s  14.00 iters/s

running (1m12.0s), 0000/0100 VUs, 1008 complete and 0 interrupted iterations
main   [  60% ] 0000/0100 VUs  1m12.0s/2m0s  14.00 iters/s

running (1m13.0s), 0000/0100 VUs, 1022 complete and 0 interrupted iterations
main   [  61% ] 0000/0100 VUs  1m13.0s/2m0s  14.00 iters/s

running (1m14.0s), 0000/0100 VUs, 1036 complete and 0 interrupted iterations
main   [  62% ] 0000/0100 VUs  1m14.0s/2m0s  14.00 iters/s

running (1m15.0s), 0000/0100 VUs, 1050 complete and 0 interrupted iterations
main   [  62% ] 0000/0100 VUs  1m15.0s/2m0s  14.00 iters/s

running (1m16.0s), 0000/0100 VUs, 1064 complete and 0 interrupted iterations
main   [  63% ] 0000/0100 VUs  1m16.0s/2m0s  14.00 iters/s

running (1m17.0s), 0000/0100 VUs, 1078 complete and 0 interrupted iterations
main   [  64% ] 0000/0100 VUs  1m17.0s/2m0s  14.00 iters/s

running (1m18.0s), 0000/0100 VUs, 1092 complete and 0 interrupted iterations
main   [  65% ] 0000/0100 VUs  1m18.0s/2m0s  14.00 iters/s

running (1m19.0s), 0000/0100 VUs, 1106 complete and 0 interrupted iterations
main   [  66% ] 0000/0100 VUs  1m19.0s/2m0s  14.00 iters/s

running (1m20.0s), 0000/0100 VUs, 1120 complete and 0 interrupted iterations
main   [  67% ] 0000/0100 VUs  1m20.0s/2m0s  14.00 iters/s

running (1m21.0s), 0000/0100 VUs, 1134 complete and 0 interrupted iterations
main   [  67% ] 0000/0100 VUs  1m21.0s/2m0s  14.00 iters/s

running (1m22.0s), 0000/0100 VUs, 1148 complete and 0 interrupted iterations
main   [  68% ] 0000/0100 VUs  1m22.0s/2m0s  14.00 iters/s

running (1m23.0s), 0000/0100 VUs, 1162 complete and 0 interrupted iterations
main   [  69% ] 0000/0100 VUs  1m23.0s/2m0s  14.00 iters/s

running (1m24.0s), 0000/0100 VUs, 1176 complete and 0 interrupted iterations
main   [  70% ] 0000/0100 VUs  1m24.0s/2m0s  14.00 iters/s

running (1m25.0s), 0000/0100 VUs, 1190 complete and 0 interrupted iterations
main   [  71% ] 0000/0100 VUs  1m25.0s/2m0s  14.00 iters/s

running (1m26.0s), 0000/0100 VUs, 1204 complete and 0 interrupted iterations
main   [  72% ] 0000/0100 VUs  1m26.0s/2m0s  14.00 iters/s

running (1m27.0s), 0000/0100 VUs, 1218 complete and 0 interrupted iterations
main   [  72% ] 0000/0100 VUs  1m27.0s/2m0s  14.00 iters/s

running (1m28.0s), 0000/0100 VUs, 1232 complete and 0 interrupted iterations
main   [  73% ] 0000/0100 VUs  1m28.0s/2m0s  14.00 iters/s

running (1m29.0s), 0000/0100 VUs, 1246 complete and 0 interrupted iterations
main   [  74% ] 0000/0100 VUs  1m29.0s/2m0s  14.00 iters/s

running (1m30.0s), 0000/0100 VUs, 1260 complete and 0 interrupted iterations
main   [  75% ] 0000/0100 VUs  1m30.0s/2m0s  14.00 iters/s

running (1m31.0s), 0000/0100 VUs, 1274 complete and 0 interrupted iterations
main   [  76% ] 0000/0100 VUs  1m31.0s/2m0s  14.00 iters/s

running (1m32.0s), 0000/0100 VUs, 1288 complete and 0 interrupted iterations
main   [  77% ] 0000/0100 VUs  1m32.0s/2m0s  14.00 iters/s

running (1m33.0s), 0000/0100 VUs, 1302 complete and 0 interrupted iterations
main   [  77% ] 0000/0100 VUs  1m33.0s/2m0s  14.00 iters/s

running (1m34.0s), 0000/0100 VUs, 1316 complete and 0 interrupted iterations
main   [  78% ] 0000/0100 VUs  1m34.0s/2m0s  14.00 iters/s

running (1m35.0s), 0000/0100 VUs, 1330 complete and 0 interrupted iterations
main   [  79% ] 0000/0100 VUs  1m35.0s/2m0s  14.00 iters/s

running (1m36.0s), 0000/0100 VUs, 1344 complete and 0 interrupted iterations
main   [  80% ] 0000/0100 VUs  1m36.0s/2m0s  14.00 iters/s

running (1m37.0s), 0000/0100 VUs, 1358 complete and 0 interrupted iterations
main   [  81% ] 0000/0100 VUs  1m37.0s/2m0s  14.00 iters/s

running (1m38.0s), 0000/0100 VUs, 1372 complete and 0 interrupted iterations
main   [  82% ] 0000/0100 VUs  1m38.0s/2m0s  14.00 iters/s

running (1m39.0s), 0000/0100 VUs, 1386 complete and 0 interrupted iterations
main   [  82% ] 0000/0100 VUs  1m39.0s/2m0s  14.00 iters/s

running (1m40.0s), 0000/0100 VUs, 1400 complete and 0 interrupted iterations
main   [  83% ] 0000/0100 VUs  1m40.0s/2m0s  14.00 iters/s

running (1m41.0s), 0000/0100 VUs, 1414 complete and 0 interrupted iterations
main   [  84% ] 0000/0100 VUs  1m41.0s/2m0s  14.00 iters/s

running (1m42.0s), 0000/0100 VUs, 1428 complete and 0 interrupted iterations
main   [  85% ] 0000/0100 VUs  1m42.0s/2m0s  14.00 iters/s

running (1m43.0s), 0000/0100 VUs, 1442 complete and 0 interrupted iterations
main   [  86% ] 0000/0100 VUs  1m43.0s/2m0s  14.00 iters/s

running (1m44.0s), 0000/0100 VUs, 1456 complete and 0 interrupted iterations
main   [  87% ] 0000/0100 VUs  1m44.0s/2m0s  14.00 iters/s

running (1m45.0s), 0000/0100 VUs, 1470 complete and 0 interrupted iterations
main   [  87% ] 0000/0100 VUs  1m45.0s/2m0s  14.00 iters/s

running (1m46.0s), 0000/0100 VUs, 1484 complete and 0 interrupted iterations
main   [  88% ] 0000/0100 VUs  1m46.0s/2m0s  14.00 iters/s

running (1m47.0s), 0000/0100 VUs, 1498 complete and 0 interrupted iterations
main   [  89% ] 0000/0100 VUs  1m47.0s/2m0s  14.00 iters/s

running (1m48.0s), 0000/0100 VUs, 1512 complete and 0 interrupted iterations
main   [  90% ] 0000/0100 VUs  1m48.0s/2m0s  14.00 iters/s

running (1m49.0s), 0000/0100 VUs, 1526 complete and 0 interrupted iterations
main   [  91% ] 0000/0100 VUs  1m49.0s/2m0s  14.00 iters/s

running (1m50.0s), 0000/0100 VUs, 1540 complete and 0 interrupted iterations
main   [  92% ] 0000/0100 VUs  1m50.0s/2m0s  14.00 iters/s

running (1m51.0s), 0000/0100 VUs, 1554 complete and 0 interrupted iterations
main   [  92% ] 0000/0100 VUs  1m51.0s/2m0s  14.00 iters/s

running (1m52.0s), 0000/0100 VUs, 1568 complete and 0 interrupted iterations
main   [  93% ] 0000/0100 VUs  1m52.0s/2m0s  14.00 iters/s

running (1m53.0s), 0000/0100 VUs, 1582 complete and 0 interrupted iterations
main   [  94% ] 0000/0100 VUs  1m53.0s/2m0s  14.00 iters/s

running (1m54.0s), 0000/0100 VUs, 1596 complete and 0 interrupted iterations
main   [  95% ] 0000/0100 VUs  1m54.0s/2m0s  14.00 iters/s

running (1m55.0s), 0000/0100 VUs, 1610 complete and 0 interrupted iterations
main   [  96% ] 0000/0100 VUs  1m55.0s/2m0s  14.00 iters/s

running (1m56.0s), 0000/0100 VUs, 1624 complete and 0 interrupted iterations
main   [  97% ] 0000/0100 VUs  1m56.0s/2m0s  14.00 iters/s

running (1m57.0s), 0000/0100 VUs, 1638 complete and 0 interrupted iterations
main   [  97% ] 0000/0100 VUs  1m57.0s/2m0s  14.00 iters/s

running (1m58.0s), 0000/0100 VUs, 1652 complete and 0 interrupted iterations
main   [  98% ] 0000/0100 VUs  1m58.0s/2m0s  14.00 iters/s

running (1m59.0s), 0000/0100 VUs, 1666 complete and 0 interrupted iterations
main   [  99% ] 0000/0100 VUs  1m59.0s/2m0s  14.00 iters/s

running (2m00.0s), 0000/0100 VUs, 1680 complete and 0 interrupted iterations
main   [ 100% ] 0000/0100 VUs  2m00.0s/2m0s  14.00 iters/s

running (2m00.0s), 0000/0100 VUs, 1681 complete and 0 interrupted iterations
main ✓ [ 100% ] 0000/0100 VUs  2m0s  14.00 iters/s
  Repeat 1 complete. Results in results/a-par-rtt1500-r14-rep1-1781136832.json
=== Cell complete: 1 repeat(s) for a/par rtt=1500us ===

[campaign] (15) cell: a|join|5000|50|-|-
=== Cell: scenario=a style=join rtt=5000us rate=50rps duration=2m scale=full repeats=1 ===
[1/4] Setting netem delay 5000us...
Setting netem delay 5000us on lab-mysql eth0...
time="2026-06-11T09:15:53+09:00" level=warning msg="/Users/rene/rdb-join-lab/docker-compose.yml: the attribute `version` is obsolete, it will be ignored, please remove it to avoid potential confusion"
Current qdisc:
time="2026-06-11T09:15:53+09:00" level=warning msg="/Users/rene/rdb-join-lab/docker-compose.yml: the attribute `version` is obsolete, it will be ignored, please remove it to avoid potential confusion"
qdisc netem 8013: root refcnt 7 limit 1000 delay 5ms seed 15344779305764967577
[2/4] Warming InnoDB buffer pool...
=== Step 1: Warm-up queries (priming buffer pool, ~10% of full scale) ===
COUNT(*)
3401538
COUNT(*)
975720
COUNT(*)
8680188
COUNT(*)
10000
Warm-up queries complete.
=== Step 2: Triggering InnoDB buffer pool dump ===
time="2026-06-11T09:15:55+09:00" level=warning msg="/Users/rene/rdb-join-lab/docker-compose.yml: the attribute `version` is obsolete, it will be ignored, please remove it to avoid potential confusion"
mysql: [Warning] Using a password on the command line interface can be insecure.
Polling dump status (timeout 300s)...
  [0s] Dump status: Buffer pool(s) dump completed at 260611  0:15:55
Buffer pool dump completed.
=== Step 3: Triggering InnoDB buffer pool load ===
time="2026-06-11T09:15:55+09:00" level=warning msg="/Users/rene/rdb-join-lab/docker-compose.yml: the attribute `version` is obsolete, it will be ignored, please remove it to avoid potential confusion"
mysql: [Warning] Using a password on the command line interface can be insecure.
Polling load status (timeout 300s)...
  [0s] Load status: Loaded 151553/188400 pages
  [5s] Load status: Buffer pool(s) load completed at 260611  0:15:55
Buffer pool load completed.
=== Step 3b: Capturing post-load snapshot for warm-state gate ===
COUNT(*)
1210063
COUNT(*)
8680188
COUNT(*)
10000
Re-verification queries complete.
=== Step 4: Warm-state gate (physical reads < 0.01, post-load window) ===
  Post-load reverify window: physical reads delta: 0 / 22857 = 0.0
  (Pre-warmup baseline: 9864 / 873798472, for reference)
  Warm-state gate PASSED.
=== Step 5: ANALYZE TABLE ===
Table	Op	Msg_type	Msg_text
lab.coupon_policy	analyze	status	OK
lab.member	analyze	status	OK
lab.coupon_issue	analyze	status	OK
ANALYZE TABLE complete.
=== Step 5b: Capturing InnoDB engine status (AHI verification) ===
  InnoDB status captured: results/innodb-status-1781136962.txt
  AHI indicator: INSERT BUFFER AND ADAPTIVE HASH INDEX
0.00 hash searches/s, 33.13 non-hash searches/s
=== Step 5c: EXPLAIN Scenario B ORDER BY id ASC (filesort check) ===
  WARNING: EXPLAIN shows 'Using filesort' for Scenario B ORDER BY id ASC query.
  Expected idx_issue_member_id to cover ORDER BY — check index creation in schema.sql.
  EXPLAIN output:
1	SIMPLE	coupon_issue	NULL	ref	idx_issue_member_status,idx_issue_member_id	idx_issue_member_status	8	const	1209	100.00	Using filesort
[3/4] Dual calibration (nominal=5000us)...
  [held conn] calibrate n=10000...
{
    "n": 10000,
    "min": 5082,
    "p50": 6542,
    "p95": 7913,
    "p99": 8138,
    "max": 43555
}
  [per checkout] calibrate/loaded n=10000...
{
    "n": 10000,
    "min": 5075,
    "p50": 6507,
    "p95": 7920,
    "p99": 8122,
    "max": 26748
}
Running dual calibration probe (n=10000 held + n=10000 loaded)...
=== held (pure wire RTT) ===
{
    "n": 10000,
    "min": 5084,
    "p50": 6495,
    "p95": 7891,
    "p99": 8051,
    "max": 21315
}
=== loaded (wire RTT + pool checkout) ===
{
    "n": 10000,
    "min": 5083,
    "p50": 6532,
    "p95": 7941,
    "p99": 8212,
    "max": 20397
}

Appended dual record to results/calibration.jsonl: {"held": {"n": 10000, "min": 5084, "p50": 6495, "p95": 7891, "p99": 8051, "max": 21315}, "loaded": {"n": 10000, "min": 5083, "p50": 6532, "p95": 7941, "p99": 8212, "max": 20397}, "timestamp": "2026-06-11T00:20:27Z", "nominal_delay_us": 5000}
[4/1] Running k6 repeat 1/1 (output -> results/a-join-rtt5000-r50-rep1-1781137227.json)...
time="2026-06-11T09:20:27+09:00" level=warning msg="/Users/rene/rdb-join-lab/docker-compose.yml: the attribute `version` is obsolete, it will be ignored, please remove it to avoid potential confusion"

         /\      Grafana   /‾‾/  
    /\  /  \     |\  __   /  /   
   /  \/    \    | |/ /  /   ‾‾\ 
  /          \   |   (  |  (‾)  |
 / __________ \  |_|\_\  \_____/ 


     execution: local
        script: /scripts/scenario.js
        output: -

     scenarios: (100.00%) 1 scenario, 1000 max VUs, 2m30s max duration (incl. graceful stop):
              * main: 50.00 iterations/s for 2m0s (maxVUs: 100-1000, gracefulStop: 30s)


running (0m01.0s), 0002/0100 VUs, 47 complete and 0 interrupted iterations
main   [   1% ] 0002/0100 VUs  0m01.0s/2m0s  50.00 iters/s

running (0m02.0s), 0002/0100 VUs, 97 complete and 0 interrupted iterations
main   [   2% ] 0002/0100 VUs  0m02.0s/2m0s  50.00 iters/s

running (0m03.0s), 0002/0100 VUs, 147 complete and 0 interrupted iterations
main   [   2% ] 0002/0100 VUs  0m03.0s/2m0s  50.00 iters/s

running (0m04.0s), 0001/0100 VUs, 198 complete and 0 interrupted iterations
main   [   3% ] 0001/0100 VUs  0m04.0s/2m0s  50.00 iters/s

running (0m05.0s), 0003/0100 VUs, 247 complete and 0 interrupted iterations
main   [   4% ] 0003/0100 VUs  0m05.0s/2m0s  50.00 iters/s

running (0m06.0s), 0001/0100 VUs, 298 complete and 0 interrupted iterations
main   [   5% ] 0001/0100 VUs  0m06.0s/2m0s  50.00 iters/s

running (0m07.0s), 0002/0100 VUs, 347 complete and 0 interrupted iterations
main   [   6% ] 0002/0100 VUs  0m07.0s/2m0s  50.00 iters/s

running (0m08.0s), 0002/0100 VUs, 397 complete and 0 interrupted iterations
main   [   7% ] 0002/0100 VUs  0m08.0s/2m0s  50.00 iters/s

running (0m09.0s), 0002/0100 VUs, 447 complete and 0 interrupted iterations
main   [   7% ] 0002/0100 VUs  0m09.0s/2m0s  50.00 iters/s

running (0m10.0s), 0002/0100 VUs, 497 complete and 0 interrupted iterations
main   [   8% ] 0002/0100 VUs  0m10.0s/2m0s  50.00 iters/s

running (0m11.0s), 0001/0100 VUs, 548 complete and 0 interrupted iterations
main   [   9% ] 0001/0100 VUs  0m11.0s/2m0s  50.00 iters/s

running (0m12.0s), 0001/0100 VUs, 598 complete and 0 interrupted iterations
main   [  10% ] 0001/0100 VUs  0m12.0s/2m0s  50.00 iters/s

running (0m13.0s), 0002/0100 VUs, 647 complete and 0 interrupted iterations
main   [  11% ] 0002/0100 VUs  0m13.0s/2m0s  50.00 iters/s

running (0m14.0s), 0001/0100 VUs, 698 complete and 0 interrupted iterations
main   [  12% ] 0001/0100 VUs  0m14.0s/2m0s  50.00 iters/s

running (0m15.0s), 0001/0100 VUs, 748 complete and 0 interrupted iterations
main   [  12% ] 0001/0100 VUs  0m15.0s/2m0s  50.00 iters/s

running (0m16.0s), 0001/0100 VUs, 798 complete and 0 interrupted iterations
main   [  13% ] 0001/0100 VUs  0m16.0s/2m0s  50.00 iters/s

running (0m17.0s), 0001/0100 VUs, 848 complete and 0 interrupted iterations
main   [  14% ] 0001/0100 VUs  0m17.0s/2m0s  50.00 iters/s

running (0m18.0s), 0002/0100 VUs, 897 complete and 0 interrupted iterations
main   [  15% ] 0002/0100 VUs  0m18.0s/2m0s  50.00 iters/s

running (0m19.0s), 0002/0100 VUs, 947 complete and 0 interrupted iterations
main   [  16% ] 0002/0100 VUs  0m19.0s/2m0s  50.00 iters/s

running (0m20.0s), 0001/0100 VUs, 998 complete and 0 interrupted iterations
main   [  17% ] 0001/0100 VUs  0m20.0s/2m0s  50.00 iters/s

running (0m21.0s), 0002/0100 VUs, 1047 complete and 0 interrupted iterations
main   [  17% ] 0002/0100 VUs  0m21.0s/2m0s  50.00 iters/s

running (0m22.0s), 0001/0100 VUs, 1098 complete and 0 interrupted iterations
main   [  18% ] 0001/0100 VUs  0m22.0s/2m0s  50.00 iters/s

running (0m23.0s), 0001/0100 VUs, 1148 complete and 0 interrupted iterations
main   [  19% ] 0001/0100 VUs  0m23.0s/2m0s  50.00 iters/s

running (0m24.0s), 0001/0100 VUs, 1198 complete and 0 interrupted iterations
main   [  20% ] 0001/0100 VUs  0m24.0s/2m0s  50.00 iters/s

running (0m25.0s), 0002/0100 VUs, 1247 complete and 0 interrupted iterations
main   [  21% ] 0002/0100 VUs  0m25.0s/2m0s  50.00 iters/s

running (0m26.0s), 0002/0100 VUs, 1297 complete and 0 interrupted iterations
main   [  22% ] 0002/0100 VUs  0m26.0s/2m0s  50.00 iters/s

running (0m27.0s), 0002/0100 VUs, 1347 complete and 0 interrupted iterations
main   [  22% ] 0002/0100 VUs  0m27.0s/2m0s  50.00 iters/s

running (0m28.0s), 0002/0100 VUs, 1397 complete and 0 interrupted iterations
main   [  23% ] 0002/0100 VUs  0m28.0s/2m0s  50.00 iters/s

running (0m29.0s), 0002/0100 VUs, 1447 complete and 0 interrupted iterations
main   [  24% ] 0002/0100 VUs  0m29.0s/2m0s  50.00 iters/s

running (0m30.0s), 0002/0100 VUs, 1497 complete and 0 interrupted iterations
main   [  25% ] 0002/0100 VUs  0m30.0s/2m0s  50.00 iters/s

running (0m31.0s), 0001/0100 VUs, 1548 complete and 0 interrupted iterations
main   [  26% ] 0001/0100 VUs  0m31.0s/2m0s  50.00 iters/s

running (0m32.0s), 0002/0100 VUs, 1597 complete and 0 interrupted iterations
main   [  27% ] 0002/0100 VUs  0m32.0s/2m0s  50.00 iters/s

running (0m33.0s), 0002/0100 VUs, 1647 complete and 0 interrupted iterations
main   [  27% ] 0002/0100 VUs  0m33.0s/2m0s  50.00 iters/s

running (0m34.0s), 0002/0100 VUs, 1697 complete and 0 interrupted iterations
main   [  28% ] 0002/0100 VUs  0m34.0s/2m0s  50.00 iters/s

running (0m35.0s), 0002/0100 VUs, 1747 complete and 0 interrupted iterations
main   [  29% ] 0002/0100 VUs  0m35.0s/2m0s  50.00 iters/s

running (0m36.0s), 0001/0100 VUs, 1798 complete and 0 interrupted iterations
main   [  30% ] 0001/0100 VUs  0m36.0s/2m0s  50.00 iters/s

running (0m37.0s), 0002/0100 VUs, 1847 complete and 0 interrupted iterations
main   [  31% ] 0002/0100 VUs  0m37.0s/2m0s  50.00 iters/s

running (0m38.0s), 0002/0100 VUs, 1897 complete and 0 interrupted iterations
main   [  32% ] 0002/0100 VUs  0m38.0s/2m0s  50.00 iters/s

running (0m39.0s), 0002/0100 VUs, 1947 complete and 0 interrupted iterations
main   [  32% ] 0002/0100 VUs  0m39.0s/2m0s  50.00 iters/s

running (0m40.0s), 0002/0100 VUs, 1997 complete and 0 interrupted iterations
main   [  33% ] 0002/0100 VUs  0m40.0s/2m0s  50.00 iters/s

running (0m41.0s), 0002/0100 VUs, 2047 complete and 0 interrupted iterations
main   [  34% ] 0002/0100 VUs  0m41.0s/2m0s  50.00 iters/s

running (0m42.0s), 0002/0100 VUs, 2097 complete and 0 interrupted iterations
main   [  35% ] 0002/0100 VUs  0m42.0s/2m0s  50.00 iters/s

running (0m43.0s), 0002/0100 VUs, 2147 complete and 0 interrupted iterations
main   [  36% ] 0002/0100 VUs  0m43.0s/2m0s  50.00 iters/s

running (0m44.0s), 0002/0100 VUs, 2197 complete and 0 interrupted iterations
main   [  37% ] 0002/0100 VUs  0m44.0s/2m0s  50.00 iters/s

running (0m45.0s), 0002/0100 VUs, 2247 complete and 0 interrupted iterations
main   [  37% ] 0002/0100 VUs  0m45.0s/2m0s  50.00 iters/s

running (0m46.0s), 0002/0100 VUs, 2297 complete and 0 interrupted iterations
main   [  38% ] 0002/0100 VUs  0m46.0s/2m0s  50.00 iters/s

running (0m47.0s), 0001/0100 VUs, 2348 complete and 0 interrupted iterations
main   [  39% ] 0001/0100 VUs  0m47.0s/2m0s  50.00 iters/s

running (0m48.0s), 0002/0100 VUs, 2397 complete and 0 interrupted iterations
main   [  40% ] 0002/0100 VUs  0m48.0s/2m0s  50.00 iters/s

running (0m49.0s), 0002/0100 VUs, 2447 complete and 0 interrupted iterations
main   [  41% ] 0002/0100 VUs  0m49.0s/2m0s  50.00 iters/s

running (0m50.0s), 0002/0100 VUs, 2497 complete and 0 interrupted iterations
main   [  42% ] 0002/0100 VUs  0m50.0s/2m0s  50.00 iters/s

running (0m51.0s), 0001/0100 VUs, 2548 complete and 0 interrupted iterations
main   [  42% ] 0001/0100 VUs  0m51.0s/2m0s  50.00 iters/s

running (0m52.0s), 0002/0100 VUs, 2597 complete and 0 interrupted iterations
main   [  43% ] 0002/0100 VUs  0m52.0s/2m0s  50.00 iters/s

running (0m53.0s), 0002/0100 VUs, 2647 complete and 0 interrupted iterations
main   [  44% ] 0002/0100 VUs  0m53.0s/2m0s  50.00 iters/s

running (0m54.0s), 0002/0100 VUs, 2697 complete and 0 interrupted iterations
main   [  45% ] 0002/0100 VUs  0m54.0s/2m0s  50.00 iters/s

running (0m55.0s), 0002/0100 VUs, 2747 complete and 0 interrupted iterations
main   [  46% ] 0002/0100 VUs  0m55.0s/2m0s  50.00 iters/s

running (0m56.0s), 0003/0100 VUs, 2797 complete and 0 interrupted iterations
main   [  47% ] 0003/0100 VUs  0m56.0s/2m0s  50.00 iters/s

running (0m57.0s), 0002/0100 VUs, 2847 complete and 0 interrupted iterations
main   [  47% ] 0002/0100 VUs  0m57.0s/2m0s  50.00 iters/s

running (0m58.0s), 0002/0100 VUs, 2897 complete and 0 interrupted iterations
main   [  48% ] 0002/0100 VUs  0m58.0s/2m0s  50.00 iters/s

running (0m59.0s), 0002/0100 VUs, 2947 complete and 0 interrupted iterations
main   [  49% ] 0002/0100 VUs  0m59.0s/2m0s  50.00 iters/s

running (1m00.0s), 0002/0100 VUs, 2997 complete and 0 interrupted iterations
main   [  50% ] 0002/0100 VUs  1m00.0s/2m0s  50.00 iters/s

running (1m01.0s), 0003/0100 VUs, 3047 complete and 0 interrupted iterations
main   [  51% ] 0003/0100 VUs  1m01.0s/2m0s  50.00 iters/s

running (1m02.0s), 0002/0100 VUs, 3097 complete and 0 interrupted iterations
main   [  52% ] 0002/0100 VUs  1m02.0s/2m0s  50.00 iters/s

running (1m03.0s), 0002/0100 VUs, 3147 complete and 0 interrupted iterations
main   [  52% ] 0002/0100 VUs  1m03.0s/2m0s  50.00 iters/s

running (1m04.0s), 0002/0100 VUs, 3197 complete and 0 interrupted iterations
main   [  53% ] 0002/0100 VUs  1m04.0s/2m0s  50.00 iters/s

running (1m05.0s), 0002/0100 VUs, 3247 complete and 0 interrupted iterations
main   [  54% ] 0002/0100 VUs  1m05.0s/2m0s  50.00 iters/s

running (1m06.0s), 0002/0100 VUs, 3297 complete and 0 interrupted iterations
main   [  55% ] 0002/0100 VUs  1m06.0s/2m0s  50.00 iters/s

running (1m07.0s), 0002/0100 VUs, 3347 complete and 0 interrupted iterations
main   [  56% ] 0002/0100 VUs  1m07.0s/2m0s  50.00 iters/s

running (1m08.0s), 0001/0100 VUs, 3398 complete and 0 interrupted iterations
main   [  57% ] 0001/0100 VUs  1m08.0s/2m0s  50.00 iters/s

running (1m09.0s), 0002/0100 VUs, 3447 complete and 0 interrupted iterations
main   [  57% ] 0002/0100 VUs  1m09.0s/2m0s  50.00 iters/s

running (1m10.0s), 0001/0100 VUs, 3498 complete and 0 interrupted iterations
main   [  58% ] 0001/0100 VUs  1m10.0s/2m0s  50.00 iters/s

running (1m11.0s), 0002/0100 VUs, 3547 complete and 0 interrupted iterations
main   [  59% ] 0002/0100 VUs  1m11.0s/2m0s  50.00 iters/s

running (1m12.0s), 0001/0100 VUs, 3598 complete and 0 interrupted iterations
main   [  60% ] 0001/0100 VUs  1m12.0s/2m0s  50.00 iters/s

running (1m13.0s), 0002/0100 VUs, 3647 complete and 0 interrupted iterations
main   [  61% ] 0002/0100 VUs  1m13.0s/2m0s  50.00 iters/s

running (1m14.0s), 0001/0100 VUs, 3698 complete and 0 interrupted iterations
main   [  62% ] 0001/0100 VUs  1m14.0s/2m0s  50.00 iters/s

running (1m15.0s), 0002/0100 VUs, 3747 complete and 0 interrupted iterations
main   [  62% ] 0002/0100 VUs  1m15.0s/2m0s  50.00 iters/s

running (1m16.0s), 0002/0100 VUs, 3797 complete and 0 interrupted iterations
main   [  63% ] 0002/0100 VUs  1m16.0s/2m0s  50.00 iters/s

running (1m17.0s), 0002/0100 VUs, 3847 complete and 0 interrupted iterations
main   [  64% ] 0002/0100 VUs  1m17.0s/2m0s  50.00 iters/s

running (1m18.0s), 0001/0100 VUs, 3898 complete and 0 interrupted iterations
main   [  65% ] 0001/0100 VUs  1m18.0s/2m0s  50.00 iters/s

running (1m19.0s), 0002/0100 VUs, 3947 complete and 0 interrupted iterations
main   [  66% ] 0002/0100 VUs  1m19.0s/2m0s  50.00 iters/s

running (1m20.0s), 0003/0100 VUs, 3997 complete and 0 interrupted iterations
main   [  67% ] 0003/0100 VUs  1m20.0s/2m0s  50.00 iters/s

running (1m21.0s), 0002/0100 VUs, 4047 complete and 0 interrupted iterations
main   [  67% ] 0002/0100 VUs  1m21.0s/2m0s  50.00 iters/s

running (1m22.0s), 0001/0100 VUs, 4098 complete and 0 interrupted iterations
main   [  68% ] 0001/0100 VUs  1m22.0s/2m0s  50.00 iters/s

running (1m23.0s), 0002/0100 VUs, 4147 complete and 0 interrupted iterations
main   [  69% ] 0002/0100 VUs  1m23.0s/2m0s  50.00 iters/s

running (1m24.0s), 0002/0100 VUs, 4197 complete and 0 interrupted iterations
main   [  70% ] 0002/0100 VUs  1m24.0s/2m0s  50.00 iters/s

running (1m25.0s), 0002/0100 VUs, 4247 complete and 0 interrupted iterations
main   [  71% ] 0002/0100 VUs  1m25.0s/2m0s  50.00 iters/s

running (1m26.0s), 0001/0100 VUs, 4298 complete and 0 interrupted iterations
main   [  72% ] 0001/0100 VUs  1m26.0s/2m0s  50.00 iters/s

running (1m27.0s), 0002/0100 VUs, 4347 complete and 0 interrupted iterations
main   [  72% ] 0002/0100 VUs  1m27.0s/2m0s  50.00 iters/s

running (1m28.0s), 0002/0100 VUs, 4397 complete and 0 interrupted iterations
main   [  73% ] 0002/0100 VUs  1m28.0s/2m0s  50.00 iters/s

running (1m29.0s), 0001/0100 VUs, 4448 complete and 0 interrupted iterations
main   [  74% ] 0001/0100 VUs  1m29.0s/2m0s  50.00 iters/s

running (1m30.0s), 0002/0100 VUs, 4497 complete and 0 interrupted iterations
main   [  75% ] 0002/0100 VUs  1m30.0s/2m0s  50.00 iters/s

running (1m31.0s), 0002/0100 VUs, 4547 complete and 0 interrupted iterations
main   [  76% ] 0002/0100 VUs  1m31.0s/2m0s  50.00 iters/s

running (1m32.0s), 0002/0100 VUs, 4597 complete and 0 interrupted iterations
main   [  77% ] 0002/0100 VUs  1m32.0s/2m0s  50.00 iters/s

running (1m33.0s), 0001/0100 VUs, 4648 complete and 0 interrupted iterations
main   [  77% ] 0001/0100 VUs  1m33.0s/2m0s  50.00 iters/s

running (1m34.0s), 0001/0100 VUs, 4698 complete and 0 interrupted iterations
main   [  78% ] 0001/0100 VUs  1m34.0s/2m0s  50.00 iters/s

running (1m35.0s), 0002/0100 VUs, 4748 complete and 0 interrupted iterations
main   [  79% ] 0002/0100 VUs  1m35.0s/2m0s  50.00 iters/s

running (1m36.0s), 0002/0100 VUs, 4797 complete and 0 interrupted iterations
main   [  80% ] 0002/0100 VUs  1m36.0s/2m0s  50.00 iters/s

running (1m37.0s), 0001/0100 VUs, 4848 complete and 0 interrupted iterations
main   [  81% ] 0001/0100 VUs  1m37.0s/2m0s  50.00 iters/s

running (1m38.0s), 0002/0100 VUs, 4897 complete and 0 interrupted iterations
main   [  82% ] 0002/0100 VUs  1m38.0s/2m0s  50.00 iters/s

running (1m39.0s), 0001/0100 VUs, 4948 complete and 0 interrupted iterations
main   [  82% ] 0001/0100 VUs  1m39.0s/2m0s  50.00 iters/s

running (1m40.0s), 0001/0100 VUs, 4998 complete and 0 interrupted iterations
main   [  83% ] 0001/0100 VUs  1m40.0s/2m0s  50.00 iters/s

running (1m41.0s), 0002/0100 VUs, 5047 complete and 0 interrupted iterations
main   [  84% ] 0002/0100 VUs  1m41.0s/2m0s  50.00 iters/s

running (1m42.0s), 0002/0100 VUs, 5097 complete and 0 interrupted iterations
main   [  85% ] 0002/0100 VUs  1m42.0s/2m0s  50.00 iters/s

running (1m43.0s), 0002/0100 VUs, 5147 complete and 0 interrupted iterations
main   [  86% ] 0002/0100 VUs  1m43.0s/2m0s  50.00 iters/s

running (1m44.0s), 0002/0100 VUs, 5197 complete and 0 interrupted iterations
main   [  87% ] 0002/0100 VUs  1m44.0s/2m0s  50.00 iters/s

running (1m45.0s), 0002/0100 VUs, 5247 complete and 0 interrupted iterations
main   [  87% ] 0002/0100 VUs  1m45.0s/2m0s  50.00 iters/s

running (1m46.0s), 0002/0100 VUs, 5297 complete and 0 interrupted iterations
main   [  88% ] 0002/0100 VUs  1m46.0s/2m0s  50.00 iters/s

running (1m47.0s), 0001/0100 VUs, 5348 complete and 0 interrupted iterations
main   [  89% ] 0001/0100 VUs  1m47.0s/2m0s  50.00 iters/s

running (1m48.0s), 0002/0100 VUs, 5397 complete and 0 interrupted iterations
main   [  90% ] 0002/0100 VUs  1m48.0s/2m0s  50.00 iters/s

running (1m49.0s), 0001/0100 VUs, 5448 complete and 0 interrupted iterations
main   [  91% ] 0001/0100 VUs  1m49.0s/2m0s  50.00 iters/s

running (1m50.0s), 0002/0100 VUs, 5497 complete and 0 interrupted iterations
main   [  92% ] 0002/0100 VUs  1m50.0s/2m0s  50.00 iters/s

running (1m51.0s), 0002/0100 VUs, 5547 complete and 0 interrupted iterations
main   [  92% ] 0002/0100 VUs  1m51.0s/2m0s  50.00 iters/s

running (1m52.0s), 0002/0100 VUs, 5597 complete and 0 interrupted iterations
main   [  93% ] 0002/0100 VUs  1m52.0s/2m0s  50.00 iters/s

running (1m53.0s), 0001/0100 VUs, 5648 complete and 0 interrupted iterations
main   [  94% ] 0001/0100 VUs  1m53.0s/2m0s  50.00 iters/s

running (1m54.0s), 0001/0100 VUs, 5698 complete and 0 interrupted iterations
main   [  95% ] 0001/0100 VUs  1m54.0s/2m0s  50.00 iters/s

running (1m55.0s), 0002/0100 VUs, 5747 complete and 0 interrupted iterations
main   [  96% ] 0002/0100 VUs  1m55.0s/2m0s  50.00 iters/s

running (1m56.0s), 0001/0100 VUs, 5798 complete and 0 interrupted iterations
main   [  97% ] 0001/0100 VUs  1m56.0s/2m0s  50.00 iters/s

running (1m57.0s), 0002/0100 VUs, 5847 complete and 0 interrupted iterations
main   [  97% ] 0002/0100 VUs  1m57.0s/2m0s  50.00 iters/s

running (1m58.0s), 0002/0100 VUs, 5897 complete and 0 interrupted iterations
main   [  98% ] 0002/0100 VUs  1m58.0s/2m0s  50.00 iters/s

running (1m59.0s), 0002/0100 VUs, 5947 complete and 0 interrupted iterations
main   [  99% ] 0002/0100 VUs  1m59.0s/2m0s  50.00 iters/s

running (2m00.0s), 0001/0100 VUs, 5998 complete and 0 interrupted iterations
main   [ 100% ] 0001/0100 VUs  2m00.0s/2m0s  50.00 iters/s

running (2m00.0s), 0000/0100 VUs, 6001 complete and 0 interrupted iterations
main ✓ [ 100% ] 0000/0100 VUs  2m0s  50.00 iters/s
  Repeat 1 complete. Results in results/a-join-rtt5000-r50-rep1-1781137227.json
=== Cell complete: 1 repeat(s) for a/join rtt=5000us ===

[campaign] (16) cell: a|seq|5000|50|-|-
=== Cell: scenario=a style=seq rtt=5000us rate=50rps duration=2m scale=full repeats=1 ===
[1/4] Setting netem delay 5000us...
Setting netem delay 5000us on lab-mysql eth0...
time="2026-06-11T09:22:28+09:00" level=warning msg="/Users/rene/rdb-join-lab/docker-compose.yml: the attribute `version` is obsolete, it will be ignored, please remove it to avoid potential confusion"
Current qdisc:
time="2026-06-11T09:22:28+09:00" level=warning msg="/Users/rene/rdb-join-lab/docker-compose.yml: the attribute `version` is obsolete, it will be ignored, please remove it to avoid potential confusion"
qdisc netem 8013: root refcnt 7 limit 1000 delay 5ms seed 8712682810472197451
[2/4] Warming InnoDB buffer pool...
=== Step 1: Warm-up queries (priming buffer pool, ~10% of full scale) ===
COUNT(*)
3401538
COUNT(*)
975720
COUNT(*)
8680188
COUNT(*)
10000
Warm-up queries complete.
=== Step 2: Triggering InnoDB buffer pool dump ===
time="2026-06-11T09:22:29+09:00" level=warning msg="/Users/rene/rdb-join-lab/docker-compose.yml: the attribute `version` is obsolete, it will be ignored, please remove it to avoid potential confusion"
mysql: [Warning] Using a password on the command line interface can be insecure.
Polling dump status (timeout 300s)...
  [0s] Dump status: Buffer pool(s) dump completed at 260611  0:22:30
Buffer pool dump completed.
=== Step 3: Triggering InnoDB buffer pool load ===
time="2026-06-11T09:22:30+09:00" level=warning msg="/Users/rene/rdb-join-lab/docker-compose.yml: the attribute `version` is obsolete, it will be ignored, please remove it to avoid potential confusion"
mysql: [Warning] Using a password on the command line interface can be insecure.
Polling load status (timeout 300s)...
  [0s] Load status: Buffer pool(s) load completed at 260611  0:22:30
Buffer pool load completed.
=== Step 3b: Capturing post-load snapshot for warm-state gate ===
COUNT(*)
1210063
COUNT(*)
8680188
COUNT(*)
10000
Re-verification queries complete.
=== Step 4: Warm-state gate (physical reads < 0.01, post-load window) ===
  Post-load reverify window: physical reads delta: 0 / 22857 = 0.0
  (Pre-warmup baseline: 9940 / 873906456, for reference)
  Warm-state gate PASSED.
=== Step 5: ANALYZE TABLE ===
Table	Op	Msg_type	Msg_text
lab.coupon_policy	analyze	status	OK
lab.member	analyze	status	OK
lab.coupon_issue	analyze	status	OK
ANALYZE TABLE complete.
=== Step 5b: Capturing InnoDB engine status (AHI verification) ===
  InnoDB status captured: results/innodb-status-1781137351.txt
  AHI indicator: INSERT BUFFER AND ADAPTIVE HASH INDEX
0.00 hash searches/s, 119.26 non-hash searches/s
=== Step 5c: EXPLAIN Scenario B ORDER BY id ASC (filesort check) ===
  WARNING: EXPLAIN shows 'Using filesort' for Scenario B ORDER BY id ASC query.
  Expected idx_issue_member_id to cover ORDER BY — check index creation in schema.sql.
  EXPLAIN output:
1	SIMPLE	coupon_issue	NULL	ref	idx_issue_member_status,idx_issue_member_id	idx_issue_member_status	8	const	1209	100.00	Using filesort
[3/4] Dual calibration (nominal=5000us)...
  [held conn] calibrate n=10000...
{
    "n": 10000,
    "min": 5066,
    "p50": 6567,
    "p95": 7903,
    "p99": 8110,
    "max": 19791
}
  [per checkout] calibrate/loaded n=10000...
{
    "n": 10000,
    "min": 5082,
    "p50": 6581,
    "p95": 7945,
    "p99": 8175,
    "max": 34031
}
Running dual calibration probe (n=10000 held + n=10000 loaded)...
=== held (pure wire RTT) ===
{
    "n": 10000,
    "min": 5059,
    "p50": 6609,
    "p95": 7951,
    "p99": 8179,
    "max": 36898
}
=== loaded (wire RTT + pool checkout) ===
{
    "n": 10000,
    "min": 5072,
    "p50": 6554,
    "p95": 7945,
    "p99": 8193,
    "max": 17893
}

Appended dual record to results/calibration.jsonl: {"held": {"n": 10000, "min": 5059, "p50": 6609, "p95": 7951, "p99": 8179, "max": 36898}, "loaded": {"n": 10000, "min": 5072, "p50": 6554, "p95": 7945, "p99": 8193, "max": 17893}, "timestamp": "2026-06-11T00:26:58Z", "nominal_delay_us": 5000}
[4/1] Running k6 repeat 1/1 (output -> results/a-seq-rtt5000-r50-rep1-1781137618.json)...
time="2026-06-11T09:26:59+09:00" level=warning msg="/Users/rene/rdb-join-lab/docker-compose.yml: the attribute `version` is obsolete, it will be ignored, please remove it to avoid potential confusion"

         /\      Grafana   /‾‾/  
    /\  /  \     |\  __   /  /   
   /  \/    \    | |/ /  /   ‾‾\ 
  /          \   |   (  |  (‾)  |
 / __________ \  |_|\_\  \_____/ 


     execution: local
        script: /scripts/scenario.js
        output: -

     scenarios: (100.00%) 1 scenario, 1000 max VUs, 2m30s max duration (incl. graceful stop):
              * main: 50.00 iterations/s for 2m0s (maxVUs: 100-1000, gracefulStop: 30s)


running (0m01.0s), 0003/0100 VUs, 47 complete and 0 interrupted iterations
main   [   1% ] 0003/0100 VUs  0m01.0s/2m0s  50.00 iters/s

running (0m02.0s), 0003/0100 VUs, 97 complete and 0 interrupted iterations
main   [   2% ] 0003/0100 VUs  0m02.0s/2m0s  50.00 iters/s

running (0m03.0s), 0002/0100 VUs, 148 complete and 0 interrupted iterations
main   [   2% ] 0002/0100 VUs  0m03.0s/2m0s  50.00 iters/s

running (0m04.0s), 0003/0100 VUs, 197 complete and 0 interrupted iterations
main   [   3% ] 0003/0100 VUs  0m04.0s/2m0s  50.00 iters/s

running (0m05.0s), 0003/0100 VUs, 247 complete and 0 interrupted iterations
main   [   4% ] 0003/0100 VUs  0m05.0s/2m0s  50.00 iters/s

running (0m06.0s), 0003/0100 VUs, 297 complete and 0 interrupted iterations
main   [   5% ] 0003/0100 VUs  0m06.0s/2m0s  50.00 iters/s

running (0m07.0s), 0003/0100 VUs, 347 complete and 0 interrupted iterations
main   [   6% ] 0003/0100 VUs  0m07.0s/2m0s  50.00 iters/s

running (0m08.0s), 0002/0100 VUs, 397 complete and 0 interrupted iterations
main   [   7% ] 0002/0100 VUs  0m08.0s/2m0s  50.00 iters/s

running (0m09.0s), 0003/0100 VUs, 447 complete and 0 interrupted iterations
main   [   7% ] 0003/0100 VUs  0m09.0s/2m0s  50.00 iters/s

running (0m10.0s), 0003/0100 VUs, 497 complete and 0 interrupted iterations
main   [   8% ] 0003/0100 VUs  0m10.0s/2m0s  50.00 iters/s

running (0m11.0s), 0003/0100 VUs, 547 complete and 0 interrupted iterations
main   [   9% ] 0003/0100 VUs  0m11.0s/2m0s  50.00 iters/s

running (0m12.0s), 0003/0100 VUs, 597 complete and 0 interrupted iterations
main   [  10% ] 0003/0100 VUs  0m12.0s/2m0s  50.00 iters/s

running (0m13.0s), 0002/0100 VUs, 647 complete and 0 interrupted iterations
main   [  11% ] 0002/0100 VUs  0m13.0s/2m0s  50.00 iters/s

running (0m14.0s), 0003/0100 VUs, 697 complete and 0 interrupted iterations
main   [  12% ] 0003/0100 VUs  0m14.0s/2m0s  50.00 iters/s

running (0m15.0s), 0003/0100 VUs, 747 complete and 0 interrupted iterations
main   [  12% ] 0003/0100 VUs  0m15.0s/2m0s  50.00 iters/s

running (0m16.0s), 0003/0100 VUs, 797 complete and 0 interrupted iterations
main   [  13% ] 0003/0100 VUs  0m16.0s/2m0s  50.00 iters/s

running (0m17.0s), 0003/0100 VUs, 847 complete and 0 interrupted iterations
main   [  14% ] 0003/0100 VUs  0m17.0s/2m0s  50.00 iters/s

running (0m18.0s), 0003/0100 VUs, 897 complete and 0 interrupted iterations
main   [  15% ] 0003/0100 VUs  0m18.0s/2m0s  50.00 iters/s

running (0m19.0s), 0003/0100 VUs, 947 complete and 0 interrupted iterations
main   [  16% ] 0003/0100 VUs  0m19.0s/2m0s  50.00 iters/s

running (0m20.0s), 0003/0100 VUs, 997 complete and 0 interrupted iterations
main   [  17% ] 0003/0100 VUs  0m20.0s/2m0s  50.00 iters/s

running (0m21.0s), 0003/0100 VUs, 1047 complete and 0 interrupted iterations
main   [  17% ] 0003/0100 VUs  0m21.0s/2m0s  50.00 iters/s

running (0m22.0s), 0002/0100 VUs, 1097 complete and 0 interrupted iterations
main   [  18% ] 0002/0100 VUs  0m22.0s/2m0s  50.00 iters/s

running (0m23.0s), 0003/0100 VUs, 1147 complete and 0 interrupted iterations
main   [  19% ] 0003/0100 VUs  0m23.0s/2m0s  50.00 iters/s

running (0m24.0s), 0003/0100 VUs, 1197 complete and 0 interrupted iterations
main   [  20% ] 0003/0100 VUs  0m24.0s/2m0s  50.00 iters/s

running (0m25.0s), 0003/0100 VUs, 1247 complete and 0 interrupted iterations
main   [  21% ] 0003/0100 VUs  0m25.0s/2m0s  50.00 iters/s

running (0m26.0s), 0003/0100 VUs, 1297 complete and 0 interrupted iterations
main   [  22% ] 0003/0100 VUs  0m26.0s/2m0s  50.00 iters/s

running (0m27.0s), 0003/0100 VUs, 1347 complete and 0 interrupted iterations
main   [  22% ] 0003/0100 VUs  0m27.0s/2m0s  50.00 iters/s

running (0m28.0s), 0003/0100 VUs, 1397 complete and 0 interrupted iterations
main   [  23% ] 0003/0100 VUs  0m28.0s/2m0s  50.00 iters/s

running (0m29.0s), 0003/0100 VUs, 1447 complete and 0 interrupted iterations
main   [  24% ] 0003/0100 VUs  0m29.0s/2m0s  50.00 iters/s

running (0m30.0s), 0003/0100 VUs, 1497 complete and 0 interrupted iterations
main   [  25% ] 0003/0100 VUs  0m30.0s/2m0s  50.00 iters/s

running (0m31.0s), 0003/0100 VUs, 1547 complete and 0 interrupted iterations
main   [  26% ] 0003/0100 VUs  0m31.0s/2m0s  50.00 iters/s

running (0m32.0s), 0003/0100 VUs, 1597 complete and 0 interrupted iterations
main   [  27% ] 0003/0100 VUs  0m32.0s/2m0s  50.00 iters/s

running (0m33.0s), 0003/0100 VUs, 1647 complete and 0 interrupted iterations
main   [  27% ] 0003/0100 VUs  0m33.0s/2m0s  50.00 iters/s

running (0m34.0s), 0003/0100 VUs, 1697 complete and 0 interrupted iterations
main   [  28% ] 0003/0100 VUs  0m34.0s/2m0s  50.00 iters/s

running (0m35.0s), 0003/0100 VUs, 1747 complete and 0 interrupted iterations
main   [  29% ] 0003/0100 VUs  0m35.0s/2m0s  50.00 iters/s

running (0m36.0s), 0003/0100 VUs, 1797 complete and 0 interrupted iterations
main   [  30% ] 0003/0100 VUs  0m36.0s/2m0s  50.00 iters/s

running (0m37.0s), 0003/0100 VUs, 1847 complete and 0 interrupted iterations
main   [  31% ] 0003/0100 VUs  0m37.0s/2m0s  50.00 iters/s

running (0m38.0s), 0004/0100 VUs, 1896 complete and 0 interrupted iterations
main   [  32% ] 0004/0100 VUs  0m38.0s/2m0s  50.00 iters/s

running (0m39.0s), 0003/0100 VUs, 1947 complete and 0 interrupted iterations
main   [  32% ] 0003/0100 VUs  0m39.0s/2m0s  50.00 iters/s

running (0m40.0s), 0003/0100 VUs, 1997 complete and 0 interrupted iterations
main   [  33% ] 0003/0100 VUs  0m40.0s/2m0s  50.00 iters/s

running (0m41.0s), 0003/0100 VUs, 2047 complete and 0 interrupted iterations
main   [  34% ] 0003/0100 VUs  0m41.0s/2m0s  50.00 iters/s

running (0m42.0s), 0003/0100 VUs, 2097 complete and 0 interrupted iterations
main   [  35% ] 0003/0100 VUs  0m42.0s/2m0s  50.00 iters/s

running (0m43.0s), 0003/0100 VUs, 2147 complete and 0 interrupted iterations
main   [  36% ] 0003/0100 VUs  0m43.0s/2m0s  50.00 iters/s

running (0m44.0s), 0003/0100 VUs, 2197 complete and 0 interrupted iterations
main   [  37% ] 0003/0100 VUs  0m44.0s/2m0s  50.00 iters/s

running (0m45.0s), 0003/0100 VUs, 2247 complete and 0 interrupted iterations
main   [  37% ] 0003/0100 VUs  0m45.0s/2m0s  50.00 iters/s

running (0m46.0s), 0003/0100 VUs, 2297 complete and 0 interrupted iterations
main   [  38% ] 0003/0100 VUs  0m46.0s/2m0s  50.00 iters/s

running (0m47.0s), 0003/0100 VUs, 2347 complete and 0 interrupted iterations
main   [  39% ] 0003/0100 VUs  0m47.0s/2m0s  50.00 iters/s

running (0m48.0s), 0003/0100 VUs, 2397 complete and 0 interrupted iterations
main   [  40% ] 0003/0100 VUs  0m48.0s/2m0s  50.00 iters/s

running (0m49.0s), 0003/0100 VUs, 2447 complete and 0 interrupted iterations
main   [  41% ] 0003/0100 VUs  0m49.0s/2m0s  50.00 iters/s

running (0m50.0s), 0003/0100 VUs, 2497 complete and 0 interrupted iterations
main   [  42% ] 0003/0100 VUs  0m50.0s/2m0s  50.00 iters/s

running (0m51.0s), 0003/0100 VUs, 2547 complete and 0 interrupted iterations
main   [  42% ] 0003/0100 VUs  0m51.0s/2m0s  50.00 iters/s

running (0m52.0s), 0003/0100 VUs, 2597 complete and 0 interrupted iterations
main   [  43% ] 0003/0100 VUs  0m52.0s/2m0s  50.00 iters/s

running (0m53.0s), 0003/0100 VUs, 2647 complete and 0 interrupted iterations
main   [  44% ] 0003/0100 VUs  0m53.0s/2m0s  50.00 iters/s

running (0m54.0s), 0003/0100 VUs, 2697 complete and 0 interrupted iterations
main   [  45% ] 0003/0100 VUs  0m54.0s/2m0s  50.00 iters/s

running (0m55.0s), 0003/0100 VUs, 2747 complete and 0 interrupted iterations
main   [  46% ] 0003/0100 VUs  0m55.0s/2m0s  50.00 iters/s

running (0m56.0s), 0003/0100 VUs, 2797 complete and 0 interrupted iterations
main   [  47% ] 0003/0100 VUs  0m56.0s/2m0s  50.00 iters/s

running (0m57.0s), 0002/0100 VUs, 2848 complete and 0 interrupted iterations
main   [  47% ] 0002/0100 VUs  0m57.0s/2m0s  50.00 iters/s

running (0m58.0s), 0003/0100 VUs, 2897 complete and 0 interrupted iterations
main   [  48% ] 0003/0100 VUs  0m58.0s/2m0s  50.00 iters/s

running (0m59.0s), 0003/0100 VUs, 2947 complete and 0 interrupted iterations
main   [  49% ] 0003/0100 VUs  0m59.0s/2m0s  50.00 iters/s

running (1m00.0s), 0003/0100 VUs, 2997 complete and 0 interrupted iterations
main   [  50% ] 0003/0100 VUs  1m00.0s/2m0s  50.00 iters/s

running (1m01.0s), 0003/0100 VUs, 3047 complete and 0 interrupted iterations
main   [  51% ] 0003/0100 VUs  1m01.0s/2m0s  50.00 iters/s

running (1m02.0s), 0003/0100 VUs, 3097 complete and 0 interrupted iterations
main   [  52% ] 0003/0100 VUs  1m02.0s/2m0s  50.00 iters/s

running (1m03.0s), 0003/0100 VUs, 3147 complete and 0 interrupted iterations
main   [  52% ] 0003/0100 VUs  1m03.0s/2m0s  50.00 iters/s

running (1m04.0s), 0003/0100 VUs, 3197 complete and 0 interrupted iterations
main   [  53% ] 0003/0100 VUs  1m04.0s/2m0s  50.00 iters/s

running (1m05.0s), 0003/0100 VUs, 3247 complete and 0 interrupted iterations
main   [  54% ] 0003/0100 VUs  1m05.0s/2m0s  50.00 iters/s

running (1m06.0s), 0003/0100 VUs, 3297 complete and 0 interrupted iterations
main   [  55% ] 0003/0100 VUs  1m06.0s/2m0s  50.00 iters/s

running (1m07.0s), 0002/0100 VUs, 3347 complete and 0 interrupted iterations
main   [  56% ] 0002/0100 VUs  1m07.0s/2m0s  50.00 iters/s

running (1m08.0s), 0003/0100 VUs, 3397 complete and 0 interrupted iterations
main   [  57% ] 0003/0100 VUs  1m08.0s/2m0s  50.00 iters/s

running (1m09.0s), 0003/0100 VUs, 3447 complete and 0 interrupted iterations
main   [  57% ] 0003/0100 VUs  1m09.0s/2m0s  50.00 iters/s

running (1m10.0s), 0003/0100 VUs, 3497 complete and 0 interrupted iterations
main   [  58% ] 0003/0100 VUs  1m10.0s/2m0s  50.00 iters/s

running (1m11.0s), 0003/0100 VUs, 3547 complete and 0 interrupted iterations
main   [  59% ] 0003/0100 VUs  1m11.0s/2m0s  50.00 iters/s

running (1m12.0s), 0003/0100 VUs, 3597 complete and 0 interrupted iterations
main   [  60% ] 0003/0100 VUs  1m12.0s/2m0s  50.00 iters/s

running (1m13.0s), 0003/0100 VUs, 3647 complete and 0 interrupted iterations
main   [  61% ] 0003/0100 VUs  1m13.0s/2m0s  50.00 iters/s

running (1m14.0s), 0003/0100 VUs, 3697 complete and 0 interrupted iterations
main   [  62% ] 0003/0100 VUs  1m14.0s/2m0s  50.00 iters/s

running (1m15.0s), 0003/0100 VUs, 3747 complete and 0 interrupted iterations
main   [  62% ] 0003/0100 VUs  1m15.0s/2m0s  50.00 iters/s

running (1m16.0s), 0003/0100 VUs, 3797 complete and 0 interrupted iterations
main   [  63% ] 0003/0100 VUs  1m16.0s/2m0s  50.00 iters/s

running (1m17.0s), 0003/0100 VUs, 3847 complete and 0 interrupted iterations
main   [  64% ] 0003/0100 VUs  1m17.0s/2m0s  50.00 iters/s

running (1m18.0s), 0003/0100 VUs, 3897 complete and 0 interrupted iterations
main   [  65% ] 0003/0100 VUs  1m18.0s/2m0s  50.00 iters/s

running (1m19.0s), 0003/0100 VUs, 3947 complete and 0 interrupted iterations
main   [  66% ] 0003/0100 VUs  1m19.0s/2m0s  50.00 iters/s

running (1m20.0s), 0003/0100 VUs, 3997 complete and 0 interrupted iterations
main   [  67% ] 0003/0100 VUs  1m20.0s/2m0s  50.00 iters/s

running (1m21.0s), 0003/0100 VUs, 4047 complete and 0 interrupted iterations
main   [  67% ] 0003/0100 VUs  1m21.0s/2m0s  50.00 iters/s

running (1m22.0s), 0003/0100 VUs, 4097 complete and 0 interrupted iterations
main   [  68% ] 0003/0100 VUs  1m22.0s/2m0s  50.00 iters/s

running (1m23.0s), 0003/0100 VUs, 4147 complete and 0 interrupted iterations
main   [  69% ] 0003/0100 VUs  1m23.0s/2m0s  50.00 iters/s

running (1m24.0s), 0003/0100 VUs, 4197 complete and 0 interrupted iterations
main   [  70% ] 0003/0100 VUs  1m24.0s/2m0s  50.00 iters/s

running (1m25.0s), 0003/0100 VUs, 4247 complete and 0 interrupted iterations
main   [  71% ] 0003/0100 VUs  1m25.0s/2m0s  50.00 iters/s

running (1m26.0s), 0003/0100 VUs, 4297 complete and 0 interrupted iterations
main   [  72% ] 0003/0100 VUs  1m26.0s/2m0s  50.00 iters/s

running (1m27.0s), 0003/0100 VUs, 4347 complete and 0 interrupted iterations
main   [  72% ] 0003/0100 VUs  1m27.0s/2m0s  50.00 iters/s

running (1m28.0s), 0003/0100 VUs, 4397 complete and 0 interrupted iterations
main   [  73% ] 0003/0100 VUs  1m28.0s/2m0s  50.00 iters/s

running (1m29.0s), 0002/0100 VUs, 4448 complete and 0 interrupted iterations
main   [  74% ] 0002/0100 VUs  1m29.0s/2m0s  50.00 iters/s

running (1m30.0s), 0002/0100 VUs, 4498 complete and 0 interrupted iterations
main   [  75% ] 0002/0100 VUs  1m30.0s/2m0s  50.00 iters/s

running (1m31.0s), 0003/0100 VUs, 4547 complete and 0 interrupted iterations
main   [  76% ] 0003/0100 VUs  1m31.0s/2m0s  50.00 iters/s

running (1m32.0s), 0003/0100 VUs, 4597 complete and 0 interrupted iterations
main   [  77% ] 0003/0100 VUs  1m32.0s/2m0s  50.00 iters/s

running (1m33.0s), 0003/0100 VUs, 4647 complete and 0 interrupted iterations
main   [  77% ] 0003/0100 VUs  1m33.0s/2m0s  50.00 iters/s

running (1m34.0s), 0003/0100 VUs, 4697 complete and 0 interrupted iterations
main   [  78% ] 0003/0100 VUs  1m34.0s/2m0s  50.00 iters/s

running (1m35.0s), 0002/0100 VUs, 4748 complete and 0 interrupted iterations
main   [  79% ] 0002/0100 VUs  1m35.0s/2m0s  50.00 iters/s

running (1m36.0s), 0003/0100 VUs, 4797 complete and 0 interrupted iterations
main   [  80% ] 0003/0100 VUs  1m36.0s/2m0s  50.00 iters/s

running (1m37.0s), 0002/0100 VUs, 4847 complete and 0 interrupted iterations
main   [  81% ] 0002/0100 VUs  1m37.0s/2m0s  50.00 iters/s

running (1m38.0s), 0003/0100 VUs, 4897 complete and 0 interrupted iterations
main   [  82% ] 0003/0100 VUs  1m38.0s/2m0s  50.00 iters/s

running (1m39.0s), 0003/0100 VUs, 4947 complete and 0 interrupted iterations
main   [  82% ] 0003/0100 VUs  1m39.0s/2m0s  50.00 iters/s

running (1m40.0s), 0003/0100 VUs, 4997 complete and 0 interrupted iterations
main   [  83% ] 0003/0100 VUs  1m40.0s/2m0s  50.00 iters/s

running (1m41.0s), 0003/0100 VUs, 5047 complete and 0 interrupted iterations
main   [  84% ] 0003/0100 VUs  1m41.0s/2m0s  50.00 iters/s

running (1m42.0s), 0003/0100 VUs, 5097 complete and 0 interrupted iterations
main   [  85% ] 0003/0100 VUs  1m42.0s/2m0s  50.00 iters/s

running (1m43.0s), 0002/0100 VUs, 5148 complete and 0 interrupted iterations
main   [  86% ] 0002/0100 VUs  1m43.0s/2m0s  50.00 iters/s

running (1m44.0s), 0003/0100 VUs, 5197 complete and 0 interrupted iterations
main   [  87% ] 0003/0100 VUs  1m44.0s/2m0s  50.00 iters/s

running (1m45.0s), 0003/0100 VUs, 5247 complete and 0 interrupted iterations
main   [  87% ] 0003/0100 VUs  1m45.0s/2m0s  50.00 iters/s

running (1m46.0s), 0003/0100 VUs, 5297 complete and 0 interrupted iterations
main   [  88% ] 0003/0100 VUs  1m46.0s/2m0s  50.00 iters/s

running (1m47.0s), 0003/0100 VUs, 5347 complete and 0 interrupted iterations
main   [  89% ] 0003/0100 VUs  1m47.0s/2m0s  50.00 iters/s

running (1m48.0s), 0003/0100 VUs, 5397 complete and 0 interrupted iterations
main   [  90% ] 0003/0100 VUs  1m48.0s/2m0s  50.00 iters/s

running (1m49.0s), 0003/0100 VUs, 5447 complete and 0 interrupted iterations
main   [  91% ] 0003/0100 VUs  1m49.0s/2m0s  50.00 iters/s

running (1m50.0s), 0003/0100 VUs, 5497 complete and 0 interrupted iterations
main   [  92% ] 0003/0100 VUs  1m50.0s/2m0s  50.00 iters/s

running (1m51.0s), 0002/0100 VUs, 5547 complete and 0 interrupted iterations
main   [  92% ] 0002/0100 VUs  1m51.0s/2m0s  50.00 iters/s

running (1m52.0s), 0003/0100 VUs, 5597 complete and 0 interrupted iterations
main   [  93% ] 0003/0100 VUs  1m52.0s/2m0s  50.00 iters/s

running (1m53.0s), 0002/0100 VUs, 5648 complete and 0 interrupted iterations
main   [  94% ] 0002/0100 VUs  1m53.0s/2m0s  50.00 iters/s

running (1m54.0s), 0003/0100 VUs, 5697 complete and 0 interrupted iterations
main   [  95% ] 0003/0100 VUs  1m54.0s/2m0s  50.00 iters/s

running (1m55.0s), 0002/0100 VUs, 5747 complete and 0 interrupted iterations
main   [  96% ] 0002/0100 VUs  1m55.0s/2m0s  50.00 iters/s

running (1m56.0s), 0002/0100 VUs, 5798 complete and 0 interrupted iterations
main   [  97% ] 0002/0100 VUs  1m56.0s/2m0s  50.00 iters/s

running (1m57.0s), 0003/0100 VUs, 5847 complete and 0 interrupted iterations
main   [  97% ] 0003/0100 VUs  1m57.0s/2m0s  50.00 iters/s

running (1m58.0s), 0003/0100 VUs, 5897 complete and 0 interrupted iterations
main   [  98% ] 0003/0100 VUs  1m58.0s/2m0s  50.00 iters/s

running (1m59.0s), 0003/0100 VUs, 5947 complete and 0 interrupted iterations
main   [  99% ] 0003/0100 VUs  1m59.0s/2m0s  50.00 iters/s

running (2m00.0s), 0003/0100 VUs, 5997 complete and 0 interrupted iterations
main   [ 100% ] 0003/0100 VUs  2m00.0s/2m0s  50.00 iters/s

running (2m00.1s), 0000/0100 VUs, 6001 complete and 0 interrupted iterations
main ✓ [ 100% ] 0000/0100 VUs  2m0s  50.00 iters/s
  Repeat 1 complete. Results in results/a-seq-rtt5000-r50-rep1-1781137618.json
=== Cell complete: 1 repeat(s) for a/seq rtt=5000us ===

[campaign] (17) cell: a|jdbc-join|5000|50|-|-
=== Cell: scenario=a style=jdbc-join rtt=5000us rate=50rps duration=2m scale=full repeats=1 ===
[1/4] Setting netem delay 5000us...
Setting netem delay 5000us on lab-mysql eth0...
time="2026-06-11T09:28:59+09:00" level=warning msg="/Users/rene/rdb-join-lab/docker-compose.yml: the attribute `version` is obsolete, it will be ignored, please remove it to avoid potential confusion"
Current qdisc:
time="2026-06-11T09:28:59+09:00" level=warning msg="/Users/rene/rdb-join-lab/docker-compose.yml: the attribute `version` is obsolete, it will be ignored, please remove it to avoid potential confusion"
qdisc netem 8013: root refcnt 7 limit 1000 delay 5ms seed 10478957248528255760
[2/4] Warming InnoDB buffer pool...
=== Step 1: Warm-up queries (priming buffer pool, ~10% of full scale) ===
COUNT(*)
3401538
COUNT(*)
975720
COUNT(*)
8680188
COUNT(*)
10000
Warm-up queries complete.
=== Step 2: Triggering InnoDB buffer pool dump ===
time="2026-06-11T09:29:01+09:00" level=warning msg="/Users/rene/rdb-join-lab/docker-compose.yml: the attribute `version` is obsolete, it will be ignored, please remove it to avoid potential confusion"
mysql: [Warning] Using a password on the command line interface can be insecure.
Polling dump status (timeout 300s)...
  [0s] Dump status: Buffer pool(s) dump completed at 260611  0:29:01
Buffer pool dump completed.
=== Step 3: Triggering InnoDB buffer pool load ===
time="2026-06-11T09:29:01+09:00" level=warning msg="/Users/rene/rdb-join-lab/docker-compose.yml: the attribute `version` is obsolete, it will be ignored, please remove it to avoid potential confusion"
mysql: [Warning] Using a password on the command line interface can be insecure.
Polling load status (timeout 300s)...
  [0s] Load status: Loaded 145409/188400 pages
  [5s] Load status: Buffer pool(s) load completed at 260611  0:29:01
Buffer pool load completed.
=== Step 3b: Capturing post-load snapshot for warm-state gate ===
COUNT(*)
1210063
COUNT(*)
8680188
COUNT(*)
10000
Re-verification queries complete.
=== Step 4: Warm-state gate (physical reads < 0.01, post-load window) ===
  Post-load reverify window: physical reads delta: 0 / 22857 = 0.0
  (Pre-warmup baseline: 10011 / 874014441, for reference)
  Warm-state gate PASSED.
=== Step 5: ANALYZE TABLE ===
Table	Op	Msg_type	Msg_text
lab.coupon_policy	analyze	status	OK
lab.member	analyze	status	OK
lab.coupon_issue	analyze	status	OK
ANALYZE TABLE complete.
=== Step 5b: Capturing InnoDB engine status (AHI verification) ===
  InnoDB status captured: results/innodb-status-1781137748.txt
  AHI indicator: INSERT BUFFER AND ADAPTIVE HASH INDEX
0.00 hash searches/s, 93.28 non-hash searches/s
=== Step 5c: EXPLAIN Scenario B ORDER BY id ASC (filesort check) ===
  WARNING: EXPLAIN shows 'Using filesort' for Scenario B ORDER BY id ASC query.
  Expected idx_issue_member_id to cover ORDER BY — check index creation in schema.sql.
  EXPLAIN output:
1	SIMPLE	coupon_issue	NULL	ref	idx_issue_member_status,idx_issue_member_id	idx_issue_member_status	8	const	1209	100.00	Using filesort
[3/4] Dual calibration (nominal=5000us)...
  [held conn] calibrate n=10000...
{
    "n": 10000,
    "min": 5070,
    "p50": 6543,
    "p95": 7907,
    "p99": 8126,
    "max": 17033
}
  [per checkout] calibrate/loaded n=10000...
{
    "n": 10000,
    "min": 5082,
    "p50": 6548,
    "p95": 7960,
    "p99": 8211,
    "max": 25074
}
Running dual calibration probe (n=10000 held + n=10000 loaded)...
=== held (pure wire RTT) ===
{
    "n": 10000,
    "min": 5069,
    "p50": 6495,
    "p95": 7898,
    "p99": 8070,
    "max": 29402
}
=== loaded (wire RTT + pool checkout) ===
{
    "n": 10000,
    "min": 5077,
    "p50": 6506,
    "p95": 7932,
    "p99": 8140,
    "max": 24185
}

Appended dual record to results/calibration.jsonl: {"held": {"n": 10000, "min": 5069, "p50": 6495, "p95": 7898, "p99": 8070, "max": 29402}, "loaded": {"n": 10000, "min": 5077, "p50": 6506, "p95": 7932, "p99": 8140, "max": 24185}, "timestamp": "2026-06-11T00:33:33Z", "nominal_delay_us": 5000}
[4/1] Running k6 repeat 1/1 (output -> results/a-jdbc-join-rtt5000-r50-rep1-1781138013.json)...
time="2026-06-11T09:33:33+09:00" level=warning msg="/Users/rene/rdb-join-lab/docker-compose.yml: the attribute `version` is obsolete, it will be ignored, please remove it to avoid potential confusion"

         /\      Grafana   /‾‾/  
    /\  /  \     |\  __   /  /   
   /  \/    \    | |/ /  /   ‾‾\ 
  /          \   |   (  |  (‾)  |
 / __________ \  |_|\_\  \_____/ 


     execution: local
        script: /scripts/scenario.js
        output: -

     scenarios: (100.00%) 1 scenario, 1000 max VUs, 2m30s max duration (incl. graceful stop):
              * main: 50.00 iterations/s for 2m0s (maxVUs: 100-1000, gracefulStop: 30s)


running (0m01.0s), 0001/0100 VUs, 49 complete and 0 interrupted iterations
main   [   1% ] 0001/0100 VUs  0m01.0s/2m0s  50.00 iters/s

running (0m02.0s), 0000/0100 VUs, 99 complete and 0 interrupted iterations
main   [   2% ] 0000/0100 VUs  0m02.0s/2m0s  50.00 iters/s

running (0m03.0s), 0001/0100 VUs, 149 complete and 0 interrupted iterations
main   [   2% ] 0001/0100 VUs  0m03.0s/2m0s  50.00 iters/s

running (0m04.0s), 0001/0100 VUs, 199 complete and 0 interrupted iterations
main   [   3% ] 0001/0100 VUs  0m04.0s/2m0s  50.00 iters/s

running (0m05.0s), 0001/0100 VUs, 249 complete and 0 interrupted iterations
main   [   4% ] 0001/0100 VUs  0m05.0s/2m0s  50.00 iters/s

running (0m06.0s), 0001/0100 VUs, 299 complete and 0 interrupted iterations
main   [   5% ] 0001/0100 VUs  0m06.0s/2m0s  50.00 iters/s

running (0m07.0s), 0001/0100 VUs, 349 complete and 0 interrupted iterations
main   [   6% ] 0001/0100 VUs  0m07.0s/2m0s  50.00 iters/s

running (0m08.0s), 0001/0100 VUs, 399 complete and 0 interrupted iterations
main   [   7% ] 0001/0100 VUs  0m08.0s/2m0s  50.00 iters/s

running (0m09.0s), 0001/0100 VUs, 449 complete and 0 interrupted iterations
main   [   7% ] 0001/0100 VUs  0m09.0s/2m0s  50.00 iters/s

running (0m10.0s), 0001/0100 VUs, 499 complete and 0 interrupted iterations
main   [   8% ] 0001/0100 VUs  0m10.0s/2m0s  50.00 iters/s

running (0m11.0s), 0001/0100 VUs, 549 complete and 0 interrupted iterations
main   [   9% ] 0001/0100 VUs  0m11.0s/2m0s  50.00 iters/s

running (0m12.0s), 0001/0100 VUs, 599 complete and 0 interrupted iterations
main   [  10% ] 0001/0100 VUs  0m12.0s/2m0s  50.00 iters/s

running (0m13.0s), 0001/0100 VUs, 649 complete and 0 interrupted iterations
main   [  11% ] 0001/0100 VUs  0m13.0s/2m0s  50.00 iters/s

running (0m14.0s), 0001/0100 VUs, 699 complete and 0 interrupted iterations
main   [  12% ] 0001/0100 VUs  0m14.0s/2m0s  50.00 iters/s

running (0m15.0s), 0001/0100 VUs, 749 complete and 0 interrupted iterations
main   [  12% ] 0001/0100 VUs  0m15.0s/2m0s  50.00 iters/s

running (0m16.0s), 0001/0100 VUs, 799 complete and 0 interrupted iterations
main   [  13% ] 0001/0100 VUs  0m16.0s/2m0s  50.00 iters/s

running (0m17.0s), 0001/0100 VUs, 849 complete and 0 interrupted iterations
main   [  14% ] 0001/0100 VUs  0m17.0s/2m0s  50.00 iters/s

running (0m18.0s), 0001/0100 VUs, 899 complete and 0 interrupted iterations
main   [  15% ] 0001/0100 VUs  0m18.0s/2m0s  50.00 iters/s

running (0m19.0s), 0001/0100 VUs, 949 complete and 0 interrupted iterations
main   [  16% ] 0001/0100 VUs  0m19.0s/2m0s  50.00 iters/s

running (0m20.0s), 0001/0100 VUs, 999 complete and 0 interrupted iterations
main   [  17% ] 0001/0100 VUs  0m20.0s/2m0s  50.00 iters/s

running (0m21.0s), 0001/0100 VUs, 1049 complete and 0 interrupted iterations
main   [  17% ] 0001/0100 VUs  0m21.0s/2m0s  50.00 iters/s

running (0m22.0s), 0001/0100 VUs, 1099 complete and 0 interrupted iterations
main   [  18% ] 0001/0100 VUs  0m22.0s/2m0s  50.00 iters/s

running (0m23.0s), 0001/0100 VUs, 1149 complete and 0 interrupted iterations
main   [  19% ] 0001/0100 VUs  0m23.0s/2m0s  50.00 iters/s

running (0m24.0s), 0001/0100 VUs, 1199 complete and 0 interrupted iterations
main   [  20% ] 0001/0100 VUs  0m24.0s/2m0s  50.00 iters/s

running (0m25.0s), 0001/0100 VUs, 1249 complete and 0 interrupted iterations
main   [  21% ] 0001/0100 VUs  0m25.0s/2m0s  50.00 iters/s

running (0m26.0s), 0001/0100 VUs, 1299 complete and 0 interrupted iterations
main   [  22% ] 0001/0100 VUs  0m26.0s/2m0s  50.00 iters/s

running (0m27.0s), 0001/0100 VUs, 1349 complete and 0 interrupted iterations
main   [  22% ] 0001/0100 VUs  0m27.0s/2m0s  50.00 iters/s

running (0m28.0s), 0001/0100 VUs, 1399 complete and 0 interrupted iterations
main   [  23% ] 0001/0100 VUs  0m28.0s/2m0s  50.00 iters/s

running (0m29.0s), 0001/0100 VUs, 1449 complete and 0 interrupted iterations
main   [  24% ] 0001/0100 VUs  0m29.0s/2m0s  50.00 iters/s

running (0m30.0s), 0001/0100 VUs, 1499 complete and 0 interrupted iterations
main   [  25% ] 0001/0100 VUs  0m30.0s/2m0s  50.00 iters/s

running (0m31.0s), 0001/0100 VUs, 1549 complete and 0 interrupted iterations
main   [  26% ] 0001/0100 VUs  0m31.0s/2m0s  50.00 iters/s

running (0m32.0s), 0001/0100 VUs, 1599 complete and 0 interrupted iterations
main   [  27% ] 0001/0100 VUs  0m32.0s/2m0s  50.00 iters/s

running (0m33.0s), 0001/0100 VUs, 1649 complete and 0 interrupted iterations
main   [  27% ] 0001/0100 VUs  0m33.0s/2m0s  50.00 iters/s

running (0m34.0s), 0001/0100 VUs, 1699 complete and 0 interrupted iterations
main   [  28% ] 0001/0100 VUs  0m34.0s/2m0s  50.00 iters/s

running (0m35.0s), 0001/0100 VUs, 1749 complete and 0 interrupted iterations
main   [  29% ] 0001/0100 VUs  0m35.0s/2m0s  50.00 iters/s

running (0m36.0s), 0001/0100 VUs, 1799 complete and 0 interrupted iterations
main   [  30% ] 0001/0100 VUs  0m36.0s/2m0s  50.00 iters/s

running (0m37.0s), 0001/0100 VUs, 1849 complete and 0 interrupted iterations
main   [  31% ] 0001/0100 VUs  0m37.0s/2m0s  50.00 iters/s

running (0m38.0s), 0001/0100 VUs, 1899 complete and 0 interrupted iterations
main   [  32% ] 0001/0100 VUs  0m38.0s/2m0s  50.00 iters/s

running (0m39.0s), 0001/0100 VUs, 1949 complete and 0 interrupted iterations
main   [  32% ] 0001/0100 VUs  0m39.0s/2m0s  50.00 iters/s

running (0m40.0s), 0001/0100 VUs, 1999 complete and 0 interrupted iterations
main   [  33% ] 0001/0100 VUs  0m40.0s/2m0s  50.00 iters/s

running (0m41.0s), 0001/0100 VUs, 2049 complete and 0 interrupted iterations
main   [  34% ] 0001/0100 VUs  0m41.0s/2m0s  50.00 iters/s

running (0m42.0s), 0001/0100 VUs, 2099 complete and 0 interrupted iterations
main   [  35% ] 0001/0100 VUs  0m42.0s/2m0s  50.00 iters/s

running (0m43.0s), 0001/0100 VUs, 2149 complete and 0 interrupted iterations
main   [  36% ] 0001/0100 VUs  0m43.0s/2m0s  50.00 iters/s

running (0m44.0s), 0001/0100 VUs, 2199 complete and 0 interrupted iterations
main   [  37% ] 0001/0100 VUs  0m44.0s/2m0s  50.00 iters/s

running (0m45.0s), 0001/0100 VUs, 2249 complete and 0 interrupted iterations
main   [  37% ] 0001/0100 VUs  0m45.0s/2m0s  50.00 iters/s

running (0m46.0s), 0001/0100 VUs, 2299 complete and 0 interrupted iterations
main   [  38% ] 0001/0100 VUs  0m46.0s/2m0s  50.00 iters/s

running (0m47.0s), 0001/0100 VUs, 2349 complete and 0 interrupted iterations
main   [  39% ] 0001/0100 VUs  0m47.0s/2m0s  50.00 iters/s

running (0m48.0s), 0001/0100 VUs, 2399 complete and 0 interrupted iterations
main   [  40% ] 0001/0100 VUs  0m48.0s/2m0s  50.00 iters/s

running (0m49.0s), 0001/0100 VUs, 2449 complete and 0 interrupted iterations
main   [  41% ] 0001/0100 VUs  0m49.0s/2m0s  50.00 iters/s

running (0m50.0s), 0000/0100 VUs, 2499 complete and 0 interrupted iterations
main   [  42% ] 0000/0100 VUs  0m50.0s/2m0s  50.00 iters/s

running (0m51.0s), 0001/0100 VUs, 2549 complete and 0 interrupted iterations
main   [  42% ] 0001/0100 VUs  0m51.0s/2m0s  50.00 iters/s

running (0m52.0s), 0001/0100 VUs, 2599 complete and 0 interrupted iterations
main   [  43% ] 0001/0100 VUs  0m52.0s/2m0s  50.00 iters/s

running (0m53.0s), 0001/0100 VUs, 2649 complete and 0 interrupted iterations
main   [  44% ] 0001/0100 VUs  0m53.0s/2m0s  50.00 iters/s

running (0m54.0s), 0001/0100 VUs, 2699 complete and 0 interrupted iterations
main   [  45% ] 0001/0100 VUs  0m54.0s/2m0s  50.00 iters/s

running (0m55.0s), 0001/0100 VUs, 2749 complete and 0 interrupted iterations
main   [  46% ] 0001/0100 VUs  0m55.0s/2m0s  50.00 iters/s

running (0m56.0s), 0001/0100 VUs, 2799 complete and 0 interrupted iterations
main   [  47% ] 0001/0100 VUs  0m56.0s/2m0s  50.00 iters/s

running (0m57.0s), 0001/0100 VUs, 2849 complete and 0 interrupted iterations
main   [  47% ] 0001/0100 VUs  0m57.0s/2m0s  50.00 iters/s

running (0m58.0s), 0001/0100 VUs, 2899 complete and 0 interrupted iterations
main   [  48% ] 0001/0100 VUs  0m58.0s/2m0s  50.00 iters/s

running (0m59.0s), 0001/0100 VUs, 2949 complete and 0 interrupted iterations
main   [  49% ] 0001/0100 VUs  0m59.0s/2m0s  50.00 iters/s

running (1m00.0s), 0001/0100 VUs, 2999 complete and 0 interrupted iterations
main   [  50% ] 0001/0100 VUs  1m00.0s/2m0s  50.00 iters/s

running (1m01.0s), 0001/0100 VUs, 3049 complete and 0 interrupted iterations
main   [  51% ] 0001/0100 VUs  1m01.0s/2m0s  50.00 iters/s

running (1m02.0s), 0001/0100 VUs, 3099 complete and 0 interrupted iterations
main   [  52% ] 0001/0100 VUs  1m02.0s/2m0s  50.00 iters/s

running (1m03.0s), 0001/0100 VUs, 3149 complete and 0 interrupted iterations
main   [  52% ] 0001/0100 VUs  1m03.0s/2m0s  50.00 iters/s

running (1m04.0s), 0001/0100 VUs, 3199 complete and 0 interrupted iterations
main   [  53% ] 0001/0100 VUs  1m04.0s/2m0s  50.00 iters/s

running (1m05.0s), 0001/0100 VUs, 3249 complete and 0 interrupted iterations
main   [  54% ] 0001/0100 VUs  1m05.0s/2m0s  50.00 iters/s

running (1m06.0s), 0001/0100 VUs, 3299 complete and 0 interrupted iterations
main   [  55% ] 0001/0100 VUs  1m06.0s/2m0s  50.00 iters/s

running (1m07.0s), 0001/0100 VUs, 3349 complete and 0 interrupted iterations
main   [  56% ] 0001/0100 VUs  1m07.0s/2m0s  50.00 iters/s

running (1m08.0s), 0001/0100 VUs, 3399 complete and 0 interrupted iterations
main   [  57% ] 0001/0100 VUs  1m08.0s/2m0s  50.00 iters/s

running (1m09.0s), 0001/0100 VUs, 3449 complete and 0 interrupted iterations
main   [  57% ] 0001/0100 VUs  1m09.0s/2m0s  50.00 iters/s

running (1m10.0s), 0001/0100 VUs, 3499 complete and 0 interrupted iterations
main   [  58% ] 0001/0100 VUs  1m10.0s/2m0s  50.00 iters/s

running (1m11.0s), 0001/0100 VUs, 3549 complete and 0 interrupted iterations
main   [  59% ] 0001/0100 VUs  1m11.0s/2m0s  50.00 iters/s

running (1m12.0s), 0001/0100 VUs, 3599 complete and 0 interrupted iterations
main   [  60% ] 0001/0100 VUs  1m12.0s/2m0s  50.00 iters/s

running (1m13.0s), 0001/0100 VUs, 3649 complete and 0 interrupted iterations
main   [  61% ] 0001/0100 VUs  1m13.0s/2m0s  50.00 iters/s

running (1m14.0s), 0001/0100 VUs, 3699 complete and 0 interrupted iterations
main   [  62% ] 0001/0100 VUs  1m14.0s/2m0s  50.00 iters/s

running (1m15.0s), 0001/0100 VUs, 3749 complete and 0 interrupted iterations
main   [  62% ] 0001/0100 VUs  1m15.0s/2m0s  50.00 iters/s

running (1m16.0s), 0001/0100 VUs, 3799 complete and 0 interrupted iterations
main   [  63% ] 0001/0100 VUs  1m16.0s/2m0s  50.00 iters/s

running (1m17.0s), 0001/0100 VUs, 3849 complete and 0 interrupted iterations
main   [  64% ] 0001/0100 VUs  1m17.0s/2m0s  50.00 iters/s

running (1m18.0s), 0001/0100 VUs, 3899 complete and 0 interrupted iterations
main   [  65% ] 0001/0100 VUs  1m18.0s/2m0s  50.00 iters/s

running (1m19.0s), 0001/0100 VUs, 3949 complete and 0 interrupted iterations
main   [  66% ] 0001/0100 VUs  1m19.0s/2m0s  50.00 iters/s

running (1m20.0s), 0001/0100 VUs, 3999 complete and 0 interrupted iterations
main   [  67% ] 0001/0100 VUs  1m20.0s/2m0s  50.00 iters/s

running (1m21.0s), 0001/0100 VUs, 4049 complete and 0 interrupted iterations
main   [  67% ] 0001/0100 VUs  1m21.0s/2m0s  50.00 iters/s

running (1m22.0s), 0001/0100 VUs, 4099 complete and 0 interrupted iterations
main   [  68% ] 0001/0100 VUs  1m22.0s/2m0s  50.00 iters/s

running (1m23.0s), 0001/0100 VUs, 4149 complete and 0 interrupted iterations
main   [  69% ] 0001/0100 VUs  1m23.0s/2m0s  50.00 iters/s

running (1m24.0s), 0001/0100 VUs, 4199 complete and 0 interrupted iterations
main   [  70% ] 0001/0100 VUs  1m24.0s/2m0s  50.00 iters/s

running (1m25.0s), 0001/0100 VUs, 4249 complete and 0 interrupted iterations
main   [  71% ] 0001/0100 VUs  1m25.0s/2m0s  50.00 iters/s

running (1m26.0s), 0001/0100 VUs, 4299 complete and 0 interrupted iterations
main   [  72% ] 0001/0100 VUs  1m26.0s/2m0s  50.00 iters/s

running (1m27.0s), 0000/0100 VUs, 4349 complete and 0 interrupted iterations
main   [  72% ] 0000/0100 VUs  1m27.0s/2m0s  50.00 iters/s

running (1m28.0s), 0001/0100 VUs, 4399 complete and 0 interrupted iterations
main   [  73% ] 0001/0100 VUs  1m28.0s/2m0s  50.00 iters/s

running (1m29.0s), 0000/0100 VUs, 4449 complete and 0 interrupted iterations
main   [  74% ] 0000/0100 VUs  1m29.0s/2m0s  50.00 iters/s

running (1m30.0s), 0001/0100 VUs, 4499 complete and 0 interrupted iterations
main   [  75% ] 0001/0100 VUs  1m30.0s/2m0s  50.00 iters/s

running (1m31.0s), 0001/0100 VUs, 4549 complete and 0 interrupted iterations
main   [  76% ] 0001/0100 VUs  1m31.0s/2m0s  50.00 iters/s

running (1m32.0s), 0001/0100 VUs, 4599 complete and 0 interrupted iterations
main   [  77% ] 0001/0100 VUs  1m32.0s/2m0s  50.00 iters/s

running (1m33.0s), 0001/0100 VUs, 4649 complete and 0 interrupted iterations
main   [  77% ] 0001/0100 VUs  1m33.0s/2m0s  50.00 iters/s

running (1m34.0s), 0001/0100 VUs, 4699 complete and 0 interrupted iterations
main   [  78% ] 0001/0100 VUs  1m34.0s/2m0s  50.00 iters/s

running (1m35.0s), 0001/0100 VUs, 4749 complete and 0 interrupted iterations
main   [  79% ] 0001/0100 VUs  1m35.0s/2m0s  50.00 iters/s

running (1m36.0s), 0001/0100 VUs, 4799 complete and 0 interrupted iterations
main   [  80% ] 0001/0100 VUs  1m36.0s/2m0s  50.00 iters/s

running (1m37.0s), 0000/0100 VUs, 4849 complete and 0 interrupted iterations
main   [  81% ] 0000/0100 VUs  1m37.0s/2m0s  50.00 iters/s

running (1m38.0s), 0001/0100 VUs, 4899 complete and 0 interrupted iterations
main   [  82% ] 0001/0100 VUs  1m38.0s/2m0s  50.00 iters/s

running (1m39.0s), 0001/0100 VUs, 4949 complete and 0 interrupted iterations
main   [  82% ] 0001/0100 VUs  1m39.0s/2m0s  50.00 iters/s

running (1m40.0s), 0001/0100 VUs, 4999 complete and 0 interrupted iterations
main   [  83% ] 0001/0100 VUs  1m40.0s/2m0s  50.00 iters/s

running (1m41.0s), 0001/0100 VUs, 5049 complete and 0 interrupted iterations
main   [  84% ] 0001/0100 VUs  1m41.0s/2m0s  50.00 iters/s

running (1m42.0s), 0001/0100 VUs, 5099 complete and 0 interrupted iterations
main   [  85% ] 0001/0100 VUs  1m42.0s/2m0s  50.00 iters/s

running (1m43.0s), 0001/0100 VUs, 5149 complete and 0 interrupted iterations
main   [  86% ] 0001/0100 VUs  1m43.0s/2m0s  50.00 iters/s

running (1m44.0s), 0001/0100 VUs, 5199 complete and 0 interrupted iterations
main   [  87% ] 0001/0100 VUs  1m44.0s/2m0s  50.00 iters/s

running (1m45.0s), 0001/0100 VUs, 5249 complete and 0 interrupted iterations
main   [  87% ] 0001/0100 VUs  1m45.0s/2m0s  50.00 iters/s

running (1m46.0s), 0001/0100 VUs, 5299 complete and 0 interrupted iterations
main   [  88% ] 0001/0100 VUs  1m46.0s/2m0s  50.00 iters/s

running (1m47.0s), 0001/0100 VUs, 5349 complete and 0 interrupted iterations
main   [  89% ] 0001/0100 VUs  1m47.0s/2m0s  50.00 iters/s

running (1m48.0s), 0000/0100 VUs, 5399 complete and 0 interrupted iterations
main   [  90% ] 0000/0100 VUs  1m48.0s/2m0s  50.00 iters/s

running (1m49.0s), 0001/0100 VUs, 5449 complete and 0 interrupted iterations
main   [  91% ] 0001/0100 VUs  1m49.0s/2m0s  50.00 iters/s

running (1m50.0s), 0001/0100 VUs, 5499 complete and 0 interrupted iterations
main   [  92% ] 0001/0100 VUs  1m50.0s/2m0s  50.00 iters/s

running (1m51.0s), 0001/0100 VUs, 5549 complete and 0 interrupted iterations
main   [  92% ] 0001/0100 VUs  1m51.0s/2m0s  50.00 iters/s

running (1m52.0s), 0001/0100 VUs, 5599 complete and 0 interrupted iterations
main   [  93% ] 0001/0100 VUs  1m52.0s/2m0s  50.00 iters/s

running (1m53.0s), 0001/0100 VUs, 5649 complete and 0 interrupted iterations
main   [  94% ] 0001/0100 VUs  1m53.0s/2m0s  50.00 iters/s

running (1m54.0s), 0001/0100 VUs, 5699 complete and 0 interrupted iterations
main   [  95% ] 0001/0100 VUs  1m54.0s/2m0s  50.00 iters/s

running (1m55.0s), 0001/0100 VUs, 5749 complete and 0 interrupted iterations
main   [  96% ] 0001/0100 VUs  1m55.0s/2m0s  50.00 iters/s

running (1m56.0s), 0001/0100 VUs, 5799 complete and 0 interrupted iterations
main   [  97% ] 0001/0100 VUs  1m56.0s/2m0s  50.00 iters/s

running (1m57.0s), 0001/0100 VUs, 5849 complete and 0 interrupted iterations
main   [  97% ] 0001/0100 VUs  1m57.0s/2m0s  50.00 iters/s

running (1m58.0s), 0001/0100 VUs, 5899 complete and 0 interrupted iterations
main   [  98% ] 0001/0100 VUs  1m58.0s/2m0s  50.00 iters/s

running (1m59.0s), 0001/0100 VUs, 5949 complete and 0 interrupted iterations
main   [  99% ] 0001/0100 VUs  1m59.0s/2m0s  50.00 iters/s

running (2m00.0s), 0001/0100 VUs, 5999 complete and 0 interrupted iterations
main   [ 100% ] 0001/0100 VUs  2m00.0s/2m0s  50.00 iters/s

running (2m00.0s), 0000/0100 VUs, 6001 complete and 0 interrupted iterations
main ✓ [ 100% ] 0000/0100 VUs  2m0s  50.00 iters/s
  Repeat 1 complete. Results in results/a-jdbc-join-rtt5000-r50-rep1-1781138013.json
=== Cell complete: 1 repeat(s) for a/jdbc-join rtt=5000us ===

[campaign] (18) cell: a|jdbc-seq|5000|50|-|-
=== Cell: scenario=a style=jdbc-seq rtt=5000us rate=50rps duration=2m scale=full repeats=1 ===
[1/4] Setting netem delay 5000us...
Setting netem delay 5000us on lab-mysql eth0...
time="2026-06-11T09:35:34+09:00" level=warning msg="/Users/rene/rdb-join-lab/docker-compose.yml: the attribute `version` is obsolete, it will be ignored, please remove it to avoid potential confusion"
Current qdisc:
time="2026-06-11T09:35:34+09:00" level=warning msg="/Users/rene/rdb-join-lab/docker-compose.yml: the attribute `version` is obsolete, it will be ignored, please remove it to avoid potential confusion"
qdisc netem 8013: root refcnt 7 limit 1000 delay 5ms seed 12648130392475480267
[2/4] Warming InnoDB buffer pool...
=== Step 1: Warm-up queries (priming buffer pool, ~10% of full scale) ===
COUNT(*)
3401538
COUNT(*)
975720
COUNT(*)
8680188
COUNT(*)
10000
Warm-up queries complete.
=== Step 2: Triggering InnoDB buffer pool dump ===
time="2026-06-11T09:35:35+09:00" level=warning msg="/Users/rene/rdb-join-lab/docker-compose.yml: the attribute `version` is obsolete, it will be ignored, please remove it to avoid potential confusion"
mysql: [Warning] Using a password on the command line interface can be insecure.
Polling dump status (timeout 300s)...
  [0s] Dump status: Buffer pool(s) dump completed at 260611  0:35:35
Buffer pool dump completed.
=== Step 3: Triggering InnoDB buffer pool load ===
time="2026-06-11T09:35:35+09:00" level=warning msg="/Users/rene/rdb-join-lab/docker-compose.yml: the attribute `version` is obsolete, it will be ignored, please remove it to avoid potential confusion"
mysql: [Warning] Using a password on the command line interface can be insecure.
Polling load status (timeout 300s)...
  [0s] Load status: Loaded 147457/188410 pages
  [5s] Load status: Buffer pool(s) load completed at 260611  0:35:36
Buffer pool load completed.
=== Step 3b: Capturing post-load snapshot for warm-state gate ===
COUNT(*)
1210063
COUNT(*)
8680188
COUNT(*)
10000
Re-verification queries complete.
=== Step 4: Warm-state gate (physical reads < 0.01, post-load window) ===
  Post-load reverify window: physical reads delta: 0 / 22857 = 0.0
  (Pre-warmup baseline: 10077 / 874122463, for reference)
  Warm-state gate PASSED.
=== Step 5: ANALYZE TABLE ===
Table	Op	Msg_type	Msg_text
lab.coupon_policy	analyze	status	OK
lab.member	analyze	status	OK
lab.coupon_issue	analyze	status	OK
ANALYZE TABLE complete.
=== Step 5b: Capturing InnoDB engine status (AHI verification) ===
  InnoDB status captured: results/innodb-status-1781138143.txt
  AHI indicator: INSERT BUFFER AND ADAPTIVE HASH INDEX
0.00 hash searches/s, 101.46 non-hash searches/s
=== Step 5c: EXPLAIN Scenario B ORDER BY id ASC (filesort check) ===
  WARNING: EXPLAIN shows 'Using filesort' for Scenario B ORDER BY id ASC query.
  Expected idx_issue_member_id to cover ORDER BY — check index creation in schema.sql.
  EXPLAIN output:
1	SIMPLE	coupon_issue	NULL	ref	idx_issue_member_status,idx_issue_member_id	idx_issue_member_status	8	const	1209	100.00	Using filesort
[3/4] Dual calibration (nominal=5000us)...
  [held conn] calibrate n=10000...
{
    "n": 10000,
    "min": 5065,
    "p50": 6583,
    "p95": 7932,
    "p99": 8146,
    "max": 26096
}
  [per checkout] calibrate/loaded n=10000...
{
    "n": 10000,
    "min": 5087,
    "p50": 6578,
    "p95": 7921,
    "p99": 8137,
    "max": 23603
}
Running dual calibration probe (n=10000 held + n=10000 loaded)...
=== held (pure wire RTT) ===
{
    "n": 10000,
    "min": 5065,
    "p50": 6371,
    "p95": 7775,
    "p99": 8005,
    "max": 20181
}
=== loaded (wire RTT + pool checkout) ===
{
    "n": 10000,
    "min": 5074,
    "p50": 6516,
    "p95": 7876,
    "p99": 8086,
    "max": 19976
}

Appended dual record to results/calibration.jsonl: {"held": {"n": 10000, "min": 5065, "p50": 6371, "p95": 7775, "p99": 8005, "max": 20181}, "loaded": {"n": 10000, "min": 5074, "p50": 6516, "p95": 7876, "p99": 8086, "max": 19976}, "timestamp": "2026-06-11T00:40:07Z", "nominal_delay_us": 5000}
[4/1] Running k6 repeat 1/1 (output -> results/a-jdbc-seq-rtt5000-r50-rep1-1781138407.json)...
time="2026-06-11T09:40:07+09:00" level=warning msg="/Users/rene/rdb-join-lab/docker-compose.yml: the attribute `version` is obsolete, it will be ignored, please remove it to avoid potential confusion"

         /\      Grafana   /‾‾/  
    /\  /  \     |\  __   /  /   
   /  \/    \    | |/ /  /   ‾‾\ 
  /          \   |   (  |  (‾)  |
 / __________ \  |_|\_\  \_____/ 


     execution: local
        script: /scripts/scenario.js
        output: -

     scenarios: (100.00%) 1 scenario, 1000 max VUs, 2m30s max duration (incl. graceful stop):
              * main: 50.00 iterations/s for 2m0s (maxVUs: 100-1000, gracefulStop: 30s)


running (0m01.0s), 0003/0100 VUs, 47 complete and 0 interrupted iterations
main   [   1% ] 0003/0100 VUs  0m01.0s/2m0s  50.00 iters/s

running (0m02.0s), 0003/0100 VUs, 97 complete and 0 interrupted iterations
main   [   2% ] 0003/0100 VUs  0m02.0s/2m0s  50.00 iters/s

running (0m03.0s), 0003/0100 VUs, 147 complete and 0 interrupted iterations
main   [   2% ] 0003/0100 VUs  0m03.0s/2m0s  50.00 iters/s

running (0m04.0s), 0002/0100 VUs, 198 complete and 0 interrupted iterations
main   [   3% ] 0002/0100 VUs  0m04.0s/2m0s  50.00 iters/s

running (0m05.0s), 0002/0100 VUs, 248 complete and 0 interrupted iterations
main   [   4% ] 0002/0100 VUs  0m05.0s/2m0s  50.00 iters/s

running (0m06.0s), 0003/0100 VUs, 297 complete and 0 interrupted iterations
main   [   5% ] 0003/0100 VUs  0m06.0s/2m0s  50.00 iters/s

running (0m07.0s), 0002/0100 VUs, 348 complete and 0 interrupted iterations
main   [   6% ] 0002/0100 VUs  0m07.0s/2m0s  50.00 iters/s

running (0m08.0s), 0002/0100 VUs, 398 complete and 0 interrupted iterations
main   [   7% ] 0002/0100 VUs  0m08.0s/2m0s  50.00 iters/s

running (0m09.0s), 0003/0100 VUs, 447 complete and 0 interrupted iterations
main   [   7% ] 0003/0100 VUs  0m09.0s/2m0s  50.00 iters/s

running (0m10.0s), 0002/0100 VUs, 498 complete and 0 interrupted iterations
main   [   8% ] 0002/0100 VUs  0m10.0s/2m0s  50.00 iters/s

running (0m11.0s), 0003/0100 VUs, 547 complete and 0 interrupted iterations
main   [   9% ] 0003/0100 VUs  0m11.0s/2m0s  50.00 iters/s

running (0m12.0s), 0003/0100 VUs, 597 complete and 0 interrupted iterations
main   [  10% ] 0003/0100 VUs  0m12.0s/2m0s  50.00 iters/s

running (0m13.0s), 0003/0100 VUs, 647 complete and 0 interrupted iterations
main   [  11% ] 0003/0100 VUs  0m13.0s/2m0s  50.00 iters/s

running (0m14.0s), 0003/0100 VUs, 697 complete and 0 interrupted iterations
main   [  12% ] 0003/0100 VUs  0m14.0s/2m0s  50.00 iters/s

running (0m15.0s), 0002/0100 VUs, 748 complete and 0 interrupted iterations
main   [  12% ] 0002/0100 VUs  0m15.0s/2m0s  50.00 iters/s

running (0m16.0s), 0003/0100 VUs, 797 complete and 0 interrupted iterations
main   [  13% ] 0003/0100 VUs  0m16.0s/2m0s  50.00 iters/s

running (0m17.0s), 0002/0100 VUs, 848 complete and 0 interrupted iterations
main   [  14% ] 0002/0100 VUs  0m17.0s/2m0s  50.00 iters/s

running (0m18.0s), 0003/0100 VUs, 897 complete and 0 interrupted iterations
main   [  15% ] 0003/0100 VUs  0m18.0s/2m0s  50.00 iters/s

running (0m19.0s), 0003/0100 VUs, 947 complete and 0 interrupted iterations
main   [  16% ] 0003/0100 VUs  0m19.0s/2m0s  50.00 iters/s

running (0m20.0s), 0003/0100 VUs, 997 complete and 0 interrupted iterations
main   [  17% ] 0003/0100 VUs  0m20.0s/2m0s  50.00 iters/s

running (0m21.0s), 0003/0100 VUs, 1047 complete and 0 interrupted iterations
main   [  17% ] 0003/0100 VUs  0m21.0s/2m0s  50.00 iters/s

running (0m22.0s), 0002/0100 VUs, 1098 complete and 0 interrupted iterations
main   [  18% ] 0002/0100 VUs  0m22.0s/2m0s  50.00 iters/s

running (0m23.0s), 0003/0100 VUs, 1147 complete and 0 interrupted iterations
main   [  19% ] 0003/0100 VUs  0m23.0s/2m0s  50.00 iters/s

running (0m24.0s), 0003/0100 VUs, 1197 complete and 0 interrupted iterations
main   [  20% ] 0003/0100 VUs  0m24.0s/2m0s  50.00 iters/s

running (0m25.0s), 0002/0100 VUs, 1248 complete and 0 interrupted iterations
main   [  21% ] 0002/0100 VUs  0m25.0s/2m0s  50.00 iters/s

running (0m26.0s), 0003/0100 VUs, 1297 complete and 0 interrupted iterations
main   [  22% ] 0003/0100 VUs  0m26.0s/2m0s  50.00 iters/s

running (0m27.0s), 0003/0100 VUs, 1347 complete and 0 interrupted iterations
main   [  22% ] 0003/0100 VUs  0m27.0s/2m0s  50.00 iters/s

running (0m28.0s), 0003/0100 VUs, 1397 complete and 0 interrupted iterations
main   [  23% ] 0003/0100 VUs  0m28.0s/2m0s  50.00 iters/s

running (0m29.0s), 0003/0100 VUs, 1447 complete and 0 interrupted iterations
main   [  24% ] 0003/0100 VUs  0m29.0s/2m0s  50.00 iters/s

running (0m30.0s), 0003/0100 VUs, 1497 complete and 0 interrupted iterations
main   [  25% ] 0003/0100 VUs  0m30.0s/2m0s  50.00 iters/s

running (0m31.0s), 0003/0100 VUs, 1547 complete and 0 interrupted iterations
main   [  26% ] 0003/0100 VUs  0m31.0s/2m0s  50.00 iters/s

running (0m32.0s), 0003/0100 VUs, 1597 complete and 0 interrupted iterations
main   [  27% ] 0003/0100 VUs  0m32.0s/2m0s  50.00 iters/s

running (0m33.0s), 0002/0100 VUs, 1648 complete and 0 interrupted iterations
main   [  27% ] 0002/0100 VUs  0m33.0s/2m0s  50.00 iters/s

running (0m34.0s), 0003/0100 VUs, 1697 complete and 0 interrupted iterations
main   [  28% ] 0003/0100 VUs  0m34.0s/2m0s  50.00 iters/s

running (0m35.0s), 0002/0100 VUs, 1748 complete and 0 interrupted iterations
main   [  29% ] 0002/0100 VUs  0m35.0s/2m0s  50.00 iters/s

running (0m36.0s), 0002/0100 VUs, 1798 complete and 0 interrupted iterations
main   [  30% ] 0002/0100 VUs  0m36.0s/2m0s  50.00 iters/s

running (0m37.0s), 0002/0100 VUs, 1848 complete and 0 interrupted iterations
main   [  31% ] 0002/0100 VUs  0m37.0s/2m0s  50.00 iters/s

running (0m38.0s), 0002/0100 VUs, 1898 complete and 0 interrupted iterations
main   [  32% ] 0002/0100 VUs  0m38.0s/2m0s  50.00 iters/s

running (0m39.0s), 0002/0100 VUs, 1948 complete and 0 interrupted iterations
main   [  32% ] 0002/0100 VUs  0m39.0s/2m0s  50.00 iters/s

running (0m40.0s), 0002/0100 VUs, 1998 complete and 0 interrupted iterations
main   [  33% ] 0002/0100 VUs  0m40.0s/2m0s  50.00 iters/s

running (0m41.0s), 0003/0100 VUs, 2047 complete and 0 interrupted iterations
main   [  34% ] 0003/0100 VUs  0m41.0s/2m0s  50.00 iters/s

running (0m42.0s), 0002/0100 VUs, 2098 complete and 0 interrupted iterations
main   [  35% ] 0002/0100 VUs  0m42.0s/2m0s  50.00 iters/s

running (0m43.0s), 0003/0100 VUs, 2147 complete and 0 interrupted iterations
main   [  36% ] 0003/0100 VUs  0m43.0s/2m0s  50.00 iters/s

running (0m44.0s), 0003/0100 VUs, 2197 complete and 0 interrupted iterations
main   [  37% ] 0003/0100 VUs  0m44.0s/2m0s  50.00 iters/s

running (0m45.0s), 0003/0100 VUs, 2247 complete and 0 interrupted iterations
main   [  37% ] 0003/0100 VUs  0m45.0s/2m0s  50.00 iters/s

running (0m46.0s), 0003/0100 VUs, 2297 complete and 0 interrupted iterations
main   [  38% ] 0003/0100 VUs  0m46.0s/2m0s  50.00 iters/s

running (0m47.0s), 0002/0100 VUs, 2348 complete and 0 interrupted iterations
main   [  39% ] 0002/0100 VUs  0m47.0s/2m0s  50.00 iters/s

running (0m48.0s), 0003/0100 VUs, 2397 complete and 0 interrupted iterations
main   [  40% ] 0003/0100 VUs  0m48.0s/2m0s  50.00 iters/s

running (0m49.0s), 0003/0100 VUs, 2447 complete and 0 interrupted iterations
main   [  41% ] 0003/0100 VUs  0m49.0s/2m0s  50.00 iters/s

running (0m50.0s), 0002/0100 VUs, 2498 complete and 0 interrupted iterations
main   [  42% ] 0002/0100 VUs  0m50.0s/2m0s  50.00 iters/s

running (0m51.0s), 0003/0100 VUs, 2547 complete and 0 interrupted iterations
main   [  42% ] 0003/0100 VUs  0m51.0s/2m0s  50.00 iters/s

running (0m52.0s), 0002/0100 VUs, 2598 complete and 0 interrupted iterations
main   [  43% ] 0002/0100 VUs  0m52.0s/2m0s  50.00 iters/s

running (0m53.0s), 0003/0100 VUs, 2647 complete and 0 interrupted iterations
main   [  44% ] 0003/0100 VUs  0m53.0s/2m0s  50.00 iters/s

running (0m54.0s), 0003/0100 VUs, 2697 complete and 0 interrupted iterations
main   [  45% ] 0003/0100 VUs  0m54.0s/2m0s  50.00 iters/s

running (0m55.0s), 0003/0100 VUs, 2747 complete and 0 interrupted iterations
main   [  46% ] 0003/0100 VUs  0m55.0s/2m0s  50.00 iters/s

running (0m56.0s), 0002/0100 VUs, 2798 complete and 0 interrupted iterations
main   [  47% ] 0002/0100 VUs  0m56.0s/2m0s  50.00 iters/s

running (0m57.0s), 0002/0100 VUs, 2848 complete and 0 interrupted iterations
main   [  47% ] 0002/0100 VUs  0m57.0s/2m0s  50.00 iters/s

running (0m58.0s), 0003/0100 VUs, 2897 complete and 0 interrupted iterations
main   [  48% ] 0003/0100 VUs  0m58.0s/2m0s  50.00 iters/s

running (0m59.0s), 0003/0100 VUs, 2947 complete and 0 interrupted iterations
main   [  49% ] 0003/0100 VUs  0m59.0s/2m0s  50.00 iters/s

running (1m00.0s), 0003/0100 VUs, 2997 complete and 0 interrupted iterations
main   [  50% ] 0003/0100 VUs  1m00.0s/2m0s  50.00 iters/s

running (1m01.0s), 0003/0100 VUs, 3047 complete and 0 interrupted iterations
main   [  51% ] 0003/0100 VUs  1m01.0s/2m0s  50.00 iters/s

running (1m02.0s), 0003/0100 VUs, 3097 complete and 0 interrupted iterations
main   [  52% ] 0003/0100 VUs  1m02.0s/2m0s  50.00 iters/s

running (1m03.0s), 0003/0100 VUs, 3147 complete and 0 interrupted iterations
main   [  52% ] 0003/0100 VUs  1m03.0s/2m0s  50.00 iters/s

running (1m04.0s), 0002/0100 VUs, 3198 complete and 0 interrupted iterations
main   [  53% ] 0002/0100 VUs  1m04.0s/2m0s  50.00 iters/s

running (1m05.0s), 0003/0100 VUs, 3247 complete and 0 interrupted iterations
main   [  54% ] 0003/0100 VUs  1m05.0s/2m0s  50.00 iters/s

running (1m06.0s), 0003/0100 VUs, 3297 complete and 0 interrupted iterations
main   [  55% ] 0003/0100 VUs  1m06.0s/2m0s  50.00 iters/s

running (1m07.0s), 0003/0100 VUs, 3347 complete and 0 interrupted iterations
main   [  56% ] 0003/0100 VUs  1m07.0s/2m0s  50.00 iters/s

running (1m08.0s), 0003/0100 VUs, 3397 complete and 0 interrupted iterations
main   [  57% ] 0003/0100 VUs  1m08.0s/2m0s  50.00 iters/s

running (1m09.0s), 0003/0100 VUs, 3447 complete and 0 interrupted iterations
main   [  57% ] 0003/0100 VUs  1m09.0s/2m0s  50.00 iters/s

running (1m10.0s), 0003/0100 VUs, 3497 complete and 0 interrupted iterations
main   [  58% ] 0003/0100 VUs  1m10.0s/2m0s  50.00 iters/s

running (1m11.0s), 0003/0100 VUs, 3547 complete and 0 interrupted iterations
main   [  59% ] 0003/0100 VUs  1m11.0s/2m0s  50.00 iters/s

running (1m12.0s), 0003/0100 VUs, 3597 complete and 0 interrupted iterations
main   [  60% ] 0003/0100 VUs  1m12.0s/2m0s  50.00 iters/s

running (1m13.0s), 0003/0100 VUs, 3647 complete and 0 interrupted iterations
main   [  61% ] 0003/0100 VUs  1m13.0s/2m0s  50.00 iters/s

running (1m14.0s), 0003/0100 VUs, 3697 complete and 0 interrupted iterations
main   [  62% ] 0003/0100 VUs  1m14.0s/2m0s  50.00 iters/s

running (1m15.0s), 0003/0100 VUs, 3747 complete and 0 interrupted iterations
main   [  62% ] 0003/0100 VUs  1m15.0s/2m0s  50.00 iters/s

running (1m16.0s), 0003/0100 VUs, 3797 complete and 0 interrupted iterations
main   [  63% ] 0003/0100 VUs  1m16.0s/2m0s  50.00 iters/s

running (1m17.0s), 0003/0100 VUs, 3847 complete and 0 interrupted iterations
main   [  64% ] 0003/0100 VUs  1m17.0s/2m0s  50.00 iters/s

running (1m18.0s), 0003/0100 VUs, 3897 complete and 0 interrupted iterations
main   [  65% ] 0003/0100 VUs  1m18.0s/2m0s  50.00 iters/s

running (1m19.0s), 0003/0100 VUs, 3947 complete and 0 interrupted iterations
main   [  66% ] 0003/0100 VUs  1m19.0s/2m0s  50.00 iters/s

running (1m20.0s), 0003/0100 VUs, 3997 complete and 0 interrupted iterations
main   [  67% ] 0003/0100 VUs  1m20.0s/2m0s  50.00 iters/s

running (1m21.0s), 0003/0100 VUs, 4047 complete and 0 interrupted iterations
main   [  67% ] 0003/0100 VUs  1m21.0s/2m0s  50.00 iters/s

running (1m22.0s), 0003/0100 VUs, 4097 complete and 0 interrupted iterations
main   [  68% ] 0003/0100 VUs  1m22.0s/2m0s  50.00 iters/s

running (1m23.0s), 0003/0100 VUs, 4147 complete and 0 interrupted iterations
main   [  69% ] 0003/0100 VUs  1m23.0s/2m0s  50.00 iters/s

running (1m24.0s), 0003/0100 VUs, 4197 complete and 0 interrupted iterations
main   [  70% ] 0003/0100 VUs  1m24.0s/2m0s  50.00 iters/s

running (1m25.0s), 0003/0100 VUs, 4247 complete and 0 interrupted iterations
main   [  71% ] 0003/0100 VUs  1m25.0s/2m0s  50.00 iters/s

running (1m26.0s), 0002/0100 VUs, 4298 complete and 0 interrupted iterations
main   [  72% ] 0002/0100 VUs  1m26.0s/2m0s  50.00 iters/s

running (1m27.0s), 0003/0100 VUs, 4347 complete and 0 interrupted iterations
main   [  72% ] 0003/0100 VUs  1m27.0s/2m0s  50.00 iters/s

running (1m28.0s), 0003/0100 VUs, 4397 complete and 0 interrupted iterations
main   [  73% ] 0003/0100 VUs  1m28.0s/2m0s  50.00 iters/s

running (1m29.0s), 0003/0100 VUs, 4447 complete and 0 interrupted iterations
main   [  74% ] 0003/0100 VUs  1m29.0s/2m0s  50.00 iters/s

running (1m30.0s), 0002/0100 VUs, 4498 complete and 0 interrupted iterations
main   [  75% ] 0002/0100 VUs  1m30.0s/2m0s  50.00 iters/s

running (1m31.0s), 0003/0100 VUs, 4547 complete and 0 interrupted iterations
main   [  76% ] 0003/0100 VUs  1m31.0s/2m0s  50.00 iters/s

running (1m32.0s), 0003/0100 VUs, 4597 complete and 0 interrupted iterations
main   [  77% ] 0003/0100 VUs  1m32.0s/2m0s  50.00 iters/s

running (1m33.0s), 0003/0100 VUs, 4647 complete and 0 interrupted iterations
main   [  77% ] 0003/0100 VUs  1m33.0s/2m0s  50.00 iters/s

running (1m34.0s), 0002/0100 VUs, 4698 complete and 0 interrupted iterations
main   [  78% ] 0002/0100 VUs  1m34.0s/2m0s  50.00 iters/s

running (1m35.0s), 0002/0100 VUs, 4748 complete and 0 interrupted iterations
main   [  79% ] 0002/0100 VUs  1m35.0s/2m0s  50.00 iters/s

running (1m36.0s), 0003/0100 VUs, 4797 complete and 0 interrupted iterations
main   [  80% ] 0003/0100 VUs  1m36.0s/2m0s  50.00 iters/s

running (1m37.0s), 0003/0100 VUs, 4847 complete and 0 interrupted iterations
main   [  81% ] 0003/0100 VUs  1m37.0s/2m0s  50.00 iters/s

running (1m38.0s), 0003/0100 VUs, 4897 complete and 0 interrupted iterations
main   [  82% ] 0003/0100 VUs  1m38.0s/2m0s  50.00 iters/s

running (1m39.0s), 0003/0100 VUs, 4947 complete and 0 interrupted iterations
main   [  82% ] 0003/0100 VUs  1m39.0s/2m0s  50.00 iters/s

running (1m40.0s), 0003/0100 VUs, 4997 complete and 0 interrupted iterations
main   [  83% ] 0003/0100 VUs  1m40.0s/2m0s  50.00 iters/s

running (1m41.0s), 0002/0100 VUs, 5048 complete and 0 interrupted iterations
main   [  84% ] 0002/0100 VUs  1m41.0s/2m0s  50.00 iters/s

running (1m42.0s), 0003/0100 VUs, 5097 complete and 0 interrupted iterations
main   [  85% ] 0003/0100 VUs  1m42.0s/2m0s  50.00 iters/s

running (1m43.0s), 0003/0100 VUs, 5147 complete and 0 interrupted iterations
main   [  86% ] 0003/0100 VUs  1m43.0s/2m0s  50.00 iters/s

running (1m44.0s), 0002/0100 VUs, 5198 complete and 0 interrupted iterations
main   [  87% ] 0002/0100 VUs  1m44.0s/2m0s  50.00 iters/s

running (1m45.0s), 0003/0100 VUs, 5247 complete and 0 interrupted iterations
main   [  87% ] 0003/0100 VUs  1m45.0s/2m0s  50.00 iters/s

running (1m46.0s), 0003/0100 VUs, 5297 complete and 0 interrupted iterations
main   [  88% ] 0003/0100 VUs  1m46.0s/2m0s  50.00 iters/s

running (1m47.0s), 0003/0100 VUs, 5347 complete and 0 interrupted iterations
main   [  89% ] 0003/0100 VUs  1m47.0s/2m0s  50.00 iters/s

running (1m48.0s), 0003/0100 VUs, 5397 complete and 0 interrupted iterations
main   [  90% ] 0003/0100 VUs  1m48.0s/2m0s  50.00 iters/s

running (1m49.0s), 0003/0100 VUs, 5447 complete and 0 interrupted iterations
main   [  91% ] 0003/0100 VUs  1m49.0s/2m0s  50.00 iters/s

running (1m50.0s), 0003/0100 VUs, 5497 complete and 0 interrupted iterations
main   [  92% ] 0003/0100 VUs  1m50.0s/2m0s  50.00 iters/s

running (1m51.0s), 0003/0100 VUs, 5547 complete and 0 interrupted iterations
main   [  92% ] 0003/0100 VUs  1m51.0s/2m0s  50.00 iters/s

running (1m52.0s), 0003/0100 VUs, 5597 complete and 0 interrupted iterations
main   [  93% ] 0003/0100 VUs  1m52.0s/2m0s  50.00 iters/s

running (1m53.0s), 0003/0100 VUs, 5647 complete and 0 interrupted iterations
main   [  94% ] 0003/0100 VUs  1m53.0s/2m0s  50.00 iters/s

running (1m54.0s), 0002/0100 VUs, 5698 complete and 0 interrupted iterations
main   [  95% ] 0002/0100 VUs  1m54.0s/2m0s  50.00 iters/s

running (1m55.0s), 0003/0100 VUs, 5747 complete and 0 interrupted iterations
main   [  96% ] 0003/0100 VUs  1m55.0s/2m0s  50.00 iters/s

running (1m56.0s), 0003/0100 VUs, 5797 complete and 0 interrupted iterations
main   [  97% ] 0003/0100 VUs  1m56.0s/2m0s  50.00 iters/s

running (1m57.0s), 0003/0100 VUs, 5847 complete and 0 interrupted iterations
main   [  97% ] 0003/0100 VUs  1m57.0s/2m0s  50.00 iters/s

running (1m58.0s), 0003/0100 VUs, 5897 complete and 0 interrupted iterations
main   [  98% ] 0003/0100 VUs  1m58.0s/2m0s  50.00 iters/s

running (1m59.0s), 0002/0100 VUs, 5948 complete and 0 interrupted iterations
main   [  99% ] 0002/0100 VUs  1m59.0s/2m0s  50.00 iters/s

running (2m00.0s), 0002/0100 VUs, 5998 complete and 0 interrupted iterations
main   [ 100% ] 0002/0100 VUs  2m00.0s/2m0s  50.00 iters/s

running (2m00.0s), 0000/0100 VUs, 6001 complete and 0 interrupted iterations
main ✓ [ 100% ] 0000/0100 VUs  2m0s  50.00 iters/s
  Repeat 1 complete. Results in results/a-jdbc-seq-rtt5000-r50-rep1-1781138407.json
=== Cell complete: 1 repeat(s) for a/jdbc-seq rtt=5000us ===

[campaign] (19) cell: a|par|5000|14|-|-
=== Cell: scenario=a style=par rtt=5000us rate=14rps duration=2m scale=full repeats=1 ===
[1/4] Setting netem delay 5000us...
Setting netem delay 5000us on lab-mysql eth0...
time="2026-06-11T09:42:08+09:00" level=warning msg="/Users/rene/rdb-join-lab/docker-compose.yml: the attribute `version` is obsolete, it will be ignored, please remove it to avoid potential confusion"
Current qdisc:
time="2026-06-11T09:42:08+09:00" level=warning msg="/Users/rene/rdb-join-lab/docker-compose.yml: the attribute `version` is obsolete, it will be ignored, please remove it to avoid potential confusion"
qdisc netem 8013: root refcnt 7 limit 1000 delay 5ms seed 4939457318309990561
[2/4] Warming InnoDB buffer pool...
=== Step 1: Warm-up queries (priming buffer pool, ~10% of full scale) ===
COUNT(*)
3401538
COUNT(*)
975720
COUNT(*)
8680188
COUNT(*)
10000
Warm-up queries complete.
=== Step 2: Triggering InnoDB buffer pool dump ===
time="2026-06-11T09:42:09+09:00" level=warning msg="/Users/rene/rdb-join-lab/docker-compose.yml: the attribute `version` is obsolete, it will be ignored, please remove it to avoid potential confusion"
mysql: [Warning] Using a password on the command line interface can be insecure.
Polling dump status (timeout 300s)...
  [0s] Dump status: Buffer pool(s) dump completed at 260611  0:42:09
Buffer pool dump completed.
=== Step 3: Triggering InnoDB buffer pool load ===
time="2026-06-11T09:42:09+09:00" level=warning msg="/Users/rene/rdb-join-lab/docker-compose.yml: the attribute `version` is obsolete, it will be ignored, please remove it to avoid potential confusion"
mysql: [Warning] Using a password on the command line interface can be insecure.
Polling load status (timeout 300s)...
  [0s] Load status: Loaded 161793/188400 pages
  [5s] Load status: Buffer pool(s) load completed at 260611  0:42:10
Buffer pool load completed.
=== Step 3b: Capturing post-load snapshot for warm-state gate ===
COUNT(*)
1210063
COUNT(*)
8680188
COUNT(*)
10000
Re-verification queries complete.
=== Step 4: Warm-state gate (physical reads < 0.01, post-load window) ===
  Post-load reverify window: physical reads delta: 0 / 22857 = 0.0
  (Pre-warmup baseline: 10154 / 874230547, for reference)
  Warm-state gate PASSED.
=== Step 5: ANALYZE TABLE ===
Table	Op	Msg_type	Msg_text
lab.coupon_policy	analyze	status	OK
lab.member	analyze	status	OK
lab.coupon_issue	analyze	status	OK
ANALYZE TABLE complete.
=== Step 5b: Capturing InnoDB engine status (AHI verification) ===
  InnoDB status captured: results/innodb-status-1781138537.txt
  AHI indicator: INSERT BUFFER AND ADAPTIVE HASH INDEX
0.00 hash searches/s, 108.13 non-hash searches/s
=== Step 5c: EXPLAIN Scenario B ORDER BY id ASC (filesort check) ===
  WARNING: EXPLAIN shows 'Using filesort' for Scenario B ORDER BY id ASC query.
  Expected idx_issue_member_id to cover ORDER BY — check index creation in schema.sql.
  EXPLAIN output:
1	SIMPLE	coupon_issue	NULL	ref	idx_issue_member_status,idx_issue_member_id	idx_issue_member_status	8	const	1209	100.00	Using filesort
[3/4] Dual calibration (nominal=5000us)...
  [held conn] calibrate n=10000...
{
    "n": 10000,
    "min": 5069,
    "p50": 6592,
    "p95": 7922,
    "p99": 8190,
    "max": 19121
}
  [per checkout] calibrate/loaded n=10000...
{
    "n": 10000,
    "min": 5069,
    "p50": 6536,
    "p95": 7889,
    "p99": 8059,
    "max": 14281
}
Running dual calibration probe (n=10000 held + n=10000 loaded)...
=== held (pure wire RTT) ===
{
    "n": 10000,
    "min": 5071,
    "p50": 6630,
    "p95": 8044,
    "p99": 8434,
    "max": 20995
}
=== loaded (wire RTT + pool checkout) ===
{
    "n": 10000,
    "min": 5071,
    "p50": 6599,
    "p95": 7979,
    "p99": 8241,
    "max": 23202
}

Appended dual record to results/calibration.jsonl: {"held": {"n": 10000, "min": 5071, "p50": 6630, "p95": 8044, "p99": 8434, "max": 20995}, "loaded": {"n": 10000, "min": 5071, "p50": 6599, "p95": 7979, "p99": 8241, "max": 23202}, "timestamp": "2026-06-11T00:46:44Z", "nominal_delay_us": 5000}
[4/1] Running k6 repeat 1/1 (output -> results/a-par-rtt5000-r14-rep1-1781138804.json)...
time="2026-06-11T09:46:44+09:00" level=warning msg="/Users/rene/rdb-join-lab/docker-compose.yml: the attribute `version` is obsolete, it will be ignored, please remove it to avoid potential confusion"

         /\      Grafana   /‾‾/  
    /\  /  \     |\  __   /  /   
   /  \/    \    | |/ /  /   ‾‾\ 
  /          \   |   (  |  (‾)  |
 / __________ \  |_|\_\  \_____/ 


     execution: local
        script: /scripts/scenario.js
        output: -

     scenarios: (100.00%) 1 scenario, 1000 max VUs, 2m30s max duration (incl. graceful stop):
              * main: 14.00 iterations/s for 2m0s (maxVUs: 100-1000, gracefulStop: 30s)


running (0m01.0s), 0001/0100 VUs, 13 complete and 0 interrupted iterations
main   [   1% ] 0001/0100 VUs  0m01.0s/2m0s  14.00 iters/s

running (0m02.0s), 0001/0100 VUs, 27 complete and 0 interrupted iterations
main   [   2% ] 0001/0100 VUs  0m02.0s/2m0s  14.00 iters/s

running (0m03.0s), 0001/0100 VUs, 41 complete and 0 interrupted iterations
main   [   2% ] 0001/0100 VUs  0m03.0s/2m0s  14.00 iters/s

running (0m04.0s), 0000/0100 VUs, 56 complete and 0 interrupted iterations
main   [   3% ] 0000/0100 VUs  0m04.0s/2m0s  14.00 iters/s

running (0m05.0s), 0001/0100 VUs, 69 complete and 0 interrupted iterations
main   [   4% ] 0001/0100 VUs  0m05.0s/2m0s  14.00 iters/s

running (0m06.0s), 0001/0100 VUs, 83 complete and 0 interrupted iterations
main   [   5% ] 0001/0100 VUs  0m06.0s/2m0s  14.00 iters/s

running (0m07.0s), 0001/0100 VUs, 97 complete and 0 interrupted iterations
main   [   6% ] 0001/0100 VUs  0m07.0s/2m0s  14.00 iters/s

running (0m08.0s), 0001/0100 VUs, 111 complete and 0 interrupted iterations
main   [   7% ] 0001/0100 VUs  0m08.0s/2m0s  14.00 iters/s

running (0m09.0s), 0000/0100 VUs, 126 complete and 0 interrupted iterations
main   [   7% ] 0000/0100 VUs  0m09.0s/2m0s  14.00 iters/s

running (0m10.0s), 0001/0100 VUs, 139 complete and 0 interrupted iterations
main   [   8% ] 0001/0100 VUs  0m10.0s/2m0s  14.00 iters/s

running (0m11.0s), 0001/0100 VUs, 153 complete and 0 interrupted iterations
main   [   9% ] 0001/0100 VUs  0m11.0s/2m0s  14.00 iters/s

running (0m12.0s), 0001/0100 VUs, 167 complete and 0 interrupted iterations
main   [  10% ] 0001/0100 VUs  0m12.0s/2m0s  14.00 iters/s

running (0m13.0s), 0001/0100 VUs, 181 complete and 0 interrupted iterations
main   [  11% ] 0001/0100 VUs  0m13.0s/2m0s  14.00 iters/s

running (0m14.0s), 0000/0100 VUs, 196 complete and 0 interrupted iterations
main   [  12% ] 0000/0100 VUs  0m14.0s/2m0s  14.00 iters/s

running (0m15.0s), 0001/0100 VUs, 209 complete and 0 interrupted iterations
main   [  12% ] 0001/0100 VUs  0m15.0s/2m0s  14.00 iters/s

running (0m16.0s), 0001/0100 VUs, 223 complete and 0 interrupted iterations
main   [  13% ] 0001/0100 VUs  0m16.0s/2m0s  14.00 iters/s

running (0m17.0s), 0001/0100 VUs, 237 complete and 0 interrupted iterations
main   [  14% ] 0001/0100 VUs  0m17.0s/2m0s  14.00 iters/s

running (0m18.0s), 0001/0100 VUs, 251 complete and 0 interrupted iterations
main   [  15% ] 0001/0100 VUs  0m18.0s/2m0s  14.00 iters/s

running (0m19.0s), 0001/0100 VUs, 265 complete and 0 interrupted iterations
main   [  16% ] 0001/0100 VUs  0m19.0s/2m0s  14.00 iters/s

running (0m20.0s), 0001/0100 VUs, 279 complete and 0 interrupted iterations
main   [  17% ] 0001/0100 VUs  0m20.0s/2m0s  14.00 iters/s

running (0m21.0s), 0001/0100 VUs, 293 complete and 0 interrupted iterations
main   [  17% ] 0001/0100 VUs  0m21.0s/2m0s  14.00 iters/s

running (0m22.0s), 0001/0100 VUs, 307 complete and 0 interrupted iterations
main   [  18% ] 0001/0100 VUs  0m22.0s/2m0s  14.00 iters/s

running (0m23.0s), 0001/0100 VUs, 321 complete and 0 interrupted iterations
main   [  19% ] 0001/0100 VUs  0m23.0s/2m0s  14.00 iters/s

running (0m24.0s), 0001/0100 VUs, 335 complete and 0 interrupted iterations
main   [  20% ] 0001/0100 VUs  0m24.0s/2m0s  14.00 iters/s

running (0m25.0s), 0001/0100 VUs, 349 complete and 0 interrupted iterations
main   [  21% ] 0001/0100 VUs  0m25.0s/2m0s  14.00 iters/s

running (0m26.0s), 0001/0100 VUs, 363 complete and 0 interrupted iterations
main   [  22% ] 0001/0100 VUs  0m26.0s/2m0s  14.00 iters/s

running (0m27.0s), 0001/0100 VUs, 377 complete and 0 interrupted iterations
main   [  22% ] 0001/0100 VUs  0m27.0s/2m0s  14.00 iters/s

running (0m28.0s), 0001/0100 VUs, 391 complete and 0 interrupted iterations
main   [  23% ] 0001/0100 VUs  0m28.0s/2m0s  14.00 iters/s

running (0m29.0s), 0001/0100 VUs, 405 complete and 0 interrupted iterations
main   [  24% ] 0001/0100 VUs  0m29.0s/2m0s  14.00 iters/s

running (0m30.0s), 0001/0100 VUs, 419 complete and 0 interrupted iterations
main   [  25% ] 0001/0100 VUs  0m30.0s/2m0s  14.00 iters/s

running (0m31.0s), 0001/0100 VUs, 433 complete and 0 interrupted iterations
main   [  26% ] 0001/0100 VUs  0m31.0s/2m0s  14.00 iters/s

running (0m32.0s), 0001/0100 VUs, 447 complete and 0 interrupted iterations
main   [  27% ] 0001/0100 VUs  0m32.0s/2m0s  14.00 iters/s

running (0m33.0s), 0001/0100 VUs, 461 complete and 0 interrupted iterations
main   [  27% ] 0001/0100 VUs  0m33.0s/2m0s  14.00 iters/s

running (0m34.0s), 0001/0100 VUs, 475 complete and 0 interrupted iterations
main   [  28% ] 0001/0100 VUs  0m34.0s/2m0s  14.00 iters/s

running (0m35.0s), 0001/0100 VUs, 489 complete and 0 interrupted iterations
main   [  29% ] 0001/0100 VUs  0m35.0s/2m0s  14.00 iters/s

running (0m36.0s), 0001/0100 VUs, 503 complete and 0 interrupted iterations
main   [  30% ] 0001/0100 VUs  0m36.0s/2m0s  14.00 iters/s

running (0m37.0s), 0001/0100 VUs, 517 complete and 0 interrupted iterations
main   [  31% ] 0001/0100 VUs  0m37.0s/2m0s  14.00 iters/s

running (0m38.0s), 0001/0100 VUs, 531 complete and 0 interrupted iterations
main   [  32% ] 0001/0100 VUs  0m38.0s/2m0s  14.00 iters/s

running (0m39.0s), 0001/0100 VUs, 545 complete and 0 interrupted iterations
main   [  32% ] 0001/0100 VUs  0m39.0s/2m0s  14.00 iters/s

running (0m40.0s), 0001/0100 VUs, 559 complete and 0 interrupted iterations
main   [  33% ] 0001/0100 VUs  0m40.0s/2m0s  14.00 iters/s

running (0m41.0s), 0001/0100 VUs, 573 complete and 0 interrupted iterations
main   [  34% ] 0001/0100 VUs  0m41.0s/2m0s  14.00 iters/s

running (0m42.0s), 0001/0100 VUs, 587 complete and 0 interrupted iterations
main   [  35% ] 0001/0100 VUs  0m42.0s/2m0s  14.00 iters/s

running (0m43.0s), 0001/0100 VUs, 601 complete and 0 interrupted iterations
main   [  36% ] 0001/0100 VUs  0m43.0s/2m0s  14.00 iters/s

running (0m44.0s), 0001/0100 VUs, 615 complete and 0 interrupted iterations
main   [  37% ] 0001/0100 VUs  0m44.0s/2m0s  14.00 iters/s

running (0m45.0s), 0001/0100 VUs, 629 complete and 0 interrupted iterations
main   [  37% ] 0001/0100 VUs  0m45.0s/2m0s  14.00 iters/s

running (0m46.0s), 0001/0100 VUs, 643 complete and 0 interrupted iterations
main   [  38% ] 0001/0100 VUs  0m46.0s/2m0s  14.00 iters/s

running (0m47.0s), 0001/0100 VUs, 657 complete and 0 interrupted iterations
main   [  39% ] 0001/0100 VUs  0m47.0s/2m0s  14.00 iters/s

running (0m48.0s), 0001/0100 VUs, 671 complete and 0 interrupted iterations
main   [  40% ] 0001/0100 VUs  0m48.0s/2m0s  14.00 iters/s

running (0m49.0s), 0001/0100 VUs, 685 complete and 0 interrupted iterations
main   [  41% ] 0001/0100 VUs  0m49.0s/2m0s  14.00 iters/s

running (0m50.0s), 0000/0100 VUs, 700 complete and 0 interrupted iterations
main   [  42% ] 0000/0100 VUs  0m50.0s/2m0s  14.00 iters/s

running (0m51.0s), 0001/0100 VUs, 713 complete and 0 interrupted iterations
main   [  42% ] 0001/0100 VUs  0m51.0s/2m0s  14.00 iters/s

running (0m52.0s), 0001/0100 VUs, 727 complete and 0 interrupted iterations
main   [  43% ] 0001/0100 VUs  0m52.0s/2m0s  14.00 iters/s

running (0m53.0s), 0001/0100 VUs, 741 complete and 0 interrupted iterations
main   [  44% ] 0001/0100 VUs  0m53.0s/2m0s  14.00 iters/s

running (0m54.0s), 0001/0100 VUs, 755 complete and 0 interrupted iterations
main   [  45% ] 0001/0100 VUs  0m54.0s/2m0s  14.00 iters/s

running (0m55.0s), 0000/0100 VUs, 770 complete and 0 interrupted iterations
main   [  46% ] 0000/0100 VUs  0m55.0s/2m0s  14.00 iters/s

running (0m56.0s), 0001/0100 VUs, 783 complete and 0 interrupted iterations
main   [  47% ] 0001/0100 VUs  0m56.0s/2m0s  14.00 iters/s

running (0m57.0s), 0001/0100 VUs, 797 complete and 0 interrupted iterations
main   [  47% ] 0001/0100 VUs  0m57.0s/2m0s  14.00 iters/s

running (0m58.0s), 0001/0100 VUs, 811 complete and 0 interrupted iterations
main   [  48% ] 0001/0100 VUs  0m58.0s/2m0s  14.00 iters/s

running (0m59.0s), 0001/0100 VUs, 825 complete and 0 interrupted iterations
main   [  49% ] 0001/0100 VUs  0m59.0s/2m0s  14.00 iters/s

running (1m00.0s), 0001/0100 VUs, 839 complete and 0 interrupted iterations
main   [  50% ] 0001/0100 VUs  1m00.0s/2m0s  14.00 iters/s

running (1m01.0s), 0001/0100 VUs, 853 complete and 0 interrupted iterations
main   [  51% ] 0001/0100 VUs  1m01.0s/2m0s  14.00 iters/s

running (1m02.0s), 0001/0100 VUs, 867 complete and 0 interrupted iterations
main   [  52% ] 0001/0100 VUs  1m02.0s/2m0s  14.00 iters/s

running (1m03.0s), 0000/0100 VUs, 882 complete and 0 interrupted iterations
main   [  52% ] 0000/0100 VUs  1m03.0s/2m0s  14.00 iters/s

running (1m04.0s), 0001/0100 VUs, 895 complete and 0 interrupted iterations
main   [  53% ] 0001/0100 VUs  1m04.0s/2m0s  14.00 iters/s

running (1m05.0s), 0001/0100 VUs, 909 complete and 0 interrupted iterations
main   [  54% ] 0001/0100 VUs  1m05.0s/2m0s  14.00 iters/s

running (1m06.0s), 0001/0100 VUs, 923 complete and 0 interrupted iterations
main   [  55% ] 0001/0100 VUs  1m06.0s/2m0s  14.00 iters/s

running (1m07.0s), 0001/0100 VUs, 937 complete and 0 interrupted iterations
main   [  56% ] 0001/0100 VUs  1m07.0s/2m0s  14.00 iters/s

running (1m08.0s), 0001/0100 VUs, 951 complete and 0 interrupted iterations
main   [  57% ] 0001/0100 VUs  1m08.0s/2m0s  14.00 iters/s

running (1m09.0s), 0000/0100 VUs, 966 complete and 0 interrupted iterations
main   [  57% ] 0000/0100 VUs  1m09.0s/2m0s  14.00 iters/s

running (1m10.0s), 0001/0100 VUs, 979 complete and 0 interrupted iterations
main   [  58% ] 0001/0100 VUs  1m10.0s/2m0s  14.00 iters/s

running (1m11.0s), 0001/0100 VUs, 993 complete and 0 interrupted iterations
main   [  59% ] 0001/0100 VUs  1m11.0s/2m0s  14.00 iters/s

running (1m12.0s), 0001/0100 VUs, 1007 complete and 0 interrupted iterations
main   [  60% ] 0001/0100 VUs  1m12.0s/2m0s  14.00 iters/s

running (1m13.0s), 0001/0100 VUs, 1021 complete and 0 interrupted iterations
main   [  61% ] 0001/0100 VUs  1m13.0s/2m0s  14.00 iters/s

running (1m14.0s), 0001/0100 VUs, 1035 complete and 0 interrupted iterations
main   [  62% ] 0001/0100 VUs  1m14.0s/2m0s  14.00 iters/s

running (1m15.0s), 0001/0100 VUs, 1049 complete and 0 interrupted iterations
main   [  62% ] 0001/0100 VUs  1m15.0s/2m0s  14.00 iters/s

running (1m16.0s), 0001/0100 VUs, 1063 complete and 0 interrupted iterations
main   [  63% ] 0001/0100 VUs  1m16.0s/2m0s  14.00 iters/s

running (1m17.0s), 0001/0100 VUs, 1077 complete and 0 interrupted iterations
main   [  64% ] 0001/0100 VUs  1m17.0s/2m0s  14.00 iters/s

running (1m18.0s), 0001/0100 VUs, 1091 complete and 0 interrupted iterations
main   [  65% ] 0001/0100 VUs  1m18.0s/2m0s  14.00 iters/s

running (1m19.0s), 0001/0100 VUs, 1105 complete and 0 interrupted iterations
main   [  66% ] 0001/0100 VUs  1m19.0s/2m0s  14.00 iters/s

running (1m20.0s), 0001/0100 VUs, 1119 complete and 0 interrupted iterations
main   [  67% ] 0001/0100 VUs  1m20.0s/2m0s  14.00 iters/s

running (1m21.0s), 0001/0100 VUs, 1133 complete and 0 interrupted iterations
main   [  67% ] 0001/0100 VUs  1m21.0s/2m0s  14.00 iters/s

running (1m22.0s), 0001/0100 VUs, 1147 complete and 0 interrupted iterations
main   [  68% ] 0001/0100 VUs  1m22.0s/2m0s  14.00 iters/s

running (1m23.0s), 0001/0100 VUs, 1161 complete and 0 interrupted iterations
main   [  69% ] 0001/0100 VUs  1m23.0s/2m0s  14.00 iters/s

running (1m24.0s), 0001/0100 VUs, 1175 complete and 0 interrupted iterations
main   [  70% ] 0001/0100 VUs  1m24.0s/2m0s  14.00 iters/s

running (1m25.0s), 0001/0100 VUs, 1189 complete and 0 interrupted iterations
main   [  71% ] 0001/0100 VUs  1m25.0s/2m0s  14.00 iters/s

running (1m26.0s), 0001/0100 VUs, 1203 complete and 0 interrupted iterations
main   [  72% ] 0001/0100 VUs  1m26.0s/2m0s  14.00 iters/s

running (1m27.0s), 0001/0100 VUs, 1217 complete and 0 interrupted iterations
main   [  72% ] 0001/0100 VUs  1m27.0s/2m0s  14.00 iters/s

running (1m28.0s), 0001/0100 VUs, 1231 complete and 0 interrupted iterations
main   [  73% ] 0001/0100 VUs  1m28.0s/2m0s  14.00 iters/s

running (1m29.0s), 0001/0100 VUs, 1245 complete and 0 interrupted iterations
main   [  74% ] 0001/0100 VUs  1m29.0s/2m0s  14.00 iters/s

running (1m30.0s), 0001/0100 VUs, 1259 complete and 0 interrupted iterations
main   [  75% ] 0001/0100 VUs  1m30.0s/2m0s  14.00 iters/s

running (1m31.0s), 0001/0100 VUs, 1273 complete and 0 interrupted iterations
main   [  76% ] 0001/0100 VUs  1m31.0s/2m0s  14.00 iters/s

running (1m32.0s), 0001/0100 VUs, 1287 complete and 0 interrupted iterations
main   [  77% ] 0001/0100 VUs  1m32.0s/2m0s  14.00 iters/s

running (1m33.0s), 0001/0100 VUs, 1301 complete and 0 interrupted iterations
main   [  77% ] 0001/0100 VUs  1m33.0s/2m0s  14.00 iters/s

running (1m34.0s), 0001/0100 VUs, 1315 complete and 0 interrupted iterations
main   [  78% ] 0001/0100 VUs  1m34.0s/2m0s  14.00 iters/s

running (1m35.0s), 0001/0100 VUs, 1329 complete and 0 interrupted iterations
main   [  79% ] 0001/0100 VUs  1m35.0s/2m0s  14.00 iters/s

running (1m36.0s), 0001/0100 VUs, 1343 complete and 0 interrupted iterations
main   [  80% ] 0001/0100 VUs  1m36.0s/2m0s  14.00 iters/s

running (1m37.0s), 0001/0100 VUs, 1357 complete and 0 interrupted iterations
main   [  81% ] 0001/0100 VUs  1m37.0s/2m0s  14.00 iters/s

running (1m38.0s), 0001/0100 VUs, 1371 complete and 0 interrupted iterations
main   [  82% ] 0001/0100 VUs  1m38.0s/2m0s  14.00 iters/s

running (1m39.0s), 0001/0100 VUs, 1385 complete and 0 interrupted iterations
main   [  82% ] 0001/0100 VUs  1m39.0s/2m0s  14.00 iters/s

running (1m40.0s), 0001/0100 VUs, 1399 complete and 0 interrupted iterations
main   [  83% ] 0001/0100 VUs  1m40.0s/2m0s  14.00 iters/s

running (1m41.0s), 0001/0100 VUs, 1413 complete and 0 interrupted iterations
main   [  84% ] 0001/0100 VUs  1m41.0s/2m0s  14.00 iters/s

running (1m42.0s), 0001/0100 VUs, 1427 complete and 0 interrupted iterations
main   [  85% ] 0001/0100 VUs  1m42.0s/2m0s  14.00 iters/s

running (1m43.0s), 0001/0100 VUs, 1441 complete and 0 interrupted iterations
main   [  86% ] 0001/0100 VUs  1m43.0s/2m0s  14.00 iters/s

running (1m44.0s), 0001/0100 VUs, 1455 complete and 0 interrupted iterations
main   [  87% ] 0001/0100 VUs  1m44.0s/2m0s  14.00 iters/s

running (1m45.0s), 0000/0100 VUs, 1470 complete and 0 interrupted iterations
main   [  87% ] 0000/0100 VUs  1m45.0s/2m0s  14.00 iters/s

running (1m46.0s), 0001/0100 VUs, 1483 complete and 0 interrupted iterations
main   [  88% ] 0001/0100 VUs  1m46.0s/2m0s  14.00 iters/s

running (1m47.0s), 0001/0100 VUs, 1497 complete and 0 interrupted iterations
main   [  89% ] 0001/0100 VUs  1m47.0s/2m0s  14.00 iters/s

running (1m48.0s), 0001/0100 VUs, 1511 complete and 0 interrupted iterations
main   [  90% ] 0001/0100 VUs  1m48.0s/2m0s  14.00 iters/s

running (1m49.0s), 0001/0100 VUs, 1525 complete and 0 interrupted iterations
main   [  91% ] 0001/0100 VUs  1m49.0s/2m0s  14.00 iters/s

running (1m50.0s), 0000/0100 VUs, 1540 complete and 0 interrupted iterations
main   [  92% ] 0000/0100 VUs  1m50.0s/2m0s  14.00 iters/s

running (1m51.0s), 0001/0100 VUs, 1553 complete and 0 interrupted iterations
main   [  92% ] 0001/0100 VUs  1m51.0s/2m0s  14.00 iters/s

running (1m52.0s), 0001/0100 VUs, 1567 complete and 0 interrupted iterations
main   [  93% ] 0001/0100 VUs  1m52.0s/2m0s  14.00 iters/s

running (1m53.0s), 0001/0100 VUs, 1581 complete and 0 interrupted iterations
main   [  94% ] 0001/0100 VUs  1m53.0s/2m0s  14.00 iters/s

running (1m54.0s), 0001/0100 VUs, 1595 complete and 0 interrupted iterations
main   [  95% ] 0001/0100 VUs  1m54.0s/2m0s  14.00 iters/s

running (1m55.0s), 0001/0100 VUs, 1609 complete and 0 interrupted iterations
main   [  96% ] 0001/0100 VUs  1m55.0s/2m0s  14.00 iters/s

running (1m56.0s), 0001/0100 VUs, 1623 complete and 0 interrupted iterations
main   [  97% ] 0001/0100 VUs  1m56.0s/2m0s  14.00 iters/s

running (1m57.0s), 0001/0100 VUs, 1637 complete and 0 interrupted iterations
main   [  97% ] 0001/0100 VUs  1m57.0s/2m0s  14.00 iters/s

running (1m58.0s), 0001/0100 VUs, 1651 complete and 0 interrupted iterations
main   [  98% ] 0001/0100 VUs  1m58.0s/2m0s  14.00 iters/s

running (1m59.0s), 0001/0100 VUs, 1665 complete and 0 interrupted iterations
main   [  99% ] 0001/0100 VUs  1m59.0s/2m0s  14.00 iters/s

running (2m00.0s), 0001/0100 VUs, 1679 complete and 0 interrupted iterations
main   [ 100% ] 0001/0100 VUs  2m00.0s/2m0s  14.00 iters/s

running (2m00.1s), 0000/0100 VUs, 1681 complete and 0 interrupted iterations
main ✓ [ 100% ] 0000/0100 VUs  2m0s  14.00 iters/s
  Repeat 1 complete. Results in results/a-par-rtt5000-r14-rep1-1781138804.json
=== Cell complete: 1 repeat(s) for a/par rtt=5000us ===

[campaign] (20) cell: a|join|10000|50|-|-
=== Cell: scenario=a style=join rtt=10000us rate=50rps duration=2m scale=full repeats=1 ===
[1/4] Setting netem delay 10000us...
Setting netem delay 10000us on lab-mysql eth0...
time="2026-06-11T09:48:45+09:00" level=warning msg="/Users/rene/rdb-join-lab/docker-compose.yml: the attribute `version` is obsolete, it will be ignored, please remove it to avoid potential confusion"
Current qdisc:
time="2026-06-11T09:48:45+09:00" level=warning msg="/Users/rene/rdb-join-lab/docker-compose.yml: the attribute `version` is obsolete, it will be ignored, please remove it to avoid potential confusion"
qdisc netem 8013: root refcnt 7 limit 1000 delay 10ms seed 7876988327226994174
[2/4] Warming InnoDB buffer pool...
=== Step 1: Warm-up queries (priming buffer pool, ~10% of full scale) ===
COUNT(*)
3401538
COUNT(*)
975720
COUNT(*)
8680188
COUNT(*)
10000
Warm-up queries complete.
=== Step 2: Triggering InnoDB buffer pool dump ===
time="2026-06-11T09:48:46+09:00" level=warning msg="/Users/rene/rdb-join-lab/docker-compose.yml: the attribute `version` is obsolete, it will be ignored, please remove it to avoid potential confusion"
mysql: [Warning] Using a password on the command line interface can be insecure.
Polling dump status (timeout 300s)...
  [0s] Dump status: Buffer pool(s) dump completed at 260611  0:48:47
Buffer pool dump completed.
=== Step 3: Triggering InnoDB buffer pool load ===
time="2026-06-11T09:48:47+09:00" level=warning msg="/Users/rene/rdb-join-lab/docker-compose.yml: the attribute `version` is obsolete, it will be ignored, please remove it to avoid potential confusion"
mysql: [Warning] Using a password on the command line interface can be insecure.
Polling load status (timeout 300s)...
  [0s] Load status: Loaded 151553/188400 pages
  [5s] Load status: Buffer pool(s) load completed at 260611  0:48:47
Buffer pool load completed.
=== Step 3b: Capturing post-load snapshot for warm-state gate ===
COUNT(*)
1210063
COUNT(*)
8680188
COUNT(*)
10000
Re-verification queries complete.
=== Step 4: Warm-state gate (physical reads < 0.01, post-load window) ===
  Post-load reverify window: physical reads delta: 0 / 22857 = 0.0
  (Pre-warmup baseline: 10205 / 874304890, for reference)
  Warm-state gate PASSED.
=== Step 5: ANALYZE TABLE ===
Table	Op	Msg_type	Msg_text
lab.coupon_policy	analyze	status	OK
lab.member	analyze	status	OK
lab.coupon_issue	analyze	status	OK
ANALYZE TABLE complete.
=== Step 5b: Capturing InnoDB engine status (AHI verification) ===
  InnoDB status captured: results/innodb-status-1781138934.txt
  AHI indicator: INSERT BUFFER AND ADAPTIVE HASH INDEX
0.00 hash searches/s, 30.91 non-hash searches/s
=== Step 5c: EXPLAIN Scenario B ORDER BY id ASC (filesort check) ===
  WARNING: EXPLAIN shows 'Using filesort' for Scenario B ORDER BY id ASC query.
  Expected idx_issue_member_id to cover ORDER BY — check index creation in schema.sql.
  EXPLAIN output:
1	SIMPLE	coupon_issue	NULL	ref	idx_issue_member_status,idx_issue_member_id	idx_issue_member_status	8	const	1209	100.00	Using filesort
[3/4] Dual calibration (nominal=10000us)...
  [held conn] calibrate n=10000...
{
    "n": 10000,
    "min": 10077,
    "p50": 12837,
    "p95": 15339,
    "p99": 15754,
    "max": 40236
}
  [per checkout] calibrate/loaded n=10000...
{
    "n": 10000,
    "min": 10103,
    "p50": 12927,
    "p95": 15266,
    "p99": 15583,
    "max": 23778
}
Running dual calibration probe (n=10000 held + n=10000 loaded)...
=== held (pure wire RTT) ===
{
    "n": 10000,
    "min": 10101,
    "p50": 12900,
    "p95": 15257,
    "p99": 15623,
    "max": 28139
}
=== loaded (wire RTT + pool checkout) ===
{
    "n": 10000,
    "min": 10087,
    "p50": 12932,
    "p95": 15289,
    "p99": 15610,
    "max": 34075
}

Appended dual record to results/calibration.jsonl: {"held": {"n": 10000, "min": 10101, "p50": 12900, "p95": 15257, "p99": 15623, "max": 28139}, "loaded": {"n": 10000, "min": 10087, "p50": 12932, "p95": 15289, "p99": 15610, "max": 34075}, "timestamp": "2026-06-11T00:57:29Z", "nominal_delay_us": 10000}
[4/1] Running k6 repeat 1/1 (output -> results/a-join-rtt10000-r50-rep1-1781139449.json)...
time="2026-06-11T09:57:30+09:00" level=warning msg="/Users/rene/rdb-join-lab/docker-compose.yml: the attribute `version` is obsolete, it will be ignored, please remove it to avoid potential confusion"

         /\      Grafana   /‾‾/  
    /\  /  \     |\  __   /  /   
   /  \/    \    | |/ /  /   ‾‾\ 
  /          \   |   (  |  (‾)  |
 / __________ \  |_|\_\  \_____/ 


     execution: local
        script: /scripts/scenario.js
        output: -

     scenarios: (100.00%) 1 scenario, 1000 max VUs, 2m30s max duration (incl. graceful stop):
              * main: 50.00 iterations/s for 2m0s (maxVUs: 100-1000, gracefulStop: 30s)


running (0m01.0s), 0004/0100 VUs, 46 complete and 0 interrupted iterations
main   [   1% ] 0004/0100 VUs  0m01.0s/2m0s  50.00 iters/s

running (0m02.0s), 0004/0100 VUs, 96 complete and 0 interrupted iterations
main   [   2% ] 0004/0100 VUs  0m02.0s/2m0s  50.00 iters/s

running (0m03.0s), 0003/0100 VUs, 146 complete and 0 interrupted iterations
main   [   2% ] 0004/0100 VUs  0m03.0s/2m0s  50.00 iters/s

running (0m04.0s), 0004/0100 VUs, 195 complete and 0 interrupted iterations
main   [   3% ] 0004/0100 VUs  0m04.0s/2m0s  50.00 iters/s

running (0m05.0s), 0004/0100 VUs, 246 complete and 0 interrupted iterations
main   [   4% ] 0004/0100 VUs  0m05.0s/2m0s  50.00 iters/s

running (0m06.0s), 0004/0100 VUs, 296 complete and 0 interrupted iterations
main   [   5% ] 0004/0100 VUs  0m06.0s/2m0s  50.00 iters/s

running (0m07.0s), 0003/0100 VUs, 346 complete and 0 interrupted iterations
main   [   6% ] 0003/0100 VUs  0m07.0s/2m0s  50.00 iters/s

running (0m08.0s), 0004/0100 VUs, 396 complete and 0 interrupted iterations
main   [   7% ] 0004/0100 VUs  0m08.0s/2m0s  50.00 iters/s

running (0m09.0s), 0004/0100 VUs, 446 complete and 0 interrupted iterations
main   [   7% ] 0004/0100 VUs  0m09.0s/2m0s  50.00 iters/s

running (0m10.0s), 0003/0100 VUs, 496 complete and 0 interrupted iterations
main   [   8% ] 0003/0100 VUs  0m10.0s/2m0s  50.00 iters/s

running (0m11.0s), 0003/0100 VUs, 546 complete and 0 interrupted iterations
main   [   9% ] 0004/0100 VUs  0m11.0s/2m0s  50.00 iters/s

running (0m12.0s), 0003/0100 VUs, 596 complete and 0 interrupted iterations
main   [  10% ] 0003/0100 VUs  0m12.0s/2m0s  50.00 iters/s

running (0m13.0s), 0004/0100 VUs, 646 complete and 0 interrupted iterations
main   [  11% ] 0004/0100 VUs  0m13.0s/2m0s  50.00 iters/s

running (0m14.0s), 0003/0100 VUs, 696 complete and 0 interrupted iterations
main   [  12% ] 0003/0100 VUs  0m14.0s/2m0s  50.00 iters/s

running (0m15.0s), 0004/0100 VUs, 746 complete and 0 interrupted iterations
main   [  12% ] 0004/0100 VUs  0m15.0s/2m0s  50.00 iters/s

running (0m16.0s), 0004/0100 VUs, 796 complete and 0 interrupted iterations
main   [  13% ] 0004/0100 VUs  0m16.0s/2m0s  50.00 iters/s

running (0m17.0s), 0004/0100 VUs, 846 complete and 0 interrupted iterations
main   [  14% ] 0004/0100 VUs  0m17.0s/2m0s  50.00 iters/s

running (0m18.0s), 0004/0100 VUs, 896 complete and 0 interrupted iterations
main   [  15% ] 0004/0100 VUs  0m18.0s/2m0s  50.00 iters/s

running (0m19.0s), 0003/0100 VUs, 946 complete and 0 interrupted iterations
main   [  16% ] 0003/0100 VUs  0m19.0s/2m0s  50.00 iters/s

running (0m20.0s), 0004/0100 VUs, 996 complete and 0 interrupted iterations
main   [  17% ] 0004/0100 VUs  0m20.0s/2m0s  50.00 iters/s

running (0m21.0s), 0004/0100 VUs, 1046 complete and 0 interrupted iterations
main   [  17% ] 0004/0100 VUs  0m21.0s/2m0s  50.00 iters/s

running (0m22.0s), 0003/0100 VUs, 1096 complete and 0 interrupted iterations
main   [  18% ] 0004/0100 VUs  0m22.0s/2m0s  50.00 iters/s

running (0m23.0s), 0004/0100 VUs, 1146 complete and 0 interrupted iterations
main   [  19% ] 0004/0100 VUs  0m23.0s/2m0s  50.00 iters/s

running (0m24.0s), 0004/0100 VUs, 1196 complete and 0 interrupted iterations
main   [  20% ] 0004/0100 VUs  0m24.0s/2m0s  50.00 iters/s

running (0m25.0s), 0004/0100 VUs, 1246 complete and 0 interrupted iterations
main   [  21% ] 0004/0100 VUs  0m25.0s/2m0s  50.00 iters/s

running (0m26.0s), 0004/0100 VUs, 1296 complete and 0 interrupted iterations
main   [  22% ] 0004/0100 VUs  0m26.0s/2m0s  50.00 iters/s

running (0m27.0s), 0004/0100 VUs, 1346 complete and 0 interrupted iterations
main   [  22% ] 0004/0100 VUs  0m27.0s/2m0s  50.00 iters/s

running (0m28.0s), 0004/0100 VUs, 1396 complete and 0 interrupted iterations
main   [  23% ] 0004/0100 VUs  0m28.0s/2m0s  50.00 iters/s

running (0m29.0s), 0003/0100 VUs, 1446 complete and 0 interrupted iterations
main   [  24% ] 0003/0100 VUs  0m29.0s/2m0s  50.00 iters/s

running (0m30.0s), 0003/0100 VUs, 1496 complete and 0 interrupted iterations
main   [  25% ] 0003/0100 VUs  0m30.0s/2m0s  50.00 iters/s

running (0m31.0s), 0003/0100 VUs, 1546 complete and 0 interrupted iterations
main   [  26% ] 0003/0100 VUs  0m31.0s/2m0s  50.00 iters/s

running (0m32.0s), 0004/0100 VUs, 1596 complete and 0 interrupted iterations
main   [  27% ] 0004/0100 VUs  0m32.0s/2m0s  50.00 iters/s

running (0m33.0s), 0004/0100 VUs, 1646 complete and 0 interrupted iterations
main   [  27% ] 0004/0100 VUs  0m33.0s/2m0s  50.00 iters/s

running (0m34.0s), 0003/0100 VUs, 1696 complete and 0 interrupted iterations
main   [  28% ] 0003/0100 VUs  0m34.0s/2m0s  50.00 iters/s

running (0m35.0s), 0003/0100 VUs, 1746 complete and 0 interrupted iterations
main   [  29% ] 0003/0100 VUs  0m35.0s/2m0s  50.00 iters/s

running (0m36.0s), 0003/0100 VUs, 1796 complete and 0 interrupted iterations
main   [  30% ] 0003/0100 VUs  0m36.0s/2m0s  50.00 iters/s

running (0m37.0s), 0003/0100 VUs, 1846 complete and 0 interrupted iterations
main   [  31% ] 0003/0100 VUs  0m37.0s/2m0s  50.00 iters/s

running (0m38.0s), 0004/0100 VUs, 1896 complete and 0 interrupted iterations
main   [  32% ] 0004/0100 VUs  0m38.0s/2m0s  50.00 iters/s

running (0m39.0s), 0004/0100 VUs, 1946 complete and 0 interrupted iterations
main   [  32% ] 0004/0100 VUs  0m39.0s/2m0s  50.00 iters/s

running (0m40.0s), 0004/0100 VUs, 1996 complete and 0 interrupted iterations
main   [  33% ] 0004/0100 VUs  0m40.0s/2m0s  50.00 iters/s

running (0m41.0s), 0004/0100 VUs, 2046 complete and 0 interrupted iterations
main   [  34% ] 0004/0100 VUs  0m41.0s/2m0s  50.00 iters/s

running (0m42.0s), 0004/0100 VUs, 2096 complete and 0 interrupted iterations
main   [  35% ] 0004/0100 VUs  0m42.0s/2m0s  50.00 iters/s

running (0m43.0s), 0004/0100 VUs, 2146 complete and 0 interrupted iterations
main   [  36% ] 0004/0100 VUs  0m43.0s/2m0s  50.00 iters/s

running (0m44.0s), 0003/0100 VUs, 2196 complete and 0 interrupted iterations
main   [  37% ] 0003/0100 VUs  0m44.0s/2m0s  50.00 iters/s

running (0m45.0s), 0004/0100 VUs, 2246 complete and 0 interrupted iterations
main   [  37% ] 0004/0100 VUs  0m45.0s/2m0s  50.00 iters/s

running (0m46.0s), 0004/0100 VUs, 2296 complete and 0 interrupted iterations
main   [  38% ] 0004/0100 VUs  0m46.0s/2m0s  50.00 iters/s

running (0m47.0s), 0004/0100 VUs, 2346 complete and 0 interrupted iterations
main   [  39% ] 0004/0100 VUs  0m47.0s/2m0s  50.00 iters/s

running (0m48.0s), 0004/0100 VUs, 2396 complete and 0 interrupted iterations
main   [  40% ] 0004/0100 VUs  0m48.0s/2m0s  50.00 iters/s

running (0m49.0s), 0004/0100 VUs, 2446 complete and 0 interrupted iterations
main   [  41% ] 0004/0100 VUs  0m49.0s/2m0s  50.00 iters/s

running (0m50.0s), 0004/0100 VUs, 2496 complete and 0 interrupted iterations
main   [  42% ] 0004/0100 VUs  0m50.0s/2m0s  50.00 iters/s

running (0m51.0s), 0004/0100 VUs, 2546 complete and 0 interrupted iterations
main   [  42% ] 0004/0100 VUs  0m51.0s/2m0s  50.00 iters/s

running (0m52.0s), 0003/0100 VUs, 2596 complete and 0 interrupted iterations
main   [  43% ] 0003/0100 VUs  0m52.0s/2m0s  50.00 iters/s

running (0m53.0s), 0004/0100 VUs, 2646 complete and 0 interrupted iterations
main   [  44% ] 0004/0100 VUs  0m53.0s/2m0s  50.00 iters/s

running (0m54.0s), 0003/0100 VUs, 2696 complete and 0 interrupted iterations
main   [  45% ] 0003/0100 VUs  0m54.0s/2m0s  50.00 iters/s

running (0m55.0s), 0004/0100 VUs, 2746 complete and 0 interrupted iterations
main   [  46% ] 0004/0100 VUs  0m55.0s/2m0s  50.00 iters/s

running (0m56.0s), 0004/0100 VUs, 2796 complete and 0 interrupted iterations
main   [  47% ] 0004/0100 VUs  0m56.0s/2m0s  50.00 iters/s

running (0m57.0s), 0003/0100 VUs, 2846 complete and 0 interrupted iterations
main   [  47% ] 0003/0100 VUs  0m57.0s/2m0s  50.00 iters/s

running (0m58.0s), 0003/0100 VUs, 2896 complete and 0 interrupted iterations
main   [  48% ] 0003/0100 VUs  0m58.0s/2m0s  50.00 iters/s

running (0m59.0s), 0004/0100 VUs, 2946 complete and 0 interrupted iterations
main   [  49% ] 0004/0100 VUs  0m59.0s/2m0s  50.00 iters/s

running (1m00.0s), 0003/0100 VUs, 2996 complete and 0 interrupted iterations
main   [  50% ] 0003/0100 VUs  1m00.0s/2m0s  50.00 iters/s

running (1m01.0s), 0004/0100 VUs, 3046 complete and 0 interrupted iterations
main   [  51% ] 0004/0100 VUs  1m01.0s/2m0s  50.00 iters/s

running (1m02.0s), 0004/0100 VUs, 3096 complete and 0 interrupted iterations
main   [  52% ] 0004/0100 VUs  1m02.0s/2m0s  50.00 iters/s

running (1m03.0s), 0004/0100 VUs, 3146 complete and 0 interrupted iterations
main   [  52% ] 0004/0100 VUs  1m03.0s/2m0s  50.00 iters/s

running (1m04.0s), 0004/0100 VUs, 3196 complete and 0 interrupted iterations
main   [  53% ] 0004/0100 VUs  1m04.0s/2m0s  50.00 iters/s

running (1m05.0s), 0004/0100 VUs, 3246 complete and 0 interrupted iterations
main   [  54% ] 0004/0100 VUs  1m05.0s/2m0s  50.00 iters/s

running (1m06.0s), 0004/0100 VUs, 3296 complete and 0 interrupted iterations
main   [  55% ] 0004/0100 VUs  1m06.0s/2m0s  50.00 iters/s

running (1m07.0s), 0004/0100 VUs, 3346 complete and 0 interrupted iterations
main   [  56% ] 0004/0100 VUs  1m07.0s/2m0s  50.00 iters/s

running (1m08.0s), 0004/0100 VUs, 3396 complete and 0 interrupted iterations
main   [  57% ] 0004/0100 VUs  1m08.0s/2m0s  50.00 iters/s

running (1m09.0s), 0004/0100 VUs, 3446 complete and 0 interrupted iterations
main   [  57% ] 0004/0100 VUs  1m09.0s/2m0s  50.00 iters/s

running (1m10.0s), 0003/0100 VUs, 3496 complete and 0 interrupted iterations
main   [  58% ] 0003/0100 VUs  1m10.0s/2m0s  50.00 iters/s

running (1m11.0s), 0004/0100 VUs, 3546 complete and 0 interrupted iterations
main   [  59% ] 0004/0100 VUs  1m11.0s/2m0s  50.00 iters/s

running (1m12.0s), 0004/0100 VUs, 3596 complete and 0 interrupted iterations
main   [  60% ] 0004/0100 VUs  1m12.0s/2m0s  50.00 iters/s

running (1m13.0s), 0004/0100 VUs, 3646 complete and 0 interrupted iterations
main   [  61% ] 0004/0100 VUs  1m13.0s/2m0s  50.00 iters/s

running (1m14.0s), 0004/0100 VUs, 3696 complete and 0 interrupted iterations
main   [  62% ] 0004/0100 VUs  1m14.0s/2m0s  50.00 iters/s

running (1m15.0s), 0004/0100 VUs, 3746 complete and 0 interrupted iterations
main   [  62% ] 0004/0100 VUs  1m15.0s/2m0s  50.00 iters/s

running (1m16.0s), 0004/0100 VUs, 3796 complete and 0 interrupted iterations
main   [  63% ] 0004/0100 VUs  1m16.0s/2m0s  50.00 iters/s

running (1m17.0s), 0004/0100 VUs, 3846 complete and 0 interrupted iterations
main   [  64% ] 0004/0100 VUs  1m17.0s/2m0s  50.00 iters/s

running (1m18.0s), 0004/0100 VUs, 3896 complete and 0 interrupted iterations
main   [  65% ] 0004/0100 VUs  1m18.0s/2m0s  50.00 iters/s

running (1m19.0s), 0003/0100 VUs, 3946 complete and 0 interrupted iterations
main   [  66% ] 0003/0100 VUs  1m19.0s/2m0s  50.00 iters/s

running (1m20.0s), 0004/0100 VUs, 3996 complete and 0 interrupted iterations
main   [  67% ] 0004/0100 VUs  1m20.0s/2m0s  50.00 iters/s

running (1m21.0s), 0004/0100 VUs, 4046 complete and 0 interrupted iterations
main   [  67% ] 0004/0100 VUs  1m21.0s/2m0s  50.00 iters/s

running (1m22.0s), 0004/0100 VUs, 4096 complete and 0 interrupted iterations
main   [  68% ] 0004/0100 VUs  1m22.0s/2m0s  50.00 iters/s

running (1m23.0s), 0004/0100 VUs, 4146 complete and 0 interrupted iterations
main   [  69% ] 0004/0100 VUs  1m23.0s/2m0s  50.00 iters/s

running (1m24.0s), 0003/0100 VUs, 4196 complete and 0 interrupted iterations
main   [  70% ] 0003/0100 VUs  1m24.0s/2m0s  50.00 iters/s

running (1m25.0s), 0003/0100 VUs, 4246 complete and 0 interrupted iterations
main   [  71% ] 0003/0100 VUs  1m25.0s/2m0s  50.00 iters/s

running (1m26.0s), 0004/0100 VUs, 4296 complete and 0 interrupted iterations
main   [  72% ] 0004/0100 VUs  1m26.0s/2m0s  50.00 iters/s

running (1m27.0s), 0004/0100 VUs, 4346 complete and 0 interrupted iterations
main   [  72% ] 0004/0100 VUs  1m27.0s/2m0s  50.00 iters/s

running (1m28.0s), 0003/0100 VUs, 4396 complete and 0 interrupted iterations
main   [  73% ] 0003/0100 VUs  1m28.0s/2m0s  50.00 iters/s

running (1m29.0s), 0004/0100 VUs, 4446 complete and 0 interrupted iterations
main   [  74% ] 0004/0100 VUs  1m29.0s/2m0s  50.00 iters/s

running (1m30.0s), 0004/0100 VUs, 4496 complete and 0 interrupted iterations
main   [  75% ] 0004/0100 VUs  1m30.0s/2m0s  50.00 iters/s

running (1m31.0s), 0004/0100 VUs, 4546 complete and 0 interrupted iterations
main   [  76% ] 0004/0100 VUs  1m31.0s/2m0s  50.00 iters/s

running (1m32.0s), 0004/0100 VUs, 4596 complete and 0 interrupted iterations
main   [  77% ] 0004/0100 VUs  1m32.0s/2m0s  50.00 iters/s

running (1m33.0s), 0004/0100 VUs, 4646 complete and 0 interrupted iterations
main   [  77% ] 0004/0100 VUs  1m33.0s/2m0s  50.00 iters/s

running (1m34.0s), 0003/0100 VUs, 4696 complete and 0 interrupted iterations
main   [  78% ] 0003/0100 VUs  1m34.0s/2m0s  50.00 iters/s

running (1m35.0s), 0004/0100 VUs, 4746 complete and 0 interrupted iterations
main   [  79% ] 0004/0100 VUs  1m35.0s/2m0s  50.00 iters/s

running (1m36.0s), 0004/0100 VUs, 4796 complete and 0 interrupted iterations
main   [  80% ] 0004/0100 VUs  1m36.0s/2m0s  50.00 iters/s

running (1m37.0s), 0004/0100 VUs, 4846 complete and 0 interrupted iterations
main   [  81% ] 0004/0100 VUs  1m37.0s/2m0s  50.00 iters/s

running (1m38.0s), 0003/0100 VUs, 4896 complete and 0 interrupted iterations
main   [  82% ] 0003/0100 VUs  1m38.0s/2m0s  50.00 iters/s

running (1m39.0s), 0004/0100 VUs, 4946 complete and 0 interrupted iterations
main   [  82% ] 0004/0100 VUs  1m39.0s/2m0s  50.00 iters/s

running (1m40.0s), 0004/0100 VUs, 4996 complete and 0 interrupted iterations
main   [  83% ] 0004/0100 VUs  1m40.0s/2m0s  50.00 iters/s

running (1m41.0s), 0004/0100 VUs, 5046 complete and 0 interrupted iterations
main   [  84% ] 0004/0100 VUs  1m41.0s/2m0s  50.00 iters/s

running (1m42.0s), 0004/0100 VUs, 5096 complete and 0 interrupted iterations
main   [  85% ] 0004/0100 VUs  1m42.0s/2m0s  50.00 iters/s

running (1m43.0s), 0004/0100 VUs, 5146 complete and 0 interrupted iterations
main   [  86% ] 0004/0100 VUs  1m43.0s/2m0s  50.00 iters/s

running (1m44.0s), 0004/0100 VUs, 5196 complete and 0 interrupted iterations
main   [  87% ] 0004/0100 VUs  1m44.0s/2m0s  50.00 iters/s

running (1m45.0s), 0004/0100 VUs, 5246 complete and 0 interrupted iterations
main   [  87% ] 0004/0100 VUs  1m45.0s/2m0s  50.00 iters/s

running (1m46.0s), 0004/0100 VUs, 5296 complete and 0 interrupted iterations
main   [  88% ] 0004/0100 VUs  1m46.0s/2m0s  50.00 iters/s

running (1m47.0s), 0004/0100 VUs, 5346 complete and 0 interrupted iterations
main   [  89% ] 0004/0100 VUs  1m47.0s/2m0s  50.00 iters/s

running (1m48.0s), 0004/0100 VUs, 5396 complete and 0 interrupted iterations
main   [  90% ] 0004/0100 VUs  1m48.0s/2m0s  50.00 iters/s

running (1m49.0s), 0003/0100 VUs, 5446 complete and 0 interrupted iterations
main   [  91% ] 0003/0100 VUs  1m49.0s/2m0s  50.00 iters/s

running (1m50.0s), 0004/0100 VUs, 5496 complete and 0 interrupted iterations
main   [  92% ] 0004/0100 VUs  1m50.0s/2m0s  50.00 iters/s

running (1m51.0s), 0004/0100 VUs, 5546 complete and 0 interrupted iterations
main   [  92% ] 0004/0100 VUs  1m51.0s/2m0s  50.00 iters/s

running (1m52.0s), 0004/0100 VUs, 5596 complete and 0 interrupted iterations
main   [  93% ] 0004/0100 VUs  1m52.0s/2m0s  50.00 iters/s

running (1m53.0s), 0003/0100 VUs, 5646 complete and 0 interrupted iterations
main   [  94% ] 0003/0100 VUs  1m53.0s/2m0s  50.00 iters/s

running (1m54.0s), 0004/0100 VUs, 5696 complete and 0 interrupted iterations
main   [  95% ] 0004/0100 VUs  1m54.0s/2m0s  50.00 iters/s

running (1m55.0s), 0004/0100 VUs, 5746 complete and 0 interrupted iterations
main   [  96% ] 0004/0100 VUs  1m55.0s/2m0s  50.00 iters/s

running (1m56.0s), 0004/0100 VUs, 5796 complete and 0 interrupted iterations
main   [  97% ] 0004/0100 VUs  1m56.0s/2m0s  50.00 iters/s

running (1m57.0s), 0004/0100 VUs, 5846 complete and 0 interrupted iterations
main   [  97% ] 0004/0100 VUs  1m57.0s/2m0s  50.00 iters/s

running (1m58.0s), 0004/0100 VUs, 5896 complete and 0 interrupted iterations
main   [  98% ] 0004/0100 VUs  1m58.0s/2m0s  50.00 iters/s

running (1m59.0s), 0004/0100 VUs, 5946 complete and 0 interrupted iterations
main   [  99% ] 0004/0100 VUs  1m59.0s/2m0s  50.00 iters/s

running (2m00.0s), 0004/0100 VUs, 5996 complete and 0 interrupted iterations
main   [ 100% ] 0004/0100 VUs  2m00.0s/2m0s  50.00 iters/s

running (2m00.1s), 0000/0100 VUs, 6000 complete and 0 interrupted iterations
main ✓ [ 100% ] 0000/0100 VUs  2m0s  50.00 iters/s
  Repeat 1 complete. Results in results/a-join-rtt10000-r50-rep1-1781139449.json
=== Cell complete: 1 repeat(s) for a/join rtt=10000us ===

[campaign] (21) cell: a|seq|10000|50|-|-
=== Cell: scenario=a style=seq rtt=10000us rate=50rps duration=2m scale=full repeats=1 ===
[1/4] Setting netem delay 10000us...
Setting netem delay 10000us on lab-mysql eth0...
time="2026-06-11T09:59:30+09:00" level=warning msg="/Users/rene/rdb-join-lab/docker-compose.yml: the attribute `version` is obsolete, it will be ignored, please remove it to avoid potential confusion"
Current qdisc:
time="2026-06-11T09:59:30+09:00" level=warning msg="/Users/rene/rdb-join-lab/docker-compose.yml: the attribute `version` is obsolete, it will be ignored, please remove it to avoid potential confusion"
qdisc netem 8013: root refcnt 7 limit 1000 delay 10ms seed 16062022889642764358
[2/4] Warming InnoDB buffer pool...
=== Step 1: Warm-up queries (priming buffer pool, ~10% of full scale) ===
COUNT(*)
3401538
COUNT(*)
975720
COUNT(*)
8680188
COUNT(*)
10000
Warm-up queries complete.
=== Step 2: Triggering InnoDB buffer pool dump ===
time="2026-06-11T09:59:32+09:00" level=warning msg="/Users/rene/rdb-join-lab/docker-compose.yml: the attribute `version` is obsolete, it will be ignored, please remove it to avoid potential confusion"
mysql: [Warning] Using a password on the command line interface can be insecure.
Polling dump status (timeout 300s)...
  [0s] Dump status: Buffer pool(s) dump completed at 260611  0:59:32
Buffer pool dump completed.
=== Step 3: Triggering InnoDB buffer pool load ===
time="2026-06-11T09:59:32+09:00" level=warning msg="/Users/rene/rdb-join-lab/docker-compose.yml: the attribute `version` is obsolete, it will be ignored, please remove it to avoid potential confusion"
mysql: [Warning] Using a password on the command line interface can be insecure.
Polling load status (timeout 300s)...
  [0s] Load status: Loaded 186369/188400 pages
  [5s] Load status: Buffer pool(s) load completed at 260611  0:59:32
Buffer pool load completed.
=== Step 3b: Capturing post-load snapshot for warm-state gate ===
COUNT(*)
1210063
COUNT(*)
8680188
COUNT(*)
10000
Re-verification queries complete.
=== Step 4: Warm-state gate (physical reads < 0.01, post-load window) ===
  Post-load reverify window: physical reads delta: 0 / 22857 = 0.0
  (Pre-warmup baseline: 10245 / 874412969, for reference)
  Warm-state gate PASSED.
=== Step 5: ANALYZE TABLE ===
Table	Op	Msg_type	Msg_text
lab.coupon_policy	analyze	status	OK
lab.member	analyze	status	OK
lab.coupon_issue	analyze	status	OK
ANALYZE TABLE complete.
=== Step 5b: Capturing InnoDB engine status (AHI verification) ===
  InnoDB status captured: results/innodb-status-1781139579.txt
  AHI indicator: INSERT BUFFER AND ADAPTIVE HASH INDEX
0.00 hash searches/s, 14.75 non-hash searches/s
=== Step 5c: EXPLAIN Scenario B ORDER BY id ASC (filesort check) ===
  WARNING: EXPLAIN shows 'Using filesort' for Scenario B ORDER BY id ASC query.
  Expected idx_issue_member_id to cover ORDER BY — check index creation in schema.sql.
  EXPLAIN output:
1	SIMPLE	coupon_issue	NULL	ref	idx_issue_member_status,idx_issue_member_id	idx_issue_member_status	8	const	1209	100.00	Using filesort
[3/4] Dual calibration (nominal=10000us)...
  [held conn] calibrate n=10000...
{
    "n": 10000,
    "min": 10067,
    "p50": 12715,
    "p95": 15165,
    "p99": 15519,
    "max": 46361
}
  [per checkout] calibrate/loaded n=10000...
{
    "n": 10000,
    "min": 10086,
    "p50": 12815,
    "p95": 15125,
    "p99": 15378,
    "max": 24984
}
Running dual calibration probe (n=10000 held + n=10000 loaded)...
=== held (pure wire RTT) ===
{
    "n": 10000,
    "min": 10079,
    "p50": 12644,
    "p95": 15123,
    "p99": 15379,
    "max": 22121
}
=== loaded (wire RTT + pool checkout) ===
{
    "n": 10000,
    "min": 10082,
    "p50": 12822,
    "p95": 15125,
    "p99": 15390,
    "max": 28721
}

Appended dual record to results/calibration.jsonl: {"held": {"n": 10000, "min": 10079, "p50": 12644, "p95": 15123, "p99": 15379, "max": 22121}, "loaded": {"n": 10000, "min": 10082, "p50": 12822, "p95": 15125, "p99": 15390, "max": 28721}, "timestamp": "2026-06-11T01:08:07Z", "nominal_delay_us": 10000}
[4/1] Running k6 repeat 1/1 (output -> results/a-seq-rtt10000-r50-rep1-1781140087.json)...
time="2026-06-11T10:08:07+09:00" level=warning msg="/Users/rene/rdb-join-lab/docker-compose.yml: the attribute `version` is obsolete, it will be ignored, please remove it to avoid potential confusion"

         /\      Grafana   /‾‾/  
    /\  /  \     |\  __   /  /   
   /  \/    \    | |/ /  /   ‾‾\ 
  /          \   |   (  |  (‾)  |
 / __________ \  |_|\_\  \_____/ 


     execution: local
        script: /scripts/scenario.js
        output: -

     scenarios: (100.00%) 1 scenario, 1000 max VUs, 2m30s max duration (incl. graceful stop):
              * main: 50.00 iterations/s for 2m0s (maxVUs: 100-1000, gracefulStop: 30s)


running (0m01.0s), 0006/0100 VUs, 44 complete and 0 interrupted iterations
main   [   1% ] 0006/0100 VUs  0m01.0s/2m0s  50.00 iters/s

running (0m02.0s), 0005/0100 VUs, 95 complete and 0 interrupted iterations
main   [   2% ] 0005/0100 VUs  0m02.0s/2m0s  50.00 iters/s

running (0m03.0s), 0003/0100 VUs, 146 complete and 0 interrupted iterations
main   [   2% ] 0003/0100 VUs  0m03.0s/2m0s  50.00 iters/s

running (0m04.0s), 0004/0100 VUs, 195 complete and 0 interrupted iterations
main   [   3% ] 0004/0100 VUs  0m04.0s/2m0s  50.00 iters/s

running (0m05.0s), 0004/0100 VUs, 245 complete and 0 interrupted iterations
main   [   4% ] 0004/0100 VUs  0m05.0s/2m0s  50.00 iters/s

running (0m06.0s), 0005/0100 VUs, 295 complete and 0 interrupted iterations
main   [   5% ] 0005/0100 VUs  0m06.0s/2m0s  50.00 iters/s

running (0m07.0s), 0004/0100 VUs, 345 complete and 0 interrupted iterations
main   [   6% ] 0004/0100 VUs  0m07.0s/2m0s  50.00 iters/s

running (0m08.0s), 0004/0100 VUs, 395 complete and 0 interrupted iterations
main   [   7% ] 0005/0100 VUs  0m08.0s/2m0s  50.00 iters/s

running (0m09.0s), 0004/0100 VUs, 445 complete and 0 interrupted iterations
main   [   7% ] 0004/0100 VUs  0m09.0s/2m0s  50.00 iters/s

running (0m10.0s), 0005/0100 VUs, 495 complete and 0 interrupted iterations
main   [   8% ] 0005/0100 VUs  0m10.0s/2m0s  50.00 iters/s

running (0m11.0s), 0005/0100 VUs, 545 complete and 0 interrupted iterations
main   [   9% ] 0005/0100 VUs  0m11.0s/2m0s  50.00 iters/s

running (0m12.0s), 0004/0100 VUs, 596 complete and 0 interrupted iterations
main   [  10% ] 0004/0100 VUs  0m12.0s/2m0s  50.00 iters/s

running (0m13.0s), 0004/0100 VUs, 645 complete and 0 interrupted iterations
main   [  11% ] 0004/0100 VUs  0m13.0s/2m0s  50.00 iters/s

running (0m14.0s), 0005/0100 VUs, 695 complete and 0 interrupted iterations
main   [  12% ] 0005/0100 VUs  0m14.0s/2m0s  50.00 iters/s

running (0m15.0s), 0004/0100 VUs, 745 complete and 0 interrupted iterations
main   [  12% ] 0004/0100 VUs  0m15.0s/2m0s  50.00 iters/s

running (0m16.0s), 0004/0100 VUs, 795 complete and 0 interrupted iterations
main   [  13% ] 0004/0100 VUs  0m16.0s/2m0s  50.00 iters/s

running (0m17.0s), 0005/0100 VUs, 845 complete and 0 interrupted iterations
main   [  14% ] 0005/0100 VUs  0m17.0s/2m0s  50.00 iters/s

running (0m18.0s), 0005/0100 VUs, 895 complete and 0 interrupted iterations
main   [  15% ] 0005/0100 VUs  0m18.0s/2m0s  50.00 iters/s

running (0m19.0s), 0004/0100 VUs, 945 complete and 0 interrupted iterations
main   [  16% ] 0004/0100 VUs  0m19.0s/2m0s  50.00 iters/s

running (0m20.0s), 0004/0100 VUs, 995 complete and 0 interrupted iterations
main   [  17% ] 0004/0100 VUs  0m20.0s/2m0s  50.00 iters/s

running (0m21.0s), 0004/0100 VUs, 1045 complete and 0 interrupted iterations
main   [  17% ] 0004/0100 VUs  0m21.0s/2m0s  50.00 iters/s

running (0m22.0s), 0005/0100 VUs, 1095 complete and 0 interrupted iterations
main   [  18% ] 0005/0100 VUs  0m22.0s/2m0s  50.00 iters/s

running (0m23.0s), 0004/0100 VUs, 1145 complete and 0 interrupted iterations
main   [  19% ] 0004/0100 VUs  0m23.0s/2m0s  50.00 iters/s

running (0m24.0s), 0005/0100 VUs, 1195 complete and 0 interrupted iterations
main   [  20% ] 0005/0100 VUs  0m24.0s/2m0s  50.00 iters/s

running (0m25.0s), 0004/0100 VUs, 1245 complete and 0 interrupted iterations
main   [  21% ] 0004/0100 VUs  0m25.0s/2m0s  50.00 iters/s

running (0m26.0s), 0005/0100 VUs, 1295 complete and 0 interrupted iterations
main   [  22% ] 0005/0100 VUs  0m26.0s/2m0s  50.00 iters/s

running (0m27.0s), 0005/0100 VUs, 1345 complete and 0 interrupted iterations
main   [  22% ] 0005/0100 VUs  0m27.0s/2m0s  50.00 iters/s

running (0m28.0s), 0004/0100 VUs, 1395 complete and 0 interrupted iterations
main   [  23% ] 0005/0100 VUs  0m28.0s/2m0s  50.00 iters/s

running (0m29.0s), 0005/0100 VUs, 1445 complete and 0 interrupted iterations
main   [  24% ] 0005/0100 VUs  0m29.0s/2m0s  50.00 iters/s

running (0m30.0s), 0004/0100 VUs, 1495 complete and 0 interrupted iterations
main   [  25% ] 0004/0100 VUs  0m30.0s/2m0s  50.00 iters/s

running (0m31.0s), 0005/0100 VUs, 1545 complete and 0 interrupted iterations
main   [  26% ] 0005/0100 VUs  0m31.0s/2m0s  50.00 iters/s

running (0m32.0s), 0005/0100 VUs, 1595 complete and 0 interrupted iterations
main   [  27% ] 0005/0100 VUs  0m32.0s/2m0s  50.00 iters/s

running (0m33.0s), 0004/0100 VUs, 1645 complete and 0 interrupted iterations
main   [  27% ] 0004/0100 VUs  0m33.0s/2m0s  50.00 iters/s

running (0m34.0s), 0005/0100 VUs, 1695 complete and 0 interrupted iterations
main   [  28% ] 0005/0100 VUs  0m34.0s/2m0s  50.00 iters/s

running (0m35.0s), 0005/0100 VUs, 1745 complete and 0 interrupted iterations
main   [  29% ] 0005/0100 VUs  0m35.0s/2m0s  50.00 iters/s

running (0m36.0s), 0004/0100 VUs, 1795 complete and 0 interrupted iterations
main   [  30% ] 0004/0100 VUs  0m36.0s/2m0s  50.00 iters/s

running (0m37.0s), 0004/0100 VUs, 1845 complete and 0 interrupted iterations
main   [  31% ] 0004/0100 VUs  0m37.0s/2m0s  50.00 iters/s

running (0m38.0s), 0004/0100 VUs, 1895 complete and 0 interrupted iterations
main   [  32% ] 0004/0100 VUs  0m38.0s/2m0s  50.00 iters/s

running (0m39.0s), 0005/0100 VUs, 1945 complete and 0 interrupted iterations
main   [  32% ] 0005/0100 VUs  0m39.0s/2m0s  50.00 iters/s

running (0m40.0s), 0004/0100 VUs, 1995 complete and 0 interrupted iterations
main   [  33% ] 0004/0100 VUs  0m40.0s/2m0s  50.00 iters/s

running (0m41.0s), 0005/0100 VUs, 2045 complete and 0 interrupted iterations
main   [  34% ] 0005/0100 VUs  0m41.0s/2m0s  50.00 iters/s

running (0m42.0s), 0004/0100 VUs, 2095 complete and 0 interrupted iterations
main   [  35% ] 0004/0100 VUs  0m42.0s/2m0s  50.00 iters/s

running (0m43.0s), 0004/0100 VUs, 2145 complete and 0 interrupted iterations
main   [  36% ] 0004/0100 VUs  0m43.0s/2m0s  50.00 iters/s

running (0m44.0s), 0004/0100 VUs, 2195 complete and 0 interrupted iterations
main   [  37% ] 0004/0100 VUs  0m44.0s/2m0s  50.00 iters/s

running (0m45.0s), 0005/0100 VUs, 2245 complete and 0 interrupted iterations
main   [  37% ] 0005/0100 VUs  0m45.0s/2m0s  50.00 iters/s

running (0m46.0s), 0005/0100 VUs, 2295 complete and 0 interrupted iterations
main   [  38% ] 0005/0100 VUs  0m46.0s/2m0s  50.00 iters/s

running (0m47.0s), 0004/0100 VUs, 2345 complete and 0 interrupted iterations
main   [  39% ] 0004/0100 VUs  0m47.0s/2m0s  50.00 iters/s

running (0m48.0s), 0004/0100 VUs, 2395 complete and 0 interrupted iterations
main   [  40% ] 0004/0100 VUs  0m48.0s/2m0s  50.00 iters/s

running (0m49.0s), 0005/0100 VUs, 2445 complete and 0 interrupted iterations
main   [  41% ] 0005/0100 VUs  0m49.0s/2m0s  50.00 iters/s

running (0m50.0s), 0005/0100 VUs, 2495 complete and 0 interrupted iterations
main   [  42% ] 0005/0100 VUs  0m50.0s/2m0s  50.00 iters/s

running (0m51.0s), 0005/0100 VUs, 2545 complete and 0 interrupted iterations
main   [  42% ] 0005/0100 VUs  0m51.0s/2m0s  50.00 iters/s

running (0m52.0s), 0004/0100 VUs, 2595 complete and 0 interrupted iterations
main   [  43% ] 0004/0100 VUs  0m52.0s/2m0s  50.00 iters/s

running (0m53.0s), 0004/0100 VUs, 2645 complete and 0 interrupted iterations
main   [  44% ] 0004/0100 VUs  0m53.0s/2m0s  50.00 iters/s

running (0m54.0s), 0004/0100 VUs, 2695 complete and 0 interrupted iterations
main   [  45% ] 0004/0100 VUs  0m54.0s/2m0s  50.00 iters/s

running (0m55.0s), 0004/0100 VUs, 2745 complete and 0 interrupted iterations
main   [  46% ] 0004/0100 VUs  0m55.0s/2m0s  50.00 iters/s

running (0m56.0s), 0004/0100 VUs, 2795 complete and 0 interrupted iterations
main   [  47% ] 0005/0100 VUs  0m56.0s/2m0s  50.00 iters/s

running (0m57.0s), 0005/0100 VUs, 2845 complete and 0 interrupted iterations
main   [  47% ] 0005/0100 VUs  0m57.0s/2m0s  50.00 iters/s

running (0m58.0s), 0005/0100 VUs, 2894 complete and 0 interrupted iterations
main   [  48% ] 0005/0100 VUs  0m58.0s/2m0s  50.00 iters/s

running (0m59.0s), 0005/0100 VUs, 2945 complete and 0 interrupted iterations
main   [  49% ] 0005/0100 VUs  0m59.0s/2m0s  50.00 iters/s

running (1m00.0s), 0005/0100 VUs, 2995 complete and 0 interrupted iterations
main   [  50% ] 0005/0100 VUs  1m00.0s/2m0s  50.00 iters/s

running (1m01.0s), 0005/0100 VUs, 3045 complete and 0 interrupted iterations
main   [  51% ] 0005/0100 VUs  1m01.0s/2m0s  50.00 iters/s

running (1m02.0s), 0004/0100 VUs, 3095 complete and 0 interrupted iterations
main   [  52% ] 0004/0100 VUs  1m02.0s/2m0s  50.00 iters/s

running (1m03.0s), 0004/0100 VUs, 3145 complete and 0 interrupted iterations
main   [  52% ] 0004/0100 VUs  1m03.0s/2m0s  50.00 iters/s

running (1m04.0s), 0005/0100 VUs, 3195 complete and 0 interrupted iterations
main   [  53% ] 0005/0100 VUs  1m04.0s/2m0s  50.00 iters/s

running (1m05.0s), 0004/0100 VUs, 3245 complete and 0 interrupted iterations
main   [  54% ] 0004/0100 VUs  1m05.0s/2m0s  50.00 iters/s

running (1m06.0s), 0004/0100 VUs, 3295 complete and 0 interrupted iterations
main   [  55% ] 0004/0100 VUs  1m06.0s/2m0s  50.00 iters/s

running (1m07.0s), 0004/0100 VUs, 3345 complete and 0 interrupted iterations
main   [  56% ] 0004/0100 VUs  1m07.0s/2m0s  50.00 iters/s

running (1m08.0s), 0004/0100 VUs, 3395 complete and 0 interrupted iterations
main   [  57% ] 0004/0100 VUs  1m08.0s/2m0s  50.00 iters/s

running (1m09.0s), 0005/0100 VUs, 3445 complete and 0 interrupted iterations
main   [  57% ] 0005/0100 VUs  1m09.0s/2m0s  50.00 iters/s

running (1m10.0s), 0004/0100 VUs, 3495 complete and 0 interrupted iterations
main   [  58% ] 0004/0100 VUs  1m10.0s/2m0s  50.00 iters/s

running (1m11.0s), 0004/0100 VUs, 3545 complete and 0 interrupted iterations
main   [  59% ] 0004/0100 VUs  1m11.0s/2m0s  50.00 iters/s

running (1m12.0s), 0005/0100 VUs, 3595 complete and 0 interrupted iterations
main   [  60% ] 0005/0100 VUs  1m12.0s/2m0s  50.00 iters/s

running (1m13.0s), 0004/0100 VUs, 3645 complete and 0 interrupted iterations
main   [  61% ] 0004/0100 VUs  1m13.0s/2m0s  50.00 iters/s

running (1m14.0s), 0004/0100 VUs, 3695 complete and 0 interrupted iterations
main   [  62% ] 0004/0100 VUs  1m14.0s/2m0s  50.00 iters/s

running (1m15.0s), 0003/0100 VUs, 3746 complete and 0 interrupted iterations
main   [  62% ] 0003/0100 VUs  1m15.0s/2m0s  50.00 iters/s

running (1m16.0s), 0004/0100 VUs, 3795 complete and 0 interrupted iterations
main   [  63% ] 0004/0100 VUs  1m16.0s/2m0s  50.00 iters/s

running (1m17.0s), 0004/0100 VUs, 3845 complete and 0 interrupted iterations
main   [  64% ] 0004/0100 VUs  1m17.0s/2m0s  50.00 iters/s

running (1m18.0s), 0005/0100 VUs, 3895 complete and 0 interrupted iterations
main   [  65% ] 0005/0100 VUs  1m18.0s/2m0s  50.00 iters/s

running (1m19.0s), 0004/0100 VUs, 3945 complete and 0 interrupted iterations
main   [  66% ] 0004/0100 VUs  1m19.0s/2m0s  50.00 iters/s

running (1m20.0s), 0004/0100 VUs, 3995 complete and 0 interrupted iterations
main   [  67% ] 0004/0100 VUs  1m20.0s/2m0s  50.00 iters/s

running (1m21.0s), 0004/0100 VUs, 4045 complete and 0 interrupted iterations
main   [  67% ] 0004/0100 VUs  1m21.0s/2m0s  50.00 iters/s

running (1m22.0s), 0003/0100 VUs, 4096 complete and 0 interrupted iterations
main   [  68% ] 0003/0100 VUs  1m22.0s/2m0s  50.00 iters/s

running (1m23.0s), 0004/0100 VUs, 4145 complete and 0 interrupted iterations
main   [  69% ] 0004/0100 VUs  1m23.0s/2m0s  50.00 iters/s

running (1m24.0s), 0004/0100 VUs, 4195 complete and 0 interrupted iterations
main   [  70% ] 0004/0100 VUs  1m24.0s/2m0s  50.00 iters/s

running (1m25.0s), 0004/0100 VUs, 4245 complete and 0 interrupted iterations
main   [  71% ] 0004/0100 VUs  1m25.0s/2m0s  50.00 iters/s

running (1m26.0s), 0005/0100 VUs, 4295 complete and 0 interrupted iterations
main   [  72% ] 0005/0100 VUs  1m26.0s/2m0s  50.00 iters/s

running (1m27.0s), 0004/0100 VUs, 4346 complete and 0 interrupted iterations
main   [  72% ] 0004/0100 VUs  1m27.0s/2m0s  50.00 iters/s

running (1m28.0s), 0004/0100 VUs, 4395 complete and 0 interrupted iterations
main   [  73% ] 0004/0100 VUs  1m28.0s/2m0s  50.00 iters/s

running (1m29.0s), 0005/0100 VUs, 4444 complete and 0 interrupted iterations
main   [  74% ] 0005/0100 VUs  1m29.0s/2m0s  50.00 iters/s

running (1m30.0s), 0004/0100 VUs, 4495 complete and 0 interrupted iterations
main   [  75% ] 0004/0100 VUs  1m30.0s/2m0s  50.00 iters/s

running (1m31.0s), 0005/0100 VUs, 4545 complete and 0 interrupted iterations
main   [  76% ] 0005/0100 VUs  1m31.0s/2m0s  50.00 iters/s

running (1m32.0s), 0005/0100 VUs, 4595 complete and 0 interrupted iterations
main   [  77% ] 0005/0100 VUs  1m32.0s/2m0s  50.00 iters/s

running (1m33.0s), 0005/0100 VUs, 4645 complete and 0 interrupted iterations
main   [  77% ] 0005/0100 VUs  1m33.0s/2m0s  50.00 iters/s

running (1m34.0s), 0005/0100 VUs, 4695 complete and 0 interrupted iterations
main   [  78% ] 0005/0100 VUs  1m34.0s/2m0s  50.00 iters/s

running (1m35.0s), 0005/0100 VUs, 4745 complete and 0 interrupted iterations
main   [  79% ] 0005/0100 VUs  1m35.0s/2m0s  50.00 iters/s

running (1m36.0s), 0005/0100 VUs, 4795 complete and 0 interrupted iterations
main   [  80% ] 0005/0100 VUs  1m36.0s/2m0s  50.00 iters/s

running (1m37.0s), 0006/0100 VUs, 4844 complete and 0 interrupted iterations
main   [  81% ] 0006/0100 VUs  1m37.0s/2m0s  50.00 iters/s

running (1m38.0s), 0004/0100 VUs, 4895 complete and 0 interrupted iterations
main   [  82% ] 0004/0100 VUs  1m38.0s/2m0s  50.00 iters/s

running (1m39.0s), 0004/0100 VUs, 4945 complete and 0 interrupted iterations
main   [  82% ] 0004/0100 VUs  1m39.0s/2m0s  50.00 iters/s

running (1m40.0s), 0005/0100 VUs, 4995 complete and 0 interrupted iterations
main   [  83% ] 0005/0100 VUs  1m40.0s/2m0s  50.00 iters/s

running (1m41.0s), 0004/0100 VUs, 5045 complete and 0 interrupted iterations
main   [  84% ] 0005/0100 VUs  1m41.0s/2m0s  50.00 iters/s

running (1m42.0s), 0005/0100 VUs, 5095 complete and 0 interrupted iterations
main   [  85% ] 0005/0100 VUs  1m42.0s/2m0s  50.00 iters/s

running (1m43.0s), 0005/0100 VUs, 5145 complete and 0 interrupted iterations
main   [  86% ] 0005/0100 VUs  1m43.0s/2m0s  50.00 iters/s

running (1m44.0s), 0005/0100 VUs, 5195 complete and 0 interrupted iterations
main   [  87% ] 0005/0100 VUs  1m44.0s/2m0s  50.00 iters/s

running (1m45.0s), 0005/0100 VUs, 5245 complete and 0 interrupted iterations
main   [  87% ] 0005/0100 VUs  1m45.0s/2m0s  50.00 iters/s

running (1m46.0s), 0004/0100 VUs, 5295 complete and 0 interrupted iterations
main   [  88% ] 0004/0100 VUs  1m46.0s/2m0s  50.00 iters/s

running (1m47.0s), 0005/0100 VUs, 5345 complete and 0 interrupted iterations
main   [  89% ] 0005/0100 VUs  1m47.0s/2m0s  50.00 iters/s

running (1m48.0s), 0005/0100 VUs, 5395 complete and 0 interrupted iterations
main   [  90% ] 0005/0100 VUs  1m48.0s/2m0s  50.00 iters/s

running (1m49.0s), 0005/0100 VUs, 5445 complete and 0 interrupted iterations
main   [  91% ] 0005/0100 VUs  1m49.0s/2m0s  50.00 iters/s

running (1m50.0s), 0004/0100 VUs, 5495 complete and 0 interrupted iterations
main   [  92% ] 0004/0100 VUs  1m50.0s/2m0s  50.00 iters/s

running (1m51.0s), 0005/0100 VUs, 5545 complete and 0 interrupted iterations
main   [  92% ] 0005/0100 VUs  1m51.0s/2m0s  50.00 iters/s

running (1m52.0s), 0006/0100 VUs, 5594 complete and 0 interrupted iterations
main   [  93% ] 0006/0100 VUs  1m52.0s/2m0s  50.00 iters/s

running (1m53.0s), 0005/0100 VUs, 5645 complete and 0 interrupted iterations
main   [  94% ] 0005/0100 VUs  1m53.0s/2m0s  50.00 iters/s

running (1m54.0s), 0005/0100 VUs, 5695 complete and 0 interrupted iterations
main   [  95% ] 0005/0100 VUs  1m54.0s/2m0s  50.00 iters/s

running (1m55.0s), 0005/0100 VUs, 5745 complete and 0 interrupted iterations
main   [  96% ] 0005/0100 VUs  1m55.0s/2m0s  50.00 iters/s

running (1m56.0s), 0004/0100 VUs, 5795 complete and 0 interrupted iterations
main   [  97% ] 0004/0100 VUs  1m56.0s/2m0s  50.00 iters/s

running (1m57.0s), 0003/0100 VUs, 5846 complete and 0 interrupted iterations
main   [  97% ] 0003/0100 VUs  1m57.0s/2m0s  50.00 iters/s

running (1m58.0s), 0004/0100 VUs, 5895 complete and 0 interrupted iterations
main   [  98% ] 0004/0100 VUs  1m58.0s/2m0s  50.00 iters/s

running (1m59.0s), 0005/0100 VUs, 5945 complete and 0 interrupted iterations
main   [  99% ] 0005/0100 VUs  1m59.0s/2m0s  50.00 iters/s

running (2m00.0s), 0004/0100 VUs, 5995 complete and 0 interrupted iterations
main   [ 100% ] 0004/0100 VUs  2m00.0s/2m0s  50.00 iters/s

running (2m00.1s), 0000/0100 VUs, 6001 complete and 0 interrupted iterations
main ✓ [ 100% ] 0000/0100 VUs  2m0s  50.00 iters/s
  Repeat 1 complete. Results in results/a-seq-rtt10000-r50-rep1-1781140087.json
=== Cell complete: 1 repeat(s) for a/seq rtt=10000us ===

[campaign] (22) cell: a|jdbc-join|10000|50|-|-
=== Cell: scenario=a style=jdbc-join rtt=10000us rate=50rps duration=2m scale=full repeats=1 ===
[1/4] Setting netem delay 10000us...
Setting netem delay 10000us on lab-mysql eth0...
time="2026-06-11T10:10:08+09:00" level=warning msg="/Users/rene/rdb-join-lab/docker-compose.yml: the attribute `version` is obsolete, it will be ignored, please remove it to avoid potential confusion"
Current qdisc:
time="2026-06-11T10:10:08+09:00" level=warning msg="/Users/rene/rdb-join-lab/docker-compose.yml: the attribute `version` is obsolete, it will be ignored, please remove it to avoid potential confusion"
qdisc netem 8013: root refcnt 7 limit 1000 delay 10ms seed 4207326921747385171
[2/4] Warming InnoDB buffer pool...
=== Step 1: Warm-up queries (priming buffer pool, ~10% of full scale) ===
COUNT(*)
3401538
COUNT(*)
975720
COUNT(*)
8680188
COUNT(*)
10000
Warm-up queries complete.
=== Step 2: Triggering InnoDB buffer pool dump ===
time="2026-06-11T10:10:10+09:00" level=warning msg="/Users/rene/rdb-join-lab/docker-compose.yml: the attribute `version` is obsolete, it will be ignored, please remove it to avoid potential confusion"
mysql: [Warning] Using a password on the command line interface can be insecure.
Polling dump status (timeout 300s)...
  [0s] Dump status: Buffer pool(s) dump completed at 260611  1:10:12
Buffer pool dump completed.
=== Step 3: Triggering InnoDB buffer pool load ===
time="2026-06-11T10:10:10+09:00" level=warning msg="/Users/rene/rdb-join-lab/docker-compose.yml: the attribute `version` is obsolete, it will be ignored, please remove it to avoid potential confusion"
mysql: [Warning] Using a password on the command line interface can be insecure.
Polling load status (timeout 300s)...
  [0s] Load status: Buffer pool(s) load completed at 260611  1:10:12
Buffer pool load completed.
=== Step 3b: Capturing post-load snapshot for warm-state gate ===
COUNT(*)
1210063
COUNT(*)
8680188
COUNT(*)
10000
Re-verification queries complete.
=== Step 4: Warm-state gate (physical reads < 0.01, post-load window) ===
  Post-load reverify window: physical reads delta: 0 / 22857 = 0.0
  (Pre-warmup baseline: 10313 / 874520983, for reference)
  Warm-state gate PASSED.
=== Step 5: ANALYZE TABLE ===
Table	Op	Msg_type	Msg_text
lab.coupon_policy	analyze	status	OK
lab.member	analyze	status	OK
lab.coupon_issue	analyze	status	OK
ANALYZE TABLE complete.
=== Step 5b: Capturing InnoDB engine status (AHI verification) ===
  InnoDB status captured: results/innodb-status-1781140213.txt
  AHI indicator: INSERT BUFFER AND ADAPTIVE HASH INDEX
0.00 hash searches/s, 132.37 non-hash searches/s
=== Step 5c: EXPLAIN Scenario B ORDER BY id ASC (filesort check) ===
  WARNING: EXPLAIN shows 'Using filesort' for Scenario B ORDER BY id ASC query.
  Expected idx_issue_member_id to cover ORDER BY — check index creation in schema.sql.
  EXPLAIN output:
1	SIMPLE	coupon_issue	NULL	ref	idx_issue_member_status,idx_issue_member_id	idx_issue_member_status	8	const	1209	100.00	Using filesort
[3/4] Dual calibration (nominal=10000us)...
  [held conn] calibrate n=10000...
{
    "n": 10000,
    "min": 10096,
    "p50": 12779,
    "p95": 15123,
    "p99": 15365,
    "max": 22595
}
  [per checkout] calibrate/loaded n=10000...
{
    "n": 10000,
    "min": 10077,
    "p50": 12731,
    "p95": 15118,
    "p99": 15370,
    "max": 26056
}
Running dual calibration probe (n=10000 held + n=10000 loaded)...
=== held (pure wire RTT) ===
{
    "n": 10000,
    "min": 10083,
    "p50": 12809,
    "p95": 15140,
    "p99": 15422,
    "max": 22126
}
=== loaded (wire RTT + pool checkout) ===
{
    "n": 10000,
    "min": 10067,
    "p50": 12872,
    "p95": 15162,
    "p99": 15483,
    "max": 24857
}

Appended dual record to results/calibration.jsonl: {"held": {"n": 10000, "min": 10083, "p50": 12809, "p95": 15140, "p99": 15422, "max": 22126}, "loaded": {"n": 10000, "min": 10067, "p50": 12872, "p95": 15162, "p99": 15483, "max": 24857}, "timestamp": "2026-06-11T01:18:44Z", "nominal_delay_us": 10000}
[4/1] Running k6 repeat 1/1 (output -> results/a-jdbc-join-rtt10000-r50-rep1-1781140724.json)...
time="2026-06-11T10:18:44+09:00" level=warning msg="/Users/rene/rdb-join-lab/docker-compose.yml: the attribute `version` is obsolete, it will be ignored, please remove it to avoid potential confusion"

         /\      Grafana   /‾‾/  
    /\  /  \     |\  __   /  /   
   /  \/    \    | |/ /  /   ‾‾\ 
  /          \   |   (  |  (‾)  |
 / __________ \  |_|\_\  \_____/ 


     execution: local
        script: /scripts/scenario.js
        output: -

     scenarios: (100.00%) 1 scenario, 1000 max VUs, 2m30s max duration (incl. graceful stop):
              * main: 50.00 iterations/s for 2m0s (maxVUs: 100-1000, gracefulStop: 30s)


running (0m01.0s), 0001/0100 VUs, 49 complete and 0 interrupted iterations
main   [   1% ] 0001/0100 VUs  0m01.0s/2m0s  50.00 iters/s

running (0m02.0s), 0000/0100 VUs, 99 complete and 0 interrupted iterations
main   [   2% ] 0000/0100 VUs  0m02.0s/2m0s  50.00 iters/s

running (0m03.0s), 0001/0100 VUs, 149 complete and 0 interrupted iterations
main   [   2% ] 0001/0100 VUs  0m03.0s/2m0s  50.00 iters/s

running (0m04.0s), 0001/0100 VUs, 199 complete and 0 interrupted iterations
main   [   3% ] 0001/0100 VUs  0m04.0s/2m0s  50.00 iters/s

running (0m05.0s), 0001/0100 VUs, 249 complete and 0 interrupted iterations
main   [   4% ] 0001/0100 VUs  0m05.0s/2m0s  50.00 iters/s

running (0m06.0s), 0001/0100 VUs, 299 complete and 0 interrupted iterations
main   [   5% ] 0001/0100 VUs  0m06.0s/2m0s  50.00 iters/s

running (0m07.0s), 0001/0100 VUs, 349 complete and 0 interrupted iterations
main   [   6% ] 0001/0100 VUs  0m07.0s/2m0s  50.00 iters/s

running (0m08.0s), 0001/0100 VUs, 399 complete and 0 interrupted iterations
main   [   7% ] 0001/0100 VUs  0m08.0s/2m0s  50.00 iters/s

running (0m09.0s), 0001/0100 VUs, 449 complete and 0 interrupted iterations
main   [   7% ] 0001/0100 VUs  0m09.0s/2m0s  50.00 iters/s

running (0m10.0s), 0001/0100 VUs, 499 complete and 0 interrupted iterations
main   [   8% ] 0001/0100 VUs  0m10.0s/2m0s  50.00 iters/s

running (0m11.0s), 0001/0100 VUs, 549 complete and 0 interrupted iterations
main   [   9% ] 0001/0100 VUs  0m11.0s/2m0s  50.00 iters/s

running (0m12.0s), 0001/0100 VUs, 599 complete and 0 interrupted iterations
main   [  10% ] 0001/0100 VUs  0m12.0s/2m0s  50.00 iters/s

running (0m13.0s), 0001/0100 VUs, 649 complete and 0 interrupted iterations
main   [  11% ] 0001/0100 VUs  0m13.0s/2m0s  50.00 iters/s

running (0m14.0s), 0001/0100 VUs, 699 complete and 0 interrupted iterations
main   [  12% ] 0001/0100 VUs  0m14.0s/2m0s  50.00 iters/s

running (0m15.0s), 0001/0100 VUs, 749 complete and 0 interrupted iterations
main   [  12% ] 0001/0100 VUs  0m15.0s/2m0s  50.00 iters/s

running (0m16.0s), 0000/0100 VUs, 799 complete and 0 interrupted iterations
main   [  13% ] 0000/0100 VUs  0m16.0s/2m0s  50.00 iters/s

running (0m17.0s), 0001/0100 VUs, 849 complete and 0 interrupted iterations
main   [  14% ] 0001/0100 VUs  0m17.0s/2m0s  50.00 iters/s

running (0m18.0s), 0000/0100 VUs, 899 complete and 0 interrupted iterations
main   [  15% ] 0001/0100 VUs  0m18.0s/2m0s  50.00 iters/s

running (0m19.0s), 0001/0100 VUs, 949 complete and 0 interrupted iterations
main   [  16% ] 0001/0100 VUs  0m19.0s/2m0s  50.00 iters/s

running (0m20.0s), 0001/0100 VUs, 999 complete and 0 interrupted iterations
main   [  17% ] 0001/0100 VUs  0m20.0s/2m0s  50.00 iters/s

running (0m21.0s), 0001/0100 VUs, 1049 complete and 0 interrupted iterations
main   [  17% ] 0001/0100 VUs  0m21.0s/2m0s  50.00 iters/s

running (0m22.0s), 0001/0100 VUs, 1099 complete and 0 interrupted iterations
main   [  18% ] 0001/0100 VUs  0m22.0s/2m0s  50.00 iters/s

running (0m23.0s), 0001/0100 VUs, 1149 complete and 0 interrupted iterations
main   [  19% ] 0001/0100 VUs  0m23.0s/2m0s  50.00 iters/s

running (0m24.0s), 0000/0100 VUs, 1199 complete and 0 interrupted iterations
main   [  20% ] 0000/0100 VUs  0m24.0s/2m0s  50.00 iters/s

running (0m25.0s), 0000/0100 VUs, 1249 complete and 0 interrupted iterations
main   [  21% ] 0000/0100 VUs  0m25.0s/2m0s  50.00 iters/s

running (0m26.0s), 0000/0100 VUs, 1299 complete and 0 interrupted iterations
main   [  22% ] 0000/0100 VUs  0m26.0s/2m0s  50.00 iters/s

running (0m27.0s), 0000/0100 VUs, 1349 complete and 0 interrupted iterations
main   [  22% ] 0000/0100 VUs  0m27.0s/2m0s  50.00 iters/s

running (0m28.0s), 0001/0100 VUs, 1399 complete and 0 interrupted iterations
main   [  23% ] 0001/0100 VUs  0m28.0s/2m0s  50.00 iters/s

running (0m29.0s), 0001/0100 VUs, 1449 complete and 0 interrupted iterations
main   [  24% ] 0001/0100 VUs  0m29.0s/2m0s  50.00 iters/s

running (0m30.0s), 0000/0100 VUs, 1499 complete and 0 interrupted iterations
main   [  25% ] 0000/0100 VUs  0m30.0s/2m0s  50.00 iters/s

running (0m31.0s), 0001/0100 VUs, 1549 complete and 0 interrupted iterations
main   [  26% ] 0001/0100 VUs  0m31.0s/2m0s  50.00 iters/s

running (0m32.0s), 0000/0100 VUs, 1599 complete and 0 interrupted iterations
main   [  27% ] 0000/0100 VUs  0m32.0s/2m0s  50.00 iters/s

running (0m33.0s), 0001/0100 VUs, 1649 complete and 0 interrupted iterations
main   [  27% ] 0001/0100 VUs  0m33.0s/2m0s  50.00 iters/s

running (0m34.0s), 0001/0100 VUs, 1699 complete and 0 interrupted iterations
main   [  28% ] 0001/0100 VUs  0m34.0s/2m0s  50.00 iters/s

running (0m35.0s), 0001/0100 VUs, 1749 complete and 0 interrupted iterations
main   [  29% ] 0001/0100 VUs  0m35.0s/2m0s  50.00 iters/s

running (0m36.0s), 0001/0100 VUs, 1799 complete and 0 interrupted iterations
main   [  30% ] 0001/0100 VUs  0m36.0s/2m0s  50.00 iters/s

running (0m37.0s), 0001/0100 VUs, 1849 complete and 0 interrupted iterations
main   [  31% ] 0001/0100 VUs  0m37.0s/2m0s  50.00 iters/s

running (0m38.0s), 0001/0100 VUs, 1899 complete and 0 interrupted iterations
main   [  32% ] 0001/0100 VUs  0m38.0s/2m0s  50.00 iters/s

running (0m39.0s), 0001/0100 VUs, 1949 complete and 0 interrupted iterations
main   [  32% ] 0001/0100 VUs  0m39.0s/2m0s  50.00 iters/s

running (0m40.0s), 0001/0100 VUs, 1999 complete and 0 interrupted iterations
main   [  33% ] 0001/0100 VUs  0m40.0s/2m0s  50.00 iters/s

running (0m41.0s), 0001/0100 VUs, 2049 complete and 0 interrupted iterations
main   [  34% ] 0001/0100 VUs  0m41.0s/2m0s  50.00 iters/s

running (0m42.0s), 0001/0100 VUs, 2099 complete and 0 interrupted iterations
main   [  35% ] 0001/0100 VUs  0m42.0s/2m0s  50.00 iters/s

running (0m43.0s), 0001/0100 VUs, 2149 complete and 0 interrupted iterations
main   [  36% ] 0001/0100 VUs  0m43.0s/2m0s  50.00 iters/s

running (0m44.0s), 0001/0100 VUs, 2199 complete and 0 interrupted iterations
main   [  37% ] 0001/0100 VUs  0m44.0s/2m0s  50.00 iters/s

running (0m45.0s), 0001/0100 VUs, 2249 complete and 0 interrupted iterations
main   [  37% ] 0001/0100 VUs  0m45.0s/2m0s  50.00 iters/s

running (0m46.0s), 0000/0100 VUs, 2299 complete and 0 interrupted iterations
main   [  38% ] 0000/0100 VUs  0m46.0s/2m0s  50.00 iters/s

running (0m47.0s), 0001/0100 VUs, 2349 complete and 0 interrupted iterations
main   [  39% ] 0001/0100 VUs  0m47.0s/2m0s  50.00 iters/s

running (0m48.0s), 0000/0100 VUs, 2399 complete and 0 interrupted iterations
main   [  40% ] 0000/0100 VUs  0m48.0s/2m0s  50.00 iters/s

running (0m49.0s), 0000/0100 VUs, 2449 complete and 0 interrupted iterations
main   [  41% ] 0000/0100 VUs  0m49.0s/2m0s  50.00 iters/s

running (0m50.0s), 0001/0100 VUs, 2499 complete and 0 interrupted iterations
main   [  42% ] 0001/0100 VUs  0m50.0s/2m0s  50.00 iters/s

running (0m51.0s), 0001/0100 VUs, 2549 complete and 0 interrupted iterations
main   [  42% ] 0001/0100 VUs  0m51.0s/2m0s  50.00 iters/s

running (0m52.0s), 0001/0100 VUs, 2599 complete and 0 interrupted iterations
main   [  43% ] 0001/0100 VUs  0m52.0s/2m0s  50.00 iters/s

running (0m53.0s), 0001/0100 VUs, 2649 complete and 0 interrupted iterations
main   [  44% ] 0001/0100 VUs  0m53.0s/2m0s  50.00 iters/s

running (0m54.0s), 0001/0100 VUs, 2699 complete and 0 interrupted iterations
main   [  45% ] 0001/0100 VUs  0m54.0s/2m0s  50.00 iters/s

running (0m55.0s), 0001/0100 VUs, 2749 complete and 0 interrupted iterations
main   [  46% ] 0001/0100 VUs  0m55.0s/2m0s  50.00 iters/s

running (0m56.0s), 0001/0100 VUs, 2799 complete and 0 interrupted iterations
main   [  47% ] 0001/0100 VUs  0m56.0s/2m0s  50.00 iters/s

running (0m57.0s), 0001/0100 VUs, 2849 complete and 0 interrupted iterations
main   [  47% ] 0001/0100 VUs  0m57.0s/2m0s  50.00 iters/s

running (0m58.0s), 0001/0100 VUs, 2899 complete and 0 interrupted iterations
main   [  48% ] 0001/0100 VUs  0m58.0s/2m0s  50.00 iters/s

running (0m59.0s), 0001/0100 VUs, 2949 complete and 0 interrupted iterations
main   [  49% ] 0001/0100 VUs  0m59.0s/2m0s  50.00 iters/s

running (1m00.0s), 0001/0100 VUs, 2999 complete and 0 interrupted iterations
main   [  50% ] 0001/0100 VUs  1m00.0s/2m0s  50.00 iters/s

running (1m01.0s), 0001/0100 VUs, 3049 complete and 0 interrupted iterations
main   [  51% ] 0001/0100 VUs  1m01.0s/2m0s  50.00 iters/s

running (1m02.0s), 0000/0100 VUs, 3099 complete and 0 interrupted iterations
main   [  52% ] 0000/0100 VUs  1m02.0s/2m0s  50.00 iters/s

running (1m03.0s), 0001/0100 VUs, 3149 complete and 0 interrupted iterations
main   [  52% ] 0001/0100 VUs  1m03.0s/2m0s  50.00 iters/s

running (1m04.0s), 0001/0100 VUs, 3199 complete and 0 interrupted iterations
main   [  53% ] 0001/0100 VUs  1m04.0s/2m0s  50.00 iters/s

running (1m05.0s), 0001/0100 VUs, 3249 complete and 0 interrupted iterations
main   [  54% ] 0001/0100 VUs  1m05.0s/2m0s  50.00 iters/s

running (1m06.0s), 0000/0100 VUs, 3299 complete and 0 interrupted iterations
main   [  55% ] 0000/0100 VUs  1m06.0s/2m0s  50.00 iters/s

running (1m07.0s), 0001/0100 VUs, 3349 complete and 0 interrupted iterations
main   [  56% ] 0001/0100 VUs  1m07.0s/2m0s  50.00 iters/s

running (1m08.0s), 0001/0100 VUs, 3399 complete and 0 interrupted iterations
main   [  57% ] 0001/0100 VUs  1m08.0s/2m0s  50.00 iters/s

running (1m09.0s), 0001/0100 VUs, 3449 complete and 0 interrupted iterations
main   [  57% ] 0001/0100 VUs  1m09.0s/2m0s  50.00 iters/s

running (1m10.0s), 0001/0100 VUs, 3499 complete and 0 interrupted iterations
main   [  58% ] 0001/0100 VUs  1m10.0s/2m0s  50.00 iters/s

running (1m11.0s), 0000/0100 VUs, 3549 complete and 0 interrupted iterations
main   [  59% ] 0000/0100 VUs  1m11.0s/2m0s  50.00 iters/s

running (1m12.0s), 0000/0100 VUs, 3599 complete and 0 interrupted iterations
main   [  60% ] 0000/0100 VUs  1m12.0s/2m0s  50.00 iters/s

running (1m13.0s), 0001/0100 VUs, 3649 complete and 0 interrupted iterations
main   [  61% ] 0001/0100 VUs  1m13.0s/2m0s  50.00 iters/s

running (1m14.0s), 0001/0100 VUs, 3699 complete and 0 interrupted iterations
main   [  62% ] 0001/0100 VUs  1m14.0s/2m0s  50.00 iters/s

running (1m15.0s), 0001/0100 VUs, 3749 complete and 0 interrupted iterations
main   [  62% ] 0001/0100 VUs  1m15.0s/2m0s  50.00 iters/s

running (1m16.0s), 0000/0100 VUs, 3799 complete and 0 interrupted iterations
main   [  63% ] 0000/0100 VUs  1m16.0s/2m0s  50.00 iters/s

running (1m17.0s), 0001/0100 VUs, 3849 complete and 0 interrupted iterations
main   [  64% ] 0001/0100 VUs  1m17.0s/2m0s  50.00 iters/s

running (1m18.0s), 0000/0100 VUs, 3899 complete and 0 interrupted iterations
main   [  65% ] 0000/0100 VUs  1m18.0s/2m0s  50.00 iters/s

running (1m19.0s), 0001/0100 VUs, 3949 complete and 0 interrupted iterations
main   [  66% ] 0001/0100 VUs  1m19.0s/2m0s  50.00 iters/s

running (1m20.0s), 0001/0100 VUs, 3999 complete and 0 interrupted iterations
main   [  67% ] 0001/0100 VUs  1m20.0s/2m0s  50.00 iters/s

running (1m21.0s), 0001/0100 VUs, 4049 complete and 0 interrupted iterations
main   [  67% ] 0001/0100 VUs  1m21.0s/2m0s  50.00 iters/s

running (1m22.0s), 0001/0100 VUs, 4099 complete and 0 interrupted iterations
main   [  68% ] 0001/0100 VUs  1m22.0s/2m0s  50.00 iters/s

running (1m23.0s), 0001/0100 VUs, 4149 complete and 0 interrupted iterations
main   [  69% ] 0001/0100 VUs  1m23.0s/2m0s  50.00 iters/s

running (1m24.0s), 0001/0100 VUs, 4199 complete and 0 interrupted iterations
main   [  70% ] 0001/0100 VUs  1m24.0s/2m0s  50.00 iters/s

running (1m25.0s), 0001/0100 VUs, 4249 complete and 0 interrupted iterations
main   [  71% ] 0001/0100 VUs  1m25.0s/2m0s  50.00 iters/s

running (1m26.0s), 0000/0100 VUs, 4299 complete and 0 interrupted iterations
main   [  72% ] 0000/0100 VUs  1m26.0s/2m0s  50.00 iters/s

running (1m27.0s), 0001/0100 VUs, 4349 complete and 0 interrupted iterations
main   [  72% ] 0001/0100 VUs  1m27.0s/2m0s  50.00 iters/s

running (1m28.0s), 0001/0100 VUs, 4399 complete and 0 interrupted iterations
main   [  73% ] 0001/0100 VUs  1m28.0s/2m0s  50.00 iters/s

running (1m29.0s), 0001/0100 VUs, 4449 complete and 0 interrupted iterations
main   [  74% ] 0001/0100 VUs  1m29.0s/2m0s  50.00 iters/s

running (1m30.0s), 0000/0100 VUs, 4499 complete and 0 interrupted iterations
main   [  75% ] 0000/0100 VUs  1m30.0s/2m0s  50.00 iters/s

running (1m31.0s), 0001/0100 VUs, 4549 complete and 0 interrupted iterations
main   [  76% ] 0001/0100 VUs  1m31.0s/2m0s  50.00 iters/s

running (1m32.0s), 0001/0100 VUs, 4599 complete and 0 interrupted iterations
main   [  77% ] 0001/0100 VUs  1m32.0s/2m0s  50.00 iters/s

running (1m33.0s), 0001/0100 VUs, 4649 complete and 0 interrupted iterations
main   [  77% ] 0001/0100 VUs  1m33.0s/2m0s  50.00 iters/s

running (1m34.0s), 0001/0100 VUs, 4699 complete and 0 interrupted iterations
main   [  78% ] 0001/0100 VUs  1m34.0s/2m0s  50.00 iters/s

running (1m35.0s), 0001/0100 VUs, 4749 complete and 0 interrupted iterations
main   [  79% ] 0001/0100 VUs  1m35.0s/2m0s  50.00 iters/s

running (1m36.0s), 0000/0100 VUs, 4799 complete and 0 interrupted iterations
main   [  80% ] 0000/0100 VUs  1m36.0s/2m0s  50.00 iters/s

running (1m37.0s), 0000/0100 VUs, 4849 complete and 0 interrupted iterations
main   [  81% ] 0000/0100 VUs  1m37.0s/2m0s  50.00 iters/s

running (1m38.0s), 0001/0100 VUs, 4899 complete and 0 interrupted iterations
main   [  82% ] 0001/0100 VUs  1m38.0s/2m0s  50.00 iters/s

running (1m39.0s), 0001/0100 VUs, 4949 complete and 0 interrupted iterations
main   [  82% ] 0001/0100 VUs  1m39.0s/2m0s  50.00 iters/s

running (1m40.0s), 0001/0100 VUs, 4999 complete and 0 interrupted iterations
main   [  83% ] 0001/0100 VUs  1m40.0s/2m0s  50.00 iters/s

running (1m41.0s), 0001/0100 VUs, 5049 complete and 0 interrupted iterations
main   [  84% ] 0001/0100 VUs  1m41.0s/2m0s  50.00 iters/s

running (1m42.0s), 0001/0100 VUs, 5099 complete and 0 interrupted iterations
main   [  85% ] 0001/0100 VUs  1m42.0s/2m0s  50.00 iters/s

running (1m43.0s), 0001/0100 VUs, 5149 complete and 0 interrupted iterations
main   [  86% ] 0001/0100 VUs  1m43.0s/2m0s  50.00 iters/s

running (1m44.0s), 0001/0100 VUs, 5199 complete and 0 interrupted iterations
main   [  87% ] 0001/0100 VUs  1m44.0s/2m0s  50.00 iters/s

running (1m45.0s), 0001/0100 VUs, 5249 complete and 0 interrupted iterations
main   [  87% ] 0001/0100 VUs  1m45.0s/2m0s  50.00 iters/s

running (1m46.0s), 0001/0100 VUs, 5299 complete and 0 interrupted iterations
main   [  88% ] 0001/0100 VUs  1m46.0s/2m0s  50.00 iters/s

running (1m47.0s), 0001/0100 VUs, 5349 complete and 0 interrupted iterations
main   [  89% ] 0001/0100 VUs  1m47.0s/2m0s  50.00 iters/s

running (1m48.0s), 0001/0100 VUs, 5399 complete and 0 interrupted iterations
main   [  90% ] 0001/0100 VUs  1m48.0s/2m0s  50.00 iters/s

running (1m49.0s), 0001/0100 VUs, 5449 complete and 0 interrupted iterations
main   [  91% ] 0001/0100 VUs  1m49.0s/2m0s  50.00 iters/s

running (1m50.0s), 0001/0100 VUs, 5499 complete and 0 interrupted iterations
main   [  92% ] 0001/0100 VUs  1m50.0s/2m0s  50.00 iters/s

running (1m51.0s), 0001/0100 VUs, 5549 complete and 0 interrupted iterations
main   [  92% ] 0001/0100 VUs  1m51.0s/2m0s  50.00 iters/s

running (1m52.0s), 0000/0100 VUs, 5599 complete and 0 interrupted iterations
main   [  93% ] 0000/0100 VUs  1m52.0s/2m0s  50.00 iters/s

running (1m53.0s), 0000/0100 VUs, 5649 complete and 0 interrupted iterations
main   [  94% ] 0001/0100 VUs  1m53.0s/2m0s  50.00 iters/s

running (1m54.0s), 0000/0100 VUs, 5699 complete and 0 interrupted iterations
main   [  95% ] 0000/0100 VUs  1m54.0s/2m0s  50.00 iters/s

running (1m55.0s), 0000/0100 VUs, 5749 complete and 0 interrupted iterations
main   [  96% ] 0000/0100 VUs  1m55.0s/2m0s  50.00 iters/s

running (1m56.0s), 0000/0100 VUs, 5799 complete and 0 interrupted iterations
main   [  97% ] 0000/0100 VUs  1m56.0s/2m0s  50.00 iters/s

running (1m57.0s), 0001/0100 VUs, 5849 complete and 0 interrupted iterations
main   [  97% ] 0001/0100 VUs  1m57.0s/2m0s  50.00 iters/s

running (1m58.0s), 0001/0100 VUs, 5899 complete and 0 interrupted iterations
main   [  98% ] 0001/0100 VUs  1m58.0s/2m0s  50.00 iters/s

running (1m59.0s), 0001/0100 VUs, 5949 complete and 0 interrupted iterations
main   [  99% ] 0001/0100 VUs  1m59.0s/2m0s  50.00 iters/s

running (2m00.0s), 0000/0100 VUs, 5999 complete and 0 interrupted iterations
main   [ 100% ] 0000/0100 VUs  2m00.0s/2m0s  50.00 iters/s

running (2m00.0s), 0000/0100 VUs, 6001 complete and 0 interrupted iterations
main ✓ [ 100% ] 0000/0100 VUs  2m0s  50.00 iters/s
  Repeat 1 complete. Results in results/a-jdbc-join-rtt10000-r50-rep1-1781140724.json
=== Cell complete: 1 repeat(s) for a/jdbc-join rtt=10000us ===

[campaign] (23) cell: a|jdbc-seq|10000|50|-|-
=== Cell: scenario=a style=jdbc-seq rtt=10000us rate=50rps duration=2m scale=full repeats=1 ===
[1/4] Setting netem delay 10000us...
Setting netem delay 10000us on lab-mysql eth0...
time="2026-06-11T10:20:45+09:00" level=warning msg="/Users/rene/rdb-join-lab/docker-compose.yml: the attribute `version` is obsolete, it will be ignored, please remove it to avoid potential confusion"
Current qdisc:
time="2026-06-11T10:20:45+09:00" level=warning msg="/Users/rene/rdb-join-lab/docker-compose.yml: the attribute `version` is obsolete, it will be ignored, please remove it to avoid potential confusion"
qdisc netem 8013: root refcnt 7 limit 1000 delay 10ms seed 5585032750809912278
[2/4] Warming InnoDB buffer pool...
=== Step 1: Warm-up queries (priming buffer pool, ~10% of full scale) ===
COUNT(*)
3401538
COUNT(*)
975720
COUNT(*)
8680188
COUNT(*)
10000
Warm-up queries complete.
=== Step 2: Triggering InnoDB buffer pool dump ===
time="2026-06-11T10:20:47+09:00" level=warning msg="/Users/rene/rdb-join-lab/docker-compose.yml: the attribute `version` is obsolete, it will be ignored, please remove it to avoid potential confusion"
mysql: [Warning] Using a password on the command line interface can be insecure.
Polling dump status (timeout 300s)...
  [0s] Dump status: Buffer pool(s) dump completed at 260611  1:20:49
Buffer pool dump completed.
=== Step 3: Triggering InnoDB buffer pool load ===
time="2026-06-11T10:20:47+09:00" level=warning msg="/Users/rene/rdb-join-lab/docker-compose.yml: the attribute `version` is obsolete, it will be ignored, please remove it to avoid potential confusion"
mysql: [Warning] Using a password on the command line interface can be insecure.
Polling load status (timeout 300s)...
  [0s] Load status: Loaded 178177/188404 pages
  [5s] Load status: Buffer pool(s) load completed at 260611  1:20:49
Buffer pool load completed.
=== Step 3b: Capturing post-load snapshot for warm-state gate ===
COUNT(*)
1210063
COUNT(*)
8680188
COUNT(*)
10000
Re-verification queries complete.
=== Step 4: Warm-state gate (physical reads < 0.01, post-load window) ===
  Post-load reverify window: physical reads delta: 0 / 22857 = 0.0
  (Pre-warmup baseline: 10367 / 874629014, for reference)
  Warm-state gate PASSED.
=== Step 5: ANALYZE TABLE ===
Table	Op	Msg_type	Msg_text
lab.coupon_policy	analyze	status	OK
lab.member	analyze	status	OK
lab.coupon_issue	analyze	status	OK
ANALYZE TABLE complete.
=== Step 5b: Capturing InnoDB engine status (AHI verification) ===
  InnoDB status captured: results/innodb-status-1781140854.txt
  AHI indicator: INSERT BUFFER AND ADAPTIVE HASH INDEX
0.00 hash searches/s, 14.33 non-hash searches/s
=== Step 5c: EXPLAIN Scenario B ORDER BY id ASC (filesort check) ===
  WARNING: EXPLAIN shows 'Using filesort' for Scenario B ORDER BY id ASC query.
  Expected idx_issue_member_id to cover ORDER BY — check index creation in schema.sql.
  EXPLAIN output:
1	SIMPLE	coupon_issue	NULL	ref	idx_issue_member_status,idx_issue_member_id	idx_issue_member_status	8	const	1209	100.00	Using filesort
[3/4] Dual calibration (nominal=10000us)...
  [held conn] calibrate n=10000...
{
    "n": 10000,
    "min": 10075,
    "p50": 12732,
    "p95": 15118,
    "p99": 15395,
    "max": 23380
}
  [per checkout] calibrate/loaded n=10000...
{
    "n": 10000,
    "min": 10089,
    "p50": 12801,
    "p95": 15133,
    "p99": 15410,
    "max": 23618
}
Running dual calibration probe (n=10000 held + n=10000 loaded)...
=== held (pure wire RTT) ===
{
    "n": 10000,
    "min": 10095,
    "p50": 12879,
    "p95": 15129,
    "p99": 15378,
    "max": 28126
}
=== loaded (wire RTT + pool checkout) ===
{
    "n": 10000,
    "min": 10071,
    "p50": 12882,
    "p95": 15148,
    "p99": 15430,
    "max": 42004
}

Appended dual record to results/calibration.jsonl: {"held": {"n": 10000, "min": 10095, "p50": 12879, "p95": 15129, "p99": 15378, "max": 28126}, "loaded": {"n": 10000, "min": 10071, "p50": 12882, "p95": 15148, "p99": 15430, "max": 42004}, "timestamp": "2026-06-11T01:29:27Z", "nominal_delay_us": 10000}
[4/1] Running k6 repeat 1/1 (output -> results/a-jdbc-seq-rtt10000-r50-rep1-1781141367.json)...
time="2026-06-11T10:29:27+09:00" level=warning msg="/Users/rene/rdb-join-lab/docker-compose.yml: the attribute `version` is obsolete, it will be ignored, please remove it to avoid potential confusion"

         /\      Grafana   /‾‾/  
    /\  /  \     |\  __   /  /   
   /  \/    \    | |/ /  /   ‾‾\ 
  /          \   |   (  |  (‾)  |
 / __________ \  |_|\_\  \_____/ 


     execution: local
        script: /scripts/scenario.js
        output: -

     scenarios: (100.00%) 1 scenario, 1000 max VUs, 2m30s max duration (incl. graceful stop):
              * main: 50.00 iterations/s for 2m0s (maxVUs: 100-1000, gracefulStop: 30s)


running (0m01.0s), 0005/0100 VUs, 45 complete and 0 interrupted iterations
main   [   1% ] 0005/0100 VUs  0m01.0s/2m0s  50.00 iters/s

running (0m02.0s), 0005/0100 VUs, 95 complete and 0 interrupted iterations
main   [   2% ] 0005/0100 VUs  0m02.0s/2m0s  50.00 iters/s

running (0m03.0s), 0005/0100 VUs, 145 complete and 0 interrupted iterations
main   [   2% ] 0005/0100 VUs  0m03.0s/2m0s  50.00 iters/s

running (0m04.0s), 0004/0100 VUs, 196 complete and 0 interrupted iterations
main   [   3% ] 0004/0100 VUs  0m04.0s/2m0s  50.00 iters/s

running (0m05.0s), 0005/0100 VUs, 245 complete and 0 interrupted iterations
main   [   4% ] 0005/0100 VUs  0m05.0s/2m0s  50.00 iters/s

running (0m06.0s), 0005/0100 VUs, 295 complete and 0 interrupted iterations
main   [   5% ] 0005/0100 VUs  0m06.0s/2m0s  50.00 iters/s

running (0m07.0s), 0005/0100 VUs, 345 complete and 0 interrupted iterations
main   [   6% ] 0005/0100 VUs  0m07.0s/2m0s  50.00 iters/s

running (0m08.0s), 0004/0100 VUs, 395 complete and 0 interrupted iterations
main   [   7% ] 0004/0100 VUs  0m08.0s/2m0s  50.00 iters/s

running (0m09.0s), 0005/0100 VUs, 445 complete and 0 interrupted iterations
main   [   7% ] 0005/0100 VUs  0m09.0s/2m0s  50.00 iters/s

running (0m10.0s), 0005/0100 VUs, 495 complete and 0 interrupted iterations
main   [   8% ] 0005/0100 VUs  0m10.0s/2m0s  50.00 iters/s

running (0m11.0s), 0005/0100 VUs, 545 complete and 0 interrupted iterations
main   [   9% ] 0005/0100 VUs  0m11.0s/2m0s  50.00 iters/s

running (0m12.0s), 0005/0100 VUs, 595 complete and 0 interrupted iterations
main   [  10% ] 0005/0100 VUs  0m12.0s/2m0s  50.00 iters/s

running (0m13.0s), 0005/0100 VUs, 645 complete and 0 interrupted iterations
main   [  11% ] 0005/0100 VUs  0m13.0s/2m0s  50.00 iters/s

running (0m14.0s), 0005/0100 VUs, 695 complete and 0 interrupted iterations
main   [  12% ] 0005/0100 VUs  0m14.0s/2m0s  50.00 iters/s

running (0m15.0s), 0005/0100 VUs, 745 complete and 0 interrupted iterations
main   [  12% ] 0005/0100 VUs  0m15.0s/2m0s  50.00 iters/s

running (0m16.0s), 0005/0100 VUs, 795 complete and 0 interrupted iterations
main   [  13% ] 0005/0100 VUs  0m16.0s/2m0s  50.00 iters/s

running (0m17.0s), 0005/0100 VUs, 845 complete and 0 interrupted iterations
main   [  14% ] 0005/0100 VUs  0m17.0s/2m0s  50.00 iters/s

running (0m18.0s), 0004/0100 VUs, 895 complete and 0 interrupted iterations
main   [  15% ] 0004/0100 VUs  0m18.0s/2m0s  50.00 iters/s

running (0m19.0s), 0005/0100 VUs, 945 complete and 0 interrupted iterations
main   [  16% ] 0005/0100 VUs  0m19.0s/2m0s  50.00 iters/s

running (0m20.0s), 0005/0100 VUs, 995 complete and 0 interrupted iterations
main   [  17% ] 0005/0100 VUs  0m20.0s/2m0s  50.00 iters/s

running (0m21.0s), 0005/0100 VUs, 1045 complete and 0 interrupted iterations
main   [  17% ] 0005/0100 VUs  0m21.0s/2m0s  50.00 iters/s

running (0m22.0s), 0005/0100 VUs, 1095 complete and 0 interrupted iterations
main   [  18% ] 0005/0100 VUs  0m22.0s/2m0s  50.00 iters/s

running (0m23.0s), 0005/0100 VUs, 1145 complete and 0 interrupted iterations
main   [  19% ] 0005/0100 VUs  0m23.0s/2m0s  50.00 iters/s

running (0m24.0s), 0005/0100 VUs, 1195 complete and 0 interrupted iterations
main   [  20% ] 0005/0100 VUs  0m24.0s/2m0s  50.00 iters/s

running (0m25.0s), 0005/0100 VUs, 1245 complete and 0 interrupted iterations
main   [  21% ] 0005/0100 VUs  0m25.0s/2m0s  50.00 iters/s

running (0m26.0s), 0005/0100 VUs, 1295 complete and 0 interrupted iterations
main   [  22% ] 0005/0100 VUs  0m26.0s/2m0s  50.00 iters/s

running (0m27.0s), 0005/0100 VUs, 1345 complete and 0 interrupted iterations
main   [  22% ] 0005/0100 VUs  0m27.0s/2m0s  50.00 iters/s

running (0m28.0s), 0005/0100 VUs, 1395 complete and 0 interrupted iterations
main   [  23% ] 0005/0100 VUs  0m28.0s/2m0s  50.00 iters/s

running (0m29.0s), 0004/0100 VUs, 1446 complete and 0 interrupted iterations
main   [  24% ] 0004/0100 VUs  0m29.0s/2m0s  50.00 iters/s

running (0m30.0s), 0005/0100 VUs, 1495 complete and 0 interrupted iterations
main   [  25% ] 0005/0100 VUs  0m30.0s/2m0s  50.00 iters/s

running (0m31.0s), 0005/0100 VUs, 1545 complete and 0 interrupted iterations
main   [  26% ] 0005/0100 VUs  0m31.0s/2m0s  50.00 iters/s

running (0m32.0s), 0005/0100 VUs, 1595 complete and 0 interrupted iterations
main   [  27% ] 0005/0100 VUs  0m32.0s/2m0s  50.00 iters/s

running (0m33.0s), 0005/0100 VUs, 1645 complete and 0 interrupted iterations
main   [  27% ] 0005/0100 VUs  0m33.0s/2m0s  50.00 iters/s

running (0m34.0s), 0005/0100 VUs, 1695 complete and 0 interrupted iterations
main   [  28% ] 0005/0100 VUs  0m34.0s/2m0s  50.00 iters/s

running (0m35.0s), 0005/0100 VUs, 1745 complete and 0 interrupted iterations
main   [  29% ] 0005/0100 VUs  0m35.0s/2m0s  50.00 iters/s

running (0m36.0s), 0005/0100 VUs, 1795 complete and 0 interrupted iterations
main   [  30% ] 0005/0100 VUs  0m36.0s/2m0s  50.00 iters/s

running (0m37.0s), 0005/0100 VUs, 1845 complete and 0 interrupted iterations
main   [  31% ] 0005/0100 VUs  0m37.0s/2m0s  50.00 iters/s

running (0m38.0s), 0005/0100 VUs, 1895 complete and 0 interrupted iterations
main   [  32% ] 0005/0100 VUs  0m38.0s/2m0s  50.00 iters/s

running (0m39.0s), 0005/0100 VUs, 1945 complete and 0 interrupted iterations
main   [  32% ] 0005/0100 VUs  0m39.0s/2m0s  50.00 iters/s

running (0m40.0s), 0005/0100 VUs, 1995 complete and 0 interrupted iterations
main   [  33% ] 0005/0100 VUs  0m40.0s/2m0s  50.00 iters/s

running (0m41.0s), 0005/0100 VUs, 2045 complete and 0 interrupted iterations
main   [  34% ] 0005/0100 VUs  0m41.0s/2m0s  50.00 iters/s

running (0m42.0s), 0005/0100 VUs, 2095 complete and 0 interrupted iterations
main   [  35% ] 0005/0100 VUs  0m42.0s/2m0s  50.00 iters/s

running (0m43.0s), 0004/0100 VUs, 2146 complete and 0 interrupted iterations
main   [  36% ] 0004/0100 VUs  0m43.0s/2m0s  50.00 iters/s

running (0m44.0s), 0005/0100 VUs, 2195 complete and 0 interrupted iterations
main   [  37% ] 0005/0100 VUs  0m44.0s/2m0s  50.00 iters/s

running (0m45.0s), 0005/0100 VUs, 2245 complete and 0 interrupted iterations
main   [  37% ] 0005/0100 VUs  0m45.0s/2m0s  50.00 iters/s

running (0m46.0s), 0005/0100 VUs, 2295 complete and 0 interrupted iterations
main   [  38% ] 0005/0100 VUs  0m46.0s/2m0s  50.00 iters/s

running (0m47.0s), 0005/0100 VUs, 2345 complete and 0 interrupted iterations
main   [  39% ] 0005/0100 VUs  0m47.0s/2m0s  50.00 iters/s

running (0m48.0s), 0005/0100 VUs, 2395 complete and 0 interrupted iterations
main   [  40% ] 0005/0100 VUs  0m48.0s/2m0s  50.00 iters/s

running (0m49.0s), 0005/0100 VUs, 2445 complete and 0 interrupted iterations
main   [  41% ] 0005/0100 VUs  0m49.0s/2m0s  50.00 iters/s

running (0m50.0s), 0005/0100 VUs, 2495 complete and 0 interrupted iterations
main   [  42% ] 0005/0100 VUs  0m50.0s/2m0s  50.00 iters/s

running (0m51.0s), 0005/0100 VUs, 2545 complete and 0 interrupted iterations
main   [  42% ] 0005/0100 VUs  0m51.0s/2m0s  50.00 iters/s

running (0m52.0s), 0005/0100 VUs, 2595 complete and 0 interrupted iterations
main   [  43% ] 0005/0100 VUs  0m52.0s/2m0s  50.00 iters/s

running (0m53.0s), 0006/0100 VUs, 2644 complete and 0 interrupted iterations
main   [  44% ] 0006/0100 VUs  0m53.0s/2m0s  50.00 iters/s

running (0m54.0s), 0005/0100 VUs, 2695 complete and 0 interrupted iterations
main   [  45% ] 0005/0100 VUs  0m54.0s/2m0s  50.00 iters/s

running (0m55.0s), 0005/0100 VUs, 2745 complete and 0 interrupted iterations
main   [  46% ] 0005/0100 VUs  0m55.0s/2m0s  50.00 iters/s

running (0m56.0s), 0005/0100 VUs, 2795 complete and 0 interrupted iterations
main   [  47% ] 0005/0100 VUs  0m56.0s/2m0s  50.00 iters/s

running (0m57.0s), 0005/0100 VUs, 2845 complete and 0 interrupted iterations
main   [  47% ] 0005/0100 VUs  0m57.0s/2m0s  50.00 iters/s

running (0m58.0s), 0005/0100 VUs, 2895 complete and 0 interrupted iterations
main   [  48% ] 0005/0100 VUs  0m58.0s/2m0s  50.00 iters/s

running (0m59.0s), 0005/0100 VUs, 2945 complete and 0 interrupted iterations
main   [  49% ] 0005/0100 VUs  0m59.0s/2m0s  50.00 iters/s

running (1m00.0s), 0005/0100 VUs, 2995 complete and 0 interrupted iterations
main   [  50% ] 0005/0100 VUs  1m00.0s/2m0s  50.00 iters/s

running (1m01.0s), 0005/0100 VUs, 3045 complete and 0 interrupted iterations
main   [  51% ] 0005/0100 VUs  1m01.0s/2m0s  50.00 iters/s

running (1m02.0s), 0005/0100 VUs, 3095 complete and 0 interrupted iterations
main   [  52% ] 0005/0100 VUs  1m02.0s/2m0s  50.00 iters/s

running (1m03.0s), 0005/0100 VUs, 3145 complete and 0 interrupted iterations
main   [  52% ] 0005/0100 VUs  1m03.0s/2m0s  50.00 iters/s

running (1m04.0s), 0005/0100 VUs, 3195 complete and 0 interrupted iterations
main   [  53% ] 0005/0100 VUs  1m04.0s/2m0s  50.00 iters/s

running (1m05.0s), 0004/0100 VUs, 3245 complete and 0 interrupted iterations
main   [  54% ] 0004/0100 VUs  1m05.0s/2m0s  50.00 iters/s

running (1m06.0s), 0005/0100 VUs, 3295 complete and 0 interrupted iterations
main   [  55% ] 0005/0100 VUs  1m06.0s/2m0s  50.00 iters/s

running (1m07.0s), 0005/0100 VUs, 3345 complete and 0 interrupted iterations
main   [  56% ] 0005/0100 VUs  1m07.0s/2m0s  50.00 iters/s

running (1m08.0s), 0004/0100 VUs, 3395 complete and 0 interrupted iterations
main   [  57% ] 0004/0100 VUs  1m08.0s/2m0s  50.00 iters/s

running (1m09.0s), 0005/0100 VUs, 3445 complete and 0 interrupted iterations
main   [  57% ] 0005/0100 VUs  1m09.0s/2m0s  50.00 iters/s

running (1m10.0s), 0005/0100 VUs, 3495 complete and 0 interrupted iterations
main   [  58% ] 0005/0100 VUs  1m10.0s/2m0s  50.00 iters/s

running (1m11.0s), 0005/0100 VUs, 3545 complete and 0 interrupted iterations
main   [  59% ] 0005/0100 VUs  1m11.0s/2m0s  50.00 iters/s

running (1m12.0s), 0004/0100 VUs, 3596 complete and 0 interrupted iterations
main   [  60% ] 0004/0100 VUs  1m12.0s/2m0s  50.00 iters/s

running (1m13.0s), 0005/0100 VUs, 3645 complete and 0 interrupted iterations
main   [  61% ] 0005/0100 VUs  1m13.0s/2m0s  50.00 iters/s

running (1m14.0s), 0005/0100 VUs, 3695 complete and 0 interrupted iterations
main   [  62% ] 0005/0100 VUs  1m14.0s/2m0s  50.00 iters/s

running (1m15.0s), 0004/0100 VUs, 3745 complete and 0 interrupted iterations
main   [  62% ] 0004/0100 VUs  1m15.0s/2m0s  50.00 iters/s

running (1m16.0s), 0005/0100 VUs, 3795 complete and 0 interrupted iterations
main   [  63% ] 0005/0100 VUs  1m16.0s/2m0s  50.00 iters/s

running (1m17.0s), 0005/0100 VUs, 3845 complete and 0 interrupted iterations
main   [  64% ] 0005/0100 VUs  1m17.0s/2m0s  50.00 iters/s

running (1m18.0s), 0005/0100 VUs, 3895 complete and 0 interrupted iterations
main   [  65% ] 0005/0100 VUs  1m18.0s/2m0s  50.00 iters/s

running (1m19.0s), 0004/0100 VUs, 3946 complete and 0 interrupted iterations
main   [  66% ] 0004/0100 VUs  1m19.0s/2m0s  50.00 iters/s

running (1m20.0s), 0005/0100 VUs, 3995 complete and 0 interrupted iterations
main   [  67% ] 0005/0100 VUs  1m20.0s/2m0s  50.00 iters/s

running (1m21.0s), 0005/0100 VUs, 4045 complete and 0 interrupted iterations
main   [  67% ] 0005/0100 VUs  1m21.0s/2m0s  50.00 iters/s

running (1m22.0s), 0004/0100 VUs, 4095 complete and 0 interrupted iterations
main   [  68% ] 0004/0100 VUs  1m22.0s/2m0s  50.00 iters/s

running (1m23.0s), 0005/0100 VUs, 4145 complete and 0 interrupted iterations
main   [  69% ] 0005/0100 VUs  1m23.0s/2m0s  50.00 iters/s

running (1m24.0s), 0005/0100 VUs, 4195 complete and 0 interrupted iterations
main   [  70% ] 0005/0100 VUs  1m24.0s/2m0s  50.00 iters/s

running (1m25.0s), 0005/0100 VUs, 4244 complete and 0 interrupted iterations
main   [  71% ] 0005/0100 VUs  1m25.0s/2m0s  50.00 iters/s

running (1m26.0s), 0005/0100 VUs, 4295 complete and 0 interrupted iterations
main   [  72% ] 0005/0100 VUs  1m26.0s/2m0s  50.00 iters/s

running (1m27.0s), 0005/0100 VUs, 4345 complete and 0 interrupted iterations
main   [  72% ] 0005/0100 VUs  1m27.0s/2m0s  50.00 iters/s

running (1m28.0s), 0005/0100 VUs, 4395 complete and 0 interrupted iterations
main   [  73% ] 0005/0100 VUs  1m28.0s/2m0s  50.00 iters/s

running (1m29.0s), 0005/0100 VUs, 4445 complete and 0 interrupted iterations
main   [  74% ] 0005/0100 VUs  1m29.0s/2m0s  50.00 iters/s

running (1m30.0s), 0005/0100 VUs, 4495 complete and 0 interrupted iterations
main   [  75% ] 0005/0100 VUs  1m30.0s/2m0s  50.00 iters/s

running (1m31.0s), 0005/0100 VUs, 4545 complete and 0 interrupted iterations
main   [  76% ] 0005/0100 VUs  1m31.0s/2m0s  50.00 iters/s

running (1m32.0s), 0005/0100 VUs, 4595 complete and 0 interrupted iterations
main   [  77% ] 0005/0100 VUs  1m32.0s/2m0s  50.00 iters/s

running (1m33.0s), 0005/0100 VUs, 4645 complete and 0 interrupted iterations
main   [  77% ] 0005/0100 VUs  1m33.0s/2m0s  50.00 iters/s

running (1m34.0s), 0005/0100 VUs, 4695 complete and 0 interrupted iterations
main   [  78% ] 0005/0100 VUs  1m34.0s/2m0s  50.00 iters/s

running (1m35.0s), 0005/0100 VUs, 4745 complete and 0 interrupted iterations
main   [  79% ] 0005/0100 VUs  1m35.0s/2m0s  50.00 iters/s

running (1m36.0s), 0005/0100 VUs, 4795 complete and 0 interrupted iterations
main   [  80% ] 0005/0100 VUs  1m36.0s/2m0s  50.00 iters/s

running (1m37.0s), 0005/0100 VUs, 4845 complete and 0 interrupted iterations
main   [  81% ] 0005/0100 VUs  1m37.0s/2m0s  50.00 iters/s

running (1m38.0s), 0005/0100 VUs, 4895 complete and 0 interrupted iterations
main   [  82% ] 0005/0100 VUs  1m38.0s/2m0s  50.00 iters/s

running (1m39.0s), 0004/0100 VUs, 4945 complete and 0 interrupted iterations
main   [  82% ] 0004/0100 VUs  1m39.0s/2m0s  50.00 iters/s

running (1m40.0s), 0005/0100 VUs, 4995 complete and 0 interrupted iterations
main   [  83% ] 0005/0100 VUs  1m40.0s/2m0s  50.00 iters/s

running (1m41.0s), 0005/0100 VUs, 5045 complete and 0 interrupted iterations
main   [  84% ] 0005/0100 VUs  1m41.0s/2m0s  50.00 iters/s

running (1m42.0s), 0005/0100 VUs, 5095 complete and 0 interrupted iterations
main   [  85% ] 0005/0100 VUs  1m42.0s/2m0s  50.00 iters/s

running (1m43.0s), 0005/0100 VUs, 5145 complete and 0 interrupted iterations
main   [  86% ] 0005/0100 VUs  1m43.0s/2m0s  50.00 iters/s

running (1m44.0s), 0004/0100 VUs, 5196 complete and 0 interrupted iterations
main   [  87% ] 0004/0100 VUs  1m44.0s/2m0s  50.00 iters/s

running (1m45.0s), 0005/0100 VUs, 5245 complete and 0 interrupted iterations
main   [  87% ] 0005/0100 VUs  1m45.0s/2m0s  50.00 iters/s

running (1m46.0s), 0005/0100 VUs, 5295 complete and 0 interrupted iterations
main   [  88% ] 0005/0100 VUs  1m46.0s/2m0s  50.00 iters/s

running (1m47.0s), 0004/0100 VUs, 5345 complete and 0 interrupted iterations
main   [  89% ] 0004/0100 VUs  1m47.0s/2m0s  50.00 iters/s

running (1m48.0s), 0005/0100 VUs, 5395 complete and 0 interrupted iterations
main   [  90% ] 0005/0100 VUs  1m48.0s/2m0s  50.00 iters/s

running (1m49.0s), 0005/0100 VUs, 5445 complete and 0 interrupted iterations
main   [  91% ] 0005/0100 VUs  1m49.0s/2m0s  50.00 iters/s

running (1m50.0s), 0005/0100 VUs, 5495 complete and 0 interrupted iterations
main   [  92% ] 0005/0100 VUs  1m50.0s/2m0s  50.00 iters/s

running (1m51.0s), 0005/0100 VUs, 5545 complete and 0 interrupted iterations
main   [  92% ] 0005/0100 VUs  1m51.0s/2m0s  50.00 iters/s

running (1m52.0s), 0005/0100 VUs, 5595 complete and 0 interrupted iterations
main   [  93% ] 0005/0100 VUs  1m52.0s/2m0s  50.00 iters/s

running (1m53.0s), 0004/0100 VUs, 5646 complete and 0 interrupted iterations
main   [  94% ] 0004/0100 VUs  1m53.0s/2m0s  50.00 iters/s

running (1m54.0s), 0005/0100 VUs, 5695 complete and 0 interrupted iterations
main   [  95% ] 0005/0100 VUs  1m54.0s/2m0s  50.00 iters/s

running (1m55.0s), 0005/0100 VUs, 5745 complete and 0 interrupted iterations
main   [  96% ] 0005/0100 VUs  1m55.0s/2m0s  50.00 iters/s

running (1m56.0s), 0005/0100 VUs, 5795 complete and 0 interrupted iterations
main   [  97% ] 0005/0100 VUs  1m56.0s/2m0s  50.00 iters/s

running (1m57.0s), 0005/0100 VUs, 5845 complete and 0 interrupted iterations
main   [  97% ] 0005/0100 VUs  1m57.0s/2m0s  50.00 iters/s

running (1m58.0s), 0005/0100 VUs, 5895 complete and 0 interrupted iterations
main   [  98% ] 0005/0100 VUs  1m58.0s/2m0s  50.00 iters/s

running (1m59.0s), 0004/0100 VUs, 5945 complete and 0 interrupted iterations
main   [  99% ] 0004/0100 VUs  1m59.0s/2m0s  50.00 iters/s

running (2m00.0s), 0005/0100 VUs, 5995 complete and 0 interrupted iterations
main   [ 100% ] 0005/0100 VUs  2m00.0s/2m0s  50.00 iters/s

running (2m00.1s), 0000/0100 VUs, 6001 complete and 0 interrupted iterations
main ✓ [ 100% ] 0000/0100 VUs  2m0s  50.00 iters/s
  Repeat 1 complete. Results in results/a-jdbc-seq-rtt10000-r50-rep1-1781141367.json
=== Cell complete: 1 repeat(s) for a/jdbc-seq rtt=10000us ===

[campaign] (24) cell: a|par|10000|14|-|-
=== Cell: scenario=a style=par rtt=10000us rate=14rps duration=2m scale=full repeats=1 ===
[1/4] Setting netem delay 10000us...
Setting netem delay 10000us on lab-mysql eth0...
time="2026-06-11T10:31:28+09:00" level=warning msg="/Users/rene/rdb-join-lab/docker-compose.yml: the attribute `version` is obsolete, it will be ignored, please remove it to avoid potential confusion"
Current qdisc:
time="2026-06-11T10:31:28+09:00" level=warning msg="/Users/rene/rdb-join-lab/docker-compose.yml: the attribute `version` is obsolete, it will be ignored, please remove it to avoid potential confusion"
qdisc netem 8013: root refcnt 7 limit 1000 delay 10ms seed 2685053914120774276
[2/4] Warming InnoDB buffer pool...
=== Step 1: Warm-up queries (priming buffer pool, ~10% of full scale) ===
COUNT(*)
3401538
COUNT(*)
975720
COUNT(*)
8680188
COUNT(*)
10000
Warm-up queries complete.
=== Step 2: Triggering InnoDB buffer pool dump ===
time="2026-06-11T10:31:29+09:00" level=warning msg="/Users/rene/rdb-join-lab/docker-compose.yml: the attribute `version` is obsolete, it will be ignored, please remove it to avoid potential confusion"
mysql: [Warning] Using a password on the command line interface can be insecure.
Polling dump status (timeout 300s)...
  [0s] Dump status: Buffer pool(s) dump completed at 260611  1:31:31
Buffer pool dump completed.
=== Step 3: Triggering InnoDB buffer pool load ===
time="2026-06-11T10:31:29+09:00" level=warning msg="/Users/rene/rdb-join-lab/docker-compose.yml: the attribute `version` is obsolete, it will be ignored, please remove it to avoid potential confusion"
mysql: [Warning] Using a password on the command line interface can be insecure.
Polling load status (timeout 300s)...
  [0s] Load status: Loaded 147457/188400 pages
  [5s] Load status: Buffer pool(s) load completed at 260611  1:31:31
Buffer pool load completed.
=== Step 3b: Capturing post-load snapshot for warm-state gate ===
COUNT(*)
1210063
COUNT(*)
8680188
COUNT(*)
10000
Re-verification queries complete.
=== Step 4: Warm-state gate (physical reads < 0.01, post-load window) ===
  Post-load reverify window: physical reads delta: 0 / 22857 = 0.0
  (Pre-warmup baseline: 10430 / 874737114, for reference)
  Warm-state gate PASSED.
=== Step 5: ANALYZE TABLE ===
Table	Op	Msg_type	Msg_text
lab.coupon_policy	analyze	status	OK
lab.member	analyze	status	OK
lab.coupon_issue	analyze	status	OK
ANALYZE TABLE complete.
=== Step 5b: Capturing InnoDB engine status (AHI verification) ===
  InnoDB status captured: results/innodb-status-1781141497.txt
  AHI indicator: INSERT BUFFER AND ADAPTIVE HASH INDEX
0.00 hash searches/s, 20.85 non-hash searches/s
=== Step 5c: EXPLAIN Scenario B ORDER BY id ASC (filesort check) ===
  WARNING: EXPLAIN shows 'Using filesort' for Scenario B ORDER BY id ASC query.
  Expected idx_issue_member_id to cover ORDER BY — check index creation in schema.sql.
  EXPLAIN output:
1	SIMPLE	coupon_issue	NULL	ref	idx_issue_member_status,idx_issue_member_id	idx_issue_member_status	8	const	1209	100.00	Using filesort
[3/4] Dual calibration (nominal=10000us)...
  [held conn] calibrate n=10000...
{
    "n": 10000,
    "min": 10094,
    "p50": 12684,
    "p95": 15107,
    "p99": 15372,
    "max": 30167
}
  [per checkout] calibrate/loaded n=10000...
{
    "n": 10000,
    "min": 10110,
    "p50": 12839,
    "p95": 15189,
    "p99": 15554,
    "max": 26782
}
Running dual calibration probe (n=10000 held + n=10000 loaded)...
=== held (pure wire RTT) ===
{
    "n": 10000,
    "min": 10085,
    "p50": 12915,
    "p95": 15264,
    "p99": 15596,
    "max": 28868
}
=== loaded (wire RTT + pool checkout) ===
{
    "n": 10000,
    "min": 10103,
    "p50": 12910,
    "p95": 15229,
    "p99": 15541,
    "max": 27197
}

Appended dual record to results/calibration.jsonl: {"held": {"n": 10000, "min": 10085, "p50": 12915, "p95": 15264, "p99": 15596, "max": 28868}, "loaded": {"n": 10000, "min": 10103, "p50": 12910, "p95": 15229, "p99": 15541, "max": 27197}, "timestamp": "2026-06-11T01:40:10Z", "nominal_delay_us": 10000}
[4/1] Running k6 repeat 1/1 (output -> results/a-par-rtt10000-r14-rep1-1781142010.json)...
time="2026-06-11T10:40:10+09:00" level=warning msg="/Users/rene/rdb-join-lab/docker-compose.yml: the attribute `version` is obsolete, it will be ignored, please remove it to avoid potential confusion"

         /\      Grafana   /‾‾/  
    /\  /  \     |\  __   /  /   
   /  \/    \    | |/ /  /   ‾‾\ 
  /          \   |   (  |  (‾)  |
 / __________ \  |_|\_\  \_____/ 


     execution: local
        script: /scripts/scenario.js
        output: -

     scenarios: (100.00%) 1 scenario, 1000 max VUs, 2m30s max duration (incl. graceful stop):
              * main: 14.00 iterations/s for 2m0s (maxVUs: 100-1000, gracefulStop: 30s)


running (0m01.0s), 0002/0100 VUs, 12 complete and 0 interrupted iterations
main   [   1% ] 0002/0100 VUs  0m01.0s/2m0s  14.00 iters/s

running (0m02.0s), 0002/0100 VUs, 26 complete and 0 interrupted iterations
main   [   2% ] 0002/0100 VUs  0m02.0s/2m0s  14.00 iters/s

running (0m03.0s), 0002/0100 VUs, 40 complete and 0 interrupted iterations
main   [   2% ] 0002/0100 VUs  0m03.0s/2m0s  14.00 iters/s

running (0m04.0s), 0002/0100 VUs, 54 complete and 0 interrupted iterations
main   [   3% ] 0002/0100 VUs  0m04.0s/2m0s  14.00 iters/s

running (0m05.0s), 0002/0100 VUs, 68 complete and 0 interrupted iterations
main   [   4% ] 0002/0100 VUs  0m05.0s/2m0s  14.00 iters/s

running (0m06.0s), 0002/0100 VUs, 82 complete and 0 interrupted iterations
main   [   5% ] 0002/0100 VUs  0m06.0s/2m0s  14.00 iters/s

running (0m07.0s), 0002/0100 VUs, 96 complete and 0 interrupted iterations
main   [   6% ] 0002/0100 VUs  0m07.0s/2m0s  14.00 iters/s

running (0m08.0s), 0002/0100 VUs, 110 complete and 0 interrupted iterations
main   [   7% ] 0002/0100 VUs  0m08.0s/2m0s  14.00 iters/s

running (0m09.0s), 0002/0100 VUs, 124 complete and 0 interrupted iterations
main   [   7% ] 0002/0100 VUs  0m09.0s/2m0s  14.00 iters/s

running (0m10.0s), 0002/0100 VUs, 138 complete and 0 interrupted iterations
main   [   8% ] 0002/0100 VUs  0m10.0s/2m0s  14.00 iters/s

running (0m11.0s), 0002/0100 VUs, 152 complete and 0 interrupted iterations
main   [   9% ] 0002/0100 VUs  0m11.0s/2m0s  14.00 iters/s

running (0m12.0s), 0002/0100 VUs, 166 complete and 0 interrupted iterations
main   [  10% ] 0002/0100 VUs  0m12.0s/2m0s  14.00 iters/s

running (0m13.0s), 0002/0100 VUs, 180 complete and 0 interrupted iterations
main   [  11% ] 0002/0100 VUs  0m13.0s/2m0s  14.00 iters/s

running (0m14.0s), 0002/0100 VUs, 194 complete and 0 interrupted iterations
main   [  12% ] 0002/0100 VUs  0m14.0s/2m0s  14.00 iters/s

running (0m15.0s), 0002/0100 VUs, 208 complete and 0 interrupted iterations
main   [  12% ] 0002/0100 VUs  0m15.0s/2m0s  14.00 iters/s

running (0m16.0s), 0002/0100 VUs, 222 complete and 0 interrupted iterations
main   [  13% ] 0002/0100 VUs  0m16.0s/2m0s  14.00 iters/s

running (0m17.0s), 0002/0100 VUs, 236 complete and 0 interrupted iterations
main   [  14% ] 0002/0100 VUs  0m17.0s/2m0s  14.00 iters/s

running (0m18.0s), 0002/0100 VUs, 250 complete and 0 interrupted iterations
main   [  15% ] 0002/0100 VUs  0m18.0s/2m0s  14.00 iters/s

running (0m19.0s), 0001/0100 VUs, 265 complete and 0 interrupted iterations
main   [  16% ] 0001/0100 VUs  0m19.0s/2m0s  14.00 iters/s

running (0m20.0s), 0002/0100 VUs, 278 complete and 0 interrupted iterations
main   [  17% ] 0002/0100 VUs  0m20.0s/2m0s  14.00 iters/s

running (0m21.0s), 0002/0100 VUs, 292 complete and 0 interrupted iterations
main   [  17% ] 0002/0100 VUs  0m21.0s/2m0s  14.00 iters/s

running (0m22.0s), 0002/0100 VUs, 306 complete and 0 interrupted iterations
main   [  18% ] 0002/0100 VUs  0m22.0s/2m0s  14.00 iters/s

running (0m23.0s), 0002/0100 VUs, 320 complete and 0 interrupted iterations
main   [  19% ] 0002/0100 VUs  0m23.0s/2m0s  14.00 iters/s

running (0m24.0s), 0002/0100 VUs, 334 complete and 0 interrupted iterations
main   [  20% ] 0002/0100 VUs  0m24.0s/2m0s  14.00 iters/s

running (0m25.0s), 0003/0100 VUs, 347 complete and 0 interrupted iterations
main   [  21% ] 0003/0100 VUs  0m25.0s/2m0s  14.00 iters/s

running (0m26.0s), 0002/0100 VUs, 362 complete and 0 interrupted iterations
main   [  22% ] 0002/0100 VUs  0m26.0s/2m0s  14.00 iters/s

running (0m27.0s), 0002/0100 VUs, 376 complete and 0 interrupted iterations
main   [  22% ] 0002/0100 VUs  0m27.0s/2m0s  14.00 iters/s

running (0m28.0s), 0002/0100 VUs, 390 complete and 0 interrupted iterations
main   [  23% ] 0002/0100 VUs  0m28.0s/2m0s  14.00 iters/s

running (0m29.0s), 0002/0100 VUs, 404 complete and 0 interrupted iterations
main   [  24% ] 0002/0100 VUs  0m29.0s/2m0s  14.00 iters/s

running (0m30.0s), 0002/0100 VUs, 418 complete and 0 interrupted iterations
main   [  25% ] 0002/0100 VUs  0m30.0s/2m0s  14.00 iters/s

running (0m31.0s), 0002/0100 VUs, 432 complete and 0 interrupted iterations
main   [  26% ] 0002/0100 VUs  0m31.0s/2m0s  14.00 iters/s

running (0m32.0s), 0002/0100 VUs, 446 complete and 0 interrupted iterations
main   [  27% ] 0002/0100 VUs  0m32.0s/2m0s  14.00 iters/s

running (0m33.0s), 0002/0100 VUs, 460 complete and 0 interrupted iterations
main   [  27% ] 0002/0100 VUs  0m33.0s/2m0s  14.00 iters/s

running (0m34.0s), 0003/0100 VUs, 473 complete and 0 interrupted iterations
main   [  28% ] 0003/0100 VUs  0m34.0s/2m0s  14.00 iters/s

running (0m35.0s), 0002/0100 VUs, 488 complete and 0 interrupted iterations
main   [  29% ] 0002/0100 VUs  0m35.0s/2m0s  14.00 iters/s

running (0m36.0s), 0002/0100 VUs, 502 complete and 0 interrupted iterations
main   [  30% ] 0002/0100 VUs  0m36.0s/2m0s  14.00 iters/s

running (0m37.0s), 0002/0100 VUs, 516 complete and 0 interrupted iterations
main   [  31% ] 0002/0100 VUs  0m37.0s/2m0s  14.00 iters/s

running (0m38.0s), 0002/0100 VUs, 530 complete and 0 interrupted iterations
main   [  32% ] 0002/0100 VUs  0m38.0s/2m0s  14.00 iters/s

running (0m39.0s), 0002/0100 VUs, 544 complete and 0 interrupted iterations
main   [  32% ] 0002/0100 VUs  0m39.0s/2m0s  14.00 iters/s

running (0m40.0s), 0002/0100 VUs, 558 complete and 0 interrupted iterations
main   [  33% ] 0002/0100 VUs  0m40.0s/2m0s  14.00 iters/s

running (0m41.0s), 0002/0100 VUs, 572 complete and 0 interrupted iterations
main   [  34% ] 0002/0100 VUs  0m41.0s/2m0s  14.00 iters/s

running (0m42.0s), 0002/0100 VUs, 586 complete and 0 interrupted iterations
main   [  35% ] 0002/0100 VUs  0m42.0s/2m0s  14.00 iters/s

running (0m43.0s), 0002/0100 VUs, 600 complete and 0 interrupted iterations
main   [  36% ] 0002/0100 VUs  0m43.0s/2m0s  14.00 iters/s

running (0m44.0s), 0002/0100 VUs, 614 complete and 0 interrupted iterations
main   [  37% ] 0002/0100 VUs  0m44.0s/2m0s  14.00 iters/s

running (0m45.0s), 0003/0100 VUs, 627 complete and 0 interrupted iterations
main   [  37% ] 0003/0100 VUs  0m45.0s/2m0s  14.00 iters/s

running (0m46.0s), 0002/0100 VUs, 642 complete and 0 interrupted iterations
main   [  38% ] 0002/0100 VUs  0m46.0s/2m0s  14.00 iters/s

running (0m47.0s), 0002/0100 VUs, 656 complete and 0 interrupted iterations
main   [  39% ] 0002/0100 VUs  0m47.0s/2m0s  14.00 iters/s

running (0m48.0s), 0002/0100 VUs, 670 complete and 0 interrupted iterations
main   [  40% ] 0002/0100 VUs  0m48.0s/2m0s  14.00 iters/s

running (0m49.0s), 0002/0100 VUs, 684 complete and 0 interrupted iterations
main   [  41% ] 0002/0100 VUs  0m49.0s/2m0s  14.00 iters/s

running (0m50.0s), 0002/0100 VUs, 698 complete and 0 interrupted iterations
main   [  42% ] 0002/0100 VUs  0m50.0s/2m0s  14.00 iters/s

running (0m51.0s), 0002/0100 VUs, 712 complete and 0 interrupted iterations
main   [  42% ] 0002/0100 VUs  0m51.0s/2m0s  14.00 iters/s

running (0m52.0s), 0002/0100 VUs, 726 complete and 0 interrupted iterations
main   [  43% ] 0002/0100 VUs  0m52.0s/2m0s  14.00 iters/s

running (0m53.0s), 0002/0100 VUs, 740 complete and 0 interrupted iterations
main   [  44% ] 0002/0100 VUs  0m53.0s/2m0s  14.00 iters/s

running (0m54.0s), 0002/0100 VUs, 754 complete and 0 interrupted iterations
main   [  45% ] 0002/0100 VUs  0m54.0s/2m0s  14.00 iters/s

running (0m55.0s), 0002/0100 VUs, 768 complete and 0 interrupted iterations
main   [  46% ] 0002/0100 VUs  0m55.0s/2m0s  14.00 iters/s

running (0m56.0s), 0002/0100 VUs, 782 complete and 0 interrupted iterations
main   [  47% ] 0002/0100 VUs  0m56.0s/2m0s  14.00 iters/s

running (0m57.0s), 0002/0100 VUs, 796 complete and 0 interrupted iterations
main   [  47% ] 0002/0100 VUs  0m57.0s/2m0s  14.00 iters/s

running (0m58.0s), 0002/0100 VUs, 810 complete and 0 interrupted iterations
main   [  48% ] 0002/0100 VUs  0m58.0s/2m0s  14.00 iters/s

running (0m59.0s), 0002/0100 VUs, 824 complete and 0 interrupted iterations
main   [  49% ] 0002/0100 VUs  0m59.0s/2m0s  14.00 iters/s

running (1m00.0s), 0002/0100 VUs, 838 complete and 0 interrupted iterations
main   [  50% ] 0002/0100 VUs  1m00.0s/2m0s  14.00 iters/s

running (1m01.0s), 0002/0100 VUs, 852 complete and 0 interrupted iterations
main   [  51% ] 0002/0100 VUs  1m01.0s/2m0s  14.00 iters/s

running (1m02.0s), 0002/0100 VUs, 866 complete and 0 interrupted iterations
main   [  52% ] 0002/0100 VUs  1m02.0s/2m0s  14.00 iters/s

running (1m03.0s), 0002/0100 VUs, 880 complete and 0 interrupted iterations
main   [  52% ] 0002/0100 VUs  1m03.0s/2m0s  14.00 iters/s

running (1m04.0s), 0002/0100 VUs, 894 complete and 0 interrupted iterations
main   [  53% ] 0002/0100 VUs  1m04.0s/2m0s  14.00 iters/s

running (1m05.0s), 0003/0100 VUs, 907 complete and 0 interrupted iterations
main   [  54% ] 0003/0100 VUs  1m05.0s/2m0s  14.00 iters/s

running (1m06.0s), 0002/0100 VUs, 922 complete and 0 interrupted iterations
main   [  55% ] 0002/0100 VUs  1m06.0s/2m0s  14.00 iters/s

running (1m07.0s), 0002/0100 VUs, 936 complete and 0 interrupted iterations
main   [  56% ] 0002/0100 VUs  1m07.0s/2m0s  14.00 iters/s

running (1m08.0s), 0002/0100 VUs, 950 complete and 0 interrupted iterations
main   [  57% ] 0002/0100 VUs  1m08.0s/2m0s  14.00 iters/s

running (1m09.0s), 0002/0100 VUs, 964 complete and 0 interrupted iterations
main   [  57% ] 0002/0100 VUs  1m09.0s/2m0s  14.00 iters/s

running (1m10.0s), 0002/0100 VUs, 978 complete and 0 interrupted iterations
main   [  58% ] 0002/0100 VUs  1m10.0s/2m0s  14.00 iters/s

running (1m11.0s), 0002/0100 VUs, 992 complete and 0 interrupted iterations
main   [  59% ] 0002/0100 VUs  1m11.0s/2m0s  14.00 iters/s

running (1m12.0s), 0002/0100 VUs, 1006 complete and 0 interrupted iterations
main   [  60% ] 0002/0100 VUs  1m12.0s/2m0s  14.00 iters/s

running (1m13.0s), 0002/0100 VUs, 1020 complete and 0 interrupted iterations
main   [  61% ] 0002/0100 VUs  1m13.0s/2m0s  14.00 iters/s

running (1m14.0s), 0002/0100 VUs, 1034 complete and 0 interrupted iterations
main   [  62% ] 0002/0100 VUs  1m14.0s/2m0s  14.00 iters/s

running (1m15.0s), 0003/0100 VUs, 1047 complete and 0 interrupted iterations
main   [  62% ] 0003/0100 VUs  1m15.0s/2m0s  14.00 iters/s

running (1m16.0s), 0003/0100 VUs, 1061 complete and 0 interrupted iterations
main   [  63% ] 0003/0100 VUs  1m16.0s/2m0s  14.00 iters/s

running (1m17.0s), 0003/0100 VUs, 1075 complete and 0 interrupted iterations
main   [  64% ] 0003/0100 VUs  1m17.0s/2m0s  14.00 iters/s

running (1m18.0s), 0003/0100 VUs, 1089 complete and 0 interrupted iterations
main   [  65% ] 0003/0100 VUs  1m18.0s/2m0s  14.00 iters/s

running (1m19.0s), 0004/0100 VUs, 1102 complete and 0 interrupted iterations
main   [  66% ] 0004/0100 VUs  1m19.0s/2m0s  14.00 iters/s

running (1m20.0s), 0004/0100 VUs, 1116 complete and 0 interrupted iterations
main   [  67% ] 0004/0100 VUs  1m20.0s/2m0s  14.00 iters/s

running (1m21.0s), 0003/0100 VUs, 1131 complete and 0 interrupted iterations
main   [  67% ] 0003/0100 VUs  1m21.0s/2m0s  14.00 iters/s

running (1m22.0s), 0003/0100 VUs, 1145 complete and 0 interrupted iterations
main   [  68% ] 0003/0100 VUs  1m22.0s/2m0s  14.00 iters/s

running (1m23.0s), 0002/0100 VUs, 1160 complete and 0 interrupted iterations
main   [  69% ] 0002/0100 VUs  1m23.0s/2m0s  14.00 iters/s

running (1m24.0s), 0002/0100 VUs, 1174 complete and 0 interrupted iterations
main   [  70% ] 0002/0100 VUs  1m24.0s/2m0s  14.00 iters/s

running (1m25.0s), 0002/0100 VUs, 1188 complete and 0 interrupted iterations
main   [  71% ] 0002/0100 VUs  1m25.0s/2m0s  14.00 iters/s

running (1m26.0s), 0002/0100 VUs, 1202 complete and 0 interrupted iterations
main   [  72% ] 0002/0100 VUs  1m26.0s/2m0s  14.00 iters/s

running (1m27.0s), 0001/0100 VUs, 1217 complete and 0 interrupted iterations
main   [  72% ] 0001/0100 VUs  1m27.0s/2m0s  14.00 iters/s

running (1m28.0s), 0002/0100 VUs, 1230 complete and 0 interrupted iterations
main   [  73% ] 0002/0100 VUs  1m28.0s/2m0s  14.00 iters/s

running (1m29.0s), 0002/0100 VUs, 1244 complete and 0 interrupted iterations
main   [  74% ] 0002/0100 VUs  1m29.0s/2m0s  14.00 iters/s

running (1m30.0s), 0002/0100 VUs, 1258 complete and 0 interrupted iterations
main   [  75% ] 0002/0100 VUs  1m30.0s/2m0s  14.00 iters/s

running (1m31.0s), 0001/0100 VUs, 1273 complete and 0 interrupted iterations
main   [  76% ] 0001/0100 VUs  1m31.0s/2m0s  14.00 iters/s

running (1m32.0s), 0002/0100 VUs, 1286 complete and 0 interrupted iterations
main   [  77% ] 0002/0100 VUs  1m32.0s/2m0s  14.00 iters/s

running (1m33.0s), 0002/0100 VUs, 1300 complete and 0 interrupted iterations
main   [  77% ] 0002/0100 VUs  1m33.0s/2m0s  14.00 iters/s

running (1m34.0s), 0002/0100 VUs, 1314 complete and 0 interrupted iterations
main   [  78% ] 0002/0100 VUs  1m34.0s/2m0s  14.00 iters/s

running (1m35.0s), 0002/0100 VUs, 1328 complete and 0 interrupted iterations
main   [  79% ] 0002/0100 VUs  1m35.0s/2m0s  14.00 iters/s

running (1m36.0s), 0002/0100 VUs, 1342 complete and 0 interrupted iterations
main   [  80% ] 0002/0100 VUs  1m36.0s/2m0s  14.00 iters/s

running (1m37.0s), 0002/0100 VUs, 1356 complete and 0 interrupted iterations
main   [  81% ] 0002/0100 VUs  1m37.0s/2m0s  14.00 iters/s

running (1m38.0s), 0002/0100 VUs, 1370 complete and 0 interrupted iterations
main   [  82% ] 0002/0100 VUs  1m38.0s/2m0s  14.00 iters/s

running (1m39.0s), 0002/0100 VUs, 1384 complete and 0 interrupted iterations
main   [  82% ] 0002/0100 VUs  1m39.0s/2m0s  14.00 iters/s

running (1m40.0s), 0004/0100 VUs, 1396 complete and 0 interrupted iterations
main   [  83% ] 0004/0100 VUs  1m40.0s/2m0s  14.00 iters/s

running (1m41.0s), 0003/0100 VUs, 1411 complete and 0 interrupted iterations
main   [  84% ] 0003/0100 VUs  1m41.0s/2m0s  14.00 iters/s

running (1m42.0s), 0003/0100 VUs, 1425 complete and 0 interrupted iterations
main   [  85% ] 0003/0100 VUs  1m42.0s/2m0s  14.00 iters/s

running (1m43.0s), 0002/0100 VUs, 1440 complete and 0 interrupted iterations
main   [  86% ] 0002/0100 VUs  1m43.0s/2m0s  14.00 iters/s

running (1m44.0s), 0002/0100 VUs, 1454 complete and 0 interrupted iterations
main   [  87% ] 0002/0100 VUs  1m44.0s/2m0s  14.00 iters/s

running (1m45.0s), 0002/0100 VUs, 1468 complete and 0 interrupted iterations
main   [  87% ] 0002/0100 VUs  1m45.0s/2m0s  14.00 iters/s

running (1m46.0s), 0002/0100 VUs, 1482 complete and 0 interrupted iterations
main   [  88% ] 0002/0100 VUs  1m46.0s/2m0s  14.00 iters/s

running (1m47.0s), 0002/0100 VUs, 1496 complete and 0 interrupted iterations
main   [  89% ] 0002/0100 VUs  1m47.0s/2m0s  14.00 iters/s

running (1m48.0s), 0002/0100 VUs, 1510 complete and 0 interrupted iterations
main   [  90% ] 0002/0100 VUs  1m48.0s/2m0s  14.00 iters/s

running (1m49.0s), 0002/0100 VUs, 1524 complete and 0 interrupted iterations
main   [  91% ] 0002/0100 VUs  1m49.0s/2m0s  14.00 iters/s

running (1m50.0s), 0002/0100 VUs, 1538 complete and 0 interrupted iterations
main   [  92% ] 0002/0100 VUs  1m50.0s/2m0s  14.00 iters/s

running (1m51.0s), 0002/0100 VUs, 1552 complete and 0 interrupted iterations
main   [  92% ] 0002/0100 VUs  1m51.0s/2m0s  14.00 iters/s

running (1m52.0s), 0002/0100 VUs, 1566 complete and 0 interrupted iterations
main   [  93% ] 0002/0100 VUs  1m52.0s/2m0s  14.00 iters/s

running (1m53.0s), 0002/0100 VUs, 1580 complete and 0 interrupted iterations
main   [  94% ] 0002/0100 VUs  1m53.0s/2m0s  14.00 iters/s

running (1m54.0s), 0002/0100 VUs, 1594 complete and 0 interrupted iterations
main   [  95% ] 0002/0100 VUs  1m54.0s/2m0s  14.00 iters/s

running (1m55.0s), 0002/0100 VUs, 1608 complete and 0 interrupted iterations
main   [  96% ] 0002/0100 VUs  1m55.0s/2m0s  14.00 iters/s

running (1m56.0s), 0001/0100 VUs, 1623 complete and 0 interrupted iterations
main   [  97% ] 0001/0100 VUs  1m56.0s/2m0s  14.00 iters/s

running (1m57.0s), 0002/0100 VUs, 1636 complete and 0 interrupted iterations
main   [  97% ] 0002/0100 VUs  1m57.0s/2m0s  14.00 iters/s

running (1m58.0s), 0002/0100 VUs, 1650 complete and 0 interrupted iterations
main   [  98% ] 0002/0100 VUs  1m58.0s/2m0s  14.00 iters/s

running (1m59.0s), 0002/0100 VUs, 1664 complete and 0 interrupted iterations
main   [  99% ] 0002/0100 VUs  1m59.0s/2m0s  14.00 iters/s

running (2m00.0s), 0002/0100 VUs, 1678 complete and 0 interrupted iterations
main   [ 100% ] 0002/0100 VUs  2m00.0s/2m0s  14.00 iters/s

running (2m00.2s), 0000/0100 VUs, 1681 complete and 0 interrupted iterations
main ✓ [ 100% ] 0000/0100 VUs  2m0s  14.00 iters/s
  Repeat 1 complete. Results in results/a-par-rtt10000-r14-rep1-1781142010.json
=== Cell complete: 1 repeat(s) for a/par rtt=10000us ===

[campaign] (25) cell: b|lazy|0|20|-|N=20
=== Cell: scenario=b style=lazy rtt=0us rate=20rps duration=2m scale=full repeats=1 ===
[1/4] Setting netem delay 0us...
Removing netem qdisc on lab-mysql eth0...
Netem qdisc removed (or was not present).
Current qdisc:
time="2026-06-11T10:42:11+09:00" level=warning msg="/Users/rene/rdb-join-lab/docker-compose.yml: the attribute `version` is obsolete, it will be ignored, please remove it to avoid potential confusion"
qdisc noqueue 0: root refcnt 2 
[2/4] Warming InnoDB buffer pool...
=== Step 1: Warm-up queries (priming buffer pool, ~10% of full scale) ===
COUNT(*)
3401538
COUNT(*)
975720
COUNT(*)
8680188
COUNT(*)
10000
Warm-up queries complete.
=== Step 2: Triggering InnoDB buffer pool dump ===
time="2026-06-11T10:42:12+09:00" level=warning msg="/Users/rene/rdb-join-lab/docker-compose.yml: the attribute `version` is obsolete, it will be ignored, please remove it to avoid potential confusion"
mysql: [Warning] Using a password on the command line interface can be insecure.
Polling dump status (timeout 300s)...
  [0s] Dump status: Buffer pool(s) dump completed at 260611  1:42:14
Buffer pool dump completed.
=== Step 3: Triggering InnoDB buffer pool load ===
time="2026-06-11T10:42:12+09:00" level=warning msg="/Users/rene/rdb-join-lab/docker-compose.yml: the attribute `version` is obsolete, it will be ignored, please remove it to avoid potential confusion"
mysql: [Warning] Using a password on the command line interface can be insecure.
Polling load status (timeout 300s)...
  [0s] Load status: Loaded 151553/188400 pages
  [5s] Load status: Buffer pool(s) load completed at 260611  1:42:14
Buffer pool load completed.
=== Step 3b: Capturing post-load snapshot for warm-state gate ===
COUNT(*)
1210063
COUNT(*)
8680188
COUNT(*)
10000
Re-verification queries complete.
=== Step 4: Warm-state gate (physical reads < 0.01, post-load window) ===
  Post-load reverify window: physical reads delta: 0 / 22857 = 0.0
  (Pre-warmup baseline: 10480 / 874811441, for reference)
  Warm-state gate PASSED.
=== Step 5: ANALYZE TABLE ===
Table	Op	Msg_type	Msg_text
lab.coupon_policy	analyze	status	OK
lab.member	analyze	status	OK
lab.coupon_issue	analyze	status	OK
ANALYZE TABLE complete.
=== Step 5b: Capturing InnoDB engine status (AHI verification) ===
  InnoDB status captured: results/innodb-status-1781142140.txt
  AHI indicator: INSERT BUFFER AND ADAPTIVE HASH INDEX
0.00 hash searches/s, 29.19 non-hash searches/s
=== Step 5c: EXPLAIN Scenario B ORDER BY id ASC (filesort check) ===
  WARNING: EXPLAIN shows 'Using filesort' for Scenario B ORDER BY id ASC query.
  Expected idx_issue_member_id to cover ORDER BY — check index creation in schema.sql.
  EXPLAIN output:
1	SIMPLE	coupon_issue	NULL	ref	idx_issue_member_status,idx_issue_member_id	idx_issue_member_status	8	const	1209	100.00	Using filesort
[3/4] Dual calibration (nominal=0us)...
  [held conn] calibrate n=10000...
{
    "n": 10000,
    "min": 20,
    "p50": 40,
    "p95": 55,
    "p99": 63,
    "max": 6695
}
  [per checkout] calibrate/loaded n=10000...
{
    "n": 10000,
    "min": 22,
    "p50": 44,
    "p95": 59,
    "p99": 73,
    "max": 2362
}
Running dual calibration probe (n=10000 held + n=10000 loaded)...
=== held (pure wire RTT) ===
{
    "n": 10000,
    "min": 18,
    "p50": 42,
    "p95": 54,
    "p99": 62,
    "max": 3989
}
=== loaded (wire RTT + pool checkout) ===
{
    "n": 10000,
    "min": 21,
    "p50": 42,
    "p95": 56,
    "p99": 62,
    "max": 881
}

Appended dual record to results/calibration.jsonl: {"held": {"n": 10000, "min": 18, "p50": 42, "p95": 54, "p99": 62, "max": 3989}, "loaded": {"n": 10000, "min": 21, "p50": 42, "p95": 56, "p99": 62, "max": 881}, "timestamp": "2026-06-11T01:42:22Z", "nominal_delay_us": 0}
[4/1] Running k6 repeat 1/1 (output -> results/b-lazy-rtt0-r20-rep1-1781142142.json)...
time="2026-06-11T10:42:22+09:00" level=warning msg="/Users/rene/rdb-join-lab/docker-compose.yml: the attribute `version` is obsolete, it will be ignored, please remove it to avoid potential confusion"

         /\      Grafana   /‾‾/  
    /\  /  \     |\  __   /  /   
   /  \/    \    | |/ /  /   ‾‾\ 
  /          \   |   (  |  (‾)  |
 / __________ \  |_|\_\  \_____/ 


     execution: local
        script: /scripts/scenario.js
        output: -

     scenarios: (100.00%) 1 scenario, 1000 max VUs, 2m30s max duration (incl. graceful stop):
              * main: 20.00 iterations/s for 2m0s (maxVUs: 100-1000, gracefulStop: 30s)


running (0m01.0s), 0000/0100 VUs, 20 complete and 0 interrupted iterations
main   [   1% ] 0000/0100 VUs  0m01.0s/2m0s  20.00 iters/s

running (0m02.0s), 0000/0100 VUs, 40 complete and 0 interrupted iterations
main   [   2% ] 0000/0100 VUs  0m02.0s/2m0s  20.00 iters/s

running (0m03.0s), 0000/0100 VUs, 60 complete and 0 interrupted iterations
main   [   2% ] 0000/0100 VUs  0m03.0s/2m0s  20.00 iters/s

running (0m04.0s), 0000/0100 VUs, 80 complete and 0 interrupted iterations
main   [   3% ] 0000/0100 VUs  0m04.0s/2m0s  20.00 iters/s

running (0m05.0s), 0000/0100 VUs, 100 complete and 0 interrupted iterations
main   [   4% ] 0000/0100 VUs  0m05.0s/2m0s  20.00 iters/s

running (0m06.0s), 0000/0100 VUs, 120 complete and 0 interrupted iterations
main   [   5% ] 0000/0100 VUs  0m06.0s/2m0s  20.00 iters/s

running (0m07.0s), 0000/0100 VUs, 140 complete and 0 interrupted iterations
main   [   6% ] 0000/0100 VUs  0m07.0s/2m0s  20.00 iters/s

running (0m08.0s), 0000/0100 VUs, 160 complete and 0 interrupted iterations
main   [   7% ] 0000/0100 VUs  0m08.0s/2m0s  20.00 iters/s

running (0m09.0s), 0000/0100 VUs, 180 complete and 0 interrupted iterations
main   [   7% ] 0000/0100 VUs  0m09.0s/2m0s  20.00 iters/s

running (0m10.0s), 0000/0100 VUs, 200 complete and 0 interrupted iterations
main   [   8% ] 0000/0100 VUs  0m10.0s/2m0s  20.00 iters/s

running (0m11.0s), 0000/0100 VUs, 220 complete and 0 interrupted iterations
main   [   9% ] 0000/0100 VUs  0m11.0s/2m0s  20.00 iters/s

running (0m12.0s), 0000/0100 VUs, 240 complete and 0 interrupted iterations
main   [  10% ] 0000/0100 VUs  0m12.0s/2m0s  20.00 iters/s

running (0m13.0s), 0000/0100 VUs, 260 complete and 0 interrupted iterations
main   [  11% ] 0000/0100 VUs  0m13.0s/2m0s  20.00 iters/s

running (0m14.0s), 0000/0100 VUs, 280 complete and 0 interrupted iterations
main   [  12% ] 0000/0100 VUs  0m14.0s/2m0s  20.00 iters/s

running (0m15.0s), 0000/0100 VUs, 300 complete and 0 interrupted iterations
main   [  12% ] 0000/0100 VUs  0m15.0s/2m0s  20.00 iters/s

running (0m16.0s), 0000/0100 VUs, 320 complete and 0 interrupted iterations
main   [  13% ] 0000/0100 VUs  0m16.0s/2m0s  20.00 iters/s

running (0m17.0s), 0000/0100 VUs, 340 complete and 0 interrupted iterations
main   [  14% ] 0000/0100 VUs  0m17.0s/2m0s  20.00 iters/s

running (0m18.0s), 0000/0100 VUs, 360 complete and 0 interrupted iterations
main   [  15% ] 0000/0100 VUs  0m18.0s/2m0s  20.00 iters/s

running (0m19.0s), 0000/0100 VUs, 380 complete and 0 interrupted iterations
main   [  16% ] 0000/0100 VUs  0m19.0s/2m0s  20.00 iters/s

running (0m20.0s), 0000/0100 VUs, 400 complete and 0 interrupted iterations
main   [  17% ] 0000/0100 VUs  0m20.0s/2m0s  20.00 iters/s

running (0m21.0s), 0000/0100 VUs, 420 complete and 0 interrupted iterations
main   [  17% ] 0000/0100 VUs  0m21.0s/2m0s  20.00 iters/s

running (0m22.0s), 0000/0100 VUs, 440 complete and 0 interrupted iterations
main   [  18% ] 0000/0100 VUs  0m22.0s/2m0s  20.00 iters/s

running (0m23.0s), 0000/0100 VUs, 460 complete and 0 interrupted iterations
main   [  19% ] 0000/0100 VUs  0m23.0s/2m0s  20.00 iters/s

running (0m24.0s), 0000/0100 VUs, 480 complete and 0 interrupted iterations
main   [  20% ] 0000/0100 VUs  0m24.0s/2m0s  20.00 iters/s

running (0m25.0s), 0000/0100 VUs, 500 complete and 0 interrupted iterations
main   [  21% ] 0000/0100 VUs  0m25.0s/2m0s  20.00 iters/s

running (0m26.0s), 0000/0100 VUs, 520 complete and 0 interrupted iterations
main   [  22% ] 0000/0100 VUs  0m26.0s/2m0s  20.00 iters/s

running (0m27.0s), 0000/0100 VUs, 540 complete and 0 interrupted iterations
main   [  22% ] 0000/0100 VUs  0m27.0s/2m0s  20.00 iters/s

running (0m28.0s), 0000/0100 VUs, 560 complete and 0 interrupted iterations
main   [  23% ] 0000/0100 VUs  0m28.0s/2m0s  20.00 iters/s

running (0m29.0s), 0000/0100 VUs, 580 complete and 0 interrupted iterations
main   [  24% ] 0000/0100 VUs  0m29.0s/2m0s  20.00 iters/s

running (0m30.0s), 0000/0100 VUs, 600 complete and 0 interrupted iterations
main   [  25% ] 0000/0100 VUs  0m30.0s/2m0s  20.00 iters/s

running (0m31.0s), 0000/0100 VUs, 620 complete and 0 interrupted iterations
main   [  26% ] 0000/0100 VUs  0m31.0s/2m0s  20.00 iters/s

running (0m32.0s), 0000/0100 VUs, 640 complete and 0 interrupted iterations
main   [  27% ] 0000/0100 VUs  0m32.0s/2m0s  20.00 iters/s

running (0m33.0s), 0000/0100 VUs, 660 complete and 0 interrupted iterations
main   [  27% ] 0000/0100 VUs  0m33.0s/2m0s  20.00 iters/s

running (0m34.0s), 0000/0100 VUs, 680 complete and 0 interrupted iterations
main   [  28% ] 0000/0100 VUs  0m34.0s/2m0s  20.00 iters/s

running (0m35.0s), 0000/0100 VUs, 700 complete and 0 interrupted iterations
main   [  29% ] 0000/0100 VUs  0m35.0s/2m0s  20.00 iters/s

running (0m36.0s), 0000/0100 VUs, 720 complete and 0 interrupted iterations
main   [  30% ] 0000/0100 VUs  0m36.0s/2m0s  20.00 iters/s

running (0m37.0s), 0000/0100 VUs, 740 complete and 0 interrupted iterations
main   [  31% ] 0000/0100 VUs  0m37.0s/2m0s  20.00 iters/s

running (0m38.0s), 0000/0100 VUs, 760 complete and 0 interrupted iterations
main   [  32% ] 0000/0100 VUs  0m38.0s/2m0s  20.00 iters/s

running (0m39.0s), 0000/0100 VUs, 780 complete and 0 interrupted iterations
main   [  32% ] 0000/0100 VUs  0m39.0s/2m0s  20.00 iters/s

running (0m40.0s), 0000/0100 VUs, 800 complete and 0 interrupted iterations
main   [  33% ] 0000/0100 VUs  0m40.0s/2m0s  20.00 iters/s

running (0m41.0s), 0000/0100 VUs, 820 complete and 0 interrupted iterations
main   [  34% ] 0000/0100 VUs  0m41.0s/2m0s  20.00 iters/s

running (0m42.0s), 0000/0100 VUs, 840 complete and 0 interrupted iterations
main   [  35% ] 0000/0100 VUs  0m42.0s/2m0s  20.00 iters/s

running (0m43.0s), 0000/0100 VUs, 860 complete and 0 interrupted iterations
main   [  36% ] 0000/0100 VUs  0m43.0s/2m0s  20.00 iters/s

running (0m44.0s), 0000/0100 VUs, 880 complete and 0 interrupted iterations
main   [  37% ] 0000/0100 VUs  0m44.0s/2m0s  20.00 iters/s

running (0m45.0s), 0000/0100 VUs, 900 complete and 0 interrupted iterations
main   [  37% ] 0000/0100 VUs  0m45.0s/2m0s  20.00 iters/s

running (0m46.0s), 0000/0100 VUs, 920 complete and 0 interrupted iterations
main   [  38% ] 0000/0100 VUs  0m46.0s/2m0s  20.00 iters/s

running (0m47.0s), 0000/0100 VUs, 940 complete and 0 interrupted iterations
main   [  39% ] 0000/0100 VUs  0m47.0s/2m0s  20.00 iters/s

running (0m48.0s), 0000/0100 VUs, 960 complete and 0 interrupted iterations
main   [  40% ] 0000/0100 VUs  0m48.0s/2m0s  20.00 iters/s

running (0m49.0s), 0000/0100 VUs, 980 complete and 0 interrupted iterations
main   [  41% ] 0000/0100 VUs  0m49.0s/2m0s  20.00 iters/s

running (0m50.0s), 0000/0100 VUs, 1000 complete and 0 interrupted iterations
main   [  42% ] 0000/0100 VUs  0m50.0s/2m0s  20.00 iters/s

running (0m51.0s), 0000/0100 VUs, 1020 complete and 0 interrupted iterations
main   [  42% ] 0000/0100 VUs  0m51.0s/2m0s  20.00 iters/s

running (0m52.0s), 0000/0100 VUs, 1040 complete and 0 interrupted iterations
main   [  43% ] 0000/0100 VUs  0m52.0s/2m0s  20.00 iters/s

running (0m53.0s), 0000/0100 VUs, 1060 complete and 0 interrupted iterations
main   [  44% ] 0000/0100 VUs  0m53.0s/2m0s  20.00 iters/s

running (0m54.0s), 0000/0100 VUs, 1080 complete and 0 interrupted iterations
main   [  45% ] 0000/0100 VUs  0m54.0s/2m0s  20.00 iters/s

running (0m55.0s), 0000/0100 VUs, 1100 complete and 0 interrupted iterations
main   [  46% ] 0000/0100 VUs  0m55.0s/2m0s  20.00 iters/s

running (0m56.0s), 0000/0100 VUs, 1120 complete and 0 interrupted iterations
main   [  47% ] 0000/0100 VUs  0m56.0s/2m0s  20.00 iters/s

running (0m57.0s), 0000/0100 VUs, 1140 complete and 0 interrupted iterations
main   [  47% ] 0000/0100 VUs  0m57.0s/2m0s  20.00 iters/s

running (0m58.0s), 0000/0100 VUs, 1160 complete and 0 interrupted iterations
main   [  48% ] 0000/0100 VUs  0m58.0s/2m0s  20.00 iters/s

running (0m59.0s), 0000/0100 VUs, 1180 complete and 0 interrupted iterations
main   [  49% ] 0000/0100 VUs  0m59.0s/2m0s  20.00 iters/s

running (1m00.0s), 0000/0100 VUs, 1200 complete and 0 interrupted iterations
main   [  50% ] 0000/0100 VUs  1m00.0s/2m0s  20.00 iters/s

running (1m01.0s), 0000/0100 VUs, 1220 complete and 0 interrupted iterations
main   [  51% ] 0000/0100 VUs  1m01.0s/2m0s  20.00 iters/s

running (1m02.0s), 0000/0100 VUs, 1240 complete and 0 interrupted iterations
main   [  52% ] 0000/0100 VUs  1m02.0s/2m0s  20.00 iters/s

running (1m03.0s), 0000/0100 VUs, 1260 complete and 0 interrupted iterations
main   [  52% ] 0000/0100 VUs  1m03.0s/2m0s  20.00 iters/s

running (1m04.0s), 0000/0100 VUs, 1280 complete and 0 interrupted iterations
main   [  53% ] 0000/0100 VUs  1m04.0s/2m0s  20.00 iters/s

running (1m05.0s), 0000/0100 VUs, 1300 complete and 0 interrupted iterations
main   [  54% ] 0000/0100 VUs  1m05.0s/2m0s  20.00 iters/s

running (1m06.0s), 0000/0100 VUs, 1320 complete and 0 interrupted iterations
main   [  55% ] 0000/0100 VUs  1m06.0s/2m0s  20.00 iters/s

running (1m07.0s), 0001/0100 VUs, 1339 complete and 0 interrupted iterations
main   [  56% ] 0001/0100 VUs  1m07.0s/2m0s  20.00 iters/s

running (1m08.0s), 0000/0100 VUs, 1360 complete and 0 interrupted iterations
main   [  57% ] 0000/0100 VUs  1m08.0s/2m0s  20.00 iters/s

running (1m09.0s), 0000/0100 VUs, 1380 complete and 0 interrupted iterations
main   [  57% ] 0000/0100 VUs  1m09.0s/2m0s  20.00 iters/s

running (1m10.0s), 0000/0100 VUs, 1400 complete and 0 interrupted iterations
main   [  58% ] 0000/0100 VUs  1m10.0s/2m0s  20.00 iters/s

running (1m11.0s), 0000/0100 VUs, 1420 complete and 0 interrupted iterations
main   [  59% ] 0000/0100 VUs  1m11.0s/2m0s  20.00 iters/s

running (1m12.0s), 0000/0100 VUs, 1440 complete and 0 interrupted iterations
main   [  60% ] 0000/0100 VUs  1m12.0s/2m0s  20.00 iters/s

running (1m13.0s), 0000/0100 VUs, 1460 complete and 0 interrupted iterations
main   [  61% ] 0000/0100 VUs  1m13.0s/2m0s  20.00 iters/s

running (1m14.0s), 0000/0100 VUs, 1480 complete and 0 interrupted iterations
main   [  62% ] 0000/0100 VUs  1m14.0s/2m0s  20.00 iters/s

running (1m15.0s), 0000/0100 VUs, 1500 complete and 0 interrupted iterations
main   [  62% ] 0000/0100 VUs  1m15.0s/2m0s  20.00 iters/s

running (1m16.0s), 0000/0100 VUs, 1520 complete and 0 interrupted iterations
main   [  63% ] 0000/0100 VUs  1m16.0s/2m0s  20.00 iters/s

running (1m17.0s), 0000/0100 VUs, 1540 complete and 0 interrupted iterations
main   [  64% ] 0000/0100 VUs  1m17.0s/2m0s  20.00 iters/s

running (1m18.0s), 0000/0100 VUs, 1560 complete and 0 interrupted iterations
main   [  65% ] 0000/0100 VUs  1m18.0s/2m0s  20.00 iters/s

running (1m19.0s), 0000/0100 VUs, 1580 complete and 0 interrupted iterations
main   [  66% ] 0000/0100 VUs  1m19.0s/2m0s  20.00 iters/s

running (1m20.0s), 0000/0100 VUs, 1600 complete and 0 interrupted iterations
main   [  67% ] 0000/0100 VUs  1m20.0s/2m0s  20.00 iters/s

running (1m21.0s), 0000/0100 VUs, 1620 complete and 0 interrupted iterations
main   [  67% ] 0000/0100 VUs  1m21.0s/2m0s  20.00 iters/s

running (1m22.0s), 0000/0100 VUs, 1640 complete and 0 interrupted iterations
main   [  68% ] 0000/0100 VUs  1m22.0s/2m0s  20.00 iters/s

running (1m23.0s), 0000/0100 VUs, 1660 complete and 0 interrupted iterations
main   [  69% ] 0000/0100 VUs  1m23.0s/2m0s  20.00 iters/s

running (1m24.0s), 0000/0100 VUs, 1680 complete and 0 interrupted iterations
main   [  70% ] 0000/0100 VUs  1m24.0s/2m0s  20.00 iters/s

running (1m25.0s), 0000/0100 VUs, 1700 complete and 0 interrupted iterations
main   [  71% ] 0000/0100 VUs  1m25.0s/2m0s  20.00 iters/s

running (1m26.0s), 0000/0100 VUs, 1720 complete and 0 interrupted iterations
main   [  72% ] 0000/0100 VUs  1m26.0s/2m0s  20.00 iters/s

running (1m27.0s), 0001/0100 VUs, 1739 complete and 0 interrupted iterations
main   [  72% ] 0001/0100 VUs  1m27.0s/2m0s  20.00 iters/s

running (1m28.0s), 0000/0100 VUs, 1760 complete and 0 interrupted iterations
main   [  73% ] 0000/0100 VUs  1m28.0s/2m0s  20.00 iters/s

running (1m29.0s), 0000/0100 VUs, 1780 complete and 0 interrupted iterations
main   [  74% ] 0000/0100 VUs  1m29.0s/2m0s  20.00 iters/s

running (1m30.0s), 0000/0100 VUs, 1800 complete and 0 interrupted iterations
main   [  75% ] 0000/0100 VUs  1m30.0s/2m0s  20.00 iters/s

running (1m31.0s), 0000/0100 VUs, 1820 complete and 0 interrupted iterations
main   [  76% ] 0000/0100 VUs  1m31.0s/2m0s  20.00 iters/s

running (1m32.0s), 0000/0100 VUs, 1840 complete and 0 interrupted iterations
main   [  77% ] 0000/0100 VUs  1m32.0s/2m0s  20.00 iters/s

running (1m33.0s), 0000/0100 VUs, 1860 complete and 0 interrupted iterations
main   [  77% ] 0000/0100 VUs  1m33.0s/2m0s  20.00 iters/s

running (1m34.0s), 0000/0100 VUs, 1880 complete and 0 interrupted iterations
main   [  78% ] 0000/0100 VUs  1m34.0s/2m0s  20.00 iters/s

running (1m35.0s), 0000/0100 VUs, 1900 complete and 0 interrupted iterations
main   [  79% ] 0000/0100 VUs  1m35.0s/2m0s  20.00 iters/s

running (1m36.0s), 0000/0100 VUs, 1920 complete and 0 interrupted iterations
main   [  80% ] 0000/0100 VUs  1m36.0s/2m0s  20.00 iters/s

running (1m37.0s), 0000/0100 VUs, 1940 complete and 0 interrupted iterations
main   [  81% ] 0000/0100 VUs  1m37.0s/2m0s  20.00 iters/s

running (1m38.0s), 0000/0100 VUs, 1960 complete and 0 interrupted iterations
main   [  82% ] 0000/0100 VUs  1m38.0s/2m0s  20.00 iters/s

running (1m39.0s), 0000/0100 VUs, 1980 complete and 0 interrupted iterations
main   [  82% ] 0000/0100 VUs  1m39.0s/2m0s  20.00 iters/s

running (1m40.0s), 0000/0100 VUs, 2000 complete and 0 interrupted iterations
main   [  83% ] 0000/0100 VUs  1m40.0s/2m0s  20.00 iters/s

running (1m41.0s), 0000/0100 VUs, 2020 complete and 0 interrupted iterations
main   [  84% ] 0000/0100 VUs  1m41.0s/2m0s  20.00 iters/s

running (1m42.0s), 0000/0100 VUs, 2040 complete and 0 interrupted iterations
main   [  85% ] 0000/0100 VUs  1m42.0s/2m0s  20.00 iters/s

running (1m43.0s), 0000/0100 VUs, 2060 complete and 0 interrupted iterations
main   [  86% ] 0000/0100 VUs  1m43.0s/2m0s  20.00 iters/s

running (1m44.0s), 0000/0100 VUs, 2080 complete and 0 interrupted iterations
main   [  87% ] 0000/0100 VUs  1m44.0s/2m0s  20.00 iters/s

running (1m45.0s), 0000/0100 VUs, 2100 complete and 0 interrupted iterations
main   [  87% ] 0000/0100 VUs  1m45.0s/2m0s  20.00 iters/s

running (1m46.0s), 0000/0100 VUs, 2120 complete and 0 interrupted iterations
main   [  88% ] 0000/0100 VUs  1m46.0s/2m0s  20.00 iters/s

running (1m47.0s), 0000/0100 VUs, 2140 complete and 0 interrupted iterations
main   [  89% ] 0000/0100 VUs  1m47.0s/2m0s  20.00 iters/s

running (1m48.0s), 0000/0100 VUs, 2160 complete and 0 interrupted iterations
main   [  90% ] 0000/0100 VUs  1m48.0s/2m0s  20.00 iters/s

running (1m49.0s), 0000/0100 VUs, 2180 complete and 0 interrupted iterations
main   [  91% ] 0000/0100 VUs  1m49.0s/2m0s  20.00 iters/s

running (1m50.0s), 0000/0100 VUs, 2200 complete and 0 interrupted iterations
main   [  92% ] 0000/0100 VUs  1m50.0s/2m0s  20.00 iters/s

running (1m51.0s), 0000/0100 VUs, 2220 complete and 0 interrupted iterations
main   [  92% ] 0000/0100 VUs  1m51.0s/2m0s  20.00 iters/s

running (1m52.0s), 0000/0100 VUs, 2240 complete and 0 interrupted iterations
main   [  93% ] 0000/0100 VUs  1m52.0s/2m0s  20.00 iters/s

running (1m53.0s), 0000/0100 VUs, 2260 complete and 0 interrupted iterations
main   [  94% ] 0000/0100 VUs  1m53.0s/2m0s  20.00 iters/s

running (1m54.0s), 0000/0100 VUs, 2280 complete and 0 interrupted iterations
main   [  95% ] 0000/0100 VUs  1m54.0s/2m0s  20.00 iters/s

running (1m55.0s), 0000/0100 VUs, 2300 complete and 0 interrupted iterations
main   [  96% ] 0000/0100 VUs  1m55.0s/2m0s  20.00 iters/s

running (1m56.0s), 0000/0100 VUs, 2320 complete and 0 interrupted iterations
main   [  97% ] 0000/0100 VUs  1m56.0s/2m0s  20.00 iters/s

running (1m57.0s), 0000/0100 VUs, 2340 complete and 0 interrupted iterations
main   [  97% ] 0000/0100 VUs  1m57.0s/2m0s  20.00 iters/s

running (1m58.0s), 0000/0100 VUs, 2360 complete and 0 interrupted iterations
main   [  98% ] 0000/0100 VUs  1m58.0s/2m0s  20.00 iters/s

running (1m59.0s), 0000/0100 VUs, 2380 complete and 0 interrupted iterations
main   [  99% ] 0000/0100 VUs  1m59.0s/2m0s  20.00 iters/s

running (2m00.0s), 0000/0100 VUs, 2400 complete and 0 interrupted iterations
main   [ 100% ] 0000/0100 VUs  2m00.0s/2m0s  20.00 iters/s

running (2m00.0s), 0000/0100 VUs, 2400 complete and 0 interrupted iterations
main ✓ [ 100% ] 0000/0100 VUs  2m0s  20.00 iters/s
  Repeat 1 complete. Results in results/b-lazy-rtt0-r20-rep1-1781142142.json
=== Cell complete: 1 repeat(s) for b/lazy rtt=0us ===

[campaign] (26) cell: b|lazy-unbounded|0|20|-|N=20
=== Cell: scenario=b style=lazy-unbounded rtt=0us rate=20rps duration=2m scale=full repeats=1 ===
[1/4] Setting netem delay 0us...
Removing netem qdisc on lab-mysql eth0...
Netem qdisc removed (or was not present).
Current qdisc:
time="2026-06-11T10:44:22+09:00" level=warning msg="/Users/rene/rdb-join-lab/docker-compose.yml: the attribute `version` is obsolete, it will be ignored, please remove it to avoid potential confusion"
qdisc noqueue 0: root refcnt 2 
[2/4] Warming InnoDB buffer pool...
=== Step 1: Warm-up queries (priming buffer pool, ~10% of full scale) ===
COUNT(*)
3401538
COUNT(*)
975720
COUNT(*)
8680188
COUNT(*)
10000
Warm-up queries complete.
=== Step 2: Triggering InnoDB buffer pool dump ===
time="2026-06-11T10:44:24+09:00" level=warning msg="/Users/rene/rdb-join-lab/docker-compose.yml: the attribute `version` is obsolete, it will be ignored, please remove it to avoid potential confusion"
mysql: [Warning] Using a password on the command line interface can be insecure.
Polling dump status (timeout 300s)...
  [0s] Dump status: Buffer pool(s) dump completed at 260611  1:44:26
Buffer pool dump completed.
=== Step 3: Triggering InnoDB buffer pool load ===
time="2026-06-11T10:44:24+09:00" level=warning msg="/Users/rene/rdb-join-lab/docker-compose.yml: the attribute `version` is obsolete, it will be ignored, please remove it to avoid potential confusion"
mysql: [Warning] Using a password on the command line interface can be insecure.
Polling load status (timeout 300s)...
  [0s] Load status: Loaded 167937/188608 pages
  [5s] Load status: Buffer pool(s) load completed at 260611  1:44:26
Buffer pool load completed.
=== Step 3b: Capturing post-load snapshot for warm-state gate ===
COUNT(*)
1210063
COUNT(*)
8680188
COUNT(*)
10000
Re-verification queries complete.
=== Step 4: Warm-state gate (physical reads < 0.01, post-load window) ===
  Post-load reverify window: physical reads delta: 0 / 22857 = 0.0
  (Pre-warmup baseline: 10736 / 875073064, for reference)
  Warm-state gate PASSED.
=== Step 5: ANALYZE TABLE ===
Table	Op	Msg_type	Msg_text
lab.coupon_policy	analyze	status	OK
lab.member	analyze	status	OK
lab.coupon_issue	analyze	status	OK
ANALYZE TABLE complete.
=== Step 5b: Capturing InnoDB engine status (AHI verification) ===
  InnoDB status captured: results/innodb-status-1781142271.txt
  AHI indicator: INSERT BUFFER AND ADAPTIVE HASH INDEX
0.00 hash searches/s, 396.50 non-hash searches/s
=== Step 5c: EXPLAIN Scenario B ORDER BY id ASC (filesort check) ===
  WARNING: EXPLAIN shows 'Using filesort' for Scenario B ORDER BY id ASC query.
  Expected idx_issue_member_id to cover ORDER BY — check index creation in schema.sql.
  EXPLAIN output:
1	SIMPLE	coupon_issue	NULL	ref	idx_issue_member_status,idx_issue_member_id	idx_issue_member_status	8	const	1209	100.00	Using filesort
[3/4] Dual calibration (nominal=0us)...
  [held conn] calibrate n=10000...
{
    "n": 10000,
    "min": 18,
    "p50": 42,
    "p95": 62,
    "p99": 89,
    "max": 7721
}
  [per checkout] calibrate/loaded n=10000...
{
    "n": 10000,
    "min": 22,
    "p50": 42,
    "p95": 61,
    "p99": 74,
    "max": 14124
}
Running dual calibration probe (n=10000 held + n=10000 loaded)...
=== held (pure wire RTT) ===
{
    "n": 10000,
    "min": 17,
    "p50": 40,
    "p95": 60,
    "p99": 82,
    "max": 2460
}
=== loaded (wire RTT + pool checkout) ===
{
    "n": 10000,
    "min": 22,
    "p50": 51,
    "p95": 59,
    "p99": 70,
    "max": 2774
}

Appended dual record to results/calibration.jsonl: {"held": {"n": 10000, "min": 17, "p50": 40, "p95": 60, "p99": 82, "max": 2460}, "loaded": {"n": 10000, "min": 22, "p50": 51, "p95": 59, "p99": 70, "max": 2774}, "timestamp": "2026-06-11T01:44:33Z", "nominal_delay_us": 0}
[4/1] Running k6 repeat 1/1 (output -> results/b-lazy-unbounded-rtt0-r20-rep1-1781142273.json)...
time="2026-06-11T10:44:33+09:00" level=warning msg="/Users/rene/rdb-join-lab/docker-compose.yml: the attribute `version` is obsolete, it will be ignored, please remove it to avoid potential confusion"

         /\      Grafana   /‾‾/  
    /\  /  \     |\  __   /  /   
   /  \/    \    | |/ /  /   ‾‾\ 
  /          \   |   (  |  (‾)  |
 / __________ \  |_|\_\  \_____/ 


     execution: local
        script: /scripts/scenario.js
        output: -

     scenarios: (100.00%) 1 scenario, 1000 max VUs, 2m30s max duration (incl. graceful stop):
              * main: 20.00 iterations/s for 2m0s (maxVUs: 100-1000, gracefulStop: 30s)


running (0m01.0s), 0000/0100 VUs, 20 complete and 0 interrupted iterations
main   [   1% ] 0000/0100 VUs  0m01.0s/2m0s  20.00 iters/s

running (0m02.0s), 0000/0100 VUs, 40 complete and 0 interrupted iterations
main   [   2% ] 0000/0100 VUs  0m02.0s/2m0s  20.00 iters/s

running (0m03.0s), 0000/0100 VUs, 60 complete and 0 interrupted iterations
main   [   2% ] 0000/0100 VUs  0m03.0s/2m0s  20.00 iters/s

running (0m04.0s), 0000/0100 VUs, 80 complete and 0 interrupted iterations
main   [   3% ] 0000/0100 VUs  0m04.0s/2m0s  20.00 iters/s

running (0m05.0s), 0000/0100 VUs, 100 complete and 0 interrupted iterations
main   [   4% ] 0000/0100 VUs  0m05.0s/2m0s  20.00 iters/s

running (0m06.0s), 0000/0100 VUs, 120 complete and 0 interrupted iterations
main   [   5% ] 0000/0100 VUs  0m06.0s/2m0s  20.00 iters/s

running (0m07.0s), 0000/0100 VUs, 140 complete and 0 interrupted iterations
main   [   6% ] 0000/0100 VUs  0m07.0s/2m0s  20.00 iters/s

running (0m08.0s), 0000/0100 VUs, 160 complete and 0 interrupted iterations
main   [   7% ] 0000/0100 VUs  0m08.0s/2m0s  20.00 iters/s

running (0m09.0s), 0000/0100 VUs, 180 complete and 0 interrupted iterations
main   [   7% ] 0000/0100 VUs  0m09.0s/2m0s  20.00 iters/s

running (0m10.0s), 0000/0100 VUs, 200 complete and 0 interrupted iterations
main   [   8% ] 0000/0100 VUs  0m10.0s/2m0s  20.00 iters/s

running (0m11.0s), 0000/0100 VUs, 220 complete and 0 interrupted iterations
main   [   9% ] 0000/0100 VUs  0m11.0s/2m0s  20.00 iters/s

running (0m12.0s), 0000/0100 VUs, 240 complete and 0 interrupted iterations
main   [  10% ] 0000/0100 VUs  0m12.0s/2m0s  20.00 iters/s

running (0m13.0s), 0000/0100 VUs, 260 complete and 0 interrupted iterations
main   [  11% ] 0000/0100 VUs  0m13.0s/2m0s  20.00 iters/s

running (0m14.0s), 0000/0100 VUs, 280 complete and 0 interrupted iterations
main   [  12% ] 0000/0100 VUs  0m14.0s/2m0s  20.00 iters/s

running (0m15.0s), 0000/0100 VUs, 300 complete and 0 interrupted iterations
main   [  12% ] 0000/0100 VUs  0m15.0s/2m0s  20.00 iters/s

running (0m16.0s), 0000/0100 VUs, 320 complete and 0 interrupted iterations
main   [  13% ] 0000/0100 VUs  0m16.0s/2m0s  20.00 iters/s

running (0m17.0s), 0000/0100 VUs, 340 complete and 0 interrupted iterations
main   [  14% ] 0000/0100 VUs  0m17.0s/2m0s  20.00 iters/s

running (0m18.0s), 0000/0100 VUs, 360 complete and 0 interrupted iterations
main   [  15% ] 0000/0100 VUs  0m18.0s/2m0s  20.00 iters/s

running (0m19.0s), 0000/0100 VUs, 380 complete and 0 interrupted iterations
main   [  16% ] 0000/0100 VUs  0m19.0s/2m0s  20.00 iters/s

running (0m20.0s), 0000/0100 VUs, 400 complete and 0 interrupted iterations
main   [  17% ] 0000/0100 VUs  0m20.0s/2m0s  20.00 iters/s

running (0m21.0s), 0000/0100 VUs, 420 complete and 0 interrupted iterations
main   [  17% ] 0000/0100 VUs  0m21.0s/2m0s  20.00 iters/s

running (0m22.0s), 0000/0100 VUs, 440 complete and 0 interrupted iterations
main   [  18% ] 0000/0100 VUs  0m22.0s/2m0s  20.00 iters/s

running (0m23.0s), 0000/0100 VUs, 460 complete and 0 interrupted iterations
main   [  19% ] 0000/0100 VUs  0m23.0s/2m0s  20.00 iters/s

running (0m24.0s), 0000/0100 VUs, 480 complete and 0 interrupted iterations
main   [  20% ] 0000/0100 VUs  0m24.0s/2m0s  20.00 iters/s

running (0m25.0s), 0000/0100 VUs, 500 complete and 0 interrupted iterations
main   [  21% ] 0000/0100 VUs  0m25.0s/2m0s  20.00 iters/s

running (0m26.0s), 0000/0100 VUs, 520 complete and 0 interrupted iterations
main   [  22% ] 0000/0100 VUs  0m26.0s/2m0s  20.00 iters/s

running (0m27.0s), 0000/0100 VUs, 540 complete and 0 interrupted iterations
main   [  22% ] 0000/0100 VUs  0m27.0s/2m0s  20.00 iters/s

running (0m28.0s), 0000/0100 VUs, 560 complete and 0 interrupted iterations
main   [  23% ] 0000/0100 VUs  0m28.0s/2m0s  20.00 iters/s

running (0m29.0s), 0000/0100 VUs, 580 complete and 0 interrupted iterations
main   [  24% ] 0000/0100 VUs  0m29.0s/2m0s  20.00 iters/s

running (0m30.0s), 0000/0100 VUs, 600 complete and 0 interrupted iterations
main   [  25% ] 0000/0100 VUs  0m30.0s/2m0s  20.00 iters/s

running (0m31.0s), 0000/0100 VUs, 620 complete and 0 interrupted iterations
main   [  26% ] 0000/0100 VUs  0m31.0s/2m0s  20.00 iters/s

running (0m32.0s), 0000/0100 VUs, 640 complete and 0 interrupted iterations
main   [  27% ] 0000/0100 VUs  0m32.0s/2m0s  20.00 iters/s

running (0m33.0s), 0000/0100 VUs, 660 complete and 0 interrupted iterations
main   [  27% ] 0000/0100 VUs  0m33.0s/2m0s  20.00 iters/s

running (0m34.0s), 0000/0100 VUs, 680 complete and 0 interrupted iterations
main   [  28% ] 0000/0100 VUs  0m34.0s/2m0s  20.00 iters/s

running (0m35.0s), 0000/0100 VUs, 700 complete and 0 interrupted iterations
main   [  29% ] 0000/0100 VUs  0m35.0s/2m0s  20.00 iters/s

running (0m36.0s), 0000/0100 VUs, 720 complete and 0 interrupted iterations
main   [  30% ] 0000/0100 VUs  0m36.0s/2m0s  20.00 iters/s

running (0m37.0s), 0000/0100 VUs, 740 complete and 0 interrupted iterations
main   [  31% ] 0000/0100 VUs  0m37.0s/2m0s  20.00 iters/s

running (0m38.0s), 0000/0100 VUs, 760 complete and 0 interrupted iterations
main   [  32% ] 0000/0100 VUs  0m38.0s/2m0s  20.00 iters/s

running (0m39.0s), 0000/0100 VUs, 780 complete and 0 interrupted iterations
main   [  32% ] 0000/0100 VUs  0m39.0s/2m0s  20.00 iters/s

running (0m40.0s), 0000/0100 VUs, 800 complete and 0 interrupted iterations
main   [  33% ] 0000/0100 VUs  0m40.0s/2m0s  20.00 iters/s

running (0m41.0s), 0000/0100 VUs, 820 complete and 0 interrupted iterations
main   [  34% ] 0000/0100 VUs  0m41.0s/2m0s  20.00 iters/s

running (0m42.0s), 0000/0100 VUs, 840 complete and 0 interrupted iterations
main   [  35% ] 0000/0100 VUs  0m42.0s/2m0s  20.00 iters/s

running (0m43.0s), 0000/0100 VUs, 860 complete and 0 interrupted iterations
main   [  36% ] 0000/0100 VUs  0m43.0s/2m0s  20.00 iters/s

running (0m44.0s), 0000/0100 VUs, 880 complete and 0 interrupted iterations
main   [  37% ] 0000/0100 VUs  0m44.0s/2m0s  20.00 iters/s

running (0m45.0s), 0000/0100 VUs, 900 complete and 0 interrupted iterations
main   [  37% ] 0000/0100 VUs  0m45.0s/2m0s  20.00 iters/s

running (0m46.0s), 0000/0100 VUs, 920 complete and 0 interrupted iterations
main   [  38% ] 0000/0100 VUs  0m46.0s/2m0s  20.00 iters/s

running (0m47.0s), 0000/0100 VUs, 940 complete and 0 interrupted iterations
main   [  39% ] 0000/0100 VUs  0m47.0s/2m0s  20.00 iters/s

running (0m48.0s), 0000/0100 VUs, 960 complete and 0 interrupted iterations
main   [  40% ] 0000/0100 VUs  0m48.0s/2m0s  20.00 iters/s

running (0m49.0s), 0000/0100 VUs, 980 complete and 0 interrupted iterations
main   [  41% ] 0000/0100 VUs  0m49.0s/2m0s  20.00 iters/s

running (0m50.0s), 0000/0100 VUs, 1000 complete and 0 interrupted iterations
main   [  42% ] 0000/0100 VUs  0m50.0s/2m0s  20.00 iters/s

running (0m51.0s), 0000/0100 VUs, 1020 complete and 0 interrupted iterations
main   [  42% ] 0000/0100 VUs  0m51.0s/2m0s  20.00 iters/s

running (0m52.0s), 0000/0100 VUs, 1040 complete and 0 interrupted iterations
main   [  43% ] 0000/0100 VUs  0m52.0s/2m0s  20.00 iters/s

running (0m53.0s), 0000/0100 VUs, 1060 complete and 0 interrupted iterations
main   [  44% ] 0000/0100 VUs  0m53.0s/2m0s  20.00 iters/s

running (0m54.0s), 0000/0100 VUs, 1080 complete and 0 interrupted iterations
main   [  45% ] 0000/0100 VUs  0m54.0s/2m0s  20.00 iters/s

running (0m55.0s), 0000/0100 VUs, 1100 complete and 0 interrupted iterations
main   [  46% ] 0000/0100 VUs  0m55.0s/2m0s  20.00 iters/s

running (0m56.0s), 0000/0100 VUs, 1120 complete and 0 interrupted iterations
main   [  47% ] 0000/0100 VUs  0m56.0s/2m0s  20.00 iters/s

running (0m57.0s), 0000/0100 VUs, 1140 complete and 0 interrupted iterations
main   [  47% ] 0000/0100 VUs  0m57.0s/2m0s  20.00 iters/s

running (0m58.0s), 0000/0100 VUs, 1160 complete and 0 interrupted iterations
main   [  48% ] 0000/0100 VUs  0m58.0s/2m0s  20.00 iters/s

running (0m59.0s), 0000/0100 VUs, 1180 complete and 0 interrupted iterations
main   [  49% ] 0000/0100 VUs  0m59.0s/2m0s  20.00 iters/s

running (1m00.0s), 0000/0100 VUs, 1200 complete and 0 interrupted iterations
main   [  50% ] 0000/0100 VUs  1m00.0s/2m0s  20.00 iters/s

running (1m01.0s), 0000/0100 VUs, 1220 complete and 0 interrupted iterations
main   [  51% ] 0000/0100 VUs  1m01.0s/2m0s  20.00 iters/s

running (1m02.0s), 0000/0100 VUs, 1240 complete and 0 interrupted iterations
main   [  52% ] 0000/0100 VUs  1m02.0s/2m0s  20.00 iters/s

running (1m03.0s), 0000/0100 VUs, 1260 complete and 0 interrupted iterations
main   [  52% ] 0000/0100 VUs  1m03.0s/2m0s  20.00 iters/s

running (1m04.0s), 0000/0100 VUs, 1280 complete and 0 interrupted iterations
main   [  53% ] 0000/0100 VUs  1m04.0s/2m0s  20.00 iters/s

running (1m05.0s), 0000/0100 VUs, 1300 complete and 0 interrupted iterations
main   [  54% ] 0000/0100 VUs  1m05.0s/2m0s  20.00 iters/s

running (1m06.0s), 0000/0100 VUs, 1320 complete and 0 interrupted iterations
main   [  55% ] 0000/0100 VUs  1m06.0s/2m0s  20.00 iters/s

running (1m07.0s), 0000/0100 VUs, 1340 complete and 0 interrupted iterations
main   [  56% ] 0000/0100 VUs  1m07.0s/2m0s  20.00 iters/s

running (1m08.0s), 0000/0100 VUs, 1360 complete and 0 interrupted iterations
main   [  57% ] 0000/0100 VUs  1m08.0s/2m0s  20.00 iters/s

running (1m09.0s), 0000/0100 VUs, 1380 complete and 0 interrupted iterations
main   [  57% ] 0000/0100 VUs  1m09.0s/2m0s  20.00 iters/s

running (1m10.0s), 0000/0100 VUs, 1400 complete and 0 interrupted iterations
main   [  58% ] 0000/0100 VUs  1m10.0s/2m0s  20.00 iters/s

running (1m11.0s), 0000/0100 VUs, 1420 complete and 0 interrupted iterations
main   [  59% ] 0000/0100 VUs  1m11.0s/2m0s  20.00 iters/s

running (1m12.0s), 0000/0100 VUs, 1440 complete and 0 interrupted iterations
main   [  60% ] 0000/0100 VUs  1m12.0s/2m0s  20.00 iters/s

running (1m13.0s), 0000/0100 VUs, 1460 complete and 0 interrupted iterations
main   [  61% ] 0000/0100 VUs  1m13.0s/2m0s  20.00 iters/s

running (1m14.0s), 0000/0100 VUs, 1480 complete and 0 interrupted iterations
main   [  62% ] 0000/0100 VUs  1m14.0s/2m0s  20.00 iters/s

running (1m15.0s), 0000/0100 VUs, 1500 complete and 0 interrupted iterations
main   [  62% ] 0000/0100 VUs  1m15.0s/2m0s  20.00 iters/s

running (1m16.0s), 0000/0100 VUs, 1520 complete and 0 interrupted iterations
main   [  63% ] 0000/0100 VUs  1m16.0s/2m0s  20.00 iters/s

running (1m17.0s), 0000/0100 VUs, 1540 complete and 0 interrupted iterations
main   [  64% ] 0000/0100 VUs  1m17.0s/2m0s  20.00 iters/s

running (1m18.0s), 0001/0100 VUs, 1559 complete and 0 interrupted iterations
main   [  65% ] 0001/0100 VUs  1m18.0s/2m0s  20.00 iters/s

running (1m19.0s), 0000/0100 VUs, 1580 complete and 0 interrupted iterations
main   [  66% ] 0000/0100 VUs  1m19.0s/2m0s  20.00 iters/s

running (1m20.0s), 0000/0100 VUs, 1600 complete and 0 interrupted iterations
main   [  67% ] 0000/0100 VUs  1m20.0s/2m0s  20.00 iters/s

running (1m21.0s), 0000/0100 VUs, 1620 complete and 0 interrupted iterations
main   [  67% ] 0000/0100 VUs  1m21.0s/2m0s  20.00 iters/s

running (1m22.0s), 0000/0100 VUs, 1640 complete and 0 interrupted iterations
main   [  68% ] 0000/0100 VUs  1m22.0s/2m0s  20.00 iters/s

running (1m23.0s), 0000/0100 VUs, 1660 complete and 0 interrupted iterations
main   [  69% ] 0000/0100 VUs  1m23.0s/2m0s  20.00 iters/s

running (1m24.0s), 0000/0100 VUs, 1680 complete and 0 interrupted iterations
main   [  70% ] 0000/0100 VUs  1m24.0s/2m0s  20.00 iters/s

running (1m25.0s), 0000/0100 VUs, 1700 complete and 0 interrupted iterations
main   [  71% ] 0000/0100 VUs  1m25.0s/2m0s  20.00 iters/s

running (1m26.0s), 0000/0100 VUs, 1720 complete and 0 interrupted iterations
main   [  72% ] 0000/0100 VUs  1m26.0s/2m0s  20.00 iters/s

running (1m27.0s), 0000/0100 VUs, 1740 complete and 0 interrupted iterations
main   [  72% ] 0000/0100 VUs  1m27.0s/2m0s  20.00 iters/s

running (1m28.0s), 0000/0100 VUs, 1760 complete and 0 interrupted iterations
main   [  73% ] 0000/0100 VUs  1m28.0s/2m0s  20.00 iters/s

running (1m29.0s), 0000/0100 VUs, 1780 complete and 0 interrupted iterations
main   [  74% ] 0000/0100 VUs  1m29.0s/2m0s  20.00 iters/s

running (1m30.0s), 0000/0100 VUs, 1800 complete and 0 interrupted iterations
main   [  75% ] 0000/0100 VUs  1m30.0s/2m0s  20.00 iters/s

running (1m31.0s), 0000/0100 VUs, 1820 complete and 0 interrupted iterations
main   [  76% ] 0000/0100 VUs  1m31.0s/2m0s  20.00 iters/s

running (1m32.0s), 0000/0100 VUs, 1840 complete and 0 interrupted iterations
main   [  77% ] 0000/0100 VUs  1m32.0s/2m0s  20.00 iters/s

running (1m33.0s), 0000/0100 VUs, 1860 complete and 0 interrupted iterations
main   [  77% ] 0000/0100 VUs  1m33.0s/2m0s  20.00 iters/s

running (1m34.0s), 0000/0100 VUs, 1880 complete and 0 interrupted iterations
main   [  78% ] 0000/0100 VUs  1m34.0s/2m0s  20.00 iters/s

running (1m35.0s), 0000/0100 VUs, 1900 complete and 0 interrupted iterations
main   [  79% ] 0000/0100 VUs  1m35.0s/2m0s  20.00 iters/s

running (1m36.0s), 0000/0100 VUs, 1920 complete and 0 interrupted iterations
main   [  80% ] 0000/0100 VUs  1m36.0s/2m0s  20.00 iters/s

running (1m37.0s), 0000/0100 VUs, 1940 complete and 0 interrupted iterations
main   [  81% ] 0000/0100 VUs  1m37.0s/2m0s  20.00 iters/s

running (1m38.0s), 0000/0100 VUs, 1960 complete and 0 interrupted iterations
main   [  82% ] 0000/0100 VUs  1m38.0s/2m0s  20.00 iters/s

running (1m39.0s), 0000/0100 VUs, 1980 complete and 0 interrupted iterations
main   [  82% ] 0000/0100 VUs  1m39.0s/2m0s  20.00 iters/s

running (1m40.0s), 0000/0100 VUs, 2000 complete and 0 interrupted iterations
main   [  83% ] 0000/0100 VUs  1m40.0s/2m0s  20.00 iters/s

running (1m41.0s), 0000/0100 VUs, 2020 complete and 0 interrupted iterations
main   [  84% ] 0000/0100 VUs  1m41.0s/2m0s  20.00 iters/s

running (1m42.0s), 0000/0100 VUs, 2040 complete and 0 interrupted iterations
main   [  85% ] 0000/0100 VUs  1m42.0s/2m0s  20.00 iters/s

running (1m43.0s), 0000/0100 VUs, 2060 complete and 0 interrupted iterations
main   [  86% ] 0000/0100 VUs  1m43.0s/2m0s  20.00 iters/s

running (1m44.0s), 0000/0100 VUs, 2080 complete and 0 interrupted iterations
main   [  87% ] 0000/0100 VUs  1m44.0s/2m0s  20.00 iters/s

running (1m45.0s), 0000/0100 VUs, 2100 complete and 0 interrupted iterations
main   [  87% ] 0000/0100 VUs  1m45.0s/2m0s  20.00 iters/s

running (1m46.0s), 0000/0100 VUs, 2120 complete and 0 interrupted iterations
main   [  88% ] 0000/0100 VUs  1m46.0s/2m0s  20.00 iters/s

running (1m47.0s), 0000/0100 VUs, 2140 complete and 0 interrupted iterations
main   [  89% ] 0000/0100 VUs  1m47.0s/2m0s  20.00 iters/s

running (1m48.0s), 0000/0100 VUs, 2160 complete and 0 interrupted iterations
main   [  90% ] 0000/0100 VUs  1m48.0s/2m0s  20.00 iters/s

running (1m49.0s), 0000/0100 VUs, 2180 complete and 0 interrupted iterations
main   [  91% ] 0000/0100 VUs  1m49.0s/2m0s  20.00 iters/s

running (1m50.0s), 0000/0100 VUs, 2200 complete and 0 interrupted iterations
main   [  92% ] 0000/0100 VUs  1m50.0s/2m0s  20.00 iters/s

running (1m51.0s), 0000/0100 VUs, 2220 complete and 0 interrupted iterations
main   [  92% ] 0000/0100 VUs  1m51.0s/2m0s  20.00 iters/s

running (1m52.0s), 0000/0100 VUs, 2240 complete and 0 interrupted iterations
main   [  93% ] 0000/0100 VUs  1m52.0s/2m0s  20.00 iters/s

running (1m53.0s), 0000/0100 VUs, 2260 complete and 0 interrupted iterations
main   [  94% ] 0000/0100 VUs  1m53.0s/2m0s  20.00 iters/s

running (1m54.0s), 0000/0100 VUs, 2280 complete and 0 interrupted iterations
main   [  95% ] 0000/0100 VUs  1m54.0s/2m0s  20.00 iters/s

running (1m55.0s), 0000/0100 VUs, 2300 complete and 0 interrupted iterations
main   [  96% ] 0000/0100 VUs  1m55.0s/2m0s  20.00 iters/s

running (1m56.0s), 0000/0100 VUs, 2320 complete and 0 interrupted iterations
main   [  97% ] 0000/0100 VUs  1m56.0s/2m0s  20.00 iters/s

running (1m57.0s), 0000/0100 VUs, 2340 complete and 0 interrupted iterations
main   [  97% ] 0000/0100 VUs  1m57.0s/2m0s  20.00 iters/s

running (1m58.0s), 0000/0100 VUs, 2360 complete and 0 interrupted iterations
main   [  98% ] 0000/0100 VUs  1m58.0s/2m0s  20.00 iters/s

running (1m59.0s), 0000/0100 VUs, 2380 complete and 0 interrupted iterations
main   [  99% ] 0000/0100 VUs  1m59.0s/2m0s  20.00 iters/s

running (2m00.0s), 0000/0100 VUs, 2400 complete and 0 interrupted iterations
main   [ 100% ] 0000/0100 VUs  2m00.0s/2m0s  20.00 iters/s

running (2m00.0s), 0000/0100 VUs, 2401 complete and 0 interrupted iterations
main ✓ [ 100% ] 0000/0100 VUs  2m0s  20.00 iters/s
  Repeat 1 complete. Results in results/b-lazy-unbounded-rtt0-r20-rep1-1781142273.json
=== Cell complete: 1 repeat(s) for b/lazy-unbounded rtt=0us ===

[campaign] (27) cell: b|joinfetch|0|20|-|N=20
=== Cell: scenario=b style=joinfetch rtt=0us rate=20rps duration=2m scale=full repeats=1 ===
[1/4] Setting netem delay 0us...
Removing netem qdisc on lab-mysql eth0...
Netem qdisc removed (or was not present).
Current qdisc:
time="2026-06-11T10:46:34+09:00" level=warning msg="/Users/rene/rdb-join-lab/docker-compose.yml: the attribute `version` is obsolete, it will be ignored, please remove it to avoid potential confusion"
qdisc noqueue 0: root refcnt 2 
[2/4] Warming InnoDB buffer pool...
=== Step 1: Warm-up queries (priming buffer pool, ~10% of full scale) ===
COUNT(*)
3401538
COUNT(*)
975720
COUNT(*)
8680188
COUNT(*)
10000
Warm-up queries complete.
=== Step 2: Triggering InnoDB buffer pool dump ===
time="2026-06-11T10:46:35+09:00" level=warning msg="/Users/rene/rdb-join-lab/docker-compose.yml: the attribute `version` is obsolete, it will be ignored, please remove it to avoid potential confusion"
mysql: [Warning] Using a password on the command line interface can be insecure.
Polling dump status (timeout 300s)...
  [0s] Dump status: Buffer pool(s) dump completed at 260611  1:46:37
Buffer pool dump completed.
=== Step 3: Triggering InnoDB buffer pool load ===
time="2026-06-11T10:46:35+09:00" level=warning msg="/Users/rene/rdb-join-lab/docker-compose.yml: the attribute `version` is obsolete, it will be ignored, please remove it to avoid potential confusion"
mysql: [Warning] Using a password on the command line interface can be insecure.
Polling load status (timeout 300s)...
  [0s] Load status: Loaded 172033/188637 pages
  [5s] Load status: Buffer pool(s) load completed at 260611  1:46:37
Buffer pool load completed.
=== Step 3b: Capturing post-load snapshot for warm-state gate ===
COUNT(*)
1210063
COUNT(*)
8680188
COUNT(*)
10000
Re-verification queries complete.
=== Step 4: Warm-state gate (physical reads < 0.01, post-load window) ===
  Post-load reverify window: physical reads delta: 0 / 22857 = 0.0
  (Pre-warmup baseline: 11031 / 875345515, for reference)
  Warm-state gate PASSED.
=== Step 5: ANALYZE TABLE ===
Table	Op	Msg_type	Msg_text
lab.coupon_policy	analyze	status	OK
lab.member	analyze	status	OK
lab.coupon_issue	analyze	status	OK
ANALYZE TABLE complete.
=== Step 5b: Capturing InnoDB engine status (AHI verification) ===
  InnoDB status captured: results/innodb-status-1781142402.txt
  AHI indicator: INSERT BUFFER AND ADAPTIVE HASH INDEX
0.00 hash searches/s, 386.39 non-hash searches/s
=== Step 5c: EXPLAIN Scenario B ORDER BY id ASC (filesort check) ===
  WARNING: EXPLAIN shows 'Using filesort' for Scenario B ORDER BY id ASC query.
  Expected idx_issue_member_id to cover ORDER BY — check index creation in schema.sql.
  EXPLAIN output:
1	SIMPLE	coupon_issue	NULL	ref	idx_issue_member_status,idx_issue_member_id	idx_issue_member_status	8	const	1209	100.00	Using filesort
[3/4] Dual calibration (nominal=0us)...
  [held conn] calibrate n=10000...
{
    "n": 10000,
    "min": 20,
    "p50": 51,
    "p95": 65,
    "p99": 102,
    "max": 13223
}
  [per checkout] calibrate/loaded n=10000...
{
    "n": 10000,
    "min": 21,
    "p50": 54,
    "p95": 60,
    "p99": 70,
    "max": 2404
}
Running dual calibration probe (n=10000 held + n=10000 loaded)...
=== held (pure wire RTT) ===
{
    "n": 10000,
    "min": 23,
    "p50": 51,
    "p95": 58,
    "p99": 66,
    "max": 2040
}
=== loaded (wire RTT + pool checkout) ===
{
    "n": 10000,
    "min": 24,
    "p50": 54,
    "p95": 66,
    "p99": 77,
    "max": 3172
}

Appended dual record to results/calibration.jsonl: {"held": {"n": 10000, "min": 23, "p50": 51, "p95": 58, "p99": 66, "max": 2040}, "loaded": {"n": 10000, "min": 24, "p50": 54, "p95": 66, "p99": 77, "max": 3172}, "timestamp": "2026-06-11T01:46:44Z", "nominal_delay_us": 0}
[4/1] Running k6 repeat 1/1 (output -> results/b-joinfetch-rtt0-r20-rep1-1781142404.json)...
time="2026-06-11T10:46:44+09:00" level=warning msg="/Users/rene/rdb-join-lab/docker-compose.yml: the attribute `version` is obsolete, it will be ignored, please remove it to avoid potential confusion"

         /\      Grafana   /‾‾/  
    /\  /  \     |\  __   /  /   
   /  \/    \    | |/ /  /   ‾‾\ 
  /          \   |   (  |  (‾)  |
 / __________ \  |_|\_\  \_____/ 


     execution: local
        script: /scripts/scenario.js
        output: -

     scenarios: (100.00%) 1 scenario, 1000 max VUs, 2m30s max duration (incl. graceful stop):
              * main: 20.00 iterations/s for 2m0s (maxVUs: 100-1000, gracefulStop: 30s)


running (0m01.0s), 0000/0100 VUs, 20 complete and 0 interrupted iterations
main   [   1% ] 0000/0100 VUs  0m01.0s/2m0s  20.00 iters/s

running (0m02.0s), 0000/0100 VUs, 40 complete and 0 interrupted iterations
main   [   2% ] 0000/0100 VUs  0m02.0s/2m0s  20.00 iters/s

running (0m03.0s), 0000/0100 VUs, 60 complete and 0 interrupted iterations
main   [   2% ] 0000/0100 VUs  0m03.0s/2m0s  20.00 iters/s

running (0m04.0s), 0000/0100 VUs, 80 complete and 0 interrupted iterations
main   [   3% ] 0000/0100 VUs  0m04.0s/2m0s  20.00 iters/s

running (0m05.0s), 0000/0100 VUs, 100 complete and 0 interrupted iterations
main   [   4% ] 0000/0100 VUs  0m05.0s/2m0s  20.00 iters/s

running (0m06.0s), 0000/0100 VUs, 120 complete and 0 interrupted iterations
main   [   5% ] 0000/0100 VUs  0m06.0s/2m0s  20.00 iters/s

running (0m07.0s), 0000/0100 VUs, 140 complete and 0 interrupted iterations
main   [   6% ] 0000/0100 VUs  0m07.0s/2m0s  20.00 iters/s

running (0m08.0s), 0000/0100 VUs, 160 complete and 0 interrupted iterations
main   [   7% ] 0000/0100 VUs  0m08.0s/2m0s  20.00 iters/s

running (0m09.0s), 0000/0100 VUs, 180 complete and 0 interrupted iterations
main   [   7% ] 0000/0100 VUs  0m09.0s/2m0s  20.00 iters/s

running (0m10.0s), 0000/0100 VUs, 200 complete and 0 interrupted iterations
main   [   8% ] 0000/0100 VUs  0m10.0s/2m0s  20.00 iters/s

running (0m11.0s), 0000/0100 VUs, 220 complete and 0 interrupted iterations
main   [   9% ] 0000/0100 VUs  0m11.0s/2m0s  20.00 iters/s

running (0m12.0s), 0000/0100 VUs, 240 complete and 0 interrupted iterations
main   [  10% ] 0000/0100 VUs  0m12.0s/2m0s  20.00 iters/s

running (0m13.0s), 0000/0100 VUs, 260 complete and 0 interrupted iterations
main   [  11% ] 0000/0100 VUs  0m13.0s/2m0s  20.00 iters/s

running (0m14.0s), 0000/0100 VUs, 280 complete and 0 interrupted iterations
main   [  12% ] 0000/0100 VUs  0m14.0s/2m0s  20.00 iters/s

running (0m15.0s), 0000/0100 VUs, 300 complete and 0 interrupted iterations
main   [  12% ] 0000/0100 VUs  0m15.0s/2m0s  20.00 iters/s

running (0m16.0s), 0000/0100 VUs, 320 complete and 0 interrupted iterations
main   [  13% ] 0000/0100 VUs  0m16.0s/2m0s  20.00 iters/s

running (0m17.0s), 0000/0100 VUs, 340 complete and 0 interrupted iterations
main   [  14% ] 0000/0100 VUs  0m17.0s/2m0s  20.00 iters/s

running (0m18.0s), 0000/0100 VUs, 360 complete and 0 interrupted iterations
main   [  15% ] 0000/0100 VUs  0m18.0s/2m0s  20.00 iters/s

running (0m19.0s), 0000/0100 VUs, 380 complete and 0 interrupted iterations
main   [  16% ] 0000/0100 VUs  0m19.0s/2m0s  20.00 iters/s

running (0m20.0s), 0000/0100 VUs, 400 complete and 0 interrupted iterations
main   [  17% ] 0000/0100 VUs  0m20.0s/2m0s  20.00 iters/s

running (0m21.0s), 0000/0100 VUs, 420 complete and 0 interrupted iterations
main   [  17% ] 0000/0100 VUs  0m21.0s/2m0s  20.00 iters/s

running (0m22.0s), 0000/0100 VUs, 440 complete and 0 interrupted iterations
main   [  18% ] 0000/0100 VUs  0m22.0s/2m0s  20.00 iters/s

running (0m23.0s), 0000/0100 VUs, 460 complete and 0 interrupted iterations
main   [  19% ] 0000/0100 VUs  0m23.0s/2m0s  20.00 iters/s

running (0m24.0s), 0000/0100 VUs, 480 complete and 0 interrupted iterations
main   [  20% ] 0000/0100 VUs  0m24.0s/2m0s  20.00 iters/s

running (0m25.0s), 0000/0100 VUs, 500 complete and 0 interrupted iterations
main   [  21% ] 0000/0100 VUs  0m25.0s/2m0s  20.00 iters/s

running (0m26.0s), 0000/0100 VUs, 520 complete and 0 interrupted iterations
main   [  22% ] 0000/0100 VUs  0m26.0s/2m0s  20.00 iters/s

running (0m27.0s), 0000/0100 VUs, 540 complete and 0 interrupted iterations
main   [  22% ] 0000/0100 VUs  0m27.0s/2m0s  20.00 iters/s

running (0m28.0s), 0000/0100 VUs, 560 complete and 0 interrupted iterations
main   [  23% ] 0000/0100 VUs  0m28.0s/2m0s  20.00 iters/s

running (0m29.0s), 0000/0100 VUs, 580 complete and 0 interrupted iterations
main   [  24% ] 0000/0100 VUs  0m29.0s/2m0s  20.00 iters/s

running (0m30.0s), 0000/0100 VUs, 600 complete and 0 interrupted iterations
main   [  25% ] 0000/0100 VUs  0m30.0s/2m0s  20.00 iters/s

running (0m31.0s), 0000/0100 VUs, 620 complete and 0 interrupted iterations
main   [  26% ] 0000/0100 VUs  0m31.0s/2m0s  20.00 iters/s

running (0m32.0s), 0000/0100 VUs, 640 complete and 0 interrupted iterations
main   [  27% ] 0000/0100 VUs  0m32.0s/2m0s  20.00 iters/s

running (0m33.0s), 0000/0100 VUs, 660 complete and 0 interrupted iterations
main   [  27% ] 0000/0100 VUs  0m33.0s/2m0s  20.00 iters/s

running (0m34.0s), 0000/0100 VUs, 680 complete and 0 interrupted iterations
main   [  28% ] 0000/0100 VUs  0m34.0s/2m0s  20.00 iters/s

running (0m35.0s), 0000/0100 VUs, 700 complete and 0 interrupted iterations
main   [  29% ] 0000/0100 VUs  0m35.0s/2m0s  20.00 iters/s

running (0m36.0s), 0000/0100 VUs, 720 complete and 0 interrupted iterations
main   [  30% ] 0000/0100 VUs  0m36.0s/2m0s  20.00 iters/s

running (0m37.0s), 0000/0100 VUs, 740 complete and 0 interrupted iterations
main   [  31% ] 0000/0100 VUs  0m37.0s/2m0s  20.00 iters/s

running (0m38.0s), 0000/0100 VUs, 760 complete and 0 interrupted iterations
main   [  32% ] 0000/0100 VUs  0m38.0s/2m0s  20.00 iters/s

running (0m39.0s), 0000/0100 VUs, 780 complete and 0 interrupted iterations
main   [  32% ] 0000/0100 VUs  0m39.0s/2m0s  20.00 iters/s

running (0m40.0s), 0000/0100 VUs, 800 complete and 0 interrupted iterations
main   [  33% ] 0000/0100 VUs  0m40.0s/2m0s  20.00 iters/s

running (0m41.0s), 0000/0100 VUs, 820 complete and 0 interrupted iterations
main   [  34% ] 0000/0100 VUs  0m41.0s/2m0s  20.00 iters/s

running (0m42.0s), 0000/0100 VUs, 840 complete and 0 interrupted iterations
main   [  35% ] 0000/0100 VUs  0m42.0s/2m0s  20.00 iters/s

running (0m43.0s), 0000/0100 VUs, 860 complete and 0 interrupted iterations
main   [  36% ] 0000/0100 VUs  0m43.0s/2m0s  20.00 iters/s

running (0m44.0s), 0000/0100 VUs, 880 complete and 0 interrupted iterations
main   [  37% ] 0000/0100 VUs  0m44.0s/2m0s  20.00 iters/s

running (0m45.0s), 0000/0100 VUs, 900 complete and 0 interrupted iterations
main   [  37% ] 0000/0100 VUs  0m45.0s/2m0s  20.00 iters/s

running (0m46.0s), 0000/0100 VUs, 920 complete and 0 interrupted iterations
main   [  38% ] 0000/0100 VUs  0m46.0s/2m0s  20.00 iters/s

running (0m47.0s), 0000/0100 VUs, 940 complete and 0 interrupted iterations
main   [  39% ] 0000/0100 VUs  0m47.0s/2m0s  20.00 iters/s

running (0m48.0s), 0000/0100 VUs, 960 complete and 0 interrupted iterations
main   [  40% ] 0000/0100 VUs  0m48.0s/2m0s  20.00 iters/s

running (0m49.0s), 0000/0100 VUs, 980 complete and 0 interrupted iterations
main   [  41% ] 0000/0100 VUs  0m49.0s/2m0s  20.00 iters/s

running (0m50.0s), 0000/0100 VUs, 1000 complete and 0 interrupted iterations
main   [  42% ] 0000/0100 VUs  0m50.0s/2m0s  20.00 iters/s

running (0m51.0s), 0000/0100 VUs, 1020 complete and 0 interrupted iterations
main   [  42% ] 0000/0100 VUs  0m51.0s/2m0s  20.00 iters/s

running (0m52.0s), 0000/0100 VUs, 1040 complete and 0 interrupted iterations
main   [  43% ] 0000/0100 VUs  0m52.0s/2m0s  20.00 iters/s

running (0m53.0s), 0000/0100 VUs, 1060 complete and 0 interrupted iterations
main   [  44% ] 0000/0100 VUs  0m53.0s/2m0s  20.00 iters/s

running (0m54.0s), 0000/0100 VUs, 1080 complete and 0 interrupted iterations
main   [  45% ] 0000/0100 VUs  0m54.0s/2m0s  20.00 iters/s

running (0m55.0s), 0000/0100 VUs, 1100 complete and 0 interrupted iterations
main   [  46% ] 0000/0100 VUs  0m55.0s/2m0s  20.00 iters/s

running (0m56.0s), 0000/0100 VUs, 1120 complete and 0 interrupted iterations
main   [  47% ] 0000/0100 VUs  0m56.0s/2m0s  20.00 iters/s

running (0m57.0s), 0000/0100 VUs, 1140 complete and 0 interrupted iterations
main   [  47% ] 0000/0100 VUs  0m57.0s/2m0s  20.00 iters/s

running (0m58.0s), 0000/0100 VUs, 1160 complete and 0 interrupted iterations
main   [  48% ] 0000/0100 VUs  0m58.0s/2m0s  20.00 iters/s

running (0m59.0s), 0000/0100 VUs, 1180 complete and 0 interrupted iterations
main   [  49% ] 0000/0100 VUs  0m59.0s/2m0s  20.00 iters/s

running (1m00.0s), 0000/0100 VUs, 1200 complete and 0 interrupted iterations
main   [  50% ] 0000/0100 VUs  1m00.0s/2m0s  20.00 iters/s

running (1m01.0s), 0000/0100 VUs, 1220 complete and 0 interrupted iterations
main   [  51% ] 0000/0100 VUs  1m01.0s/2m0s  20.00 iters/s

running (1m02.0s), 0000/0100 VUs, 1240 complete and 0 interrupted iterations
main   [  52% ] 0000/0100 VUs  1m02.0s/2m0s  20.00 iters/s

running (1m03.0s), 0000/0100 VUs, 1260 complete and 0 interrupted iterations
main   [  52% ] 0000/0100 VUs  1m03.0s/2m0s  20.00 iters/s

running (1m04.0s), 0000/0100 VUs, 1280 complete and 0 interrupted iterations
main   [  53% ] 0000/0100 VUs  1m04.0s/2m0s  20.00 iters/s

running (1m05.0s), 0000/0100 VUs, 1300 complete and 0 interrupted iterations
main   [  54% ] 0000/0100 VUs  1m05.0s/2m0s  20.00 iters/s

running (1m06.0s), 0000/0100 VUs, 1320 complete and 0 interrupted iterations
main   [  55% ] 0000/0100 VUs  1m06.0s/2m0s  20.00 iters/s

running (1m07.0s), 0000/0100 VUs, 1340 complete and 0 interrupted iterations
main   [  56% ] 0000/0100 VUs  1m07.0s/2m0s  20.00 iters/s

running (1m08.0s), 0000/0100 VUs, 1360 complete and 0 interrupted iterations
main   [  57% ] 0000/0100 VUs  1m08.0s/2m0s  20.00 iters/s

running (1m09.0s), 0000/0100 VUs, 1380 complete and 0 interrupted iterations
main   [  57% ] 0000/0100 VUs  1m09.0s/2m0s  20.00 iters/s

running (1m10.0s), 0000/0100 VUs, 1400 complete and 0 interrupted iterations
main   [  58% ] 0000/0100 VUs  1m10.0s/2m0s  20.00 iters/s

running (1m11.0s), 0000/0100 VUs, 1420 complete and 0 interrupted iterations
main   [  59% ] 0000/0100 VUs  1m11.0s/2m0s  20.00 iters/s

running (1m12.0s), 0000/0100 VUs, 1440 complete and 0 interrupted iterations
main   [  60% ] 0000/0100 VUs  1m12.0s/2m0s  20.00 iters/s

running (1m13.0s), 0000/0100 VUs, 1460 complete and 0 interrupted iterations
main   [  61% ] 0000/0100 VUs  1m13.0s/2m0s  20.00 iters/s

running (1m14.0s), 0000/0100 VUs, 1480 complete and 0 interrupted iterations
main   [  62% ] 0000/0100 VUs  1m14.0s/2m0s  20.00 iters/s

running (1m15.0s), 0000/0100 VUs, 1500 complete and 0 interrupted iterations
main   [  62% ] 0000/0100 VUs  1m15.0s/2m0s  20.00 iters/s

running (1m16.0s), 0000/0100 VUs, 1520 complete and 0 interrupted iterations
main   [  63% ] 0000/0100 VUs  1m16.0s/2m0s  20.00 iters/s

running (1m17.0s), 0000/0100 VUs, 1540 complete and 0 interrupted iterations
main   [  64% ] 0000/0100 VUs  1m17.0s/2m0s  20.00 iters/s

running (1m18.0s), 0000/0100 VUs, 1560 complete and 0 interrupted iterations
main   [  65% ] 0000/0100 VUs  1m18.0s/2m0s  20.00 iters/s

running (1m19.0s), 0000/0100 VUs, 1580 complete and 0 interrupted iterations
main   [  66% ] 0000/0100 VUs  1m19.0s/2m0s  20.00 iters/s

running (1m20.0s), 0000/0100 VUs, 1600 complete and 0 interrupted iterations
main   [  67% ] 0000/0100 VUs  1m20.0s/2m0s  20.00 iters/s

running (1m21.0s), 0000/0100 VUs, 1620 complete and 0 interrupted iterations
main   [  67% ] 0000/0100 VUs  1m21.0s/2m0s  20.00 iters/s

running (1m22.0s), 0000/0100 VUs, 1640 complete and 0 interrupted iterations
main   [  68% ] 0000/0100 VUs  1m22.0s/2m0s  20.00 iters/s

running (1m23.0s), 0000/0100 VUs, 1660 complete and 0 interrupted iterations
main   [  69% ] 0000/0100 VUs  1m23.0s/2m0s  20.00 iters/s

running (1m24.0s), 0000/0100 VUs, 1680 complete and 0 interrupted iterations
main   [  70% ] 0000/0100 VUs  1m24.0s/2m0s  20.00 iters/s

running (1m25.0s), 0000/0100 VUs, 1700 complete and 0 interrupted iterations
main   [  71% ] 0000/0100 VUs  1m25.0s/2m0s  20.00 iters/s

running (1m26.0s), 0000/0100 VUs, 1720 complete and 0 interrupted iterations
main   [  72% ] 0000/0100 VUs  1m26.0s/2m0s  20.00 iters/s

running (1m27.0s), 0000/0100 VUs, 1740 complete and 0 interrupted iterations
main   [  72% ] 0000/0100 VUs  1m27.0s/2m0s  20.00 iters/s

running (1m28.0s), 0000/0100 VUs, 1760 complete and 0 interrupted iterations
main   [  73% ] 0000/0100 VUs  1m28.0s/2m0s  20.00 iters/s

running (1m29.0s), 0000/0100 VUs, 1780 complete and 0 interrupted iterations
main   [  74% ] 0000/0100 VUs  1m29.0s/2m0s  20.00 iters/s

running (1m30.0s), 0000/0100 VUs, 1800 complete and 0 interrupted iterations
main   [  75% ] 0000/0100 VUs  1m30.0s/2m0s  20.00 iters/s

running (1m31.0s), 0000/0100 VUs, 1820 complete and 0 interrupted iterations
main   [  76% ] 0000/0100 VUs  1m31.0s/2m0s  20.00 iters/s

running (1m32.0s), 0000/0100 VUs, 1840 complete and 0 interrupted iterations
main   [  77% ] 0000/0100 VUs  1m32.0s/2m0s  20.00 iters/s

running (1m33.0s), 0000/0100 VUs, 1860 complete and 0 interrupted iterations
main   [  77% ] 0000/0100 VUs  1m33.0s/2m0s  20.00 iters/s

running (1m34.0s), 0000/0100 VUs, 1880 complete and 0 interrupted iterations
main   [  78% ] 0000/0100 VUs  1m34.0s/2m0s  20.00 iters/s

running (1m35.0s), 0000/0100 VUs, 1900 complete and 0 interrupted iterations
main   [  79% ] 0000/0100 VUs  1m35.0s/2m0s  20.00 iters/s

running (1m36.0s), 0000/0100 VUs, 1920 complete and 0 interrupted iterations
main   [  80% ] 0000/0100 VUs  1m36.0s/2m0s  20.00 iters/s

running (1m37.0s), 0000/0100 VUs, 1940 complete and 0 interrupted iterations
main   [  81% ] 0000/0100 VUs  1m37.0s/2m0s  20.00 iters/s

running (1m38.0s), 0000/0100 VUs, 1960 complete and 0 interrupted iterations
main   [  82% ] 0000/0100 VUs  1m38.0s/2m0s  20.00 iters/s

running (1m39.0s), 0000/0100 VUs, 1980 complete and 0 interrupted iterations
main   [  82% ] 0000/0100 VUs  1m39.0s/2m0s  20.00 iters/s

running (1m40.0s), 0000/0100 VUs, 2000 complete and 0 interrupted iterations
main   [  83% ] 0000/0100 VUs  1m40.0s/2m0s  20.00 iters/s

running (1m41.0s), 0000/0100 VUs, 2020 complete and 0 interrupted iterations
main   [  84% ] 0000/0100 VUs  1m41.0s/2m0s  20.00 iters/s

running (1m42.0s), 0000/0100 VUs, 2040 complete and 0 interrupted iterations
main   [  85% ] 0000/0100 VUs  1m42.0s/2m0s  20.00 iters/s

running (1m43.0s), 0000/0100 VUs, 2060 complete and 0 interrupted iterations
main   [  86% ] 0000/0100 VUs  1m43.0s/2m0s  20.00 iters/s

running (1m44.0s), 0000/0100 VUs, 2080 complete and 0 interrupted iterations
main   [  87% ] 0000/0100 VUs  1m44.0s/2m0s  20.00 iters/s

running (1m45.0s), 0000/0100 VUs, 2100 complete and 0 interrupted iterations
main   [  87% ] 0000/0100 VUs  1m45.0s/2m0s  20.00 iters/s

running (1m46.0s), 0000/0100 VUs, 2120 complete and 0 interrupted iterations
main   [  88% ] 0000/0100 VUs  1m46.0s/2m0s  20.00 iters/s

running (1m47.0s), 0000/0100 VUs, 2140 complete and 0 interrupted iterations
main   [  89% ] 0000/0100 VUs  1m47.0s/2m0s  20.00 iters/s

running (1m48.0s), 0000/0100 VUs, 2160 complete and 0 interrupted iterations
main   [  90% ] 0000/0100 VUs  1m48.0s/2m0s  20.00 iters/s

running (1m49.0s), 0000/0100 VUs, 2180 complete and 0 interrupted iterations
main   [  91% ] 0000/0100 VUs  1m49.0s/2m0s  20.00 iters/s

running (1m50.0s), 0000/0100 VUs, 2200 complete and 0 interrupted iterations
main   [  92% ] 0000/0100 VUs  1m50.0s/2m0s  20.00 iters/s

running (1m51.0s), 0000/0100 VUs, 2220 complete and 0 interrupted iterations
main   [  92% ] 0000/0100 VUs  1m51.0s/2m0s  20.00 iters/s

running (1m52.0s), 0000/0100 VUs, 2240 complete and 0 interrupted iterations
main   [  93% ] 0000/0100 VUs  1m52.0s/2m0s  20.00 iters/s

running (1m53.0s), 0000/0100 VUs, 2260 complete and 0 interrupted iterations
main   [  94% ] 0000/0100 VUs  1m53.0s/2m0s  20.00 iters/s

running (1m54.0s), 0000/0100 VUs, 2280 complete and 0 interrupted iterations
main   [  95% ] 0000/0100 VUs  1m54.0s/2m0s  20.00 iters/s

running (1m55.0s), 0000/0100 VUs, 2300 complete and 0 interrupted iterations
main   [  96% ] 0000/0100 VUs  1m55.0s/2m0s  20.00 iters/s

running (1m56.0s), 0000/0100 VUs, 2320 complete and 0 interrupted iterations
main   [  97% ] 0000/0100 VUs  1m56.0s/2m0s  20.00 iters/s

running (1m57.0s), 0000/0100 VUs, 2340 complete and 0 interrupted iterations
main   [  97% ] 0000/0100 VUs  1m57.0s/2m0s  20.00 iters/s

running (1m58.0s), 0000/0100 VUs, 2360 complete and 0 interrupted iterations
main   [  98% ] 0000/0100 VUs  1m58.0s/2m0s  20.00 iters/s

running (1m59.0s), 0000/0100 VUs, 2380 complete and 0 interrupted iterations
main   [  99% ] 0000/0100 VUs  1m59.0s/2m0s  20.00 iters/s

running (2m00.0s), 0000/0100 VUs, 2400 complete and 0 interrupted iterations
main   [ 100% ] 0000/0100 VUs  2m00.0s/2m0s  20.00 iters/s

running (2m00.0s), 0000/0100 VUs, 2400 complete and 0 interrupted iterations
main ✓ [ 100% ] 0000/0100 VUs  2m0s  20.00 iters/s
  Repeat 1 complete. Results in results/b-joinfetch-rtt0-r20-rep1-1781142404.json
=== Cell complete: 1 repeat(s) for b/joinfetch rtt=0us ===

[campaign] (28) cell: b|byid|0|20|-|N=20
=== Cell: scenario=b style=byid rtt=0us rate=20rps duration=2m scale=full repeats=1 ===
[1/4] Setting netem delay 0us...
Removing netem qdisc on lab-mysql eth0...
Netem qdisc removed (or was not present).
Current qdisc:
time="2026-06-11T10:48:45+09:00" level=warning msg="/Users/rene/rdb-join-lab/docker-compose.yml: the attribute `version` is obsolete, it will be ignored, please remove it to avoid potential confusion"
qdisc noqueue 0: root refcnt 2 
[2/4] Warming InnoDB buffer pool...
=== Step 1: Warm-up queries (priming buffer pool, ~10% of full scale) ===
COUNT(*)
3401538
COUNT(*)
975720
COUNT(*)
8680188
COUNT(*)
10000
Warm-up queries complete.
=== Step 2: Triggering InnoDB buffer pool dump ===
time="2026-06-11T10:48:47+09:00" level=warning msg="/Users/rene/rdb-join-lab/docker-compose.yml: the attribute `version` is obsolete, it will be ignored, please remove it to avoid potential confusion"
mysql: [Warning] Using a password on the command line interface can be insecure.
Polling dump status (timeout 300s)...
  [0s] Dump status: Buffer pool(s) dump completed at 260611  1:48:49
Buffer pool dump completed.
=== Step 3: Triggering InnoDB buffer pool load ===
time="2026-06-11T10:48:47+09:00" level=warning msg="/Users/rene/rdb-join-lab/docker-compose.yml: the attribute `version` is obsolete, it will be ignored, please remove it to avoid potential confusion"
mysql: [Warning] Using a password on the command line interface can be insecure.
Polling load status (timeout 300s)...
  [0s] Load status: Loaded 178177/188599 pages
  [5s] Load status: Buffer pool(s) load completed at 260611  1:48:49
Buffer pool load completed.
=== Step 3b: Capturing post-load snapshot for warm-state gate ===
COUNT(*)
1210063
COUNT(*)
8680188
COUNT(*)
10000
Re-verification queries complete.
=== Step 4: Warm-state gate (physical reads < 0.01, post-load window) ===
  Post-load reverify window: physical reads delta: 0 / 22857 = 0.0
  (Pre-warmup baseline: 11280 / 875603469, for reference)
  Warm-state gate PASSED.
=== Step 5: ANALYZE TABLE ===
Table	Op	Msg_type	Msg_text
lab.coupon_policy	analyze	status	OK
lab.member	analyze	status	OK
lab.coupon_issue	analyze	status	OK
ANALYZE TABLE complete.
=== Step 5b: Capturing InnoDB engine status (AHI verification) ===
  InnoDB status captured: results/innodb-status-1781142533.txt
  AHI indicator: INSERT BUFFER AND ADAPTIVE HASH INDEX
0.00 hash searches/s, 399.04 non-hash searches/s
=== Step 5c: EXPLAIN Scenario B ORDER BY id ASC (filesort check) ===
  WARNING: EXPLAIN shows 'Using filesort' for Scenario B ORDER BY id ASC query.
  Expected idx_issue_member_id to cover ORDER BY — check index creation in schema.sql.
  EXPLAIN output:
1	SIMPLE	coupon_issue	NULL	ref	idx_issue_member_status,idx_issue_member_id	idx_issue_member_status	8	const	1209	100.00	Using filesort
[3/4] Dual calibration (nominal=0us)...
  [held conn] calibrate n=10000...
{
    "n": 10000,
    "min": 21,
    "p50": 44,
    "p95": 64,
    "p99": 102,
    "max": 6393
}
  [per checkout] calibrate/loaded n=10000...
{
    "n": 10000,
    "min": 22,
    "p50": 42,
    "p95": 59,
    "p99": 72,
    "max": 14511
}
Running dual calibration probe (n=10000 held + n=10000 loaded)...
=== held (pure wire RTT) ===
{
    "n": 10000,
    "min": 20,
    "p50": 41,
    "p95": 57,
    "p99": 70,
    "max": 1118
}
=== loaded (wire RTT + pool checkout) ===
{
    "n": 10000,
    "min": 22,
    "p50": 42,
    "p95": 59,
    "p99": 75,
    "max": 3360
}

Appended dual record to results/calibration.jsonl: {"held": {"n": 10000, "min": 20, "p50": 41, "p95": 57, "p99": 70, "max": 1118}, "loaded": {"n": 10000, "min": 22, "p50": 42, "p95": 59, "p99": 75, "max": 3360}, "timestamp": "2026-06-11T01:48:55Z", "nominal_delay_us": 0}
[4/1] Running k6 repeat 1/1 (output -> results/b-byid-rtt0-r20-rep1-1781142535.json)...
time="2026-06-11T10:48:56+09:00" level=warning msg="/Users/rene/rdb-join-lab/docker-compose.yml: the attribute `version` is obsolete, it will be ignored, please remove it to avoid potential confusion"

         /\      Grafana   /‾‾/  
    /\  /  \     |\  __   /  /   
   /  \/    \    | |/ /  /   ‾‾\ 
  /          \   |   (  |  (‾)  |
 / __________ \  |_|\_\  \_____/ 


     execution: local
        script: /scripts/scenario.js
        output: -

     scenarios: (100.00%) 1 scenario, 1000 max VUs, 2m30s max duration (incl. graceful stop):
              * main: 20.00 iterations/s for 2m0s (maxVUs: 100-1000, gracefulStop: 30s)


running (0m01.0s), 0000/0100 VUs, 20 complete and 0 interrupted iterations
main   [   1% ] 0000/0100 VUs  0m01.0s/2m0s  20.00 iters/s

running (0m02.0s), 0000/0100 VUs, 40 complete and 0 interrupted iterations
main   [   2% ] 0000/0100 VUs  0m02.0s/2m0s  20.00 iters/s

running (0m03.0s), 0000/0100 VUs, 60 complete and 0 interrupted iterations
main   [   2% ] 0000/0100 VUs  0m03.0s/2m0s  20.00 iters/s

running (0m04.0s), 0000/0100 VUs, 80 complete and 0 interrupted iterations
main   [   3% ] 0000/0100 VUs  0m04.0s/2m0s  20.00 iters/s

running (0m05.0s), 0000/0100 VUs, 100 complete and 0 interrupted iterations
main   [   4% ] 0000/0100 VUs  0m05.0s/2m0s  20.00 iters/s

running (0m06.0s), 0000/0100 VUs, 120 complete and 0 interrupted iterations
main   [   5% ] 0000/0100 VUs  0m06.0s/2m0s  20.00 iters/s

running (0m07.0s), 0000/0100 VUs, 140 complete and 0 interrupted iterations
main   [   6% ] 0000/0100 VUs  0m07.0s/2m0s  20.00 iters/s

running (0m08.0s), 0000/0100 VUs, 160 complete and 0 interrupted iterations
main   [   7% ] 0000/0100 VUs  0m08.0s/2m0s  20.00 iters/s

running (0m09.0s), 0000/0100 VUs, 180 complete and 0 interrupted iterations
main   [   7% ] 0000/0100 VUs  0m09.0s/2m0s  20.00 iters/s

running (0m10.0s), 0000/0100 VUs, 200 complete and 0 interrupted iterations
main   [   8% ] 0000/0100 VUs  0m10.0s/2m0s  20.00 iters/s

running (0m11.0s), 0000/0100 VUs, 220 complete and 0 interrupted iterations
main   [   9% ] 0000/0100 VUs  0m11.0s/2m0s  20.00 iters/s

running (0m12.0s), 0000/0100 VUs, 240 complete and 0 interrupted iterations
main   [  10% ] 0000/0100 VUs  0m12.0s/2m0s  20.00 iters/s

running (0m13.0s), 0000/0100 VUs, 260 complete and 0 interrupted iterations
main   [  11% ] 0000/0100 VUs  0m13.0s/2m0s  20.00 iters/s

running (0m14.0s), 0000/0100 VUs, 280 complete and 0 interrupted iterations
main   [  12% ] 0000/0100 VUs  0m14.0s/2m0s  20.00 iters/s

running (0m15.0s), 0000/0100 VUs, 300 complete and 0 interrupted iterations
main   [  12% ] 0000/0100 VUs  0m15.0s/2m0s  20.00 iters/s

running (0m16.0s), 0000/0100 VUs, 320 complete and 0 interrupted iterations
main   [  13% ] 0000/0100 VUs  0m16.0s/2m0s  20.00 iters/s

running (0m17.0s), 0000/0100 VUs, 340 complete and 0 interrupted iterations
main   [  14% ] 0000/0100 VUs  0m17.0s/2m0s  20.00 iters/s

running (0m18.0s), 0000/0100 VUs, 360 complete and 0 interrupted iterations
main   [  15% ] 0000/0100 VUs  0m18.0s/2m0s  20.00 iters/s

running (0m19.0s), 0000/0100 VUs, 380 complete and 0 interrupted iterations
main   [  16% ] 0000/0100 VUs  0m19.0s/2m0s  20.00 iters/s

running (0m20.0s), 0000/0100 VUs, 400 complete and 0 interrupted iterations
main   [  17% ] 0000/0100 VUs  0m20.0s/2m0s  20.00 iters/s

running (0m21.0s), 0000/0100 VUs, 420 complete and 0 interrupted iterations
main   [  17% ] 0000/0100 VUs  0m21.0s/2m0s  20.00 iters/s

running (0m22.0s), 0000/0100 VUs, 440 complete and 0 interrupted iterations
main   [  18% ] 0000/0100 VUs  0m22.0s/2m0s  20.00 iters/s

running (0m23.0s), 0000/0100 VUs, 460 complete and 0 interrupted iterations
main   [  19% ] 0000/0100 VUs  0m23.0s/2m0s  20.00 iters/s

running (0m24.0s), 0000/0100 VUs, 480 complete and 0 interrupted iterations
main   [  20% ] 0000/0100 VUs  0m24.0s/2m0s  20.00 iters/s

running (0m25.0s), 0000/0100 VUs, 500 complete and 0 interrupted iterations
main   [  21% ] 0000/0100 VUs  0m25.0s/2m0s  20.00 iters/s

running (0m26.0s), 0000/0100 VUs, 520 complete and 0 interrupted iterations
main   [  22% ] 0000/0100 VUs  0m26.0s/2m0s  20.00 iters/s

running (0m27.0s), 0000/0100 VUs, 540 complete and 0 interrupted iterations
main   [  22% ] 0000/0100 VUs  0m27.0s/2m0s  20.00 iters/s

running (0m28.0s), 0000/0100 VUs, 560 complete and 0 interrupted iterations
main   [  23% ] 0000/0100 VUs  0m28.0s/2m0s  20.00 iters/s

running (0m29.0s), 0000/0100 VUs, 580 complete and 0 interrupted iterations
main   [  24% ] 0000/0100 VUs  0m29.0s/2m0s  20.00 iters/s

running (0m30.0s), 0000/0100 VUs, 600 complete and 0 interrupted iterations
main   [  25% ] 0000/0100 VUs  0m30.0s/2m0s  20.00 iters/s

running (0m31.0s), 0000/0100 VUs, 620 complete and 0 interrupted iterations
main   [  26% ] 0000/0100 VUs  0m31.0s/2m0s  20.00 iters/s

running (0m32.0s), 0000/0100 VUs, 640 complete and 0 interrupted iterations
main   [  27% ] 0000/0100 VUs  0m32.0s/2m0s  20.00 iters/s

running (0m33.0s), 0000/0100 VUs, 660 complete and 0 interrupted iterations
main   [  27% ] 0000/0100 VUs  0m33.0s/2m0s  20.00 iters/s

running (0m34.0s), 0000/0100 VUs, 680 complete and 0 interrupted iterations
main   [  28% ] 0000/0100 VUs  0m34.0s/2m0s  20.00 iters/s

running (0m35.0s), 0000/0100 VUs, 700 complete and 0 interrupted iterations
main   [  29% ] 0000/0100 VUs  0m35.0s/2m0s  20.00 iters/s

running (0m36.0s), 0000/0100 VUs, 720 complete and 0 interrupted iterations
main   [  30% ] 0000/0100 VUs  0m36.0s/2m0s  20.00 iters/s

running (0m37.0s), 0000/0100 VUs, 740 complete and 0 interrupted iterations
main   [  31% ] 0000/0100 VUs  0m37.0s/2m0s  20.00 iters/s

running (0m38.0s), 0000/0100 VUs, 760 complete and 0 interrupted iterations
main   [  32% ] 0000/0100 VUs  0m38.0s/2m0s  20.00 iters/s

running (0m39.0s), 0000/0100 VUs, 780 complete and 0 interrupted iterations
main   [  32% ] 0000/0100 VUs  0m39.0s/2m0s  20.00 iters/s

running (0m40.0s), 0000/0100 VUs, 800 complete and 0 interrupted iterations
main   [  33% ] 0000/0100 VUs  0m40.0s/2m0s  20.00 iters/s

running (0m41.0s), 0000/0100 VUs, 820 complete and 0 interrupted iterations
main   [  34% ] 0000/0100 VUs  0m41.0s/2m0s  20.00 iters/s

running (0m42.0s), 0000/0100 VUs, 840 complete and 0 interrupted iterations
main   [  35% ] 0000/0100 VUs  0m42.0s/2m0s  20.00 iters/s

running (0m43.0s), 0000/0100 VUs, 860 complete and 0 interrupted iterations
main   [  36% ] 0000/0100 VUs  0m43.0s/2m0s  20.00 iters/s

running (0m44.0s), 0000/0100 VUs, 880 complete and 0 interrupted iterations
main   [  37% ] 0000/0100 VUs  0m44.0s/2m0s  20.00 iters/s

running (0m45.0s), 0000/0100 VUs, 900 complete and 0 interrupted iterations
main   [  37% ] 0000/0100 VUs  0m45.0s/2m0s  20.00 iters/s

running (0m46.0s), 0000/0100 VUs, 920 complete and 0 interrupted iterations
main   [  38% ] 0000/0100 VUs  0m46.0s/2m0s  20.00 iters/s

running (0m47.0s), 0000/0100 VUs, 940 complete and 0 interrupted iterations
main   [  39% ] 0000/0100 VUs  0m47.0s/2m0s  20.00 iters/s

running (0m48.0s), 0000/0100 VUs, 960 complete and 0 interrupted iterations
main   [  40% ] 0000/0100 VUs  0m48.0s/2m0s  20.00 iters/s

running (0m49.0s), 0000/0100 VUs, 980 complete and 0 interrupted iterations
main   [  41% ] 0000/0100 VUs  0m49.0s/2m0s  20.00 iters/s

running (0m50.0s), 0000/0100 VUs, 1000 complete and 0 interrupted iterations
main   [  42% ] 0000/0100 VUs  0m50.0s/2m0s  20.00 iters/s

running (0m51.0s), 0000/0100 VUs, 1020 complete and 0 interrupted iterations
main   [  42% ] 0000/0100 VUs  0m51.0s/2m0s  20.00 iters/s

running (0m52.0s), 0000/0100 VUs, 1040 complete and 0 interrupted iterations
main   [  43% ] 0000/0100 VUs  0m52.0s/2m0s  20.00 iters/s

running (0m53.0s), 0000/0100 VUs, 1060 complete and 0 interrupted iterations
main   [  44% ] 0000/0100 VUs  0m53.0s/2m0s  20.00 iters/s

running (0m54.0s), 0000/0100 VUs, 1080 complete and 0 interrupted iterations
main   [  45% ] 0000/0100 VUs  0m54.0s/2m0s  20.00 iters/s

running (0m55.0s), 0000/0100 VUs, 1100 complete and 0 interrupted iterations
main   [  46% ] 0000/0100 VUs  0m55.0s/2m0s  20.00 iters/s

running (0m56.0s), 0000/0100 VUs, 1120 complete and 0 interrupted iterations
main   [  47% ] 0000/0100 VUs  0m56.0s/2m0s  20.00 iters/s

running (0m57.0s), 0000/0100 VUs, 1140 complete and 0 interrupted iterations
main   [  47% ] 0000/0100 VUs  0m57.0s/2m0s  20.00 iters/s

running (0m58.0s), 0000/0100 VUs, 1160 complete and 0 interrupted iterations
main   [  48% ] 0000/0100 VUs  0m58.0s/2m0s  20.00 iters/s

running (0m59.0s), 0000/0100 VUs, 1180 complete and 0 interrupted iterations
main   [  49% ] 0000/0100 VUs  0m59.0s/2m0s  20.00 iters/s

running (1m00.0s), 0000/0100 VUs, 1200 complete and 0 interrupted iterations
main   [  50% ] 0000/0100 VUs  1m00.0s/2m0s  20.00 iters/s

running (1m01.0s), 0000/0100 VUs, 1220 complete and 0 interrupted iterations
main   [  51% ] 0000/0100 VUs  1m01.0s/2m0s  20.00 iters/s

running (1m02.0s), 0000/0100 VUs, 1240 complete and 0 interrupted iterations
main   [  52% ] 0000/0100 VUs  1m02.0s/2m0s  20.00 iters/s

running (1m03.0s), 0000/0100 VUs, 1260 complete and 0 interrupted iterations
main   [  52% ] 0000/0100 VUs  1m03.0s/2m0s  20.00 iters/s

running (1m04.0s), 0000/0100 VUs, 1280 complete and 0 interrupted iterations
main   [  53% ] 0000/0100 VUs  1m04.0s/2m0s  20.00 iters/s

running (1m05.0s), 0000/0100 VUs, 1300 complete and 0 interrupted iterations
main   [  54% ] 0000/0100 VUs  1m05.0s/2m0s  20.00 iters/s

running (1m06.0s), 0000/0100 VUs, 1320 complete and 0 interrupted iterations
main   [  55% ] 0000/0100 VUs  1m06.0s/2m0s  20.00 iters/s

running (1m07.0s), 0000/0100 VUs, 1340 complete and 0 interrupted iterations
main   [  56% ] 0000/0100 VUs  1m07.0s/2m0s  20.00 iters/s

running (1m08.0s), 0000/0100 VUs, 1360 complete and 0 interrupted iterations
main   [  57% ] 0000/0100 VUs  1m08.0s/2m0s  20.00 iters/s

running (1m09.0s), 0000/0100 VUs, 1380 complete and 0 interrupted iterations
main   [  57% ] 0000/0100 VUs  1m09.0s/2m0s  20.00 iters/s

running (1m10.0s), 0000/0100 VUs, 1400 complete and 0 interrupted iterations
main   [  58% ] 0000/0100 VUs  1m10.0s/2m0s  20.00 iters/s

running (1m11.0s), 0000/0100 VUs, 1420 complete and 0 interrupted iterations
main   [  59% ] 0000/0100 VUs  1m11.0s/2m0s  20.00 iters/s

running (1m12.0s), 0000/0100 VUs, 1440 complete and 0 interrupted iterations
main   [  60% ] 0000/0100 VUs  1m12.0s/2m0s  20.00 iters/s

running (1m13.0s), 0000/0100 VUs, 1460 complete and 0 interrupted iterations
main   [  61% ] 0000/0100 VUs  1m13.0s/2m0s  20.00 iters/s

running (1m14.0s), 0000/0100 VUs, 1480 complete and 0 interrupted iterations
main   [  62% ] 0000/0100 VUs  1m14.0s/2m0s  20.00 iters/s

running (1m15.0s), 0000/0100 VUs, 1500 complete and 0 interrupted iterations
main   [  62% ] 0000/0100 VUs  1m15.0s/2m0s  20.00 iters/s

running (1m16.0s), 0000/0100 VUs, 1520 complete and 0 interrupted iterations
main   [  63% ] 0000/0100 VUs  1m16.0s/2m0s  20.00 iters/s

running (1m17.0s), 0000/0100 VUs, 1540 complete and 0 interrupted iterations
main   [  64% ] 0000/0100 VUs  1m17.0s/2m0s  20.00 iters/s

running (1m18.0s), 0000/0100 VUs, 1560 complete and 0 interrupted iterations
main   [  65% ] 0000/0100 VUs  1m18.0s/2m0s  20.00 iters/s

running (1m19.0s), 0000/0100 VUs, 1580 complete and 0 interrupted iterations
main   [  66% ] 0000/0100 VUs  1m19.0s/2m0s  20.00 iters/s

running (1m20.0s), 0000/0100 VUs, 1600 complete and 0 interrupted iterations
main   [  67% ] 0000/0100 VUs  1m20.0s/2m0s  20.00 iters/s

running (1m21.0s), 0000/0100 VUs, 1620 complete and 0 interrupted iterations
main   [  67% ] 0000/0100 VUs  1m21.0s/2m0s  20.00 iters/s

running (1m22.0s), 0000/0100 VUs, 1640 complete and 0 interrupted iterations
main   [  68% ] 0000/0100 VUs  1m22.0s/2m0s  20.00 iters/s

running (1m23.0s), 0000/0100 VUs, 1660 complete and 0 interrupted iterations
main   [  69% ] 0000/0100 VUs  1m23.0s/2m0s  20.00 iters/s

running (1m24.0s), 0000/0100 VUs, 1680 complete and 0 interrupted iterations
main   [  70% ] 0000/0100 VUs  1m24.0s/2m0s  20.00 iters/s

running (1m25.0s), 0000/0100 VUs, 1700 complete and 0 interrupted iterations
main   [  71% ] 0000/0100 VUs  1m25.0s/2m0s  20.00 iters/s

running (1m26.0s), 0000/0100 VUs, 1720 complete and 0 interrupted iterations
main   [  72% ] 0000/0100 VUs  1m26.0s/2m0s  20.00 iters/s

running (1m27.0s), 0000/0100 VUs, 1740 complete and 0 interrupted iterations
main   [  72% ] 0000/0100 VUs  1m27.0s/2m0s  20.00 iters/s

running (1m28.0s), 0000/0100 VUs, 1760 complete and 0 interrupted iterations
main   [  73% ] 0000/0100 VUs  1m28.0s/2m0s  20.00 iters/s

running (1m29.0s), 0000/0100 VUs, 1780 complete and 0 interrupted iterations
main   [  74% ] 0000/0100 VUs  1m29.0s/2m0s  20.00 iters/s

running (1m30.0s), 0000/0100 VUs, 1800 complete and 0 interrupted iterations
main   [  75% ] 0000/0100 VUs  1m30.0s/2m0s  20.00 iters/s

running (1m31.0s), 0000/0100 VUs, 1820 complete and 0 interrupted iterations
main   [  76% ] 0000/0100 VUs  1m31.0s/2m0s  20.00 iters/s

running (1m32.0s), 0000/0100 VUs, 1840 complete and 0 interrupted iterations
main   [  77% ] 0000/0100 VUs  1m32.0s/2m0s  20.00 iters/s

running (1m33.0s), 0000/0100 VUs, 1860 complete and 0 interrupted iterations
main   [  77% ] 0000/0100 VUs  1m33.0s/2m0s  20.00 iters/s

running (1m34.0s), 0000/0100 VUs, 1880 complete and 0 interrupted iterations
main   [  78% ] 0000/0100 VUs  1m34.0s/2m0s  20.00 iters/s

running (1m35.0s), 0000/0100 VUs, 1900 complete and 0 interrupted iterations
main   [  79% ] 0000/0100 VUs  1m35.0s/2m0s  20.00 iters/s

running (1m36.0s), 0000/0100 VUs, 1920 complete and 0 interrupted iterations
main   [  80% ] 0000/0100 VUs  1m36.0s/2m0s  20.00 iters/s

running (1m37.0s), 0000/0100 VUs, 1940 complete and 0 interrupted iterations
main   [  81% ] 0000/0100 VUs  1m37.0s/2m0s  20.00 iters/s

running (1m38.0s), 0000/0100 VUs, 1960 complete and 0 interrupted iterations
main   [  82% ] 0000/0100 VUs  1m38.0s/2m0s  20.00 iters/s

running (1m39.0s), 0000/0100 VUs, 1980 complete and 0 interrupted iterations
main   [  82% ] 0000/0100 VUs  1m39.0s/2m0s  20.00 iters/s

running (1m40.0s), 0000/0100 VUs, 2000 complete and 0 interrupted iterations
main   [  83% ] 0000/0100 VUs  1m40.0s/2m0s  20.00 iters/s

running (1m41.0s), 0000/0100 VUs, 2020 complete and 0 interrupted iterations
main   [  84% ] 0000/0100 VUs  1m41.0s/2m0s  20.00 iters/s

running (1m42.0s), 0000/0100 VUs, 2040 complete and 0 interrupted iterations
main   [  85% ] 0000/0100 VUs  1m42.0s/2m0s  20.00 iters/s

running (1m43.0s), 0000/0100 VUs, 2060 complete and 0 interrupted iterations
main   [  86% ] 0000/0100 VUs  1m43.0s/2m0s  20.00 iters/s

running (1m44.0s), 0000/0100 VUs, 2080 complete and 0 interrupted iterations
main   [  87% ] 0000/0100 VUs  1m44.0s/2m0s  20.00 iters/s

running (1m45.0s), 0000/0100 VUs, 2100 complete and 0 interrupted iterations
main   [  87% ] 0000/0100 VUs  1m45.0s/2m0s  20.00 iters/s

running (1m46.0s), 0000/0100 VUs, 2120 complete and 0 interrupted iterations
main   [  88% ] 0000/0100 VUs  1m46.0s/2m0s  20.00 iters/s

running (1m47.0s), 0000/0100 VUs, 2140 complete and 0 interrupted iterations
main   [  89% ] 0000/0100 VUs  1m47.0s/2m0s  20.00 iters/s

running (1m48.0s), 0000/0100 VUs, 2160 complete and 0 interrupted iterations
main   [  90% ] 0000/0100 VUs  1m48.0s/2m0s  20.00 iters/s

running (1m49.0s), 0000/0100 VUs, 2180 complete and 0 interrupted iterations
main   [  91% ] 0000/0100 VUs  1m49.0s/2m0s  20.00 iters/s

running (1m50.0s), 0000/0100 VUs, 2200 complete and 0 interrupted iterations
main   [  92% ] 0000/0100 VUs  1m50.0s/2m0s  20.00 iters/s

running (1m51.0s), 0000/0100 VUs, 2220 complete and 0 interrupted iterations
main   [  92% ] 0000/0100 VUs  1m51.0s/2m0s  20.00 iters/s

running (1m52.0s), 0000/0100 VUs, 2240 complete and 0 interrupted iterations
main   [  93% ] 0000/0100 VUs  1m52.0s/2m0s  20.00 iters/s

running (1m53.0s), 0000/0100 VUs, 2260 complete and 0 interrupted iterations
main   [  94% ] 0000/0100 VUs  1m53.0s/2m0s  20.00 iters/s

running (1m54.0s), 0000/0100 VUs, 2280 complete and 0 interrupted iterations
main   [  95% ] 0000/0100 VUs  1m54.0s/2m0s  20.00 iters/s

running (1m55.0s), 0000/0100 VUs, 2300 complete and 0 interrupted iterations
main   [  96% ] 0000/0100 VUs  1m55.0s/2m0s  20.00 iters/s

running (1m56.0s), 0000/0100 VUs, 2320 complete and 0 interrupted iterations
main   [  97% ] 0000/0100 VUs  1m56.0s/2m0s  20.00 iters/s

running (1m57.0s), 0000/0100 VUs, 2340 complete and 0 interrupted iterations
main   [  97% ] 0000/0100 VUs  1m57.0s/2m0s  20.00 iters/s

running (1m58.0s), 0000/0100 VUs, 2360 complete and 0 interrupted iterations
main   [  98% ] 0000/0100 VUs  1m58.0s/2m0s  20.00 iters/s

running (1m59.0s), 0000/0100 VUs, 2380 complete and 0 interrupted iterations
main   [  99% ] 0000/0100 VUs  1m59.0s/2m0s  20.00 iters/s

running (2m00.0s), 0000/0100 VUs, 2400 complete and 0 interrupted iterations
main   [ 100% ] 0000/0100 VUs  2m00.0s/2m0s  20.00 iters/s

running (2m00.0s), 0000/0100 VUs, 2401 complete and 0 interrupted iterations
main ✓ [ 100% ] 0000/0100 VUs  2m0s  20.00 iters/s
  Repeat 1 complete. Results in results/b-byid-rtt0-r20-rep1-1781142535.json
=== Cell complete: 1 repeat(s) for b/byid rtt=0us ===

[campaign] (29) cell: b|inbatch|0|20|-|N=20
=== Cell: scenario=b style=inbatch rtt=0us rate=20rps duration=2m scale=full repeats=1 ===
[1/4] Setting netem delay 0us...
Removing netem qdisc on lab-mysql eth0...
Netem qdisc removed (or was not present).
Current qdisc:
time="2026-06-11T10:50:56+09:00" level=warning msg="/Users/rene/rdb-join-lab/docker-compose.yml: the attribute `version` is obsolete, it will be ignored, please remove it to avoid potential confusion"
qdisc noqueue 0: root refcnt 2 
[2/4] Warming InnoDB buffer pool...
=== Step 1: Warm-up queries (priming buffer pool, ~10% of full scale) ===
COUNT(*)
3401538
COUNT(*)
975720
COUNT(*)
8680188
COUNT(*)
10000
Warm-up queries complete.
=== Step 2: Triggering InnoDB buffer pool dump ===
time="2026-06-11T10:50:58+09:00" level=warning msg="/Users/rene/rdb-join-lab/docker-compose.yml: the attribute `version` is obsolete, it will be ignored, please remove it to avoid potential confusion"
mysql: [Warning] Using a password on the command line interface can be insecure.
Polling dump status (timeout 300s)...
  [0s] Dump status: Buffer pool(s) dump completed at 260611  1:51:00
Buffer pool dump completed.
=== Step 3: Triggering InnoDB buffer pool load ===
time="2026-06-11T10:50:58+09:00" level=warning msg="/Users/rene/rdb-join-lab/docker-compose.yml: the attribute `version` is obsolete, it will be ignored, please remove it to avoid potential confusion"
mysql: [Warning] Using a password on the command line interface can be insecure.
Polling load status (timeout 300s)...
  [0s] Load status: Loaded 151553/188622 pages
  [5s] Load status: Buffer pool(s) load completed at 260611  1:51:00
Buffer pool load completed.
=== Step 3b: Capturing post-load snapshot for warm-state gate ===
COUNT(*)
1210063
COUNT(*)
8680188
COUNT(*)
10000
Re-verification queries complete.
=== Step 4: Warm-state gate (physical reads < 0.01, post-load window) ===
  Post-load reverify window: physical reads delta: 0 / 22857 = 0.0
  (Pre-warmup baseline: 11557 / 875866154, for reference)
  Warm-state gate PASSED.
=== Step 5: ANALYZE TABLE ===
Table	Op	Msg_type	Msg_text
lab.coupon_policy	analyze	status	OK
lab.member	analyze	status	OK
lab.coupon_issue	analyze	status	OK
ANALYZE TABLE complete.
=== Step 5b: Capturing InnoDB engine status (AHI verification) ===
  InnoDB status captured: results/innodb-status-1781142665.txt
  AHI indicator: INSERT BUFFER AND ADAPTIVE HASH INDEX
0.00 hash searches/s, 478.04 non-hash searches/s
=== Step 5c: EXPLAIN Scenario B ORDER BY id ASC (filesort check) ===
  WARNING: EXPLAIN shows 'Using filesort' for Scenario B ORDER BY id ASC query.
  Expected idx_issue_member_id to cover ORDER BY — check index creation in schema.sql.
  EXPLAIN output:
1	SIMPLE	coupon_issue	NULL	ref	idx_issue_member_status,idx_issue_member_id	idx_issue_member_status	8	const	1209	100.00	Using filesort
[3/4] Dual calibration (nominal=0us)...
  [held conn] calibrate n=10000...
{
    "n": 10000,
    "min": 22,
    "p50": 49,
    "p95": 71,
    "p99": 145,
    "max": 13825
}
  [per checkout] calibrate/loaded n=10000...
{
    "n": 10000,
    "min": 20,
    "p50": 50,
    "p95": 73,
    "p99": 143,
    "max": 19786
}
Running dual calibration probe (n=10000 held + n=10000 loaded)...
=== held (pure wire RTT) ===
{
    "n": 10000,
    "min": 17,
    "p50": 45,
    "p95": 60,
    "p99": 96,
    "max": 1784
}
=== loaded (wire RTT + pool checkout) ===
{
    "n": 10000,
    "min": 20,
    "p50": 47,
    "p95": 67,
    "p99": 103,
    "max": 2713
}

Appended dual record to results/calibration.jsonl: {"held": {"n": 10000, "min": 17, "p50": 45, "p95": 60, "p99": 96, "max": 1784}, "loaded": {"n": 10000, "min": 20, "p50": 47, "p95": 67, "p99": 103, "max": 2713}, "timestamp": "2026-06-11T01:51:07Z", "nominal_delay_us": 0}
[4/1] Running k6 repeat 1/1 (output -> results/b-inbatch-rtt0-r20-rep1-1781142667.json)...
time="2026-06-11T10:51:07+09:00" level=warning msg="/Users/rene/rdb-join-lab/docker-compose.yml: the attribute `version` is obsolete, it will be ignored, please remove it to avoid potential confusion"

         /\      Grafana   /‾‾/  
    /\  /  \     |\  __   /  /   
   /  \/    \    | |/ /  /   ‾‾\ 
  /          \   |   (  |  (‾)  |
 / __________ \  |_|\_\  \_____/ 


     execution: local
        script: /scripts/scenario.js
        output: -

     scenarios: (100.00%) 1 scenario, 1000 max VUs, 2m30s max duration (incl. graceful stop):
              * main: 20.00 iterations/s for 2m0s (maxVUs: 100-1000, gracefulStop: 30s)


running (0m01.0s), 0000/0100 VUs, 20 complete and 0 interrupted iterations
main   [   1% ] 0000/0100 VUs  0m01.0s/2m0s  20.00 iters/s

running (0m02.0s), 0000/0100 VUs, 40 complete and 0 interrupted iterations
main   [   2% ] 0000/0100 VUs  0m02.0s/2m0s  20.00 iters/s

running (0m03.0s), 0000/0100 VUs, 60 complete and 0 interrupted iterations
main   [   2% ] 0000/0100 VUs  0m03.0s/2m0s  20.00 iters/s

running (0m04.0s), 0000/0100 VUs, 80 complete and 0 interrupted iterations
main   [   3% ] 0000/0100 VUs  0m04.0s/2m0s  20.00 iters/s

running (0m05.0s), 0000/0100 VUs, 100 complete and 0 interrupted iterations
main   [   4% ] 0000/0100 VUs  0m05.0s/2m0s  20.00 iters/s

running (0m06.0s), 0000/0100 VUs, 120 complete and 0 interrupted iterations
main   [   5% ] 0000/0100 VUs  0m06.0s/2m0s  20.00 iters/s

running (0m07.0s), 0000/0100 VUs, 140 complete and 0 interrupted iterations
main   [   6% ] 0000/0100 VUs  0m07.0s/2m0s  20.00 iters/s

running (0m08.0s), 0000/0100 VUs, 160 complete and 0 interrupted iterations
main   [   7% ] 0000/0100 VUs  0m08.0s/2m0s  20.00 iters/s

running (0m09.0s), 0000/0100 VUs, 180 complete and 0 interrupted iterations
main   [   7% ] 0000/0100 VUs  0m09.0s/2m0s  20.00 iters/s

running (0m10.0s), 0000/0100 VUs, 200 complete and 0 interrupted iterations
main   [   8% ] 0000/0100 VUs  0m10.0s/2m0s  20.00 iters/s

running (0m11.0s), 0000/0100 VUs, 220 complete and 0 interrupted iterations
main   [   9% ] 0000/0100 VUs  0m11.0s/2m0s  20.00 iters/s

running (0m12.0s), 0000/0100 VUs, 240 complete and 0 interrupted iterations
main   [  10% ] 0000/0100 VUs  0m12.0s/2m0s  20.00 iters/s

running (0m13.0s), 0000/0100 VUs, 260 complete and 0 interrupted iterations
main   [  11% ] 0000/0100 VUs  0m13.0s/2m0s  20.00 iters/s

running (0m14.0s), 0000/0100 VUs, 280 complete and 0 interrupted iterations
main   [  12% ] 0000/0100 VUs  0m14.0s/2m0s  20.00 iters/s

running (0m15.0s), 0000/0100 VUs, 300 complete and 0 interrupted iterations
main   [  12% ] 0000/0100 VUs  0m15.0s/2m0s  20.00 iters/s

running (0m16.0s), 0000/0100 VUs, 320 complete and 0 interrupted iterations
main   [  13% ] 0000/0100 VUs  0m16.0s/2m0s  20.00 iters/s

running (0m17.0s), 0000/0100 VUs, 340 complete and 0 interrupted iterations
main   [  14% ] 0000/0100 VUs  0m17.0s/2m0s  20.00 iters/s

running (0m18.0s), 0000/0100 VUs, 360 complete and 0 interrupted iterations
main   [  15% ] 0000/0100 VUs  0m18.0s/2m0s  20.00 iters/s

running (0m19.0s), 0000/0100 VUs, 380 complete and 0 interrupted iterations
main   [  16% ] 0000/0100 VUs  0m19.0s/2m0s  20.00 iters/s

running (0m20.0s), 0000/0100 VUs, 400 complete and 0 interrupted iterations
main   [  17% ] 0000/0100 VUs  0m20.0s/2m0s  20.00 iters/s

running (0m21.0s), 0000/0100 VUs, 420 complete and 0 interrupted iterations
main   [  17% ] 0000/0100 VUs  0m21.0s/2m0s  20.00 iters/s

running (0m22.0s), 0000/0100 VUs, 440 complete and 0 interrupted iterations
main   [  18% ] 0000/0100 VUs  0m22.0s/2m0s  20.00 iters/s

running (0m23.0s), 0000/0100 VUs, 460 complete and 0 interrupted iterations
main   [  19% ] 0000/0100 VUs  0m23.0s/2m0s  20.00 iters/s

running (0m24.0s), 0000/0100 VUs, 480 complete and 0 interrupted iterations
main   [  20% ] 0000/0100 VUs  0m24.0s/2m0s  20.00 iters/s

running (0m25.0s), 0000/0100 VUs, 500 complete and 0 interrupted iterations
main   [  21% ] 0000/0100 VUs  0m25.0s/2m0s  20.00 iters/s

running (0m26.0s), 0000/0100 VUs, 520 complete and 0 interrupted iterations
main   [  22% ] 0000/0100 VUs  0m26.0s/2m0s  20.00 iters/s

running (0m27.0s), 0000/0100 VUs, 540 complete and 0 interrupted iterations
main   [  22% ] 0000/0100 VUs  0m27.0s/2m0s  20.00 iters/s

running (0m28.0s), 0000/0100 VUs, 560 complete and 0 interrupted iterations
main   [  23% ] 0000/0100 VUs  0m28.0s/2m0s  20.00 iters/s

running (0m29.0s), 0000/0100 VUs, 580 complete and 0 interrupted iterations
main   [  24% ] 0000/0100 VUs  0m29.0s/2m0s  20.00 iters/s

running (0m30.0s), 0000/0100 VUs, 600 complete and 0 interrupted iterations
main   [  25% ] 0000/0100 VUs  0m30.0s/2m0s  20.00 iters/s

running (0m31.0s), 0000/0100 VUs, 620 complete and 0 interrupted iterations
main   [  26% ] 0000/0100 VUs  0m31.0s/2m0s  20.00 iters/s

running (0m32.0s), 0000/0100 VUs, 640 complete and 0 interrupted iterations
main   [  27% ] 0000/0100 VUs  0m32.0s/2m0s  20.00 iters/s

running (0m33.0s), 0000/0100 VUs, 660 complete and 0 interrupted iterations
main   [  27% ] 0000/0100 VUs  0m33.0s/2m0s  20.00 iters/s

running (0m34.0s), 0000/0100 VUs, 680 complete and 0 interrupted iterations
main   [  28% ] 0000/0100 VUs  0m34.0s/2m0s  20.00 iters/s

running (0m35.0s), 0000/0100 VUs, 700 complete and 0 interrupted iterations
main   [  29% ] 0000/0100 VUs  0m35.0s/2m0s  20.00 iters/s

running (0m36.0s), 0000/0100 VUs, 720 complete and 0 interrupted iterations
main   [  30% ] 0000/0100 VUs  0m36.0s/2m0s  20.00 iters/s

running (0m37.0s), 0000/0100 VUs, 740 complete and 0 interrupted iterations
main   [  31% ] 0000/0100 VUs  0m37.0s/2m0s  20.00 iters/s

running (0m38.0s), 0000/0100 VUs, 760 complete and 0 interrupted iterations
main   [  32% ] 0000/0100 VUs  0m38.0s/2m0s  20.00 iters/s

running (0m39.0s), 0000/0100 VUs, 780 complete and 0 interrupted iterations
main   [  32% ] 0000/0100 VUs  0m39.0s/2m0s  20.00 iters/s

running (0m40.0s), 0000/0100 VUs, 800 complete and 0 interrupted iterations
main   [  33% ] 0000/0100 VUs  0m40.0s/2m0s  20.00 iters/s

running (0m41.0s), 0000/0100 VUs, 820 complete and 0 interrupted iterations
main   [  34% ] 0000/0100 VUs  0m41.0s/2m0s  20.00 iters/s

running (0m42.0s), 0000/0100 VUs, 840 complete and 0 interrupted iterations
main   [  35% ] 0000/0100 VUs  0m42.0s/2m0s  20.00 iters/s

running (0m43.0s), 0000/0100 VUs, 860 complete and 0 interrupted iterations
main   [  36% ] 0000/0100 VUs  0m43.0s/2m0s  20.00 iters/s

running (0m44.0s), 0000/0100 VUs, 880 complete and 0 interrupted iterations
main   [  37% ] 0000/0100 VUs  0m44.0s/2m0s  20.00 iters/s

running (0m45.0s), 0000/0100 VUs, 900 complete and 0 interrupted iterations
main   [  37% ] 0000/0100 VUs  0m45.0s/2m0s  20.00 iters/s

running (0m46.0s), 0000/0100 VUs, 920 complete and 0 interrupted iterations
main   [  38% ] 0000/0100 VUs  0m46.0s/2m0s  20.00 iters/s

running (0m47.0s), 0000/0100 VUs, 940 complete and 0 interrupted iterations
main   [  39% ] 0000/0100 VUs  0m47.0s/2m0s  20.00 iters/s

running (0m48.0s), 0000/0100 VUs, 960 complete and 0 interrupted iterations
main   [  40% ] 0000/0100 VUs  0m48.0s/2m0s  20.00 iters/s

running (0m49.0s), 0000/0100 VUs, 980 complete and 0 interrupted iterations
main   [  41% ] 0000/0100 VUs  0m49.0s/2m0s  20.00 iters/s

running (0m50.0s), 0000/0100 VUs, 1000 complete and 0 interrupted iterations
main   [  42% ] 0000/0100 VUs  0m50.0s/2m0s  20.00 iters/s

running (0m51.0s), 0000/0100 VUs, 1020 complete and 0 interrupted iterations
main   [  42% ] 0000/0100 VUs  0m51.0s/2m0s  20.00 iters/s

running (0m52.0s), 0000/0100 VUs, 1040 complete and 0 interrupted iterations
main   [  43% ] 0000/0100 VUs  0m52.0s/2m0s  20.00 iters/s

running (0m53.0s), 0000/0100 VUs, 1060 complete and 0 interrupted iterations
main   [  44% ] 0000/0100 VUs  0m53.0s/2m0s  20.00 iters/s

running (0m53.6s), 0000/0100 VUs, 1073 complete and 0 interrupted iterations
main ✗ [  45% ] 0000/0100 VUs  0m53.6s/2m0s  20.00 iters/s

