[campaign] Resume detected (ledger has DONE entries) and app container kept running: skipping full JVM priming.

[campaign] (1) cell: b|lazy|10000|20|-|N=300,MAX_MEMBER_ID=2000
=== Cell: scenario=b style=lazy rtt=10000us rate=20rps duration=2m scale=full maxMember=2000 repeats=1 ===
[1/4] Setting netem delay 10000us...
Setting netem delay 10000us on lab-mysql eth0...
time="2026-06-12T07:11:34+09:00" level=warning msg="/Users/rene/rdb-join-lab/docker-compose.yml: the attribute `version` is obsolete, it will be ignored, please remove it to avoid potential confusion"
Current qdisc:
time="2026-06-12T07:11:34+09:00" level=warning msg="/Users/rene/rdb-join-lab/docker-compose.yml: the attribute `version` is obsolete, it will be ignored, please remove it to avoid potential confusion"
qdisc netem 8016: root refcnt 7 limit 1000 delay 10ms seed 851291355893287104
[2/4] Warming InnoDB buffer pool...
=== Step 1: Warm-up queries (priming buffer pool, ~10% of full scale) ===
COUNT(*)
3400211
COUNT(*)
1000000
COUNT(*)
8679702
COUNT(*)
10000
Warm-up queries complete.
=== Step 2: Triggering InnoDB buffer pool dump ===
time="2026-06-12T07:11:36+09:00" level=warning msg="/Users/rene/rdb-join-lab/docker-compose.yml: the attribute `version` is obsolete, it will be ignored, please remove it to avoid potential confusion"
mysql: [Warning] Using a password on the command line interface can be insecure.
Polling dump status (timeout 300s)...
  [0s] Dump status: Buffer pool(s) dump completed at 260611 22:11:36
Buffer pool dump completed.
=== Step 3: Triggering InnoDB buffer pool load ===
time="2026-06-12T07:11:36+09:00" level=warning msg="/Users/rene/rdb-join-lab/docker-compose.yml: the attribute `version` is obsolete, it will be ignored, please remove it to avoid potential confusion"
mysql: [Warning] Using a password on the command line interface can be insecure.
Polling load status (timeout 300s)...
  [0s] Load status: Loaded 182273/188400 pages
  [5s] Load status: Buffer pool(s) load completed at 260611 22:11:36
Buffer pool load completed.
=== Step 3b: Capturing post-load snapshot for warm-state gate ===
COUNT(*)
1210060
COUNT(*)
8679702
COUNT(*)
10000
Re-verification queries complete.
=== Step 4: Warm-state gate (physical reads < 0.01, post-load window) ===
  Post-load reverify window: physical reads delta: 0 / 22886 = 0.0
  (Pre-warmup baseline: 28312 / 3900258367, for reference)
  Warm-state gate PASSED.
=== Step 5: ANALYZE TABLE ===
Table	Op	Msg_type	Msg_text
lab.coupon_policy	analyze	status	OK
lab.member	analyze	status	OK
lab.coupon_issue	analyze	status	OK
ANALYZE TABLE complete.
=== Step 5b: Capturing InnoDB engine status (AHI verification) ===
  InnoDB status captured: results/innodb-status-1781215904.txt
  AHI indicator: INSERT BUFFER AND ADAPTIVE HASH INDEX
0.00 hash searches/s, 5.39 non-hash searches/s
=== Step 5c: EXPLAIN Scenario B ORDER BY id ASC (filesort check) ===
  WARNING: EXPLAIN shows 'Using filesort' for Scenario B ORDER BY id ASC query.
  Expected idx_issue_member_id to cover ORDER BY — check index creation in schema.sql.
  EXPLAIN output:
1	SIMPLE	coupon_issue	NULL	ref	idx_issue_member_status,idx_issue_member_id	idx_issue_member_status	8	const	1206	100.00	Using filesort
[3/4] Dual calibration (nominal=10000us)...
  [held conn] calibrate n=10000...
{
    "n": 2000,
    "min": 10103,
    "p50": 12411,
    "p95": 15009,
    "p99": 15278,
    "max": 31789
}
  [per checkout] calibrate/loaded n=10000...
{
    "n": 2000,
    "min": 10078,
    "p50": 12630,
    "p95": 15045,
    "p99": 15291,
    "max": 16814
}
Running dual calibra=== held (pure wire RTT) ===
{
    "n": 2000,
[campaign] cell attempt 1 failed, retrying...
=== Cell: scenario=b style=lazy rtt=10000us rate=20rps duration=2m scale=full maxMember=2000 repeats=1 ===
[1/4] Setting netem delay 10000us...
Setting netem delay 10000us on lab-mysql eth0...
time="2026-06-12T07:13:27+09:00" level=warning msg="/Users/rene/rdb-join-lab/docker-compose.yml: the attribute `version` is obsolete, it will be ignored, please remove it to avoid potential confusion"
Current qdisc:
time="2026-06-12T07:13:27+09:00" level=warning msg="/Users/rene/rdb-join-lab/docker-compose.yml: the attribute `version` is obsolete, it will be ignored, please remove it to avoid potential confusion"
qdisc netem 8016: root refcnt 7 limit 1000 delay 10ms seed 6015883643246656518
[2/4] Warming InnoDB buffer pool...
=== Step 1: Warm-up queries (priming buffer pool, ~10% of full scale) ===
COUNT(*)
3400211
COUNT(*)
1000000
COUNT(*)
8679702
COUNT(*)
10000
Warm-up queries complete.
=== Step 2: Triggering InnoDB buffer pool dump ===
time="2026-06-12T07:13:29+09:00" level=warning msg="/Users/rene/rdb-join-lab/docker-compose.yml: the attribute `version` is obsolete, it will be ignored, please remove it to avoid potential confusion"
mysql: [Warning] Using a password on the command line interface can be insecure.
Polling dump status (timeout 300s)...
  [0s] Dump status: Buffer pool(s) dump completed at 260611 22:13:29
Buffer pool dump completed.
=== Step 3: Triggering InnoDB buffer pool load ===
time="2026-06-12T07:13:29+09:00" level=warning msg="/Users/rene/rdb-join-lab/docker-compose.yml: the attribute `version` is obsolete, it will be ignored, please remove it to avoid potential confusion"
mysql: [Warning] Using a password on the command line interface can be insecure.
Polling load status (timeout 300s)...
  [0s] Load status: Loaded 149505/188400 pages
  [5s] Load status: Buffer pool(s) load completed at 260611 22:13:29
Buffer pool load completed.
=== Step 3b: Capturing post-load snapshot for warm-state gate ===
COUNT(*)
1210060
COUNT(*)
8679702
COUNT(*)
10000
Re-verification queries complete.
=== Step 4: Warm-state gate (physical reads < 0.01, post-load window) ===
  Post-load reverify window: physical reads delta: 0 / 63469 = 0.0
  (Pre-warmup baseline: 28330 / 3900950500, for reference)
  Warm-state gate PASSED.
=== Step 5: ANALYZE TABLE ===
Table	Op	Msg_type	Msg_text
lab.coupon_policy	analyze	status	OK
lab.member	analyze	status	OK
lab.coupon_issue	analyze	status	OK
ANALYZE TABLE complete.
=== Step 5b: Capturing InnoDB engine status (AHI verification) ===
  InnoDB status captured: results/innodb-status-1781216016.txt
  AHI indicator: INSERT BUFFER AND ADAPTIVE HASH INDEX
0.00 hash searches/s, 4925.09 non-hash searches/s
=== Step 5c: EXPLAIN Scenario B ORDER BY id ASC (filesort check) ===
  WARNING: EXPLAIN shows 'Using filesort' for Scenario B ORDER BY id ASC query.
  Expected idx_issue_member_id to cover ORDER BY — check index creation in schema.sql.
  EXPLAIN output:
1	SIMPLE	coupon_issue	NULL	ref	idx_issue_member_status,idx_issue_member_id	idx_issue_member_status	8	const	1206	100.00	Using filesort
[3/4] Dual calibration (nominal=10000us)...
  [held conn] calibrate n=10000...
  [per checkout] calibrate/loaded n=10000...
Running dual calibration probe (n=10000 held + n=10000 loaded)...
[campaign] cell attempt 2 failed, retrying...

[campaign] (2) cell: b|lazy-unbounded|10000|20|-|N=300,MAX_MEMBER_ID=2000
=== Cell: scenario=b style=lazy-unbounded rtt=10000us rate=20rps duration=2m scale=full maxMember=2000 repeats=1 ===
[1/4] Setting netem delay 10000us...
Setting netem delay 10000us on lab-mysql eth0...
time="2026-06-12T07:16:21+09:00" level=warning msg="/Users/rene/rdb-join-lab/docker-compose.yml: the attribute `version` is obsolete, it will be ignored, please remove it to avoid potential confusion"
Current qdisc:
time="2026-06-12T07:16:21+09:00" level=warning msg="/Users/rene/rdb-join-lab/docker-compose.yml: the attribute `version` is obsolete, it will be ignored, please remove it to avoid potential confusion"
qdisc netem 8016: root refcnt 7 limit 1000 delay 10ms seed 18078243475065112372
[2/4] Warming InnoDB buffer pool...
=== Step 1: Warm-up queries (priming buffer pool, ~10% of full scale) ===
COUNT(*)
3400211
COUNT(*)
1000000
COUNT(*)
8679702
COUNT(*)
10000
Warm-up queries complete.
=== Step 2: Triggering InnoDB buffer pool dump ===
time="2026-06-12T07:16:23+09:00" level=warning msg="/Users/rene/rdb-join-lab/docker-compose.yml: the attribute `version` is obsolete, it will be ignored, please remove it to avoid potential confusion"
mysql: [Warning] Using a password on the command line interface can be insecure.
Polling dump status (timeout 300s)...
  [0s] Dump status: Buffer pool(s) dump completed at 260611 22:16:23
Buffer pool dump completed.
=== Step 3: Triggering InnoDB buffer pool load ===
time="2026-06-12T07:16:23+09:00" level=warning msg="/Users/rene/rdb-join-lab/docker-compose.yml: the attribute `version` is obsolete, it will be ignored, please remove it to avoid potential confusion"
mysql: [Warning] Using a password on the command line interface can be insecure.
Polling load status (timeout 300s)...
  [0s] Load status: Loaded 147457/188400 pages
  [5s] Load status: Buffer pool(s) load completed at 260611 22:16:23
Buffer pool load completed.
=== Step 3b: Capturing post-load snapshot for warm-state gate ===
COUNT(*)
1210060
COUNT(*)
8679702
COUNT(*)
10000
Re-verification queries complete.
=== Step 4: Warm-state gate (physical reads < 0.01, post-load window) ===
  Post-load reverify window: physical reads delta: 0 / 22886 = 0.0
  (Pre-warmup baseline: 28350 / 3903659481, for reference)
  Warm-state gate PASSED.
=== Step 5: ANALYZE TABLE ===
Table	Op	Msg_type	Msg_text
lab.coupon_policy	analyze	status	OK
lab.member	analyze	status	OK
lab.coupon_issue	analyze	status	OK
ANALYZE TABLE complete.
=== Step 5b: Capturing InnoDB engine status (AHI verification) ===
  InnoDB status captured: results/innodb-status-1781216190.txt
  AHI indicator: INSERT BUFFER AND ADAPTIVE HASH INDEX
0.00 hash searches/s, 2086.39 non-hash searches/s
=== Step 5c: EXPLAIN Scenario B ORDER BY id ASC (filesort check) ===
  WARNING: EXPLAIN shows 'Using filesort' for Scenario B ORDER BY id ASC query.
  Expected idx_issue_member_id to cover ORDER BY — check index creation in schema.sql.
  EXPLAIN output:
1	SIMPLE	coupon_issue	NULL	ref	idx_issue_member_status,idx_issue_member_id	idx_issue_member_status	8	const	1206	100.00	Using filesort
[3/4] Dual calibration (nominal=10000us)...
  [held conn] calibrate n=10000...
{
    "n": 2000,
    "min": 10067,
    "p50": 12567,
    "p95": 15188,
    "p99": 15498,
    "max": 16619
}
  [per checkout] calibrate/loaded n=10000...
{
    "n": 2000,
    "min": 10108,
    "p50": 12811,
    "p95": 15255,
    "p99": 15881,
    "max": 26582
}
Running dual calibration probe (n=10000 held + n=10000 loaded)...
=== held (pure wire RTT) ===
{
    "n": 2000,
    "min": 10107,
    "p50": 12857,
    "p95": 15172,
    "p99": 15602,
    "max": 27129
}
=== loaded (wire RTT + pool checkout) ===
{
    "n": 2000,
    "min": 10121,
    "p50": 12901,
    "p95": 15189,
    "p99": 15547,
    "max": 22433
}

Appended dual record to results/calibration.jsonl: {"held": {"n": 2000, "min": 10107, "p50": 12857, "p95": 15172, "p99": 15602, "max": 27129}, "loaded": {"n": 2000, "min": 10121, "p50": 12901, "p95": 15189, "p99": 15547, "max": 22433}, "timestamp": "2026-06-11T22:18:13Z", "nominal_delay_us": 10000}
[4/1] Running k6 repeat 1/1 (output -> results/b-lazy-unbounded-rtt10000-r20-rep1-1781216293.json)...
time="2026-06-12T07:18:13+09:00" level=warning msg="/Users/rene/rdb-join-lab/docker-compose.yml: the attribute `version` is obsolete, it will be ignored, please remove it to avoid potential confusion"

         /\      Grafana   /‾‾/  
    /\  /  \     |\  __   /  /   
   /  \/    \    | |/ /  /   ‾‾\ 
  /          \   |   (  |  (‾)  |
 / __________ \  |_|\_\  \_____/ 


     execution: local
        script: /scripts/scenario.js
        output: -

     scenarios: (100.00%) 1 scenario, 1000 max VUs, 2m30s max duration (incl. graceful stop):
              * main: 20.00 iterations/s for 2m0s (maxVUs: 100-1000, gracefulStop: 30s)


running (0m01.0s), 0020/0100 VUs, 0 complete and 0 interrupted iterations
main   [   1% ] 0020/0100 VUs  0m01.0s/2m0s  20.00 iters/s

running (0m02.0s), 0040/0100 VUs, 0 complete and 0 interrupted iterations
main   [   2% ] 0040/0100 VUs  0m02.0s/2m0s  20.00 iters/s

running (0m03.0s), 0060/0100 VUs, 0 complete and 0 interrupted iterations
main   [   2% ] 0060/0100 VUs  0m03.0s/2m0s  20.00 iters/s

running (0m04.0s), 0070/0100 VUs, 10 complete and 0 interrupted iterations
main   [   3% ] 0070/0100 VUs  0m04.0s/2m0s  20.00 iters/s

running (0m05.0s), 0090/0100 VUs, 10 complete and 0 interrupted iterations
main   [   4% ] 0090/0100 VUs  0m05.0s/2m0s  20.00 iters/s

running (0m06.0s), 0104/0104 VUs, 12 complete and 0 interrupted iterations
main   [   5% ] 0104/0104 VUs  0m06.0s/2m0s  20.00 iters/s

running (0m07.0s), 0099/0105 VUs, 36 complete and 0 interrupted iterations
main   [   6% ] 0099/0105 VUs  0m07.0s/2m0s  20.00 iters/s

running (0m08.0s), 0108/0108 VUs, 44 complete and 0 interrupted iterations
main   [   7% ] 0108/0108 VUs  0m08.0s/2m0s  20.00 iters/s

running (0m09.0s), 0114/0114 VUs, 52 complete and 0 interrupted iterations
main   [   7% ] 0114/0114 VUs  0m09.0s/2m0s  20.00 iters/s

running (0m10.0s), 0124/0124 VUs, 52 complete and 0 interrupted iterations
main   [   8% ] 0124/0124 VUs  0m10.0s/2m0s  20.00 iters/s

running (0m11.0s), 0128/0129 VUs, 63 complete and 0 interrupted iterations
main   [   9% ] 0128/0129 VUs  0m11.0s/2m0s  20.00 iters/s

running (0m12.0s), 0129/0133 VUs, 78 complete and 0 interrupted iterations
main   [  10% ] 0129/0133 VUs  0m12.0s/2m0s  20.00 iters/s

running (0m13.0s), 0137/0137 VUs, 86 complete and 0 interrupted iterations
main   [  11% ] 0137/0137 VUs  0m13.0s/2m0s  20.00 iters/s

running (0m14.0s), 0139/0141 VUs, 100 complete and 0 interrupted iterations
main   [  12% ] 0139/0141 VUs  0m14.0s/2m0s  20.00 iters/s

running (0m15.0s), 0150/0150 VUs, 100 complete and 0 interrupted iterations
main   [  12% ] 0150/0150 VUs  0m15.0s/2m0s  20.00 iters/s

running (0m16.0s), 0157/0157 VUs, 106 complete and 0 interrupted iterations
main   [  13% ] 0157/0157 VUs  0m16.0s/2m0s  20.00 iters/s

running (0m17.0s), 0154/0161 VUs, 125 complete and 0 interrupted iterations
main   [  14% ] 0154/0161 VUs  0m17.0s/2m0s  20.00 iters/s

running (0m18.0s), 0162/0163 VUs, 135 complete and 0 interrupted iterations
main   [  15% ] 0162/0163 VUs  0m18.0s/2m0s  20.00 iters/s

running (0m19.0s), 0167/0167 VUs, 146 complete and 0 interrupted iterations
main   [  16% ] 0167/0167 VUs  0m19.0s/2m0s  20.00 iters/s

running (0m20.0s), 0175/0177 VUs, 148 complete and 0 interrupted iterations
main   [  17% ] 0175/0177 VUs  0m20.0s/2m0s  20.00 iters/s

running (0m21.0s), 0181/0182 VUs, 157 complete and 0 interrupted iterations
main   [  17% ] 0181/0182 VUs  0m21.0s/2m0s  20.00 iters/s

running (0m22.0s), 0183/0186 VUs, 171 complete and 0 interrupted iterations
main   [  18% ] 0183/0186 VUs  0m22.0s/2m0s  20.00 iters/s

running (0m23.0s), 0190/0191 VUs, 179 complete and 0 interrupted iterations
main   [  19% ] 0190/0191 VUs  0m23.0s/2m0s  20.00 iters/s

running (0m24.0s), 0191/0194 VUs, 195 complete and 0 interrupted iterations
main   [  20% ] 0191/0194 VUs  0m24.0s/2m0s  20.00 iters/s

running (0m25.0s), 0200/0203 VUs, 197 complete and 0 interrupted iterations
main   [  21% ] 0200/0203 VUs  0m25.0s/2m0s  20.00 iters/s

running (0m26.0s), 0209/0210 VUs, 201 complete and 0 interrupted iterations
main   [  22% ] 0209/0210 VUs  0m26.0s/2m0s  20.00 iters/s

running (0m27.0s), 0209/0214 VUs, 217 complete and 0 interrupted iterations
main   [  22% ] 0209/0214 VUs  0m27.0s/2m0s  20.00 iters/s

running (0m28.0s), 0215/0216 VUs, 229 complete and 0 interrupted iterations
main   [  23% ] 0215/0216 VUs  0m28.0s/2m0s  20.00 iters/s

running (0m29.0s), 0221/0221 VUs, 238 complete and 0 interrupted iterations
main   [  24% ] 0221/0221 VUs  0m29.0s/2m0s  20.00 iters/s

running (0m30.0s), 0230/0231 VUs, 239 complete and 0 interrupted iterations
main   [  25% ] 0230/0231 VUs  0m30.0s/2m0s  20.00 iters/s

running (0m31.0s), 0234/0235 VUs, 251 complete and 0 interrupted iterations
main   [  26% ] 0234/0235 VUs  0m31.0s/2m0s  20.00 iters/s

running (0m32.0s), 0238/0242 VUs, 260 complete and 0 interrupted iterations
main   [  27% ] 0238/0242 VUs  0m32.0s/2m0s  20.00 iters/s

running (0m33.0s), 0244/0245 VUs, 271 complete and 0 interrupted iterations
main   [  27% ] 0244/0245 VUs  0m33.0s/2m0s  20.00 iters/s

running (0m34.0s), 0245/0250 VUs, 285 complete and 0 interrupted iterations
main   [  28% ] 0245/0250 VUs  0m34.0s/2m0s  20.00 iters/s

running (0m35.0s), 0257/0257 VUs, 286 complete and 0 interrupted iterations
main   [  29% ] 0257/0257 VUs  0m35.0s/2m0s  20.00 iters/s

running (0m36.0s), 0264/0264 VUs, 292 complete and 0 interrupted iterations
main   [  30% ] 0264/0264 VUs  0m36.0s/2m0s  20.00 iters/s

running (0m37.0s), 0267/0271 VUs, 302 complete and 0 interrupted iterations
main   [  31% ] 0267/0271 VUs  0m37.0s/2m0s  20.00 iters/s

running (0m38.0s), 0272/0273 VUs, 315 complete and 0 interrupted iterations
main   [  32% ] 0272/0273 VUs  0m38.0s/2m0s  20.00 iters/s

running (0m39.0s), 0275/0279 VUs, 326 complete and 0 interrupted iterations
main   [  32% ] 0275/0279 VUs  0m39.0s/2m0s  20.00 iters/s

running (0m40.0s), 0286/0286 VUs, 328 complete and 0 interrupted iterations
main   [  33% ] 0286/0286 VUs  0m40.0s/2m0s  20.00 iters/s

running (0m41.0s), 0290/0290 VUs, 340 complete and 0 interrupted iterations
main   [  34% ] 0290/0290 VUs  0m41.0s/2m0s  20.00 iters/s

running (0m42.0s), 0294/0298 VUs, 348 complete and 0 interrupted iterations
main   [  35% ] 0294/0298 VUs  0m42.0s/2m0s  20.00 iters/s

running (0m43.0s), 0300/0301 VUs, 359 complete and 0 interrupted iterations
main   [  36% ] 0300/0301 VUs  0m43.0s/2m0s  20.00 iters/s

running (0m44.0s), 0301/0306 VUs, 373 complete and 0 interrupted iterations
main   [  37% ] 0301/0306 VUs  0m44.0s/2m0s  20.00 iters/s

running (0m45.0s), 0312/0313 VUs, 375 complete and 0 interrupted iterations
main   [  37% ] 0312/0313 VUs  0m45.0s/2m0s  20.00 iters/s

running (0m46.0s), 0319/0319 VUs, 382 complete and 0 interrupted iterations
main   [  38% ] 0319/0319 VUs  0m46.0s/2m0s  20.00 iters/s

running (0m47.0s), 0322/0327 VUs, 391 complete and 0 interrupted iterations
main   [  39% ] 0322/0327 VUs  0m47.0s/2m0s  20.00 iters/s

running (0m48.0s), 0327/0328 VUs, 405 complete and 0 interrupted iterations
main   [  40% ] 0327/0328 VUs  0m48.0s/2m0s  20.00 iters/s

running (0m49.0s), 0330/0334 VUs, 416 complete and 0 interrupted iterations
main   [  41% ] 0330/0334 VUs  0m49.0s/2m0s  20.00 iters/s

running (0m50.0s), 0341/0341 VUs, 418 complete and 0 interrupted iterations
main   [  42% ] 0341/0341 VUs  0m50.0s/2m0s  20.00 iters/s

running (0m51.0s), 0343/0345 VUs, 432 complete and 0 interrupted iterations
main   [  42% ] 0343/0345 VUs  0m51.0s/2m0s  20.00 iters/s

running (0m52.0s), 0350/0353 VUs, 437 complete and 0 interrupted iterations
main   [  43% ] 0350/0353 VUs  0m52.0s/2m0s  20.00 iters/s

running (0m53.0s), 0356/0356 VUs, 448 complete and 0 interrupted iterations
main   [  44% ] 0356/0356 VUs  0m53.0s/2m0s  20.00 iters/s

running (0m54.0s), 0355/0362 VUs, 463 complete and 0 interrupted iterations
main   [  45% ] 0355/0362 VUs  0m54.0s/2m0s  20.00 iters/s

running (0m55.0s), 0367/0368 VUs, 465 complete and 0 interrupted iterations
main   [  46% ] 0367/0368 VUs  0m55.0s/2m0s  20.00 iters/s

running (0m56.0s), 0372/0373 VUs, 475 complete and 0 interrupted iterations
main   [  47% ] 0372/0373 VUs  0m56.0s/2m0s  20.00 iters/s

running (0m57.0s), 0377/0382 VUs, 481 complete and 0 interrupted iterations
main   [  47% ] 0377/0382 VUs  0m57.0s/2m0s  20.00 iters/s

running (0m58.0s), 0383/0383 VUs, 494 complete and 0 interrupted iterations
main   [  48% ] 0383/0383 VUs  0m58.0s/2m0s  20.00 iters/s

running (0m59.0s), 0385/0390 VUs, 505 complete and 0 interrupted iterations
main   [  49% ] 0385/0390 VUs  0m59.0s/2m0s  20.00 iters/s

running (1m00.0s), 0396/0397 VUs, 507 complete and 0 interrupted iterations
main   [  50% ] 0396/0397 VUs  1m00.0s/2m0s  20.00 iters/s

running (1m01.0s), 0398/0400 VUs, 522 complete and 0 interrupted iterations
main   [  51% ] 0398/0400 VUs  1m01.0s/2m0s  20.00 iters/s

running (1m02.0s), 0405/0408 VUs, 527 complete and 0 interrupted iterations
main   [  52% ] 0405/0408 VUs  1m02.0s/2m0s  20.00 iters/s

running (1m03.0s), 0410/0411 VUs, 539 complete and 0 interrupted iterations
main   [  52% ] 0410/0411 VUs  1m03.0s/2m0s  20.00 iters/s

running (1m04.0s), 0410/0417 VUs, 553 complete and 0 interrupted iterations
main   [  53% ] 0410/0417 VUs  1m04.0s/2m0s  20.00 iters/s

running (1m05.0s), 0421/0422 VUs, 557 complete and 0 interrupted iterations
main   [  54% ] 0421/0422 VUs  1m05.0s/2m0s  20.00 iters/s

running (1m06.0s), 0426/0427 VUs, 567 complete and 0 interrupted iterations
main   [  55% ] 0426/0427 VUs  1m06.0s/2m0s  20.00 iters/s

running (1m07.0s), 0433/0436 VUs, 571 complete and 0 interrupted iterations
main   [  56% ] 0433/0436 VUs  1m07.0s/2m0s  20.00 iters/s

running (1m08.0s), 0436/0437 VUs, 587 complete and 0 interrupted iterations
main   [  57% ] 0436/0437 VUs  1m08.0s/2m0s  20.00 iters/s

running (1m09.0s), 0440/0444 VUs, 596 complete and 0 interrupted iterations
main   [  57% ] 0440/0444 VUs  1m09.0s/2m0s  20.00 iters/s

running (1m10.0s), 0450/0451 VUs, 599 complete and 0 interrupted iterations
main   [  58% ] 0450/0451 VUs  1m10.0s/2m0s  20.00 iters/s

running (1m11.0s), 0451/0455 VUs, 614 complete and 0 interrupted iterations
main   [  59% ] 0451/0455 VUs  1m11.0s/2m0s  20.00 iters/s

running (1m12.0s), 0460/0461 VUs, 619 complete and 0 interrupted iterations
main   [  60% ] 0460/0461 VUs  1m12.0s/2m0s  20.00 iters/s

running (1m13.0s), 0463/0464 VUs, 633 complete and 0 interrupted iterations
main   [  61% ] 0463/0464 VUs  1m13.0s/2m0s  20.00 iters/s

running (1m14.0s), 0463/0471 VUs, 646 complete and 0 interrupted iterations
main   [  62% ] 0463/0471 VUs  1m14.0s/2m0s  20.00 iters/s

running (1m15.0s), 0474/0474 VUs, 652 complete and 0 interrupted iterations
main   [  62% ] 0474/0474 VUs  1m15.0s/2m0s  20.00 iters/s

running (1m16.0s), 0480/0480 VUs, 660 complete and 0 interrupted iterations
main   [  63% ] 0480/0480 VUs  1m16.0s/2m0s  20.00 iters/s

running (1m17.0s), 0488/0488 VUs, 664 complete and 0 interrupted iterations
main   [  64% ] 0488/0488 VUs  1m17.0s/2m0s  20.00 iters/s

running (1m18.0s), 0488/0489 VUs, 683 complete and 0 interrupted iterations
main   [  65% ] 0488/0489 VUs  1m18.0s/2m0s  20.00 iters/s

running (1m19.0s), 0491/0497 VUs, 692 complete and 0 interrupted iterations
main   [  66% ] 0491/0497 VUs  1m19.0s/2m0s  20.00 iters/s

running (1m20.0s), 0502/0502 VUs, 696 complete and 0 interrupted iterations
main   [  67% ] 0502/0502 VUs  1m20.0s/2m0s  20.00 iters/s

running (1m21.0s), 0505/0507 VUs, 708 complete and 0 interrupted iterations
main   [  67% ] 0505/0507 VUs  1m21.0s/2m0s  20.00 iters/s

running (1m22.0s), 0512/0513 VUs, 715 complete and 0 interrupted iterations
main   [  68% ] 0512/0513 VUs  1m22.0s/2m0s  20.00 iters/s

running (1m23.0s), 0515/0515 VUs, 730 complete and 0 interrupted iterations
main   [  69% ] 0515/0515 VUs  1m23.0s/2m0s  20.00 iters/s

running (1m24.0s), 0515/0523 VUs, 742 complete and 0 interrupted iterations
main   [  70% ] 0515/0523 VUs  1m24.0s/2m0s  20.00 iters/s

running (1m25.0s), 0526/0527 VUs, 747 complete and 0 interrupted iterations
main   [  71% ] 0526/0527 VUs  1m25.0s/2m0s  20.00 iters/s

running (1m26.0s), 0533/0534 VUs, 753 complete and 0 interrupted iterations
main   [  72% ] 0533/0534 VUs  1m26.0s/2m0s  20.00 iters/s

running (1m27.0s), 0541/0543 VUs, 756 complete and 0 interrupted iterations
main   [  72% ] 0541/0543 VUs  1m27.0s/2m0s  20.00 iters/s

running (1m28.0s), 0539/0543 VUs, 778 complete and 0 interrupted iterations
main   [  73% ] 0539/0543 VUs  1m28.0s/2m0s  20.00 iters/s

running (1m29.0s), 0547/0549 VUs, 784 complete and 0 interrupted iterations
main   [  74% ] 0547/0549 VUs  1m29.0s/2m0s  20.00 iters/s

running (1m30.0s), 0555/0556 VUs, 789 complete and 0 interrupted iterations
main   [  75% ] 0555/0556 VUs  1m30.0s/2m0s  20.00 iters/s

running (1m31.0s), 0560/0562 VUs, 798 complete and 0 interrupted iterations
main   [  76% ] 0560/0562 VUs  1m31.0s/2m0s  20.00 iters/s

running (1m32.0s), 0567/0569 VUs, 804 complete and 0 interrupted iterations
main   [  77% ] 0567/0569 VUs  1m32.0s/2m0s  20.00 iters/s

running (1m33.0s), 0568/0569 VUs, 823 complete and 0 interrupted iterations
main   [  77% ] 0568/0569 VUs  1m33.0s/2m0s  20.00 iters/s

running (1m34.0s), 0573/0577 VUs, 830 complete and 0 interrupted iterations
main   [  78% ] 0573/0577 VUs  1m34.0s/2m0s  20.00 iters/s

running (1m35.0s), 0579/0579 VUs, 842 complete and 0 interrupted iterations
main   [  79% ] 0579/0579 VUs  1m35.0s/2m0s  20.00 iters/s

running (1m36.0s), 0587/0588 VUs, 845 complete and 0 interrupted iterations
main   [  80% ] 0587/0588 VUs  1m36.0s/2m0s  20.00 iters/s

running (1m37.0s), 0595/0597 VUs, 848 complete and 0 interrupted iterations
main   [  81% ] 0595/0597 VUs  1m37.0s/2m0s  20.00 iters/s

running (1m38.0s), 0592/0597 VUs, 871 complete and 0 interrupted iterations
main   [  82% ] 0592/0597 VUs  1m38.0s/2m0s  20.00 iters/s

running (1m39.0s), 0602/0603 VUs, 875 complete and 0 interrupted iterations
main   [  82% ] 0602/0603 VUs  1m39.0s/2m0s  20.00 iters/s

running (1m40.0s), 0608/0608 VUs, 884 complete and 0 interrupted iterations
main   [  83% ] 0608/0608 VUs  1m40.0s/2m0s  20.00 iters/s

running (1m41.0s), 0613/0615 VUs, 892 complete and 0 interrupted iterations
main   [  84% ] 0613/0615 VUs  1m41.0s/2m0s  20.00 iters/s

running (1m42.0s), 0620/0621 VUs, 899 complete and 0 interrupted iterations
main   [  85% ] 0620/0621 VUs  1m42.0s/2m0s  20.00 iters/s

running (1m43.0s), 0619/0621 VUs, 920 complete and 0 interrupted iterations
main   [  86% ] 0619/0621 VUs  1m43.0s/2m0s  20.00 iters/s

running (1m44.0s), 0626/0629 VUs, 925 complete and 0 interrupted iterations
main   [  87% ] 0626/0629 VUs  1m44.0s/2m0s  20.00 iters/s

running (1m45.0s), 0631/0633 VUs, 936 complete and 0 interrupted iterations
main   [  87% ] 0631/0633 VUs  1m45.0s/2m0s  20.00 iters/s

running (1m46.0s), 0641/0641 VUs, 938 complete and 0 interrupted iterations
main   [  88% ] 0641/0641 VUs  1m46.0s/2m0s  20.00 iters/s

running (1m47.0s), 0649/0650 VUs, 941 complete and 0 interrupted iterations
main   [  89% ] 0649/0650 VUs  1m47.0s/2m0s  20.00 iters/s

running (1m48.0s), 0644/0650 VUs, 966 complete and 0 interrupted iterations
main   [  90% ] 0644/0650 VUs  1m48.0s/2m0s  20.00 iters/s

running (1m49.0s), 0656/0656 VUs, 968 complete and 0 interrupted iterations
main   [  91% ] 0656/0656 VUs  1m49.0s/2m0s  20.00 iters/s

running (1m50.0s), 0661/0662 VUs, 977 complete and 0 interrupted iterations
main   [  92% ] 0661/0662 VUs  1m50.0s/2m0s  20.00 iters/s

running (1m51.0s), 0669/0669 VUs, 982 complete and 0 interrupted iterations
main   [  92% ] 0669/0669 VUs  1m51.0s/2m0s  20.00 iters/s

running (1m52.0s), 0675/0676 VUs, 989 complete and 0 interrupted iterations
main   [  93% ] 0675/0676 VUs  1m52.0s/2m0s  20.00 iters/s

running (1m53.0s), 0675/0678 VUs, 1007 complete and 0 interrupted iterations
main   [  94% ] 0675/0678 VUs  1m53.0s/2m0s  20.00 iters/s

running (1m54.0s), 0686/0686 VUs, 1008 complete and 0 interrupted iterations
main   [  95% ] 0686/0686 VUs  1m54.0s/2m0s  20.00 iters/s

running (1m55.0s), 0688/0689 VUs, 1023 complete and 0 interrupted iterations
main   [  96% ] 0688/0689 VUs  1m55.0s/2m0s  20.00 iters/s

running (1m56.0s), 0696/0697 VUs, 1027 complete and 0 interrupted iterations
main   [  97% ] 0696/0697 VUs  1m56.0s/2m0s  20.00 iters/s

running (1m57.0s), 0703/0703 VUs, 1034 complete and 0 interrupted iterations
main   [  97% ] 0703/0703 VUs  1m57.0s/2m0s  20.00 iters/s

running (1m58.0s), 0700/0705 VUs, 1055 complete and 0 interrupted iterations
main   [  98% ] 0700/0705 VUs  1m58.0s/2m0s  20.00 iters/s

running (1m59.0s), 0711/0711 VUs, 1058 complete and 0 interrupted iterations
main   [  99% ] 0711/0711 VUs  1m59.0s/2m0s  20.00 iters/s

running (2m00.0s), 0718/0719 VUs, 1063 complete and 0 interrupted iterations
main   [ 100% ] 0718/0719 VUs  2m00.0s/2m0s  20.00 iters/s

running (2m01.0s), 0714/0719 VUs, 1068 complete and 0 interrupted iterations
main ↓ [ 100% ] 0718/0719 VUs  2m0s  20.00 iters/s

running (2m02.0s), 0702/0719 VUs, 1080 complete and 0 interrupted iterations
main ↓ [ 100% ] 0718/0719 VUs  2m0s  20.00 iters/s

running (2m03.0s), 0684/0719 VUs, 1098 complete and 0 interrupted iterations
main ↓ [ 100% ] 0718/0719 VUs  2m0s  20.00 iters/s

running (2m04.0s), 0681/0719 VUs, 1101 complete and 0 interrupted iterations
main ↓ [ 100% ] 0718/0719 VUs  2m0s  20.00 iters/s

running (2m05.0s), 0670/0719 VUs, 1112 complete and 0 interrupted iterations
main ↓ [ 100% ] 0718/0719 VUs  2m0s  20.00 iters/s

running (2m06.0s), 0667/0719 VUs, 1115 complete and 0 interrupted iterations
main ↓ [ 100% ] 0718/0719 VUs  2m0s  20.00 iters/s

running (2m07.0s), 0659/0719 VUs, 1123 complete and 0 interrupted iterations
main ↓ [ 100% ] 0718/0719 VUs  2m0s  20.00 iters/s

running (2m08.0s), 0640/0719 VUs, 1142 complete and 0 interrupted iterations
main ↓ [ 100% ] 0718/0719 VUs  2m0s  20.00 iters/s

running (2m09.0s), 0634/0719 VUs, 1148 complete and 0 interrupted iterations
main ↓ [ 100% ] 0718/0719 VUs  2m0s  20.00 iters/s

running (2m10.0s), 0626/0719 VUs, 1156 complete and 0 interrupted iterations
main ↓ [ 100% ] 0718/0719 VUs  2m0s  20.00 iters/s

running (2m11.0s), 0623/0719 VUs, 1159 complete and 0 interrupted iterations
main ↓ [ 100% ] 0718/0719 VUs  2m0s  20.00 iters/s

running (2m12.0s), 0612/0719 VUs, 1170 complete and 0 interrupted iterations
main ↓ [ 100% ] 0718/0719 VUs  2m0s  20.00 iters/s

running (2m13.0s), 0594/0719 VUs, 1188 complete and 0 interrupted iterations
main ↓ [ 100% ] 0718/0719 VUs  2m0s  20.00 iters/s

running (2m14.0s), 0591/0719 VUs, 1191 complete and 0 interrupted iterations
main ↓ [ 100% ] 0718/0719 VUs  2m0s  20.00 iters/s

running (2m15.0s), 0580/0719 VUs, 1202 complete and 0 interrupted iterations
main ↓ [ 100% ] 0718/0719 VUs  2m0s  20.00 iters/s

running (2m16.0s), 0575/0719 VUs, 1207 complete and 0 interrupted iterations
main ↓ [ 100% ] 0718/0719 VUs  2m0s  20.00 iters/s

running (2m17.0s), 0569/0719 VUs, 1213 complete and 0 interrupted iterations
main ↓ [ 100% ] 0718/0719 VUs  2m0s  20.00 iters/s

running (2m18.0s), 0550/0719 VUs, 1232 complete and 0 interrupted iterations
main ↓ [ 100% ] 0718/0719 VUs  2m0s  20.00 iters/s

running (2m19.0s), 0540/0719 VUs, 1242 complete and 0 interrupted iterations
main ↓ [ 100% ] 0718/0719 VUs  2m0s  20.00 iters/s

running (2m20.0s), 0536/0719 VUs, 1246 complete and 0 interrupted iterations
main ↓ [ 100% ] 0718/0719 VUs  2m0s  20.00 iters/s

running (2m21.0s), 0532/0719 VUs, 1250 complete and 0 interrupted iterations
main ↓ [ 100% ] 0718/0719 VUs  2m0s  20.00 iters/s

running (2m22.0s), 0523/0719 VUs, 1259 complete and 0 interrupted iterations
main ↓ [ 100% ] 0718/0719 VUs  2m0s  20.00 iters/s

running (2m23.0s), 0506/0719 VUs, 1276 complete and 0 interrupted iterations
main ↓ [ 100% ] 0718/0719 VUs  2m0s  20.00 iters/s

running (2m24.0s), 0498/0719 VUs, 1284 complete and 0 interrupted iterations
main ↓ [ 100% ] 0718/0719 VUs  2m0s  20.00 iters/s
time="2026-06-11T22:20:38Z" level=warning msg="Request Failed" error="Get \"http://lab-app:8080/b/lazy-unbounded?memberId=977&limit=300\": request timeout"
time="2026-06-11T22:20:38Z" level=warning msg="Request Failed" error="Get \"http://lab-app:8080/b/lazy-unbounded?memberId=1907&limit=300\": request timeout"
time="2026-06-11T22:20:38Z" level=warning msg="Request Failed" error="Get \"http://lab-app:8080/b/lazy-unbounded?memberId=1441&limit=300\": request timeout"
time="2026-06-11T22:20:38Z" level=warning msg="Request Failed" error="Get \"http://lab-app:8080/b/lazy-unbounded?memberId=1749&limit=300\": request timeout"
time="2026-06-11T22:20:38Z" level=warning msg="Request Failed" error="Get \"http://lab-app:8080/b/lazy-unbounded?memberId=789&limit=300\": request timeout"
time="2026-06-11T22:20:38Z" level=warning msg="Request Failed" error="Get \"http://lab-app:8080/b/lazy-unbounded?memberId=710&limit=300\": request timeout"
time="2026-06-11T22:20:38Z" level=warning msg="Request Failed" error="Get \"http://lab-app:8080/b/lazy-unbounded?memberId=1306&limit=300\": request timeout"
time="2026-06-11T22:20:38Z" level=warning msg="Request Failed" error="Get \"http://lab-app:8080/b/lazy-unbounded?memberId=1764&limit=300\": request timeout"

running (2m25.0s), 0487/0719 VUs, 1295 complete and 0 interrupted iterations
main ↓ [ 100% ] 0718/0719 VUs  2m0s  20.00 iters/s

running (2m26.0s), 0481/0719 VUs, 1301 complete and 0 interrupted iterations
main ↓ [ 100% ] 0718/0719 VUs  2m0s  20.00 iters/s
time="2026-06-11T22:20:40Z" level=warning msg="Request Failed" error="Get \"http://lab-app:8080/b/lazy-unbounded?memberId=461&limit=300\": request timeout"

running (2m27.0s), 0478/0719 VUs, 1304 complete and 0 interrupted iterations
main ↓ [ 100% ] 0718/0719 VUs  2m0s  20.00 iters/s
time="2026-06-11T22:20:41Z" level=warning msg="Request Failed" error="Get \"http://lab-app:8080/b/lazy-unbounded?memberId=1154&limit=300\": request timeout"
time="2026-06-11T22:20:41Z" level=warning msg="Request Failed" error="Get \"http://lab-app:8080/b/lazy-unbounded?memberId=806&limit=300\": request timeout"
time="2026-06-11T22:20:41Z" level=warning msg="Request Failed" error="Get \"http://lab-app:8080/b/lazy-unbounded?memberId=1060&limit=300\": request timeout"
time="2026-06-11T22:20:41Z" level=warning msg="Request Failed" error="Get \"http://lab-app:8080/b/lazy-unbounded?memberId=656&limit=300\": request timeout"
time="2026-06-11T22:20:41Z" level=warning msg="Request Failed" error="Get \"http://lab-app:8080/b/lazy-unbounded?memberId=458&limit=300\": request timeout"

running (2m28.0s), 0456/0719 VUs, 1326 complete and 0 interrupted iterations
main ↓ [ 100% ] 0718/0719 VUs  2m0s  20.00 iters/s
time="2026-06-11T22:20:42Z" level=warning msg="Request Failed" error="Get \"http://lab-app:8080/b/lazy-unbounded?memberId=769&limit=300\": request timeout"
time="2026-06-11T22:20:42Z" level=warning msg="Request Failed" error="Get \"http://lab-app:8080/b/lazy-unbounded?memberId=155&limit=300\": request timeout"
time="2026-06-11T22:20:42Z" level=warning msg="Request Failed" error="Get \"http://lab-app:8080/b/lazy-unbounded?memberId=1786&limit=300\": request timeout"
time="2026-06-11T22:20:43Z" level=warning msg="Request Failed" error="Get \"http://lab-app:8080/b/lazy-unbounded?memberId=1447&limit=300\": request timeout"

running (2m29.0s), 0446/0719 VUs, 1336 complete and 0 interrupted iterations
main ↓ [ 100% ] 0718/0719 VUs  2m0s  20.00 iters/s
time="2026-06-11T22:20:43Z" level=warning msg="Request Failed" error="Get \"http://lab-app:8080/b/lazy-unbounded?memberId=1549&limit=300\": request timeout"
time="2026-06-11T22:20:43Z" level=warning msg="Request Failed" error="Get \"http://lab-app:8080/b/lazy-unbounded?memberId=1275&limit=300\": request timeout"
time="2026-06-11T22:20:43Z" level=warning msg="Request Failed" error="Get \"http://lab-app:8080/b/lazy-unbounded?memberId=783&limit=300\": request timeout"
time="2026-06-11T22:20:43Z" level=warning msg="Request Failed" error="Get \"http://lab-app:8080/b/lazy-unbounded?memberId=1641&limit=300\": request timeout"
time="2026-06-11T22:20:43Z" level=warning msg="Request Failed" error="Get \"http://lab-app:8080/b/lazy-unbounded?memberId=1742&limit=300\": request timeout"
time="2026-06-11T22:20:43Z" level=warning msg="Request Failed" error="Get \"http://lab-app:8080/b/lazy-unbounded?memberId=453&limit=300\": request timeout"
time="2026-06-11T22:20:43Z" level=warning msg="Request Failed" error="Get \"http://lab-app:8080/b/lazy-unbounded?memberId=832&limit=300\": request timeout"
time="2026-06-11T22:20:43Z" level=warning msg="Request Failed" error="Get \"http://lab-app:8080/b/lazy-unbounded?memberId=733&limit=300\": request timeout"
time="2026-06-11T22:20:43Z" level=warning msg="Request Failed" error="Get \"http://lab-app:8080/b/lazy-unbounded?memberId=1615&limit=300\": request timeout"

running (2m30.0s), 0437/0719 VUs, 1345 complete and 0 interrupted iterations
main ↓ [ 100% ] 0718/0719 VUs  2m0s  20.00 iters/s

running (2m30.0s), 0000/0719 VUs, 1345 complete and 437 interrupted iterations
main ✓ [ 100% ] 0437/0719 VUs  2m0s  20.00 iters/s
  Repeat 1 complete. Results in results/b-lazy-unbounded-rtt10000-r20-rep1-1781216293.json
=== Cell complete: 1 repeat(s) for b/lazy-unbounded rtt=10000us ===

[campaign] (3) cell: b|joinfetch|10000|20|-|N=300,MAX_MEMBER_ID=2000
=== Cell: scenario=b style=joinfetch rtt=10000us rate=20rps duration=2m scale=full maxMember=2000 repeats=1 ===
[1/4] Setting netem delay 10000us...
Setting netem delay 10000us on lab-mysql eth0...
time="2026-06-12T07:20:44+09:00" level=warning msg="/Users/rene/rdb-join-lab/docker-compose.yml: the attribute `version` is obsolete, it will be ignored, please remove it to avoid potential confusion"
Current qdisc:
time="2026-06-12T07:20:44+09:00" level=warning msg="/Users/rene/rdb-join-lab/docker-compose.yml: the attribute `version` is obsolete, it will be ignored, please remove it to avoid potential confusion"
qdisc netem 8016: root refcnt 7 limit 1000 delay 10ms seed 3905077116430467433
[2/4] Warming InnoDB buffer pool...
=== Step 1: Warm-up queries (priming buffer pool, ~10% of full scale) ===
COUNT(*)
3400211
COUNT(*)
1000000
COUNT(*)
8679702
COUNT(*)
10000
Warm-up queries complete.
=== Step 2: Triggering InnoDB buffer pool dump ===
time="2026-06-12T07:20:45+09:00" level=warning msg="/Users/rene/rdb-join-lab/docker-compose.yml: the attribute `version` is obsolete, it will be ignored, please remove it to avoid potential confusion"
mysql: [Warning] Using a password on the command line interface can be insecure.
Polling dump status (timeout 300s)...
  [0s] Dump status: Buffer pool(s) dump completed at 260611 22:20:46
Buffer pool dump completed.
=== Step 3: Triggering InnoDB buffer pool load ===
time="2026-06-12T07:20:45+09:00" level=warning msg="/Users/rene/rdb-join-lab/docker-compose.yml: the attribute `version` is obsolete, it will be ignored, please remove it to avoid potential confusion"
mysql: [Warning] Using a password on the command line interface can be insecure.
Polling load status (timeout 300s)...
  [0s] Load status: Buffer pool(s) load completed at 260611 22:20:46
Buffer pool load completed.
=== Step 3b: Capturing post-load snapshot for warm-state gate ===
COUNT(*)
1210060
COUNT(*)
8679702
COUNT(*)
10000
Re-verification queries complete.
=== Step 4: Warm-state gate (physical reads < 0.01, post-load window) ===
  Post-load reverify window: physical reads delta: 0 / 24715 = 0.0
  (Pre-warmup baseline: 28378 / 3906150561, for reference)
  Warm-state gate PASSED.
=== Step 5: ANALYZE TABLE ===
Table	Op	Msg_type	Msg_text
lab.coupon_policy	analyze	status	OK
lab.member	analyze	status	OK
lab.coupon_issue	analyze	status	OK
ANALYZE TABLE complete.
=== Step 5b: Capturing InnoDB engine status (AHI verification) ===
  InnoDB status captured: results/innodb-status-1781216448.txt
  AHI indicator: INSERT BUFFER AND ADAPTIVE HASH INDEX
0.00 hash searches/s, 4538.48 non-hash searches/s
=== Step 5c: EXPLAIN Scenario B ORDER BY id ASC (filesort check) ===
  WARNING: EXPLAIN shows 'Using filesort' for Scenario B ORDER BY id ASC query.
  Expected idx_issue_member_id to cover ORDER BY — check index creation in schema.sql.
  EXPLAIN output:
1	SIMPLE	coupon_issue	NULL	ref	idx_issue_member_status,idx_issue_member_id	idx_issue_member_status	8	const	1206	100.00	Using filesort
[3/4] Dual calibration (nominal=10000us)...
  [held conn] calibrate n=10000...
  [per checkout] calibrate/loaded n=10000...
{
    "n": 2000,
    "min": 10155,
    "p50": 12921,
    "p95": 15200,
    "p99": 15532,
    "max": 224230
}
Running dual calibration probe (n=10000 held + n=10000 loaded)...
=== held (pure wire RTT) ===
{
    "n": 2000,
    "min": 10125,
    "p50": 12888,
    "p95": 15171,
    "p99": 15562,
    "max": 23484
}
=== loaded (wire RTT + pool checkout) ===
{
    "n": 2000,
    "min": 10136,
    "p50": 12902,
    "p95": 15292,
    "p99": 15860,
    "max": 22547
}

Appended dual record to results/calibration.jsonl: {"held": {"n": 2000, "min": 10125, "p50": 12888, "p95": 15171, "p99": 15562, "max": 23484}, "loaded": {"n": 2000, "min": 10136, "p50": 12902, "p95": 15292, "p99": 15860, "max": 22547}, "timestamp": "2026-06-11T22:22:49Z", "nominal_delay_us": 10000}
[4/1] Running k6 repeat 1/1 (output -> results/b-joinfetch-rtt10000-r20-rep1-1781216569.json)...
time="2026-06-12T07:22:50+09:00" level=warning msg="/Users/rene/rdb-join-lab/docker-compose.yml: the attribute `version` is obsolete, it will be ignored, please remove it to avoid potential confusion"

         /\      Grafana   /‾‾/  
    /\  /  \     |\  __   /  /   
   /  \/    \    | |/ /  /   ‾‾\ 
  /          \   |   (  |  (‾)  |
 / __________ \  |_|\_\  \_____/ 


     execution: local
        script: /scripts/scenario.js
        output: -

     scenarios: (100.00%) 1 scenario, 1000 max VUs, 2m30s max duration (incl. graceful stop):
              * main: 20.00 iterations/s for 2m0s (maxVUs: 100-1000, gracefulStop: 30s)


running (0m01.0s), 0002/0100 VUs, 18 complete and 0 interrupted iterations
main   [   1% ] 0002/0100 VUs  0m01.0s/2m0s  20.00 iters/s

running (0m02.0s), 0002/0100 VUs, 38 complete and 0 interrupted iterations
main   [   2% ] 0002/0100 VUs  0m02.0s/2m0s  20.00 iters/s

running (0m03.0s), 0002/0100 VUs, 58 complete and 0 interrupted iterations
main   [   2% ] 0002/0100 VUs  0m03.0s/2m0s  20.00 iters/s

running (0m04.0s), 0002/0100 VUs, 78 complete and 0 interrupted iterations
main   [   3% ] 0002/0100 VUs  0m04.0s/2m0s  20.00 iters/s

running (0m05.0s), 0002/0100 VUs, 98 complete and 0 interrupted iterations
main   [   4% ] 0002/0100 VUs  0m05.0s/2m0s  20.00 iters/s

running (0m06.0s), 0002/0100 VUs, 118 complete and 0 interrupted iterations
main   [   5% ] 0002/0100 VUs  0m06.0s/2m0s  20.00 iters/s

running (0m07.0s), 0002/0100 VUs, 138 complete and 0 interrupted iterations
main   [   6% ] 0002/0100 VUs  0m07.0s/2m0s  20.00 iters/s

running (0m08.0s), 0002/0100 VUs, 158 complete and 0 interrupted iterations
main   [   7% ] 0002/0100 VUs  0m08.0s/2m0s  20.00 iters/s

running (0m09.0s), 0002/0100 VUs, 178 complete and 0 interrupted iterations
main   [   7% ] 0002/0100 VUs  0m09.0s/2m0s  20.00 iters/s

running (0m10.0s), 0002/0100 VUs, 198 complete and 0 interrupted iterations
main   [   8% ] 0002/0100 VUs  0m10.0s/2m0s  20.00 iters/s

running (0m11.0s), 0002/0100 VUs, 218 complete and 0 interrupted iterations
main   [   9% ] 0002/0100 VUs  0m11.0s/2m0s  20.00 iters/s

running (0m12.0s), 0002/0100 VUs, 238 complete and 0 interrupted iterations
main   [  10% ] 0002/0100 VUs  0m12.0s/2m0s  20.00 iters/s

running (0m13.0s), 0002/0100 VUs, 258 complete and 0 interrupted iterations
main   [  11% ] 0002/0100 VUs  0m13.0s/2m0s  20.00 iters/s

running (0m14.0s), 0002/0100 VUs, 278 complete and 0 interrupted iterations
main   [  12% ] 0002/0100 VUs  0m14.0s/2m0s  20.00 iters/s

running (0m15.0s), 0002/0100 VUs, 298 complete and 0 interrupted iterations
main   [  12% ] 0002/0100 VUs  0m15.0s/2m0s  20.00 iters/s

running (0m16.0s), 0002/0100 VUs, 318 complete and 0 interrupted iterations
main   [  13% ] 0002/0100 VUs  0m16.0s/2m0s  20.00 iters/s

running (0m17.0s), 0002/0100 VUs, 338 complete and 0 interrupted iterations
main   [  14% ] 0002/0100 VUs  0m17.0s/2m0s  20.00 iters/s

running (0m18.0s), 0002/0100 VUs, 358 complete and 0 interrupted iterations
main   [  15% ] 0002/0100 VUs  0m18.0s/2m0s  20.00 iters/s

running (0m19.0s), 0002/0100 VUs, 378 complete and 0 interrupted iterations
main   [  16% ] 0002/0100 VUs  0m19.0s/2m0s  20.00 iters/s

running (0m20.0s), 0002/0100 VUs, 398 complete and 0 interrupted iterations
main   [  17% ] 0002/0100 VUs  0m20.0s/2m0s  20.00 iters/s

running (0m21.0s), 0002/0100 VUs, 418 complete and 0 interrupted iterations
main   [  17% ] 0002/0100 VUs  0m21.0s/2m0s  20.00 iters/s

running (0m22.0s), 0002/0100 VUs, 438 complete and 0 interrupted iterations
main   [  18% ] 0002/0100 VUs  0m22.0s/2m0s  20.00 iters/s

running (0m23.0s), 0002/0100 VUs, 458 complete and 0 interrupted iterations
main   [  19% ] 0002/0100 VUs  0m23.0s/2m0s  20.00 iters/s

running (0m24.0s), 0002/0100 VUs, 478 complete and 0 interrupted iterations
main   [  20% ] 0002/0100 VUs  0m24.0s/2m0s  20.00 iters/s

running (0m25.0s), 0002/0100 VUs, 498 complete and 0 interrupted iterations
main   [  21% ] 0002/0100 VUs  0m25.0s/2m0s  20.00 iters/s

running (0m26.0s), 0002/0100 VUs, 518 complete and 0 interrupted iterations
main   [  22% ] 0002/0100 VUs  0m26.0s/2m0s  20.00 iters/s

running (0m27.0s), 0002/0100 VUs, 538 complete and 0 interrupted iterations
main   [  22% ] 0002/0100 VUs  0m27.0s/2m0s  20.00 iters/s

running (0m28.0s), 0002/0100 VUs, 558 complete and 0 interrupted iterations
main   [  23% ] 0002/0100 VUs  0m28.0s/2m0s  20.00 iters/s

running (0m29.0s), 0002/0100 VUs, 578 complete and 0 interrupted iterations
main   [  24% ] 0002/0100 VUs  0m29.0s/2m0s  20.00 iters/s

running (0m30.0s), 0002/0100 VUs, 598 complete and 0 interrupted iterations
main   [  25% ] 0002/0100 VUs  0m30.0s/2m0s  20.00 iters/s

running (0m31.0s), 0002/0100 VUs, 618 complete and 0 interrupted iterations
main   [  26% ] 0002/0100 VUs  0m31.0s/2m0s  20.00 iters/s

running (0m32.0s), 0002/0100 VUs, 638 complete and 0 interrupted iterations
main   [  27% ] 0002/0100 VUs  0m32.0s/2m0s  20.00 iters/s

running (0m33.0s), 0002/0100 VUs, 658 complete and 0 interrupted iterations
main   [  27% ] 0002/0100 VUs  0m33.0s/2m0s  20.00 iters/s

running (0m34.0s), 0002/0100 VUs, 678 complete and 0 interrupted iterations
main   [  28% ] 0002/0100 VUs  0m34.0s/2m0s  20.00 iters/s

running (0m35.0s), 0002/0100 VUs, 698 complete and 0 interrupted iterations
main   [  29% ] 0002/0100 VUs  0m35.0s/2m0s  20.00 iters/s

running (0m36.0s), 0002/0100 VUs, 718 complete and 0 interrupted iterations
main   [  30% ] 0002/0100 VUs  0m36.0s/2m0s  20.00 iters/s

running (0m37.0s), 0002/0100 VUs, 738 complete and 0 interrupted iterations
main   [  31% ] 0002/0100 VUs  0m37.0s/2m0s  20.00 iters/s

running (0m38.0s), 0002/0100 VUs, 758 complete and 0 interrupted iterations
main   [  32% ] 0002/0100 VUs  0m38.0s/2m0s  20.00 iters/s

running (0m39.0s), 0002/0100 VUs, 778 complete and 0 interrupted iterations
main   [  32% ] 0002/0100 VUs  0m39.0s/2m0s  20.00 iters/s

running (0m40.0s), 0002/0100 VUs, 798 complete and 0 interrupted iterations
main   [  33% ] 0002/0100 VUs  0m40.0s/2m0s  20.00 iters/s

running (0m41.0s), 0002/0100 VUs, 818 complete and 0 interrupted iterations
main   [  34% ] 0002/0100 VUs  0m41.0s/2m0s  20.00 iters/s

running (0m42.0s), 0002/0100 VUs, 838 complete and 0 interrupted iterations
main   [  35% ] 0002/0100 VUs  0m42.0s/2m0s  20.00 iters/s

running (0m43.0s), 0002/0100 VUs, 858 complete and 0 interrupted iterations
main   [  36% ] 0002/0100 VUs  0m43.0s/2m0s  20.00 iters/s

running (0m44.0s), 0002/0100 VUs, 878 complete and 0 interrupted iterations
main   [  37% ] 0002/0100 VUs  0m44.0s/2m0s  20.00 iters/s

running (0m45.0s), 0002/0100 VUs, 898 complete and 0 interrupted iterations
main   [  37% ] 0002/0100 VUs  0m45.0s/2m0s  20.00 iters/s

running (0m46.0s), 0002/0100 VUs, 918 complete and 0 interrupted iterations
main   [  38% ] 0002/0100 VUs  0m46.0s/2m0s  20.00 iters/s

running (0m47.0s), 0002/0100 VUs, 938 complete and 0 interrupted iterations
main   [  39% ] 0002/0100 VUs  0m47.0s/2m0s  20.00 iters/s

running (0m48.0s), 0002/0100 VUs, 958 complete and 0 interrupted iterations
main   [  40% ] 0002/0100 VUs  0m48.0s/2m0s  20.00 iters/s

running (0m49.0s), 0002/0100 VUs, 978 complete and 0 interrupted iterations
main   [  41% ] 0002/0100 VUs  0m49.0s/2m0s  20.00 iters/s

running (0m50.0s), 0002/0100 VUs, 998 complete and 0 interrupted iterations
main   [  42% ] 0002/0100 VUs  0m50.0s/2m0s  20.00 iters/s

running (0m51.0s), 0002/0100 VUs, 1018 complete and 0 interrupted iterations
main   [  42% ] 0002/0100 VUs  0m51.0s/2m0s  20.00 iters/s

running (0m52.0s), 0002/0100 VUs, 1038 complete and 0 interrupted iterations
main   [  43% ] 0002/0100 VUs  0m52.0s/2m0s  20.00 iters/s

running (0m53.0s), 0002/0100 VUs, 1058 complete and 0 interrupted iterations
main   [  44% ] 0002/0100 VUs  0m53.0s/2m0s  20.00 iters/s

running (0m54.0s), 0002/0100 VUs, 1078 complete and 0 interrupted iterations
main   [  45% ] 0002/0100 VUs  0m54.0s/2m0s  20.00 iters/s

running (0m55.0s), 0002/0100 VUs, 1098 complete and 0 interrupted iterations
main   [  46% ] 0002/0100 VUs  0m55.0s/2m0s  20.00 iters/s

running (0m56.0s), 0002/0100 VUs, 1118 complete and 0 interrupted iterations
main   [  47% ] 0002/0100 VUs  0m56.0s/2m0s  20.00 iters/s

running (0m57.0s), 0002/0100 VUs, 1138 complete and 0 interrupted iterations
main   [  47% ] 0002/0100 VUs  0m57.0s/2m0s  20.00 iters/s

running (0m58.0s), 0002/0100 VUs, 1158 complete and 0 interrupted iterations
main   [  48% ] 0002/0100 VUs  0m58.0s/2m0s  20.00 iters/s

running (0m59.0s), 0002/0100 VUs, 1178 complete and 0 interrupted iterations
main   [  49% ] 0002/0100 VUs  0m59.0s/2m0s  20.00 iters/s

running (1m00.0s), 0002/0100 VUs, 1198 complete and 0 interrupted iterations
main   [  50% ] 0002/0100 VUs  1m00.0s/2m0s  20.00 iters/s

running (1m01.0s), 0002/0100 VUs, 1218 complete and 0 interrupted iterations
main   [  51% ] 0002/0100 VUs  1m01.0s/2m0s  20.00 iters/s

running (1m02.0s), 0002/0100 VUs, 1238 complete and 0 interrupted iterations
main   [  52% ] 0002/0100 VUs  1m02.0s/2m0s  20.00 iters/s

running (1m03.0s), 0002/0100 VUs, 1258 complete and 0 interrupted iterations
main   [  52% ] 0002/0100 VUs  1m03.0s/2m0s  20.00 iters/s

running (1m04.0s), 0002/0100 VUs, 1278 complete and 0 interrupted iterations
main   [  53% ] 0002/0100 VUs  1m04.0s/2m0s  20.00 iters/s

running (1m05.0s), 0002/0100 VUs, 1298 complete and 0 interrupted iterations
main   [  54% ] 0002/0100 VUs  1m05.0s/2m0s  20.00 iters/s

running (1m06.0s), 0002/0100 VUs, 1318 complete and 0 interrupted iterations
main   [  55% ] 0002/0100 VUs  1m06.0s/2m0s  20.00 iters/s

running (1m07.0s), 0002/0100 VUs, 1338 complete and 0 interrupted iterations
main   [  56% ] 0002/0100 VUs  1m07.0s/2m0s  20.00 iters/s

running (1m08.0s), 0002/0100 VUs, 1358 complete and 0 interrupted iterations
main   [  57% ] 0002/0100 VUs  1m08.0s/2m0s  20.00 iters/s

running (1m09.0s), 0002/0100 VUs, 1378 complete and 0 interrupted iterations
main   [  57% ] 0002/0100 VUs  1m09.0s/2m0s  20.00 iters/s

running (1m10.0s), 0002/0100 VUs, 1398 complete and 0 interrupted iterations
main   [  58% ] 0002/0100 VUs  1m10.0s/2m0s  20.00 iters/s

running (1m11.0s), 0002/0100 VUs, 1418 complete and 0 interrupted iterations
main   [  59% ] 0002/0100 VUs  1m11.0s/2m0s  20.00 iters/s

running (1m12.0s), 0002/0100 VUs, 1438 complete and 0 interrupted iterations
main   [  60% ] 0002/0100 VUs  1m12.0s/2m0s  20.00 iters/s

running (1m13.0s), 0002/0100 VUs, 1458 complete and 0 interrupted iterations
main   [  61% ] 0002/0100 VUs  1m13.0s/2m0s  20.00 iters/s

running (1m14.0s), 0002/0100 VUs, 1478 complete and 0 interrupted iterations
main   [  62% ] 0002/0100 VUs  1m14.0s/2m0s  20.00 iters/s

running (1m15.0s), 0002/0100 VUs, 1498 complete and 0 interrupted iterations
main   [  62% ] 0002/0100 VUs  1m15.0s/2m0s  20.00 iters/s

running (1m16.0s), 0002/0100 VUs, 1518 complete and 0 interrupted iterations
main   [  63% ] 0002/0100 VUs  1m16.0s/2m0s  20.00 iters/s

running (1m17.0s), 0002/0100 VUs, 1538 complete and 0 interrupted iterations
main   [  64% ] 0002/0100 VUs  1m17.0s/2m0s  20.00 iters/s

running (1m18.0s), 0002/0100 VUs, 1558 complete and 0 interrupted iterations
main   [  65% ] 0002/0100 VUs  1m18.0s/2m0s  20.00 iters/s

running (1m19.0s), 0002/0100 VUs, 1578 complete and 0 interrupted iterations
main   [  66% ] 0002/0100 VUs  1m19.0s/2m0s  20.00 iters/s

running (1m20.0s), 0002/0100 VUs, 1598 complete and 0 interrupted iterations
main   [  67% ] 0002/0100 VUs  1m20.0s/2m0s  20.00 iters/s

running (1m21.0s), 0002/0100 VUs, 1618 complete and 0 interrupted iterations
main   [  67% ] 0002/0100 VUs  1m21.0s/2m0s  20.00 iters/s

running (1m22.0s), 0002/0100 VUs, 1638 complete and 0 interrupted iterations
main   [  68% ] 0002/0100 VUs  1m22.0s/2m0s  20.00 iters/s

running (1m23.0s), 0002/0100 VUs, 1658 complete and 0 interrupted iterations
main   [  69% ] 0002/0100 VUs  1m23.0s/2m0s  20.00 iters/s

running (1m24.0s), 0002/0100 VUs, 1678 complete and 0 interrupted iterations
main   [  70% ] 0002/0100 VUs  1m24.0s/2m0s  20.00 iters/s

running (1m25.0s), 0002/0100 VUs, 1698 complete and 0 interrupted iterations
main   [  71% ] 0002/0100 VUs  1m25.0s/2m0s  20.00 iters/s

running (1m26.0s), 0002/0100 VUs, 1718 complete and 0 interrupted iterations
main   [  72% ] 0002/0100 VUs  1m26.0s/2m0s  20.00 iters/s

running (1m27.0s), 0002/0100 VUs, 1738 complete and 0 interrupted iterations
main   [  72% ] 0002/0100 VUs  1m27.0s/2m0s  20.00 iters/s

running (1m28.0s), 0002/0100 VUs, 1758 complete and 0 interrupted iterations
main   [  73% ] 0002/0100 VUs  1m28.0s/2m0s  20.00 iters/s

running (1m29.0s), 0002/0100 VUs, 1778 complete and 0 interrupted iterations
main   [  74% ] 0002/0100 VUs  1m29.0s/2m0s  20.00 iters/s

running (1m30.0s), 0002/0100 VUs, 1798 complete and 0 interrupted iterations
main   [  75% ] 0002/0100 VUs  1m30.0s/2m0s  20.00 iters/s

running (1m31.0s), 0002/0100 VUs, 1818 complete and 0 interrupted iterations
main   [  76% ] 0002/0100 VUs  1m31.0s/2m0s  20.00 iters/s

running (1m32.0s), 0002/0100 VUs, 1838 complete and 0 interrupted iterations
main   [  77% ] 0002/0100 VUs  1m32.0s/2m0s  20.00 iters/s

running (1m33.0s), 0002/0100 VUs, 1858 complete and 0 interrupted iterations
main   [  77% ] 0002/0100 VUs  1m33.0s/2m0s  20.00 iters/s

running (1m34.0s), 0002/0100 VUs, 1878 complete and 0 interrupted iterations
main   [  78% ] 0002/0100 VUs  1m34.0s/2m0s  20.00 iters/s

running (1m35.0s), 0002/0100 VUs, 1898 complete and 0 interrupted iterations
main   [  79% ] 0002/0100 VUs  1m35.0s/2m0s  20.00 iters/s

running (1m36.0s), 0002/0100 VUs, 1918 complete and 0 interrupted iterations
main   [  80% ] 0002/0100 VUs  1m36.0s/2m0s  20.00 iters/s

running (1m37.0s), 0002/0100 VUs, 1938 complete and 0 interrupted iterations
main   [  81% ] 0002/0100 VUs  1m37.0s/2m0s  20.00 iters/s

running (1m38.0s), 0002/0100 VUs, 1958 complete and 0 interrupted iterations
main   [  82% ] 0002/0100 VUs  1m38.0s/2m0s  20.00 iters/s

running (1m39.0s), 0002/0100 VUs, 1978 complete and 0 interrupted iterations
main   [  82% ] 0002/0100 VUs  1m39.0s/2m0s  20.00 iters/s

running (1m40.0s), 0002/0100 VUs, 1998 complete and 0 interrupted iterations
main   [  83% ] 0002/0100 VUs  1m40.0s/2m0s  20.00 iters/s

running (1m41.0s), 0002/0100 VUs, 2018 complete and 0 interrupted iterations
main   [  84% ] 0002/0100 VUs  1m41.0s/2m0s  20.00 iters/s

running (1m42.0s), 0002/0100 VUs, 2038 complete and 0 interrupted iterations
main   [  85% ] 0002/0100 VUs  1m42.0s/2m0s  20.00 iters/s

running (1m43.0s), 0002/0100 VUs, 2058 complete and 0 interrupted iterations
main   [  86% ] 0002/0100 VUs  1m43.0s/2m0s  20.00 iters/s

running (1m44.0s), 0002/0100 VUs, 2078 complete and 0 interrupted iterations
main   [  87% ] 0002/0100 VUs  1m44.0s/2m0s  20.00 iters/s

running (1m45.0s), 0002/0100 VUs, 2098 complete and 0 interrupted iterations
main   [  87% ] 0002/0100 VUs  1m45.0s/2m0s  20.00 iters/s

running (1m46.0s), 0002/0100 VUs, 2118 complete and 0 interrupted iterations
main   [  88% ] 0002/0100 VUs  1m46.0s/2m0s  20.00 iters/s

running (1m47.0s), 0002/0100 VUs, 2138 complete and 0 interrupted iterations
main   [  89% ] 0002/0100 VUs  1m47.0s/2m0s  20.00 iters/s

running (1m48.0s), 0002/0100 VUs, 2158 complete and 0 interrupted iterations
main   [  90% ] 0002/0100 VUs  1m48.0s/2m0s  20.00 iters/s

running (1m49.0s), 0002/0100 VUs, 2178 complete and 0 interrupted iterations
main   [  91% ] 0002/0100 VUs  1m49.0s/2m0s  20.00 iters/s

running (1m50.0s), 0002/0100 VUs, 2198 complete and 0 interrupted iterations
main   [  92% ] 0002/0100 VUs  1m50.0s/2m0s  20.00 iters/s

running (1m51.0s), 0002/0100 VUs, 2218 complete and 0 interrupted iterations
main   [  92% ] 0002/0100 VUs  1m51.0s/2m0s  20.00 iters/s

running (1m52.0s), 0002/0100 VUs, 2238 complete and 0 interrupted iterations
main   [  93% ] 0002/0100 VUs  1m52.0s/2m0s  20.00 iters/s

running (1m53.0s), 0002/0100 VUs, 2258 complete and 0 interrupted iterations
main   [  94% ] 0002/0100 VUs  1m53.0s/2m0s  20.00 iters/s

running (1m54.0s), 0002/0100 VUs, 2278 complete and 0 interrupted iterations
main   [  95% ] 0002/0100 VUs  1m54.0s/2m0s  20.00 iters/s

running (1m55.0s), 0002/0100 VUs, 2298 complete and 0 interrupted iterations
main   [  96% ] 0002/0100 VUs  1m55.0s/2m0s  20.00 iters/s

running (1m56.0s), 0002/0100 VUs, 2318 complete and 0 interrupted iterations
main   [  97% ] 0002/0100 VUs  1m56.0s/2m0s  20.00 iters/s

running (1m57.0s), 0002/0100 VUs, 2338 complete and 0 interrupted iterations
main   [  97% ] 0002/0100 VUs  1m57.0s/2m0s  20.00 iters/s

running (1m58.0s), 0002/0100 VUs, 2358 complete and 0 interrupted iterations
main   [  98% ] 0002/0100 VUs  1m58.0s/2m0s  20.00 iters/s

running (1m59.0s), 0002/0100 VUs, 2378 complete and 0 interrupted iterations
main   [  99% ] 0002/0100 VUs  1m59.0s/2m0s  20.00 iters/s

running (2m00.0s), 0002/0100 VUs, 2398 complete and 0 interrupted iterations
main   [ 100% ] 0002/0100 VUs  2m00.0s/2m0s  20.00 iters/s

running (2m00.1s), 0000/0100 VUs, 2401 complete and 0 interrupted iterations
main ✓ [ 100% ] 0000/0100 VUs  2m0s  20.00 iters/s
  Repeat 1 complete. Results in results/b-joinfetch-rtt10000-r20-rep1-1781216569.json
=== Cell complete: 1 repeat(s) for b/joinfetch rtt=10000us ===

[campaign] (4) cell: b|byid|10000|20|-|N=300,MAX_MEMBER_ID=2000
=== Cell: scenario=b style=byid rtt=10000us rate=20rps duration=2m scale=full maxMember=2000 repeats=1 ===
[1/4] Setting netem delay 10000us...
Setting netem delay 10000us on lab-mysql eth0...
time="2026-06-12T07:24:50+09:00" level=warning msg="/Users/rene/rdb-join-lab/docker-compose.yml: the attribute `version` is obsolete, it will be ignored, please remove it to avoid potential confusion"
Current qdisc:
time="2026-06-12T07:24:50+09:00" level=warning msg="/Users/rene/rdb-join-lab/docker-compose.yml: the attribute `version` is obsolete, it will be ignored, please remove it to avoid potential confusion"
qdisc netem 8016: root refcnt 7 limit 1000 delay 10ms seed 15552269429876890934
[2/4] Warming InnoDB buffer pool...
=== Step 1: Warm-up queries (priming buffer pool, ~10% of full scale) ===
COUNT(*)
3400211
COUNT(*)
1000000
COUNT(*)
8679702
COUNT(*)
10000
Warm-up queries complete.
=== Step 2: Triggering InnoDB buffer pool dump ===
time="2026-06-12T07:24:52+09:00" level=warning msg="/Users/rene/rdb-join-lab/docker-compose.yml: the attribute `version` is obsolete, it will be ignored, please remove it to avoid potential confusion"
mysql: [Warning] Using a password on the command line interface can be insecure.
Polling dump status (timeout 300s)...
  [0s] Dump status: Buffer pool(s) dump completed at 260611 22:24:52
Buffer pool dump completed.
=== Step 3: Triggering InnoDB buffer pool load ===
time="2026-06-12T07:24:52+09:00" level=warning msg="/Users/rene/rdb-join-lab/docker-compose.yml: the attribute `version` is obsolete, it will be ignored, please remove it to avoid potential confusion"
mysql: [Warning] Using a password on the command line interface can be insecure.
Polling load status (timeout 300s)...
  [0s] Load status: Loaded 178177/188400 pages
  [5s] Load status: Buffer pool(s) load completed at 260611 22:24:52
Buffer pool load completed.
=== Step 3b: Capturing post-load snapshot for warm-state gate ===
COUNT(*)
1210060
COUNT(*)
8679702
COUNT(*)
10000
Re-verification queries complete.
=== Step 4: Warm-state gate (physical reads < 0.01, post-load window) ===
  Post-load reverify window: physical reads delta: 0 / 22886 = 0.0
  (Pre-warmup baseline: 28394 / 3920095454, for reference)
  Warm-state gate PASSED.
=== Step 5: ANALYZE TABLE ===
Table	Op	Msg_type	Msg_text
lab.coupon_policy	analyze	status	OK
lab.member	analyze	status	OK
lab.coupon_issue	analyze	status	OK
ANALYZE TABLE complete.
=== Step 5b: Capturing InnoDB engine status (AHI verification) ===
  InnoDB status captured: results/innodb-status-1781216699.txt
  AHI indicator: INSERT BUFFER AND ADAPTIVE HASH INDEX
0.00 hash searches/s, 16589.02 non-hash searches/s
=== Step 5c: EXPLAIN Scenario B ORDER BY id ASC (filesort check) ===
  WARNING: EXPLAIN shows 'Using filesort' for Scenario B ORDER BY id ASC query.
  Expected idx_issue_member_id to cover ORDER BY — check index creation in schema.sql.
  EXPLAIN output:
1	SIMPLE	coupon_issue	NULL	ref	idx_issue_member_status,idx_issue_member_id	idx_issue_member_status	8	const	1206	100.00	Using filesort
[3/4] Dual calibration (nominal=10000us)...
  [held conn] calibrate n=10000...
{
    "n": 2000,
    "min": 10143,
    "p50": 12771,
    "p95": 15171,
    "p99": 15513,
    "max": 16118
}
  [per checkout] calibrate/loaded n=10000...
{
    "n": 2000,
    "min": 10110,
    "p50": 13026,
    "p95": 15252,
    "p99": 15643,
    "max": 24329
}
Running dual calibration probe (n=10000 held + n=10000 loaded)...
=== held (pure wire RTT) ===
{
    "n": 2000,
    "min": 10117,
    "p50": 13027,
    "p95": 15149,
    "p99": 15440,
    "max": 15838
}
=== loaded (wire RTT + pool checkout) ===
{
    "n": 2000,
    "min": 10101,
    "p50": 12883,
    "p95": 15097,
    "p99": 15460,
    "max": 22520
}

Appended dual record to results/calibration.jsonl: {"held": {"n": 2000, "min": 10117, "p50": 13027, "p95": 15149, "p99": 15440, "max": 15838}, "loaded": {"n": 2000, "min": 10101, "p50": 12883, "p95": 15097, "p99": 15460, "max": 22520}, "timestamp": "2026-06-11T22:26:43Z", "nominal_delay_us": 10000}
[4/1] Running k6 repeat 1/1 (output -> results/b-byid-rtt10000-r20-rep1-1781216803.json)...
time="2026-06-12T07:26:43+09:00" level=warning msg="/Users/rene/rdb-join-lab/docker-compose.yml: the attribute `version` is obsolete, it will be ignored, please remove it to avoid potential confusion"

         /\      Grafana   /‾‾/  
    /\  /  \     |\  __   /  /   
   /  \/    \    | |/ /  /   ‾‾\ 
  /          \   |   (  |  (‾)  |
 / __________ \  |_|\_\  \_____/ 


     execution: local
        script: /scripts/scenario.js
        output: -

     scenarios: (100.00%) 1 scenario, 1000 max VUs, 2m30s max duration (incl. graceful stop):
              * main: 20.00 iterations/s for 2m0s (maxVUs: 100-1000, gracefulStop: 30s)


running (0m01.0s), 0020/0100 VUs, 0 complete and 0 interrupted iterations
main   [   1% ] 0020/0100 VUs  0m01.0s/2m0s  20.00 iters/s

running (0m02.0s), 0040/0100 VUs, 0 complete and 0 interrupted iterations
main   [   2% ] 0040/0100 VUs  0m02.0s/2m0s  20.00 iters/s

running (0m03.0s), 0060/0100 VUs, 0 complete and 0 interrupted iterations
main   [   2% ] 0060/0100 VUs  0m03.0s/2m0s  20.00 iters/s

running (0m04.0s), 0070/0100 VUs, 10 complete and 0 interrupted iterations
main   [   3% ] 0070/0100 VUs  0m04.0s/2m0s  20.00 iters/s

running (0m05.0s), 0090/0100 VUs, 10 complete and 0 interrupted iterations
main   [   4% ] 0090/0100 VUs  0m05.0s/2m0s  20.00 iters/s

running (0m06.0s), 0103/0104 VUs, 13 complete and 0 interrupted iterations
main   [   5% ] 0103/0104 VUs  0m06.0s/2m0s  20.00 iters/s

running (0m07.0s), 0100/0104 VUs, 36 complete and 0 interrupted iterations
main   [   6% ] 0100/0104 VUs  0m07.0s/2m0s  20.00 iters/s

running (0m08.0s), 0106/0107 VUs, 47 complete and 0 interrupted iterations
main   [   7% ] 0106/0107 VUs  0m08.0s/2m0s  20.00 iters/s

running (0m09.0s), 0113/0113 VUs, 54 complete and 0 interrupted iterations
main   [   7% ] 0113/0113 VUs  0m09.0s/2m0s  20.00 iters/s

running (0m10.0s), 0121/0122 VUs, 57 complete and 0 interrupted iterations
main   [   8% ] 0121/0122 VUs  0m10.0s/2m0s  20.00 iters/s

running (0m11.0s), 0127/0128 VUs, 65 complete and 0 interrupted iterations
main   [   9% ] 0127/0128 VUs  0m11.0s/2m0s  20.00 iters/s

running (0m12.0s), 0130/0132 VUs, 78 complete and 0 interrupted iterations
main   [  10% ] 0130/0132 VUs  0m12.0s/2m0s  20.00 iters/s

running (0m13.0s), 0136/0136 VUs, 88 complete and 0 interrupted iterations
main   [  11% ] 0136/0136 VUs  0m13.0s/2m0s  20.00 iters/s

running (0m14.0s), 0140/0140 VUs, 100 complete and 0 interrupted iterations
main   [  12% ] 0140/0140 VUs  0m14.0s/2m0s  20.00 iters/s

running (0m15.0s), 0150/0150 VUs, 100 complete and 0 interrupted iterations
main   [  12% ] 0150/0150 VUs  0m15.0s/2m0s  20.00 iters/s

running (0m16.0s), 0156/0157 VUs, 107 complete and 0 interrupted iterations
main   [  13% ] 0156/0157 VUs  0m16.0s/2m0s  20.00 iters/s

running (0m17.0s), 0158/0161 VUs, 121 complete and 0 interrupted iterations
main   [  14% ] 0158/0161 VUs  0m17.0s/2m0s  20.00 iters/s

running (0m18.0s), 0164/0164 VUs, 132 complete and 0 interrupted iterations
main   [  15% ] 0164/0164 VUs  0m18.0s/2m0s  20.00 iters/s

running (0m19.0s), 0169/0169 VUs, 142 complete and 0 interrupted iterations
main   [  16% ] 0169/0169 VUs  0m19.0s/2m0s  20.00 iters/s

running (0m20.0s), 0178/0179 VUs, 143 complete and 0 interrupted iterations
main   [  17% ] 0178/0179 VUs  0m20.0s/2m0s  20.00 iters/s

running (0m21.0s), 0184/0184 VUs, 152 complete and 0 interrupted iterations
main   [  17% ] 0184/0184 VUs  0m21.0s/2m0s  20.00 iters/s

running (0m22.0s), 0188/0189 VUs, 163 complete and 0 interrupted iterations
main   [  18% ] 0188/0189 VUs  0m22.0s/2m0s  20.00 iters/s

running (0m23.0s), 0193/0194 VUs, 173 complete and 0 interrupted iterations
main   [  19% ] 0193/0194 VUs  0m23.0s/2m0s  20.00 iters/s

running (0m24.0s), 0195/0197 VUs, 188 complete and 0 interrupted iterations
main   [  20% ] 0195/0197 VUs  0m24.0s/2m0s  20.00 iters/s

running (0m25.0s), 0205/0206 VUs, 189 complete and 0 interrupted iterations
main   [  21% ] 0205/0206 VUs  0m25.0s/2m0s  20.00 iters/s

running (0m26.0s), 0213/0213 VUs, 194 complete and 0 interrupted iterations
main   [  22% ] 0213/0213 VUs  0m26.0s/2m0s  20.00 iters/s

running (0m27.0s), 0214/0218 VUs, 208 complete and 0 interrupted iterations
main   [  22% ] 0214/0218 VUs  0m27.0s/2m0s  20.00 iters/s

running (0m28.0s), 0220/0221 VUs, 219 complete and 0 interrupted iterations
main   [  23% ] 0220/0221 VUs  0m28.0s/2m0s  20.00 iters/s

running (0m29.0s), 0224/0224 VUs, 232 complete and 0 interrupted iterations
main   [  24% ] 0224/0224 VUs  0m29.0s/2m0s  20.00 iters/s

running (0m30.0s), 0231/0234 VUs, 235 complete and 0 interrupted iterations
main   [  25% ] 0231/0234 VUs  0m30.0s/2m0s  20.00 iters/s

running (0m31.0s), 0237/0238 VUs, 245 complete and 0 interrupted iterations
main   [  26% ] 0237/0238 VUs  0m31.0s/2m0s  20.00 iters/s

running (0m32.0s), 0242/0243 VUs, 255 complete and 0 interrupted iterations
main   [  27% ] 0242/0243 VUs  0m32.0s/2m0s  20.00 iters/s

running (0m33.0s), 0248/0248 VUs, 264 complete and 0 interrupted iterations
main   [  27% ] 0248/0248 VUs  0m33.0s/2m0s  20.00 iters/s

running (0m34.0s), 0249/0252 VUs, 279 complete and 0 interrupted iterations
main   [  28% ] 0249/0252 VUs  0m34.0s/2m0s  20.00 iters/s

running (0m35.0s), 0259/0260 VUs, 281 complete and 0 interrupted iterations
main   [  29% ] 0259/0260 VUs  0m35.0s/2m0s  20.00 iters/s

running (0m36.0s), 0267/0267 VUs, 286 complete and 0 interrupted iterations
main   [  30% ] 0267/0267 VUs  0m36.0s/2m0s  20.00 iters/s

running (0m37.0s), 0271/0273 VUs, 296 complete and 0 interrupted iterations
main   [  31% ] 0271/0273 VUs  0m37.0s/2m0s  20.00 iters/s

running (0m38.0s), 0277/0278 VUs, 305 complete and 0 interrupted iterations
main   [  32% ] 0277/0278 VUs  0m38.0s/2m0s  20.00 iters/s

running (0m39.0s), 0280/0281 VUs, 319 complete and 0 interrupted iterations
main   [  32% ] 0280/0281 VUs  0m39.0s/2m0s  20.00 iters/s

running (0m40.0s), 0288/0290 VUs, 322 complete and 0 interrupted iterations
main   [  33% ] 0288/0290 VUs  0m40.0s/2m0s  20.00 iters/s

running (0m41.0s), 0293/0293 VUs, 334 complete and 0 interrupted iterations
main   [  34% ] 0293/0293 VUs  0m41.0s/2m0s  20.00 iters/s

running (0m42.0s), 0299/0300 VUs, 341 complete and 0 interrupted iterations
main   [  35% ] 0299/0300 VUs  0m42.0s/2m0s  20.00 iters/s

running (0m43.0s), 0305/0305 VUs, 350 complete and 0 interrupted iterations
main   [  36% ] 0305/0305 VUs  0m43.0s/2m0s  20.00 iters/s

running (0m44.0s), 0301/0308 VUs, 371 complete and 0 interrupted iterations
main   [  37% ] 0301/0308 VUs  0m44.0s/2m0s  20.00 iters/s

running (0m45.0s), 0314/0315 VUs, 371 complete and 0 interrupted iterations
main   [  37% ] 0314/0315 VUs  0m45.0s/2m0s  20.00 iters/s

running (0m46.0s), 0321/0322 VUs, 377 complete and 0 interrupted iterations
main   [  38% ] 0321/0322 VUs  0m46.0s/2m0s  20.00 iters/s

running (0m47.0s), 0324/0328 VUs, 388 complete and 0 interrupted iterations
main   [  39% ] 0324/0328 VUs  0m47.0s/2m0s  20.00 iters/s

running (0m48.0s), 0332/0333 VUs, 395 complete and 0 interrupted iterations
main   [  40% ] 0332/0333 VUs  0m48.0s/2m0s  20.00 iters/s

running (0m49.0s), 0333/0336 VUs, 411 complete and 0 interrupted iterations
main   [  41% ] 0333/0336 VUs  0m49.0s/2m0s  20.00 iters/s

running (0m50.0s), 0344/0344 VUs, 412 complete and 0 interrupted iterations
main   [  42% ] 0344/0344 VUs  0m50.0s/2m0s  20.00 iters/s

running (0m51.0s), 0348/0348 VUs, 424 complete and 0 interrupted iterations
main   [  42% ] 0348/0348 VUs  0m51.0s/2m0s  20.00 iters/s

running (0m52.0s), 0352/0357 VUs, 431 complete and 0 interrupted iterations
main   [  43% ] 0352/0357 VUs  0m52.0s/2m0s  20.00 iters/s

running (0m53.0s), 0361/0362 VUs, 437 complete and 0 interrupted iterations
main   [  44% ] 0361/0362 VUs  0m53.0s/2m0s  20.00 iters/s

running (0m54.0s), 0362/0365 VUs, 453 complete and 0 interrupted iterations
main   [  45% ] 0362/0365 VUs  0m54.0s/2m0s  20.00 iters/s

running (0m55.0s), 0372/0372 VUs, 456 complete and 0 interrupted iterations
main   [  46% ] 0372/0372 VUs  0m55.0s/2m0s  20.00 iters/s

running (0m56.0s), 0378/0378 VUs, 464 complete and 0 interrupted iterations
main   [  47% ] 0378/0378 VUs  0m56.0s/2m0s  20.00 iters/s

running (0m57.0s), 0379/0387 VUs, 474 complete and 0 interrupted iterations
main   [  47% ] 0379/0387 VUs  0m57.0s/2m0s  20.00 iters/s

running (0m58.0s), 0390/0390 VUs, 480 complete and 0 interrupted iterations
main   [  48% ] 0390/0390 VUs  0m58.0s/2m0s  20.00 iters/s

running (0m59.0s), 0392/0394 VUs, 494 complete and 0 interrupted iterations
main   [  49% ] 0392/0394 VUs  0m59.0s/2m0s  20.00 iters/s

running (1m00.0s), 0401/0402 VUs, 497 complete and 0 interrupted iterations
main   [  50% ] 0401/0402 VUs  1m00.0s/2m0s  20.00 iters/s

running (1m01.0s), 0406/0407 VUs, 507 complete and 0 interrupted iterations
main   [  51% ] 0406/0407 VUs  1m01.0s/2m0s  20.00 iters/s

running (1m02.0s), 0410/0415 VUs, 515 complete and 0 interrupted iterations
main   [  52% ] 0410/0415 VUs  1m02.0s/2m0s  20.00 iters/s

running (1m03.0s), 0419/0419 VUs, 522 complete and 0 interrupted iterations
main   [  52% ] 0419/0419 VUs  1m03.0s/2m0s  20.00 iters/s

running (1m04.0s), 0420/0423 VUs, 537 complete and 0 interrupted iterations
main   [  53% ] 0420/0423 VUs  1m04.0s/2m0s  20.00 iters/s

running (1m05.0s), 0429/0430 VUs, 541 complete and 0 interrupted iterations
main   [  54% ] 0429/0430 VUs  1m05.0s/2m0s  20.00 iters/s

running (1m06.0s), 0436/0436 VUs, 548 complete and 0 interrupted iterations
main   [  55% ] 0436/0436 VUs  1m06.0s/2m0s  20.00 iters/s

running (1m07.0s), 0440/0444 VUs, 556 complete and 0 interrupted iterations
main   [  56% ] 0440/0444 VUs  1m07.0s/2m0s  20.00 iters/s

running (1m08.0s), 0447/0447 VUs, 566 complete and 0 interrupted iterations
main   [  57% ] 0447/0447 VUs  1m08.0s/2m0s  20.00 iters/s

running (1m09.0s), 0449/0452 VUs, 579 complete and 0 interrupted iterations
main   [  57% ] 0449/0452 VUs  1m09.0s/2m0s  20.00 iters/s

running (1m10.0s), 0458/0459 VUs, 583 complete and 0 interrupted iterations
main   [  58% ] 0458/0459 VUs  1m10.0s/2m0s  20.00 iters/s

running (1m11.0s), 0463/0464 VUs, 593 complete and 0 interrupted iterations
main   [  59% ] 0463/0464 VUs  1m11.0s/2m0s  20.00 iters/s

running (1m12.0s), 0469/0473 VUs, 598 complete and 0 interrupted iterations
main   [  60% ] 0469/0473 VUs  1m12.0s/2m0s  20.00 iters/s

running (1m13.0s), 0477/0477 VUs, 606 complete and 0 interrupted iterations
main   [  61% ] 0477/0477 VUs  1m13.0s/2m0s  20.00 iters/s

running (1m14.0s), 0473/0482 VUs, 625 complete and 0 interrupted iterations
main   [  62% ] 0473/0482 VUs  1m14.0s/2m0s  20.00 iters/s

running (1m15.0s), 0486/0487 VUs, 627 complete and 0 interrupted iterations
main   [  62% ] 0486/0487 VUs  1m15.0s/2m0s  20.00 iters/s

running (1m16.0s), 0491/0492 VUs, 637 complete and 0 interrupted iterations
main   [  63% ] 0491/0492 VUs  1m16.0s/2m0s  20.00 iters/s

running (1m17.0s), 0495/0500 VUs, 645 complete and 0 interrupted iterations
main   [  64% ] 0495/0500 VUs  1m17.0s/2m0s  20.00 iters/s

running (1m18.0s), 0502/0503 VUs, 655 complete and 0 interrupted iterations
main   [  65% ] 0502/0503 VUs  1m18.0s/2m0s  20.00 iters/s

running (1m19.0s), 0504/0507 VUs, 669 complete and 0 interrupted iterations
main   [  66% ] 0504/0507 VUs  1m19.0s/2m0s  20.00 iters/s

running (1m20.0s), 0514/0515 VUs, 671 complete and 0 interrupted iterations
main   [  67% ] 0514/0515 VUs  1m20.0s/2m0s  20.00 iters/s

running (1m21.0s), 0516/0517 VUs, 687 complete and 0 interrupted iterations
main   [  67% ] 0516/0517 VUs  1m21.0s/2m0s  20.00 iters/s

running (1m22.0s), 0524/0526 VUs, 690 complete and 0 interrupted iterations
main   [  68% ] 0524/0526 VUs  1m22.0s/2m0s  20.00 iters/s

running (1m23.0s), 0530/0531 VUs, 699 complete and 0 interrupted iterations
main   [  69% ] 0530/0531 VUs  1m23.0s/2m0s  20.00 iters/s

running (1m24.0s), 0529/0535 VUs, 716 complete and 0 interrupted iterations
main   [  70% ] 0529/0535 VUs  1m24.0s/2m0s  20.00 iters/s

running (1m25.0s), 0540/0540 VUs, 720 complete and 0 interrupted iterations
main   [  71% ] 0540/0540 VUs  1m25.0s/2m0s  20.00 iters/s

running (1m26.0s), 0544/0545 VUs, 731 complete and 0 interrupted iterations
main   [  72% ] 0544/0545 VUs  1m26.0s/2m0s  20.00 iters/s

running (1m27.0s), 0550/0553 VUs, 737 complete and 0 interrupted iterations
main   [  72% ] 0550/0553 VUs  1m27.0s/2m0s  20.00 iters/s

running (1m28.0s), 0556/0556 VUs, 748 complete and 0 interrupted iterations
main   [  73% ] 0556/0556 VUs  1m28.0s/2m0s  20.00 iters/s

running (1m29.0s), 0558/0561 VUs, 761 complete and 0 interrupted iterations
main   [  74% ] 0558/0561 VUs  1m29.0s/2m0s  20.00 iters/s

running (1m30.0s), 0565/0568 VUs, 767 complete and 0 interrupted iterations
main   [  75% ] 0565/0568 VUs  1m30.0s/2m0s  20.00 iters/s

running (1m31.0s), 0571/0572 VUs, 777 complete and 0 interrupted iterations
main   [  76% ] 0571/0572 VUs  1m31.0s/2m0s  20.00 iters/s

running (1m32.0s), 0580/0580 VUs, 780 complete and 0 interrupted iterations
main   [  77% ] 0580/0580 VUs  1m32.0s/2m0s  20.00 iters/s

running (1m33.0s), 0585/0585 VUs, 790 complete and 0 interrupted iterations
main   [  77% ] 0585/0585 VUs  1m33.0s/2m0s  20.00 iters/s

running (1m34.0s), 0587/0589 VUs, 804 complete and 0 interrupted iterations
main   [  78% ] 0587/0589 VUs  1m34.0s/2m0s  20.00 iters/s

running (1m35.0s), 0595/0596 VUs, 809 complete and 0 interrupted iterations
main   [  79% ] 0595/0596 VUs  1m35.0s/2m0s  20.00 iters/s

running (1m36.0s), 0600/0600 VUs, 820 complete and 0 interrupted iterations
main   [  80% ] 0600/0600 VUs  1m36.0s/2m0s  20.00 iters/s

running (1m37.0s), 0606/0606 VUs, 828 complete and 0 interrupted iterations
main   [  81% ] 0606/0606 VUs  1m37.0s/2m0s  20.00 iters/s

running (1m38.0s), 0612/0613 VUs, 835 complete and 0 interrupted iterations
main   [  82% ] 0612/0613 VUs  1m38.0s/2m0s  20.00 iters/s

running (1m39.0s), 0615/0617 VUs, 848 complete and 0 interrupted iterations
main   [  82% ] 0615/0617 VUs  1m39.0s/2m0s  20.00 iters/s

running (1m40.0s), 0624/0625 VUs, 851 complete and 0 interrupted iterations
main   [  83% ] 0624/0625 VUs  1m40.0s/2m0s  20.00 iters/s

running (1m41.0s), 0627/0627 VUs, 866 complete and 0 interrupted iterations
main   [  84% ] 0627/0627 VUs  1m41.0s/2m0s  20.00 iters/s

running (1m42.0s), 0634/0634 VUs, 872 complete and 0 interrupted iterations
main   [  85% ] 0634/0634 VUs  1m42.0s/2m0s  20.00 iters/s

running (1m43.0s), 0641/0641 VUs, 878 complete and 0 interrupted iterations
main   [  86% ] 0641/0641 VUs  1m43.0s/2m0s  20.00 iters/s

running (1m44.0s), 0643/0645 VUs, 892 complete and 0 interrupted iterations
main   [  87% ] 0643/0645 VUs  1m44.0s/2m0s  20.00 iters/s

running (1m45.0s), 0652/0652 VUs, 896 complete and 0 interrupted iterations
main   [  87% ] 0652/0652 VUs  1m45.0s/2m0s  20.00 iters/s

running (1m46.0s), 0656/0656 VUs, 908 complete and 0 interrupted iterations
main   [  88% ] 0656/0656 VUs  1m46.0s/2m0s  20.00 iters/s

running (1m47.0s), 0662/0663 VUs, 915 complete and 0 interrupted iterations
main   [  89% ] 0662/0663 VUs  1m47.0s/2m0s  20.00 iters/s

running (1m48.0s), 0668/0669 VUs, 923 complete and 0 interrupted iterations
main   [  90% ] 0668/0669 VUs  1m48.0s/2m0s  20.00 iters/s

running (1m49.0s), 0671/0673 VUs, 936 complete and 0 interrupted iterations
main   [  91% ] 0671/0673 VUs  1m49.0s/2m0s  20.00 iters/s

running (1m50.0s), 0679/0680 VUs, 941 complete and 0 interrupted iterations
main   [  92% ] 0679/0680 VUs  1m50.0s/2m0s  20.00 iters/s

running (1m51.0s), 0683/0684 VUs, 953 complete and 0 interrupted iterations
main   [  92% ] 0683/0684 VUs  1m51.0s/2m0s  20.00 iters/s

running (1m52.0s), 0690/0691 VUs, 959 complete and 0 interrupted iterations
main   [  93% ] 0690/0691 VUs  1m52.0s/2m0s  20.00 iters/s

running (1m53.0s), 0697/0698 VUs, 965 complete and 0 interrupted iterations
main   [  94% ] 0697/0698 VUs  1m53.0s/2m0s  20.00 iters/s

running (1m54.0s), 0698/0700 VUs, 982 complete and 0 interrupted iterations
main   [  95% ] 0698/0700 VUs  1m54.0s/2m0s  20.00 iters/s

running (1m55.0s), 0706/0707 VUs, 987 complete and 0 interrupted iterations
main   [  96% ] 0706/0707 VUs  1m55.0s/2m0s  20.00 iters/s

running (1m56.0s), 0711/0712 VUs, 997 complete and 0 interrupted iterations
main   [  97% ] 0711/0712 VUs  1m56.0s/2m0s  20.00 iters/s

running (1m57.0s), 0715/0718 VUs, 1007 complete and 0 interrupted iterations
main   [  97% ] 0715/0718 VUs  1m57.0s/2m0s  20.00 iters/s

running (1m58.0s), 0724/0724 VUs, 1012 complete and 0 interrupted iterations
main   [  98% ] 0724/0724 VUs  1m58.0s/2m0s  20.00 iters/s

running (1m59.0s), 0727/0729 VUs, 1024 complete and 0 interrupted iterations
main   [  99% ] 0727/0729 VUs  1m59.0s/2m0s  20.00 iters/s

running (2m00.0s), 0733/0736 VUs, 1031 complete and 0 interrupted iterations
main   [ 100% ] 0733/0736 VUs  2m00.0s/2m0s  20.00 iters/s

running (2m01.0s), 0720/0736 VUs, 1044 complete and 0 interrupted iterations
main ↓ [ 100% ] 0733/0736 VUs  2m0s  20.00 iters/s

running (2m02.0s), 0714/0736 VUs, 1050 complete and 0 interrupted iterations
main ↓ [ 100% ] 0733/0736 VUs  2m0s  20.00 iters/s

running (2m03.0s), 0709/0736 VUs, 1055 complete and 0 interrupted iterations
main ↓ [ 100% ] 0733/0736 VUs  2m0s  20.00 iters/s

running (2m04.0s), 0695/0736 VUs, 1069 complete and 0 interrupted iterations
main ↓ [ 100% ] 0733/0736 VUs  2m0s  20.00 iters/s

running (2m05.0s), 0688/0736 VUs, 1076 complete and 0 interrupted iterations
main ↓ [ 100% ] 0733/0736 VUs  2m0s  20.00 iters/s

running (2m06.0s), 0677/0736 VUs, 1087 complete and 0 interrupted iterations
main ↓ [ 100% ] 0733/0736 VUs  2m0s  20.00 iters/s

running (2m07.0s), 0669/0736 VUs, 1095 complete and 0 interrupted iterations
main ↓ [ 100% ] 0733/0736 VUs  2m0s  20.00 iters/s

running (2m08.0s), 0662/0736 VUs, 1102 complete and 0 interrupted iterations
main ↓ [ 100% ] 0733/0736 VUs  2m0s  20.00 iters/s

running (2m09.0s), 0652/0736 VUs, 1112 complete and 0 interrupted iterations
main ↓ [ 100% ] 0733/0736 VUs  2m0s  20.00 iters/s

running (2m10.0s), 0646/0736 VUs, 1118 complete and 0 interrupted iterations
main ↓ [ 100% ] 0733/0736 VUs  2m0s  20.00 iters/s

running (2m11.0s), 0633/0736 VUs, 1131 complete and 0 interrupted iterations
main ↓ [ 100% ] 0733/0736 VUs  2m0s  20.00 iters/s

running (2m12.0s), 0626/0736 VUs, 1138 complete and 0 interrupted iterations
main ↓ [ 100% ] 0733/0736 VUs  2m0s  20.00 iters/s

running (2m13.0s), 0620/0736 VUs, 1144 complete and 0 interrupted iterations
main ↓ [ 100% ] 0733/0736 VUs  2m0s  20.00 iters/s

running (2m14.0s), 0608/0736 VUs, 1156 complete and 0 interrupted iterations
main ↓ [ 100% ] 0733/0736 VUs  2m0s  20.00 iters/s

running (2m15.0s), 0601/0736 VUs, 1163 complete and 0 interrupted iterations
main ↓ [ 100% ] 0733/0736 VUs  2m0s  20.00 iters/s

running (2m16.0s), 0590/0736 VUs, 1174 complete and 0 interrupted iterations
main ↓ [ 100% ] 0733/0736 VUs  2m0s  20.00 iters/s

running (2m17.0s), 0580/0736 VUs, 1184 complete and 0 interrupted iterations
main ↓ [ 100% ] 0733/0736 VUs  2m0s  20.00 iters/s

running (2m18.0s), 0575/0736 VUs, 1189 complete and 0 interrupted iterations
main ↓ [ 100% ] 0733/0736 VUs  2m0s  20.00 iters/s

running (2m19.0s), 0566/0736 VUs, 1198 complete and 0 interrupted iterations
main ↓ [ 100% ] 0733/0736 VUs  2m0s  20.00 iters/s
time="2026-06-11T22:29:03Z" level=warning msg="Request Failed" error="Get \"http://lab-app:8080/b/byid?memberId=1308&limit=300\": request timeout"
time="2026-06-11T22:29:03Z" level=warning msg="Request Failed" error="Get \"http://lab-app:8080/b/byid?memberId=1513&limit=300\": request timeout"

running (2m20.0s), 0558/0736 VUs, 1206 complete and 0 interrupted iterations
main ↓ [ 100% ] 0733/0736 VUs  2m0s  20.00 iters/s
time="2026-06-11T22:29:03Z" level=warning msg="Request Failed" error="Get \"http://lab-app:8080/b/byid?memberId=1238&limit=300\": request timeout"
time="2026-06-11T22:29:03Z" level=warning msg="Request Failed" error="Get \"http://lab-app:8080/b/byid?memberId=414&limit=300\": request timeout"
time="2026-06-11T22:29:03Z" level=warning msg="Request Failed" error="Get \"http://lab-app:8080/b/byid?memberId=1804&limit=300\": request timeout"
time="2026-06-11T22:29:04Z" level=warning msg="Request Failed" error="Get \"http://lab-app:8080/b/byid?memberId=145&limit=300\": request timeout"
time="2026-06-11T22:29:04Z" level=warning msg="Request Failed" error="Get \"http://lab-app:8080/b/byid?memberId=1437&limit=300\": request timeout"
time="2026-06-11T22:29:04Z" level=warning msg="Request Failed" error="Get \"http://lab-app:8080/b/byid?memberId=1334&limit=300\": request timeout"

running (2m21.0s), 0546/0736 VUs, 1218 complete and 0 interrupted iterations
main ↓ [ 100% ] 0733/0736 VUs  2m0s  20.00 iters/s

running (2m22.0s), 0539/0736 VUs, 1225 complete and 0 interrupted iterations
main ↓ [ 100% ] 0733/0736 VUs  2m0s  20.00 iters/s
time="2026-06-11T22:29:05Z" level=warning msg="Request Failed" error="Get \"http://lab-app:8080/b/byid?memberId=1264&limit=300\": request timeout"
time="2026-06-11T22:29:05Z" level=warning msg="Request Failed" error="Get \"http://lab-app:8080/b/byid?memberId=674&limit=300\": request timeout"
time="2026-06-11T22:29:05Z" level=warning msg="Request Failed" error="Get \"http://lab-app:8080/b/byid?memberId=1741&limit=300\": request timeout"
time="2026-06-11T22:29:06Z" level=warning msg="Request Failed" error="Get \"http://lab-app:8080/b/byid?memberId=1551&limit=300\": request timeout"
time="2026-06-11T22:29:06Z" level=warning msg="Request Failed" error="Get \"http://lab-app:8080/b/byid?memberId=778&limit=300\": request timeout"
time="2026-06-11T22:29:06Z" level=warning msg="Request Failed" error="Get \"http://lab-app:8080/b/byid?memberId=1263&limit=300\": request timeout"
time="2026-06-11T22:29:06Z" level=warning msg="Request Failed" error="Get \"http://lab-app:8080/b/byid?memberId=54&limit=300\": request timeout"
time="2026-06-11T22:29:06Z" level=warning msg="Request Failed" error="Get \"http://lab-app:8080/b/byid?memberId=1522&limit=300\": request timeout"
time="2026-06-11T22:29:06Z" level=warning msg="Request Failed" error="Get \"http://lab-app:8080/b/byid?memberId=479&limit=300\": request timeout"

running (2m23.0s), 0525/0736 VUs, 1239 complete and 0 interrupted iterations
main ↓ [ 100% ] 0733/0736 VUs  2m0s  20.00 iters/s
time="2026-06-11T22:29:07Z" level=warning msg="Request Failed" error="Get \"http://lab-app:8080/b/byid?memberId=930&limit=300\": request timeout"

running (2m24.0s), 0518/0736 VUs, 1246 complete and 0 interrupted iterations
main ↓ [ 100% ] 0733/0736 VUs  2m0s  20.00 iters/s
time="2026-06-11T22:29:07Z" level=warning msg="Request Failed" error="Get \"http://lab-app:8080/b/byid?memberId=1484&limit=300\": request timeout"
time="2026-06-11T22:29:07Z" level=warning msg="Request Failed" error="Get \"http://lab-app:8080/b/byid?memberId=600&limit=300\": request timeout"
time="2026-06-11T22:29:07Z" level=warning msg="Request Failed" error="Get \"http://lab-app:8080/b/byid?memberId=1300&limit=300\": request timeout"
time="2026-06-11T22:29:08Z" level=warning msg="Request Failed" error="Get \"http://lab-app:8080/b/byid?memberId=1797&limit=300\": request timeout"
time="2026-06-11T22:29:08Z" level=warning msg="Request Failed" error="Get \"http://lab-app:8080/b/byid?memberId=1105&limit=300\": request timeout"
time="2026-06-11T22:29:08Z" level=warning msg="Request Failed" error="Get \"http://lab-app:8080/b/byid?memberId=625&limit=300\": request timeout"
time="2026-06-11T22:29:08Z" level=warning msg="Request Failed" error="Get \"http://lab-app:8080/b/byid?memberId=839&limit=300\": request timeout"
time="2026-06-11T22:29:08Z" level=warning msg="Request Failed" error="Get \"http://lab-app:8080/b/byid?memberId=1429&limit=300\": request timeout"
time="2026-06-11T22:29:08Z" level=warning msg="Request Failed" error="Get \"http://lab-app:8080/b/byid?memberId=883&limit=300\": request timeout"
time="2026-06-11T22:29:08Z" level=warning msg="Request Failed" error="Get \"http://lab-app:8080/b/byid?memberId=1592&limit=300\": request timeout"
time="2026-06-11T22:29:08Z" level=warning msg="Request Failed" error="Get \"http://lab-app:8080/b/byid?memberId=694&limit=300\": request timeout"
time="2026-06-11T22:29:08Z" level=warning msg="Request Failed" error="Get \"http://lab-app:8080/b/byid?memberId=609&limit=300\": request timeout"

running (2m25.0s), 0503/0736 VUs, 1261 complete and 0 interrupted iterations
main ↓ [ 100% ] 0733/0736 VUs  2m0s  20.00 iters/s
time="2026-06-11T22:29:08Z" level=warning msg="Request Failed" error="Get \"http://lab-app:8080/b/byid?memberId=1457&limit=300\": request timeout"
time="2026-06-11T22:29:08Z" level=warning msg="Request Failed" error="Get \"http://lab-app:8080/b/byid?memberId=397&limit=300\": request timeout"
time="2026-06-11T22:29:08Z" level=warning msg="Request Failed" error="Get \"http://lab-app:8080/b/byid?memberId=1566&limit=300\": request timeout"
time="2026-06-11T22:29:09Z" level=warning msg="Request Failed" error="Get \"http://lab-app:8080/b/byid?memberId=600&limit=300\": request timeout"
time="2026-06-11T22:29:09Z" level=warning msg="Request Failed" error="Get \"http://lab-app:8080/b/byid?memberId=1783&limit=300\": request timeout"
time="2026-06-11T22:29:09Z" level=warning msg="Request Failed" error="Get \"http://lab-app:8080/b/byid?memberId=1710&limit=300\": request timeout"
time="2026-06-11T22:29:09Z" level=warning msg="Request Failed" error="Get \"http://lab-app:8080/b/byid?memberId=333&limit=300\": request timeout"
time="2026-06-11T22:29:09Z" level=warning msg="Request Failed" error="Get \"http://lab-app:8080/b/byid?memberId=373&limit=300\": request timeout"
time="2026-06-11T22:29:09Z" level=warning msg="Request Failed" error="Get \"http://lab-app:8080/b/byid?memberId=499&limit=300\": request timeout"
time="2026-06-11T22:29:09Z" level=warning msg="Request Failed" error="Get \"http://lab-app:8080/b/byid?memberId=1721&limit=300\": request timeout"
time="2026-06-11T22:29:09Z" level=warning msg="Request Failed" error="Get \"http://lab-app:8080/b/byid?memberId=1481&limit=300\": request timeout"
time="2026-06-11T22:29:09Z" level=warning msg="Request Failed" error="Get \"http://lab-app:8080/b/byid?memberId=1358&limit=300\": request timeout"

running (2m26.0s), 0489/0736 VUs, 1275 complete and 0 interrupted iterations
main ↓ [ 100% ] 0733/0736 VUs  2m0s  20.00 iters/s
time="2026-06-11T22:29:09Z" level=warning msg="Request Failed" error="Get \"http://lab-app:8080/b/byid?memberId=1579&limit=300\": request timeout"
time="2026-06-11T22:29:09Z" level=warning msg="Request Failed" error="Get \"http://lab-app:8080/b/byid?memberId=505&limit=300\": request timeout"
time="2026-06-11T22:29:09Z" level=warning msg="Request Failed" error="Get \"http://lab-app:8080/b/byid?memberId=1174&limit=300\": request timeout"
time="2026-06-11T22:29:10Z" level=warning msg="Request Failed" error="Get \"http://lab-app:8080/b/byid?memberId=1841&limit=300\": request timeout"
time="2026-06-11T22:29:10Z" level=warning msg="Request Failed" error="Get \"http://lab-app:8080/b/byid?memberId=289&limit=300\": request timeout"
time="2026-06-11T22:29:10Z" level=warning msg="Request Failed" error="Get \"http://lab-app:8080/b/byid?memberId=1989&limit=300\": request timeout"
time="2026-06-11T22:29:10Z" level=warning msg="Request Failed" error="Get \"http://lab-app:8080/b/byid?memberId=784&limit=300\": request timeout"
time="2026-06-11T22:29:10Z" level=warning msg="Request Failed" error="Get \"http://lab-app:8080/b/byid?memberId=94&limit=300\": request timeout"
time="2026-06-11T22:29:10Z" level=warning msg="Request Failed" error="Get \"http://lab-app:8080/b/byid?memberId=761&limit=300\": request timeout"
time="2026-06-11T22:29:10Z" level=warning msg="Request Failed" error="Get \"http://lab-app:8080/b/byid?memberId=1745&limit=300\": request timeout"
time="2026-06-11T22:29:10Z" level=warning msg="Request Failed" error="Get \"http://lab-app:8080/b/byid?memberId=949&limit=300\": request timeout"
time="2026-06-11T22:29:10Z" level=warning msg="Request Failed" error="Get \"http://lab-app:8080/b/byid?memberId=1472&limit=300\": request timeout"

running (2m27.0s), 0475/0736 VUs, 1289 complete and 0 interrupted iterations
main ↓ [ 100% ] 0733/0736 VUs  2m0s  20.00 iters/s
time="2026-06-11T22:29:10Z" level=warning msg="Request Failed" error="Get \"http://lab-app:8080/b/byid?memberId=46&limit=300\": request timeout"
time="2026-06-11T22:29:10Z" level=warning msg="Request Failed" error="Get \"http://lab-app:8080/b/byid?memberId=1555&limit=300\": request timeout"
time="2026-06-11T22:29:10Z" level=warning msg="Request Failed" error="Get \"http://lab-app:8080/b/byid?memberId=1675&limit=300\": request timeout"
time="2026-06-11T22:29:11Z" level=warning msg="Request Failed" error="Get \"http://lab-app:8080/b/byid?memberId=316&limit=300\": request timeout"
time="2026-06-11T22:29:11Z" level=warning msg="Request Failed" error="Get \"http://lab-app:8080/b/byid?memberId=1305&limit=300\": request timeout"
time="2026-06-11T22:29:11Z" level=warning msg="Request Failed" error="Get \"http://lab-app:8080/b/byid?memberId=1696&limit=300\": request timeout"
time="2026-06-11T22:29:11Z" level=warning msg="Request Failed" error="Get \"http://lab-app:8080/b/byid?memberId=97&limit=300\": request timeout"
time="2026-06-11T22:29:11Z" level=warning msg="Request Failed" error="Get \"http://lab-app:8080/b/byid?memberId=215&limit=300\": request timeout"
time="2026-06-11T22:29:11Z" level=warning msg="Request Failed" error="Get \"http://lab-app:8080/b/byid?memberId=1523&limit=300\": request timeout"
time="2026-06-11T22:29:11Z" level=warning msg="Request Failed" error="Get \"http://lab-app:8080/b/byid?memberId=1180&limit=300\": request timeout"
time="2026-06-11T22:29:11Z" level=warning msg="Request Failed" error="Get \"http://lab-app:8080/b/byid?memberId=1037&limit=300\": request timeout"
time="2026-06-11T22:29:11Z" level=warning msg="Request Failed" error="Get \"http://lab-app:8080/b/byid?memberId=1144&limit=300\": request timeout"
time="2026-06-11T22:29:11Z" level=warning msg="Request Failed" error="Get \"http://lab-app:8080/b/byid?memberId=1681&limit=300\": request timeout"
time="2026-06-11T22:29:11Z" level=warning msg="Request Failed" error="Get \"http://lab-app:8080/b/byid?memberId=763&limit=300\": request timeout"

running (2m28.0s), 0460/0736 VUs, 1304 complete and 0 interrupted iterations
main ↓ [ 100% ] 0733/0736 VUs  2m0s  20.00 iters/s
time="2026-06-11T22:29:11Z" level=warning msg="Request Failed" error="Get \"http://lab-app:8080/b/byid?memberId=617&limit=300\": request timeout"
time="2026-06-11T22:29:11Z" level=warning msg="Request Failed" error="Get \"http://lab-app:8080/b/byid?memberId=1956&limit=300\": request timeout"
time="2026-06-11T22:29:11Z" level=warning msg="Request Failed" error="Get \"http://lab-app:8080/b/byid?memberId=205&limit=300\": request timeout"
time="2026-06-11T22:29:12Z" level=warning msg="Request Failed" error="Get \"http://lab-app:8080/b/byid?memberId=434&limit=300\": request timeout"
time="2026-06-11T22:29:12Z" level=warning msg="Request Failed" error="Get \"http://lab-app:8080/b/byid?memberId=918&limit=300\": request timeout"
time="2026-06-11T22:29:12Z" level=warning msg="Request Failed" error="Get \"http://lab-app:8080/b/byid?memberId=1107&limit=300\": request timeout"
time="2026-06-11T22:29:12Z" level=warning msg="Request Failed" error="Get \"http://lab-app:8080/b/byid?memberId=1297&limit=300\": request timeout"
time="2026-06-11T22:29:12Z" level=warning msg="Request Failed" error="Get \"http://lab-app:8080/b/byid?memberId=189&limit=300\": request timeout"
time="2026-06-11T22:29:12Z" level=warning msg="Request Failed" error="Get \"http://lab-app:8080/b/byid?memberId=1025&limit=300\": request timeout"
time="2026-06-11T22:29:12Z" level=warning msg="Request Failed" error="Get \"http://lab-app:8080/b/byid?memberId=877&limit=300\": request timeout"
time="2026-06-11T22:29:12Z" level=warning msg="Request Failed" error="Get \"http://lab-app:8080/b/byid?memberId=767&limit=300\": request timeout"
time="2026-06-11T22:29:12Z" level=warning msg="Request Failed" error="Get \"http://lab-app:8080/b/byid?memberId=453&limit=300\": request timeout"
time="2026-06-11T22:29:12Z" level=warning msg="Request Failed" error="Get \"http://lab-app:8080/b/byid?memberId=882&limit=300\": request timeout"
time="2026-06-11T22:29:12Z" level=warning msg="Request Failed" error="Get \"http://lab-app:8080/b/byid?memberId=241&limit=300\": request timeout"
time="2026-06-11T22:29:12Z" level=warning msg="Request Failed" error="Get \"http://lab-app:8080/b/byid?memberId=169&limit=300\": request timeout"

running (2m29.0s), 0445/0736 VUs, 1319 complete and 0 interrupted iterations
main ↓ [ 100% ] 0733/0736 VUs  2m0s  20.00 iters/s
time="2026-06-11T22:29:12Z" level=warning msg="Request Failed" error="Get \"http://lab-app:8080/b/byid?memberId=1128&limit=300\": request timeout"
time="2026-06-11T22:29:12Z" level=warning msg="Request Failed" error="Get \"http://lab-app:8080/b/byid?memberId=1929&limit=300\": request timeout"
time="2026-06-11T22:29:12Z" level=warning msg="Request Failed" error="Get \"http://lab-app:8080/b/byid?memberId=298&limit=300\": request timeout"
time="2026-06-11T22:29:12Z" level=warning msg="Request Failed" error="Get \"http://lab-app:8080/b/byid?memberId=963&limit=300\": request timeout"
time="2026-06-11T22:29:12Z" level=warning msg="Request Failed" error="Get \"http://lab-app:8080/b/byid?memberId=28&limit=300\": request timeout"
time="2026-06-11T22:29:13Z" level=warning msg="Request Failed" error="Get \"http://lab-app:8080/b/byid?memberId=181&limit=300\": request timeout"
time="2026-06-11T22:29:13Z" level=warning msg="Request Failed" error="Get \"http://lab-app:8080/b/byid?memberId=1519&limit=300\": request timeout"
time="2026-06-11T22:29:13Z" level=warning msg="Request Failed" error="Get \"http://lab-app:8080/b/byid?memberId=981&limit=300\": request timeout"
time="2026-06-11T22:29:13Z" level=warning msg="Request Failed" error="Get \"http://lab-app:8080/b/byid?memberId=489&limit=300\": request timeout"
time="2026-06-11T22:29:13Z" level=warning msg="Request Failed" error="Get \"http://lab-app:8080/b/byid?memberId=990&limit=300\": request timeout"
time="2026-06-11T22:29:13Z" level=warning msg="Request Failed" error="Get \"http://lab-app:8080/b/byid?memberId=1505&limit=300\": request timeout"
time="2026-06-11T22:29:13Z" level=warning msg="Request Failed" error="Get \"http://lab-app:8080/b/byid?memberId=115&limit=300\": request timeout"
time="2026-06-11T22:29:13Z" level=warning msg="Request Failed" error="Get \"http://lab-app:8080/b/byid?memberId=1964&limit=300\": request timeout"

running (2m30.0s), 0432/0736 VUs, 1332 complete and 0 interrupted iterations
main ↓ [ 100% ] 0733/0736 VUs  2m0s  20.00 iters/s

running (2m30.1s), 0000/0736 VUs, 1332 complete and 432 interrupted iterations
main ✓ [ 100% ] 0432/0736 VUs  2m0s  20.00 iters/s
  Repeat 1 complete. Results in results/b-byid-rtt10000-r20-rep1-1781216803.json
=== Cell complete: 1 repeat(s) for b/byid rtt=10000us ===

[campaign] (5) cell: b|inbatch|10000|20|-|N=300,MAX_MEMBER_ID=2000
=== Cell: scenario=b style=inbatch rtt=10000us rate=20rps duration=2m scale=full maxMember=2000 repeats=1 ===
[1/4] Setting netem delay 10000us...
Setting netem delay 10000us on lab-mysql eth0...
time="2026-06-12T07:29:13+09:00" level=warning msg="/Users/rene/rdb-join-lab/docker-compose.yml: the attribute `version` is obsolete, it will be ignored, please remove it to avoid potential confusion"
Current qdisc:
time="2026-06-12T07:29:13+09:00" level=warning msg="/Users/rene/rdb-join-lab/docker-compose.yml: the attribute `version` is obsolete, it will be ignored, please remove it to avoid potential confusion"
qdisc netem 8016: root refcnt 7 limit 1000 delay 10ms seed 9050027898131137547
[2/4] Warming InnoDB buffer pool...
=== Step 1: Warm-up queries (priming buffer pool, ~10% of full scale) ===
COUNT(*)
3400211
COUNT(*)
1000000
COUNT(*)
8679702
COUNT(*)
10000
Warm-up queries complete.
=== Step 2: Triggering InnoDB buffer pool dump ===
time="2026-06-12T07:29:15+09:00" level=warning msg="/Users/rene/rdb-join-lab/docker-compose.yml: the attribute `version` is obsolete, it will be ignored, please remove it to avoid potential confusion"
mysql: [Warning] Using a password on the command line interface can be insecure.
Polling dump status (timeout 300s)...
  [0s] Dump status: Buffer pool(s) dump completed at 260611 22:29:15
Buffer pool dump completed.
=== Step 3: Triggering InnoDB buffer pool load ===
time="2026-06-12T07:29:15+09:00" level=warning msg="/Users/rene/rdb-join-lab/docker-compose.yml: the attribute `version` is obsolete, it will be ignored, please remove it to avoid potential confusion"
mysql: [Warning] Using a password on the command line interface can be insecure.
Polling load status (timeout 300s)...
  [0s] Load status: Loaded 141313/188400 pages
  [5s] Load status: Buffer pool(s) load completed at 260611 22:29:16
Buffer pool load completed.
=== Step 3b: Capturing post-load snapshot for warm-state gate ===
COUNT(*)
1210060
COUNT(*)
8679702
COUNT(*)
10000
Re-verification queries complete.
=== Step 4: Warm-state gate (physical reads < 0.01, post-load window) ===
  Post-load reverify window: physical reads delta: 0 / 34637 = 0.0
  (Pre-warmup baseline: 28408 / 3922621553, for reference)
  Warm-state gate PASSED.
=== Step 5: ANALYZE TABLE ===
Table	Op	Msg_type	Msg_text
lab.coupon_policy	analyze	status	OK
lab.member	analyze	status	OK
lab.coupon_issue	analyze	status	OK
ANALYZE TABLE complete.
=== Step 5b: Capturing InnoDB engine status (AHI verification) ===
  InnoDB status captured: results/innodb-status-1781216963.txt
  AHI indicator: INSERT BUFFER AND ADAPTIVE HASH INDEX
0.00 hash searches/s, 4374.38 non-hash searches/s
=== Step 5c: EXPLAIN Scenario B ORDER BY id ASC (filesort check) ===
  WARNING: EXPLAIN shows 'Using filesort' for Scenario B ORDER BY id ASC query.
  Expected idx_issue_member_id to cover ORDER BY — check index creation in schema.sql.
  EXPLAIN output:
1	SIMPLE	coupon_issue	NULL	ref	idx_issue_member_status,idx_issue_member_id	idx_issue_member_status	8	const	1206	100.00	Using filesort
[3/4] Dual calibration (nominal=10000us)...
  [held conn] calibrate n=10000...
{
    "n": 2000,
    "min": 10113,
    "p50": 12463,
    "p95": 15111,
    "p99": 15616,
    "max": 57937
}
  [per checkout] calibrate/loaded n=10000...
{
    "n": 2000,
    "min": 10099,
    "p50": 12963,
    "p95": 15245,
    "p99": 15614,
    "max": 27608
}
Running dual calibration probe (n=10000 held + n=10000 loaded)...
=== held (pure wire RTT) ===
{
    "n": 2000,
    "min": 10136,
    "p50": 12856,
    "p95": 15303,
    "p99": 15593,
    "max": 35467
}
=== loaded (wire RTT + pool checkout) ===
{
    "n": 2000,
    "min": 10137,
    "p50": 12823,
    "p95": 15225,
    "p99": 15521,
    "max": 25970
}

Appended dual record to results/calibration.jsonl: {"held": {"n": 2000, "min": 10136, "p50": 12856, "p95": 15303, "p99": 15593, "max": 35467}, "loaded": {"n": 2000, "min": 10137, "p50": 12823, "p95": 15225, "p99": 15521, "max": 25970}, "timestamp": "2026-06-11T22:31:47Z", "nominal_delay_us": 10000}
[4/1] Running k6 repeat 1/1 (output -> results/b-inbatch-rtt10000-r20-rep1-1781217107.json)...
time="2026-06-12T07:31:47+09:00" level=warning msg="/Users/rene/rdb-join-lab/docker-compose.yml: the attribute `version` is obsolete, it will be ignored, please remove it to avoid potential confusion"

         /\      Grafana   /‾‾/  
    /\  /  \     |\  __   /  /   
   /  \/    \    | |/ /  /   ‾‾\ 
  /          \   |   (  |  (‾)  |
 / __________ \  |_|\_\  \_____/ 


     execution: local
        script: /scripts/scenario.js
        output: -

     scenarios: (100.00%) 1 scenario, 1000 max VUs, 2m30s max duration (incl. graceful stop):
              * main: 20.00 iterations/s for 2m0s (maxVUs: 100-1000, gracefulStop: 30s)


running (0m01.0s), 0002/0100 VUs, 18 complete and 0 interrupted iterations
main   [   1% ] 0002/0100 VUs  0m01.0s/2m0s  20.00 iters/s

running (0m02.0s), 0002/0100 VUs, 38 complete and 0 interrupted iterations
main   [   2% ] 0002/0100 VUs  0m02.0s/2m0s  20.00 iters/s

running (0m03.0s), 0002/0100 VUs, 58 complete and 0 interrupted iterations
main   [   2% ] 0002/0100 VUs  0m03.0s/2m0s  20.00 iters/s

running (0m04.0s), 0002/0100 VUs, 78 complete and 0 interrupted iterations
main   [   3% ] 0002/0100 VUs  0m04.0s/2m0s  20.00 iters/s

running (0m05.0s), 0002/0100 VUs, 98 complete and 0 interrupted iterations
main   [   4% ] 0002/0100 VUs  0m05.0s/2m0s  20.00 iters/s

running (0m06.0s), 0002/0100 VUs, 118 complete and 0 interrupted iterations
main   [   5% ] 0002/0100 VUs  0m06.0s/2m0s  20.00 iters/s

running (0m07.0s), 0002/0100 VUs, 138 complete and 0 interrupted iterations
main   [   6% ] 0002/0100 VUs  0m07.0s/2m0s  20.00 iters/s

running (0m08.0s), 0002/0100 VUs, 158 complete and 0 interrupted iterations
main   [   7% ] 0002/0100 VUs  0m08.0s/2m0s  20.00 iters/s

running (0m09.0s), 0002/0100 VUs, 178 complete and 0 interrupted iterations
main   [   7% ] 0002/0100 VUs  0m09.0s/2m0s  20.00 iters/s

running (0m10.0s), 0002/0100 VUs, 198 complete and 0 interrupted iterations
main   [   8% ] 0002/0100 VUs  0m10.0s/2m0s  20.00 iters/s

running (0m11.0s), 0002/0100 VUs, 218 complete and 0 interrupted iterations
main   [   9% ] 0002/0100 VUs  0m11.0s/2m0s  20.00 iters/s

running (0m12.0s), 0002/0100 VUs, 238 complete and 0 interrupted iterations
main   [  10% ] 0002/0100 VUs  0m12.0s/2m0s  20.00 iters/s

running (0m13.0s), 0002/0100 VUs, 258 complete and 0 interrupted iterations
main   [  11% ] 0002/0100 VUs  0m13.0s/2m0s  20.00 iters/s

running (0m14.0s), 0002/0100 VUs, 278 complete and 0 interrupted iterations
main   [  12% ] 0002/0100 VUs  0m14.0s/2m0s  20.00 iters/s

running (0m15.0s), 0002/0100 VUs, 298 complete and 0 interrupted iterations
main   [  12% ] 0002/0100 VUs  0m15.0s/2m0s  20.00 iters/s

running (0m16.0s), 0002/0100 VUs, 318 complete and 0 interrupted iterations
main   [  13% ] 0002/0100 VUs  0m16.0s/2m0s  20.00 iters/s

running (0m17.0s), 0002/0100 VUs, 338 complete and 0 interrupted iterations
main   [  14% ] 0002/0100 VUs  0m17.0s/2m0s  20.00 iters/s

running (0m18.0s), 0002/0100 VUs, 358 complete and 0 interrupted iterations
main   [  15% ] 0002/0100 VUs  0m18.0s/2m0s  20.00 iters/s

running (0m19.0s), 0002/0100 VUs, 378 complete and 0 interrupted iterations
main   [  16% ] 0002/0100 VUs  0m19.0s/2m0s  20.00 iters/s

running (0m20.0s), 0002/0100 VUs, 398 complete and 0 interrupted iterations
main   [  17% ] 0002/0100 VUs  0m20.0s/2m0s  20.00 iters/s

running (0m21.0s), 0002/0100 VUs, 418 complete and 0 interrupted iterations
main   [  17% ] 0002/0100 VUs  0m21.0s/2m0s  20.00 iters/s

running (0m22.0s), 0002/0100 VUs, 438 complete and 0 interrupted iterations
main   [  18% ] 0002/0100 VUs  0m22.0s/2m0s  20.00 iters/s

running (0m23.0s), 0002/0100 VUs, 458 complete and 0 interrupted iterations
main   [  19% ] 0002/0100 VUs  0m23.0s/2m0s  20.00 iters/s

running (0m24.0s), 0002/0100 VUs, 478 complete and 0 interrupted iterations
main   [  20% ] 0002/0100 VUs  0m24.0s/2m0s  20.00 iters/s

running (0m25.0s), 0002/0100 VUs, 498 complete and 0 interrupted iterations
main   [  21% ] 0002/0100 VUs  0m25.0s/2m0s  20.00 iters/s

running (0m26.0s), 0002/0100 VUs, 518 complete and 0 interrupted iterations
main   [  22% ] 0002/0100 VUs  0m26.0s/2m0s  20.00 iters/s

running (0m27.0s), 0002/0100 VUs, 538 complete and 0 interrupted iterations
main   [  22% ] 0002/0100 VUs  0m27.0s/2m0s  20.00 iters/s

running (0m28.0s), 0002/0100 VUs, 558 complete and 0 interrupted iterations
main   [  23% ] 0002/0100 VUs  0m28.0s/2m0s  20.00 iters/s

running (0m29.0s), 0002/0100 VUs, 578 complete and 0 interrupted iterations
main   [  24% ] 0002/0100 VUs  0m29.0s/2m0s  20.00 iters/s

running (0m30.0s), 0002/0100 VUs, 598 complete and 0 interrupted iterations
main   [  25% ] 0002/0100 VUs  0m30.0s/2m0s  20.00 iters/s

running (0m31.0s), 0002/0100 VUs, 618 complete and 0 interrupted iterations
main   [  26% ] 0002/0100 VUs  0m31.0s/2m0s  20.00 iters/s

running (0m32.0s), 0002/0100 VUs, 638 complete and 0 interrupted iterations
main   [  27% ] 0002/0100 VUs  0m32.0s/2m0s  20.00 iters/s

running (0m33.0s), 0002/0100 VUs, 658 complete and 0 interrupted iterations
main   [  27% ] 0002/0100 VUs  0m33.0s/2m0s  20.00 iters/s

running (0m34.0s), 0002/0100 VUs, 678 complete and 0 interrupted iterations
main   [  28% ] 0002/0100 VUs  0m34.0s/2m0s  20.00 iters/s

running (0m35.0s), 0002/0100 VUs, 698 complete and 0 interrupted iterations
main   [  29% ] 0002/0100 VUs  0m35.0s/2m0s  20.00 iters/s

running (0m36.0s), 0002/0100 VUs, 718 complete and 0 interrupted iterations
main   [  30% ] 0002/0100 VUs  0m36.0s/2m0s  20.00 iters/s

running (0m37.0s), 0002/0100 VUs, 738 complete and 0 interrupted iterations
main   [  31% ] 0002/0100 VUs  0m37.0s/2m0s  20.00 iters/s

running (0m38.0s), 0002/0100 VUs, 758 complete and 0 interrupted iterations
main   [  32% ] 0002/0100 VUs  0m38.0s/2m0s  20.00 iters/s

running (0m39.0s), 0002/0100 VUs, 778 complete and 0 interrupted iterations
main   [  32% ] 0002/0100 VUs  0m39.0s/2m0s  20.00 iters/s

running (0m40.0s), 0002/0100 VUs, 798 complete and 0 interrupted iterations
main   [  33% ] 0002/0100 VUs  0m40.0s/2m0s  20.00 iters/s

running (0m41.0s), 0002/0100 VUs, 818 complete and 0 interrupted iterations
main   [  34% ] 0002/0100 VUs  0m41.0s/2m0s  20.00 iters/s

running (0m42.0s), 0002/0100 VUs, 838 complete and 0 interrupted iterations
main   [  35% ] 0002/0100 VUs  0m42.0s/2m0s  20.00 iters/s

running (0m43.0s), 0002/0100 VUs, 858 complete and 0 interrupted iterations
main   [  36% ] 0002/0100 VUs  0m43.0s/2m0s  20.00 iters/s

running (0m44.0s), 0002/0100 VUs, 878 complete and 0 interrupted iterations
main   [  37% ] 0002/0100 VUs  0m44.0s/2m0s  20.00 iters/s

running (0m45.0s), 0002/0100 VUs, 898 complete and 0 interrupted iterations
main   [  37% ] 0002/0100 VUs  0m45.0s/2m0s  20.00 iters/s

running (0m46.0s), 0002/0100 VUs, 918 complete and 0 interrupted iterations
main   [  38% ] 0002/0100 VUs  0m46.0s/2m0s  20.00 iters/s

running (0m47.0s), 0002/0100 VUs, 938 complete and 0 interrupted iterations
main   [  39% ] 0002/0100 VUs  0m47.0s/2m0s  20.00 iters/s

running (0m48.0s), 0002/0100 VUs, 958 complete and 0 interrupted iterations
main   [  40% ] 0002/0100 VUs  0m48.0s/2m0s  20.00 iters/s

running (0m49.0s), 0002/0100 VUs, 978 complete and 0 interrupted iterations
main   [  41% ] 0002/0100 VUs  0m49.0s/2m0s  20.00 iters/s

running (0m50.0s), 0002/0100 VUs, 998 complete and 0 interrupted iterations
main   [  42% ] 0002/0100 VUs  0m50.0s/2m0s  20.00 iters/s

running (0m51.0s), 0002/0100 VUs, 1018 complete and 0 interrupted iterations
main   [  42% ] 0002/0100 VUs  0m51.0s/2m0s  20.00 iters/s

running (0m52.0s), 0002/0100 VUs, 1038 complete and 0 interrupted iterations
main   [  43% ] 0002/0100 VUs  0m52.0s/2m0s  20.00 iters/s

running (0m53.0s), 0002/0100 VUs, 1058 complete and 0 interrupted iterations
main   [  44% ] 0002/0100 VUs  0m53.0s/2m0s  20.00 iters/s

running (0m54.0s), 0002/0100 VUs, 1078 complete and 0 interrupted iterations
main   [  45% ] 0002/0100 VUs  0m54.0s/2m0s  20.00 iters/s

running (0m55.0s), 0002/0100 VUs, 1098 complete and 0 interrupted iterations
main   [  46% ] 0002/0100 VUs  0m55.0s/2m0s  20.00 iters/s

running (0m56.0s), 0002/0100 VUs, 1118 complete and 0 interrupted iterations
main   [  47% ] 0002/0100 VUs  0m56.0s/2m0s  20.00 iters/s

running (0m57.0s), 0002/0100 VUs, 1138 complete and 0 interrupted iterations
main   [  47% ] 0002/0100 VUs  0m57.0s/2m0s  20.00 iters/s

running (0m58.0s), 0002/0100 VUs, 1158 complete and 0 interrupted iterations
main   [  48% ] 0002/0100 VUs  0m58.0s/2m0s  20.00 iters/s

running (0m59.0s), 0002/0100 VUs, 1178 complete and 0 interrupted iterations
main   [  49% ] 0002/0100 VUs  0m59.0s/2m0s  20.00 iters/s

running (1m00.0s), 0002/0100 VUs, 1198 complete and 0 interrupted iterations
main   [  50% ] 0002/0100 VUs  1m00.0s/2m0s  20.00 iters/s

running (1m01.0s), 0002/0100 VUs, 1218 complete and 0 interrupted iterations
main   [  51% ] 0002/0100 VUs  1m01.0s/2m0s  20.00 iters/s

running (1m02.0s), 0002/0100 VUs, 1238 complete and 0 interrupted iterations
main   [  52% ] 0002/0100 VUs  1m02.0s/2m0s  20.00 iters/s

running (1m03.0s), 0002/0100 VUs, 1258 complete and 0 interrupted iterations
main   [  52% ] 0002/0100 VUs  1m03.0s/2m0s  20.00 iters/s

running (1m04.0s), 0002/0100 VUs, 1278 complete and 0 interrupted iterations
main   [  53% ] 0002/0100 VUs  1m04.0s/2m0s  20.00 iters/s

running (1m05.0s), 0002/0100 VUs, 1298 complete and 0 interrupted iterations
main   [  54% ] 0002/0100 VUs  1m05.0s/2m0s  20.00 iters/s

running (1m06.0s), 0002/0100 VUs, 1318 complete and 0 interrupted iterations
main   [  55% ] 0002/0100 VUs  1m06.0s/2m0s  20.00 iters/s

running (1m07.0s), 0002/0100 VUs, 1338 complete and 0 interrupted iterations
main   [  56% ] 0002/0100 VUs  1m07.0s/2m0s  20.00 iters/s

running (1m08.0s), 0002/0100 VUs, 1358 complete and 0 interrupted iterations
main   [  57% ] 0002/0100 VUs  1m08.0s/2m0s  20.00 iters/s

running (1m09.0s), 0002/0100 VUs, 1378 complete and 0 interrupted iterations
main   [  57% ] 0002/0100 VUs  1m09.0s/2m0s  20.00 iters/s

running (1m10.0s), 0002/0100 VUs, 1398 complete and 0 interrupted iterations
main   [  58% ] 0002/0100 VUs  1m10.0s/2m0s  20.00 iters/s

running (1m11.0s), 0002/0100 VUs, 1418 complete and 0 interrupted iterations
main   [  59% ] 0002/0100 VUs  1m11.0s/2m0s  20.00 iters/s

running (1m12.0s), 0002/0100 VUs, 1438 complete and 0 interrupted iterations
main   [  60% ] 0002/0100 VUs  1m12.0s/2m0s  20.00 iters/s

running (1m13.0s), 0002/0100 VUs, 1458 complete and 0 interrupted iterations
main   [  61% ] 0002/0100 VUs  1m13.0s/2m0s  20.00 iters/s

running (1m14.0s), 0002/0100 VUs, 1478 complete and 0 interrupted iterations
main   [  62% ] 0002/0100 VUs  1m14.0s/2m0s  20.00 iters/s

running (1m15.0s), 0002/0100 VUs, 1498 complete and 0 interrupted iterations
main   [  62% ] 0002/0100 VUs  1m15.0s/2m0s  20.00 iters/s

running (1m16.0s), 0002/0100 VUs, 1518 complete and 0 interrupted iterations
main   [  63% ] 0002/0100 VUs  1m16.0s/2m0s  20.00 iters/s

running (1m17.0s), 0002/0100 VUs, 1538 complete and 0 interrupted iterations
main   [  64% ] 0002/0100 VUs  1m17.0s/2m0s  20.00 iters/s

running (1m18.0s), 0002/0100 VUs, 1558 complete and 0 interrupted iterations
main   [  65% ] 0002/0100 VUs  1m18.0s/2m0s  20.00 iters/s

running (1m19.0s), 0002/0100 VUs, 1578 complete and 0 interrupted iterations
main   [  66% ] 0002/0100 VUs  1m19.0s/2m0s  20.00 iters/s

running (1m20.0s), 0002/0100 VUs, 1598 complete and 0 interrupted iterations
main   [  67% ] 0002/0100 VUs  1m20.0s/2m0s  20.00 iters/s

running (1m21.0s), 0002/0100 VUs, 1618 complete and 0 interrupted iterations
main   [  67% ] 0002/0100 VUs  1m21.0s/2m0s  20.00 iters/s

running (1m22.0s), 0002/0100 VUs, 1638 complete and 0 interrupted iterations
main   [  68% ] 0002/0100 VUs  1m22.0s/2m0s  20.00 iters/s

running (1m23.0s), 0002/0100 VUs, 1658 complete and 0 interrupted iterations
main   [  69% ] 0002/0100 VUs  1m23.0s/2m0s  20.00 iters/s

running (1m24.0s), 0002/0100 VUs, 1678 complete and 0 interrupted iterations
main   [  70% ] 0002/0100 VUs  1m24.0s/2m0s  20.00 iters/s

running (1m25.0s), 0002/0100 VUs, 1698 complete and 0 interrupted iterations
main   [  71% ] 0002/0100 VUs  1m25.0s/2m0s  20.00 iters/s

running (1m26.0s), 0002/0100 VUs, 1718 complete and 0 interrupted iterations
main   [  72% ] 0002/0100 VUs  1m26.0s/2m0s  20.00 iters/s

running (1m27.0s), 0002/0100 VUs, 1738 complete and 0 interrupted iterations
main   [  72% ] 0002/0100 VUs  1m27.0s/2m0s  20.00 iters/s

running (1m28.0s), 0002/0100 VUs, 1758 complete and 0 interrupted iterations
main   [  73% ] 0002/0100 VUs  1m28.0s/2m0s  20.00 iters/s

running (1m29.0s), 0002/0100 VUs, 1778 complete and 0 interrupted iterations
main   [  74% ] 0002/0100 VUs  1m29.0s/2m0s  20.00 iters/s

running (1m30.0s), 0002/0100 VUs, 1798 complete and 0 interrupted iterations
main   [  75% ] 0002/0100 VUs  1m30.0s/2m0s  20.00 iters/s

running (1m31.0s), 0002/0100 VUs, 1818 complete and 0 interrupted iterations
main   [  76% ] 0002/0100 VUs  1m31.0s/2m0s  20.00 iters/s

running (1m32.0s), 0002/0100 VUs, 1838 complete and 0 interrupted iterations
main   [  77% ] 0002/0100 VUs  1m32.0s/2m0s  20.00 iters/s

running (1m33.0s), 0002/0100 VUs, 1858 complete and 0 interrupted iterations
main   [  77% ] 0002/0100 VUs  1m33.0s/2m0s  20.00 iters/s

running (1m34.0s), 0002/0100 VUs, 1878 complete and 0 interrupted iterations
main   [  78% ] 0002/0100 VUs  1m34.0s/2m0s  20.00 iters/s

running (1m35.0s), 0002/0100 VUs, 1898 complete and 0 interrupted iterations
main   [  79% ] 0002/0100 VUs  1m35.0s/2m0s  20.00 iters/s

running (1m36.0s), 0002/0100 VUs, 1918 complete and 0 interrupted iterations
main   [  80% ] 0002/0100 VUs  1m36.0s/2m0s  20.00 iters/s

running (1m37.0s), 0002/0100 VUs, 1938 complete and 0 interrupted iterations
main   [  81% ] 0002/0100 VUs  1m37.0s/2m0s  20.00 iters/s

running (1m38.0s), 0002/0100 VUs, 1958 complete and 0 interrupted iterations
main   [  82% ] 0002/0100 VUs  1m38.0s/2m0s  20.00 iters/s

running (1m39.0s), 0002/0100 VUs, 1978 complete and 0 interrupted iterations
main   [  82% ] 0002/0100 VUs  1m39.0s/2m0s  20.00 iters/s

running (1m40.0s), 0002/0100 VUs, 1998 complete and 0 interrupted iterations
main   [  83% ] 0002/0100 VUs  1m40.0s/2m0s  20.00 iters/s

running (1m41.0s), 0002/0100 VUs, 2018 complete and 0 interrupted iterations
main   [  84% ] 0002/0100 VUs  1m41.0s/2m0s  20.00 iters/s

running (1m42.0s), 0002/0100 VUs, 2038 complete and 0 interrupted iterations
main   [  85% ] 0002/0100 VUs  1m42.0s/2m0s  20.00 iters/s

running (1m43.0s), 0002/0100 VUs, 2058 complete and 0 interrupted iterations
main   [  86% ] 0002/0100 VUs  1m43.0s/2m0s  20.00 iters/s

running (1m44.0s), 0002/0100 VUs, 2078 complete and 0 interrupted iterations
main   [  87% ] 0002/0100 VUs  1m44.0s/2m0s  20.00 iters/s

running (1m45.0s), 0002/0100 VUs, 2098 complete and 0 interrupted iterations
main   [  87% ] 0002/0100 VUs  1m45.0s/2m0s  20.00 iters/s

running (1m46.0s), 0002/0100 VUs, 2118 complete and 0 interrupted iterations
main   [  88% ] 0002/0100 VUs  1m46.0s/2m0s  20.00 iters/s

running (1m47.0s), 0002/0100 VUs, 2138 complete and 0 interrupted iterations
main   [  89% ] 0002/0100 VUs  1m47.0s/2m0s  20.00 iters/s

running (1m48.0s), 0002/0100 VUs, 2158 complete and 0 interrupted iterations
main   [  90% ] 0002/0100 VUs  1m48.0s/2m0s  20.00 iters/s

running (1m49.0s), 0002/0100 VUs, 2178 complete and 0 interrupted iterations
main   [  91% ] 0002/0100 VUs  1m49.0s/2m0s  20.00 iters/s

running (1m50.0s), 0002/0100 VUs, 2198 complete and 0 interrupted iterations
main   [  92% ] 0002/0100 VUs  1m50.0s/2m0s  20.00 iters/s

running (1m51.0s), 0002/0100 VUs, 2218 complete and 0 interrupted iterations
main   [  92% ] 0002/0100 VUs  1m51.0s/2m0s  20.00 iters/s

running (1m52.0s), 0002/0100 VUs, 2238 complete and 0 interrupted iterations
main   [  93% ] 0002/0100 VUs  1m52.0s/2m0s  20.00 iters/s

running (1m53.0s), 0002/0100 VUs, 2258 complete and 0 interrupted iterations
main   [  94% ] 0002/0100 VUs  1m53.0s/2m0s  20.00 iters/s

running (1m54.0s), 0002/0100 VUs, 2278 complete and 0 interrupted iterations
main   [  95% ] 0002/0100 VUs  1m54.0s/2m0s  20.00 iters/s

running (1m55.0s), 0002/0100 VUs, 2298 complete and 0 interrupted iterations
main   [  96% ] 0002/0100 VUs  1m55.0s/2m0s  20.00 iters/s

running (1m56.0s), 0002/0100 VUs, 2318 complete and 0 interrupted iterations
main   [  97% ] 0002/0100 VUs  1m56.0s/2m0s  20.00 iters/s

running (1m57.0s), 0002/0100 VUs, 2338 complete and 0 interrupted iterations
main   [  97% ] 0002/0100 VUs  1m57.0s/2m0s  20.00 iters/s

running (1m58.0s), 0002/0100 VUs, 2358 complete and 0 interrupted iterations
main   [  98% ] 0002/0100 VUs  1m58.0s/2m0s  20.00 iters/s

running (1m59.0s), 0001/0100 VUs, 2379 complete and 0 interrupted iterations
main   [  99% ] 0001/0100 VUs  1m59.0s/2m0s  20.00 iters/s

running (2m00.0s), 0002/0100 VUs, 2398 complete and 0 interrupted iterations
main   [ 100% ] 0002/0100 VUs  2m00.0s/2m0s  20.00 iters/s

running (2m00.1s), 0000/0100 VUs, 2401 complete and 0 interrupted iterations
main ✓ [ 100% ] 0000/0100 VUs  2m0s  20.00 iters/s
  Repeat 1 complete. Results in results/b-inbatch-rtt10000-r20-rep1-1781217107.json
=== Cell complete: 1 repeat(s) for b/inbatch rtt=10000us ===

[campaign] (6) cell: b|inbatch-nodup|10000|20|-|N=300,MAX_MEMBER_ID=2000
=== Cell: scenario=b style=inbatch-nodup rtt=10000us rate=20rps duration=2m scale=full maxMember=2000 repeats=1 ===
[1/4] Setting netem delay 10000us...
Setting netem delay 10000us on lab-mysql eth0...
time="2026-06-12T07:33:48+09:00" level=warning msg="/Users/rene/rdb-join-lab/docker-compose.yml: the attribute `version` is obsolete, it will be ignored, please remove it to avoid potential confusion"
Current qdisc:
time="2026-06-12T07:33:48+09:00" level=warning msg="/Users/rene/rdb-join-lab/docker-compose.yml: the attribute `version` is obsolete, it will be ignored, please remove it to avoid potential confusion"
qdisc netem 8016: root refcnt 7 limit 1000 delay 10ms seed 2967434985811712430
[2/4] Warming InnoDB buffer pool...
=== Step 1: Warm-up queries (priming buffer pool, ~10% of full scale) ===
COUNT(*)
3400211
COUNT(*)
1000000
COUNT(*)
8679702
COUNT(*)
10000
Warm-up queries complete.
=== Step 2: Triggering InnoDB buffer pool dump ===
time="2026-06-12T07:33:49+09:00" level=warning msg="/Users/rene/rdb-join-lab/docker-compose.yml: the attribute `version` is obsolete, it will be ignored, please remove it to avoid potential confusion"
mysql: [Warning] Using a password on the command line interface can be insecure.
Polling dump status (timeout 300s)...
  [0s] Dump status: Buffer pool(s) dump completed at 260611 22:33:50
Buffer pool dump completed.
=== Step 3: Triggering InnoDB buffer pool load ===
time="2026-06-12T07:33:50+09:00" level=warning msg="/Users/rene/rdb-join-lab/docker-compose.yml: the attribute `version` is obsolete, it will be ignored, please remove it to avoid potential confusion"
mysql: [Warning] Using a password on the command line interface can be insecure.
Polling load status (timeout 300s)...
  [0s] Load status: Loaded 159745/188400 pages
  [5s] Load status: Buffer pool(s) load completed at 260611 22:33:50
Buffer pool load completed.
=== Step 3b: Capturing post-load snapshot for warm-state gate ===
COUNT(*)
1210060
COUNT(*)
8679702
COUNT(*)
10000
Re-verification queries complete.
=== Step 4: Warm-state gate (physical reads < 0.01, post-load window) ===
  Post-load reverify window: physical reads delta: 0 / 22886 = 0.0
  (Pre-warmup baseline: 28426 / 3936472758, for reference)
  Warm-state gate PASSED.
=== Step 5: ANALYZE TABLE ===
Table	Op	Msg_type	Msg_text
lab.coupon_policy	analyze	status	OK
lab.member	analyze	status	OK
lab.coupon_issue	analyze	status	OK
ANALYZE TABLE complete.
=== Step 5b: Capturing InnoDB engine status (AHI verification) ===
  InnoDB status captured: results/innodb-status-1781217237.txt
  AHI indicator: INSERT BUFFER AND ADAPTIVE HASH INDEX
0.00 hash searches/s, 39.99 non-hash searches/s
=== Step 5c: EXPLAIN Scenario B ORDER BY id ASC (filesort check) ===
  WARNING: EXPLAIN shows 'Using filesort' for Scenario B ORDER BY id ASC query.
  Expected idx_issue_member_id to cover ORDER BY — check index creation in schema.sql.
  EXPLAIN output:
1	SIMPLE	coupon_issue	NULL	ref	idx_issue_member_status,idx_issue_member_id	idx_issue_member_status	8	const	1206	100.00	Using filesort
[3/4] Dual calibration (nominal=10000us)...
  [held conn] calibrate n=10000...
{
    "n": 2000,
    "min": 10098,
    "p50": 12747,
    "p95": 15148,
    "p99": 15452,
    "max": 15987
}
  [per checkout] calibrate/loaded n=10000...
{
    "n": 2000,
    "min": 10096,
    "p50": 13005,
    "p95": 15218,
    "p99": 15498,
    "max": 23591
}
Running dual calibration probe (n=10000 held + n=10000 loaded)...
=== held (pure wire RTT) ===
{
    "n": 2000,
    "min": 10068,
    "p50": 12849,
    "p95": 15218,
    "p99": 15527,
    "max": 16115
}
=== loaded (wire RTT + pool checkout) ===
{
    "n": 2000,
    "min": 10146,
    "p50": 12988,
    "p95": 15288,
    "p99": 15572,
    "max": 22371
}

Appended dual record to results/calibration.jsonl: {"held": {"n": 2000, "min": 10068, "p50": 12849, "p95": 15218, "p99": 15527, "max": 16115}, "loaded": {"n": 2000, "min": 10146, "p50": 12988, "p95": 15288, "p99": 15572, "max": 22371}, "timestamp": "2026-06-11T22:35:40Z", "nominal_delay_us": 10000}
[4/1] Running k6 repeat 1/1 (output -> results/b-inbatch-nodup-rtt10000-r20-rep1-1781217340.json)...
time="2026-06-12T07:35:41+09:00" level=warning msg="/Users/rene/rdb-join-lab/docker-compose.yml: the attribute `version` is obsolete, it will be ignored, please remove it to avoid potential confusion"

         /\      Grafana   /‾‾/  
    /\  /  \     |\  __   /  /   
   /  \/    \    | |/ /  /   ‾‾\ 
  /          \   |   (  |  (‾)  |
 / __________ \  |_|\_\  \_____/ 


     execution: local
        script: /scripts/scenario.js
        output: -

     scenarios: (100.00%) 1 scenario, 1000 max VUs, 2m30s max duration (incl. graceful stop):
              * main: 20.00 iterations/s for 2m0s (maxVUs: 100-1000, gracefulStop: 30s)


running (0m01.0s), 0002/0100 VUs, 18 complete and 0 interrupted iterations
main   [   1% ] 0002/0100 VUs  0m01.0s/2m0s  20.00 iters/s

running (0m02.0s), 0002/0100 VUs, 38 complete and 0 interrupted iterations
main   [   2% ] 0002/0100 VUs  0m02.0s/2m0s  20.00 iters/s

running (0m03.0s), 0002/0100 VUs, 58 complete and 0 interrupted iterations
main   [   2% ] 0002/0100 VUs  0m03.0s/2m0s  20.00 iters/s

running (0m04.0s), 0002/0100 VUs, 78 complete and 0 interrupted iterations
main   [   3% ] 0002/0100 VUs  0m04.0s/2m0s  20.00 iters/s

running (0m05.0s), 0002/0100 VUs, 98 complete and 0 interrupted iterations
main   [   4% ] 0002/0100 VUs  0m05.0s/2m0s  20.00 iters/s

running (0m06.0s), 0002/0100 VUs, 118 complete and 0 interrupted iterations
main   [   5% ] 0002/0100 VUs  0m06.0s/2m0s  20.00 iters/s

running (0m07.0s), 0002/0100 VUs, 138 complete and 0 interrupted iterations
main   [   6% ] 0002/0100 VUs  0m07.0s/2m0s  20.00 iters/s

running (0m08.0s), 0002/0100 VUs, 158 complete and 0 interrupted iterations
main   [   7% ] 0002/0100 VUs  0m08.0s/2m0s  20.00 iters/s

running (0m09.0s), 0002/0100 VUs, 178 complete and 0 interrupted iterations
main   [   7% ] 0002/0100 VUs  0m09.0s/2m0s  20.00 iters/s

running (0m10.0s), 0002/0100 VUs, 198 complete and 0 interrupted iterations
main   [   8% ] 0002/0100 VUs  0m10.0s/2m0s  20.00 iters/s

running (0m11.0s), 0002/0100 VUs, 218 complete and 0 interrupted iterations
main   [   9% ] 0002/0100 VUs  0m11.0s/2m0s  20.00 iters/s

running (0m12.0s), 0002/0100 VUs, 238 complete and 0 interrupted iterations
main   [  10% ] 0002/0100 VUs  0m12.0s/2m0s  20.00 iters/s

running (0m13.0s), 0002/0100 VUs, 258 complete and 0 interrupted iterations
main   [  11% ] 0002/0100 VUs  0m13.0s/2m0s  20.00 iters/s

running (0m14.0s), 0002/0100 VUs, 278 complete and 0 interrupted iterations
main   [  12% ] 0002/0100 VUs  0m14.0s/2m0s  20.00 iters/s

running (0m15.0s), 0002/0100 VUs, 298 complete and 0 interrupted iterations
main   [  12% ] 0002/0100 VUs  0m15.0s/2m0s  20.00 iters/s

running (0m16.0s), 0002/0100 VUs, 318 complete and 0 interrupted iterations
main   [  13% ] 0002/0100 VUs  0m16.0s/2m0s  20.00 iters/s

running (0m17.0s), 0002/0100 VUs, 338 complete and 0 interrupted iterations
main   [  14% ] 0002/0100 VUs  0m17.0s/2m0s  20.00 iters/s

running (0m18.0s), 0002/0100 VUs, 358 complete and 0 interrupted iterations
main   [  15% ] 0002/0100 VUs  0m18.0s/2m0s  20.00 iters/s

running (0m19.0s), 0002/0100 VUs, 378 complete and 0 interrupted iterations
main   [  16% ] 0002/0100 VUs  0m19.0s/2m0s  20.00 iters/s

running (0m20.0s), 0002/0100 VUs, 398 complete and 0 interrupted iterations
main   [  17% ] 0002/0100 VUs  0m20.0s/2m0s  20.00 iters/s

running (0m21.0s), 0002/0100 VUs, 418 complete and 0 interrupted iterations
main   [  17% ] 0002/0100 VUs  0m21.0s/2m0s  20.00 iters/s

running (0m22.0s), 0002/0100 VUs, 438 complete and 0 interrupted iterations
main   [  18% ] 0002/0100 VUs  0m22.0s/2m0s  20.00 iters/s

running (0m23.0s), 0002/0100 VUs, 458 complete and 0 interrupted iterations
main   [  19% ] 0002/0100 VUs  0m23.0s/2m0s  20.00 iters/s

running (0m24.0s), 0002/0100 VUs, 478 complete and 0 interrupted iterations
main   [  20% ] 0002/0100 VUs  0m24.0s/2m0s  20.00 iters/s

running (0m25.0s), 0002/0100 VUs, 498 complete and 0 interrupted iterations
main   [  21% ] 0002/0100 VUs  0m25.0s/2m0s  20.00 iters/s

running (0m26.0s), 0002/0100 VUs, 518 complete and 0 interrupted iterations
main   [  22% ] 0002/0100 VUs  0m26.0s/2m0s  20.00 iters/s

running (0m27.0s), 0002/0100 VUs, 538 complete and 0 interrupted iterations
main   [  22% ] 0002/0100 VUs  0m27.0s/2m0s  20.00 iters/s

running (0m28.0s), 0002/0100 VUs, 558 complete and 0 interrupted iterations
main   [  23% ] 0002/0100 VUs  0m28.0s/2m0s  20.00 iters/s

running (0m29.0s), 0002/0100 VUs, 578 complete and 0 interrupted iterations
main   [  24% ] 0002/0100 VUs  0m29.0s/2m0s  20.00 iters/s

running (0m30.0s), 0002/0100 VUs, 598 complete and 0 interrupted iterations
main   [  25% ] 0002/0100 VUs  0m30.0s/2m0s  20.00 iters/s

running (0m31.0s), 0002/0100 VUs, 618 complete and 0 interrupted iterations
main   [  26% ] 0002/0100 VUs  0m31.0s/2m0s  20.00 iters/s

running (0m32.0s), 0002/0100 VUs, 638 complete and 0 interrupted iterations
main   [  27% ] 0002/0100 VUs  0m32.0s/2m0s  20.00 iters/s

running (0m33.0s), 0002/0100 VUs, 658 complete and 0 interrupted iterations
main   [  27% ] 0002/0100 VUs  0m33.0s/2m0s  20.00 iters/s

running (0m34.0s), 0002/0100 VUs, 678 complete and 0 interrupted iterations
main   [  28% ] 0002/0100 VUs  0m34.0s/2m0s  20.00 iters/s

running (0m35.0s), 0002/0100 VUs, 698 complete and 0 interrupted iterations
main   [  29% ] 0002/0100 VUs  0m35.0s/2m0s  20.00 iters/s

running (0m36.0s), 0002/0100 VUs, 718 complete and 0 interrupted iterations
main   [  30% ] 0002/0100 VUs  0m36.0s/2m0s  20.00 iters/s

running (0m37.0s), 0002/0100 VUs, 738 complete and 0 interrupted iterations
main   [  31% ] 0002/0100 VUs  0m37.0s/2m0s  20.00 iters/s

running (0m38.0s), 0002/0100 VUs, 758 complete and 0 interrupted iterations
main   [  32% ] 0002/0100 VUs  0m38.0s/2m0s  20.00 iters/s

running (0m39.0s), 0002/0100 VUs, 778 complete and 0 interrupted iterations
main   [  32% ] 0002/0100 VUs  0m39.0s/2m0s  20.00 iters/s

running (0m40.0s), 0002/0100 VUs, 798 complete and 0 interrupted iterations
main   [  33% ] 0002/0100 VUs  0m40.0s/2m0s  20.00 iters/s

running (0m41.0s), 0002/0100 VUs, 818 complete and 0 interrupted iterations
main   [  34% ] 0002/0100 VUs  0m41.0s/2m0s  20.00 iters/s

running (0m42.0s), 0002/0100 VUs, 838 complete and 0 interrupted iterations
main   [  35% ] 0002/0100 VUs  0m42.0s/2m0s  20.00 iters/s

running (0m43.0s), 0002/0100 VUs, 858 complete and 0 interrupted iterations
main   [  36% ] 0002/0100 VUs  0m43.0s/2m0s  20.00 iters/s

running (0m44.0s), 0002/0100 VUs, 878 complete and 0 interrupted iterations
main   [  37% ] 0002/0100 VUs  0m44.0s/2m0s  20.00 iters/s

running (0m45.0s), 0002/0100 VUs, 898 complete and 0 interrupted iterations
main   [  37% ] 0002/0100 VUs  0m45.0s/2m0s  20.00 iters/s

running (0m46.0s), 0002/0100 VUs, 918 complete and 0 interrupted iterations
main   [  38% ] 0002/0100 VUs  0m46.0s/2m0s  20.00 iters/s

running (0m47.0s), 0002/0100 VUs, 938 complete and 0 interrupted iterations
main   [  39% ] 0002/0100 VUs  0m47.0s/2m0s  20.00 iters/s

running (0m48.0s), 0002/0100 VUs, 958 complete and 0 interrupted iterations
main   [  40% ] 0002/0100 VUs  0m48.0s/2m0s  20.00 iters/s

running (0m49.0s), 0002/0100 VUs, 978 complete and 0 interrupted iterations
main   [  41% ] 0002/0100 VUs  0m49.0s/2m0s  20.00 iters/s

running (0m50.0s), 0001/0100 VUs, 999 complete and 0 interrupted iterations
main   [  42% ] 0001/0100 VUs  0m50.0s/2m0s  20.00 iters/s

running (0m51.0s), 0002/0100 VUs, 1018 complete and 0 interrupted iterations
main   [  42% ] 0002/0100 VUs  0m51.0s/2m0s  20.00 iters/s

running (0m52.0s), 0002/0100 VUs, 1038 complete and 0 interrupted iterations
main   [  43% ] 0002/0100 VUs  0m52.0s/2m0s  20.00 iters/s

running (0m53.0s), 0002/0100 VUs, 1058 complete and 0 interrupted iterations
main   [  44% ] 0002/0100 VUs  0m53.0s/2m0s  20.00 iters/s

running (0m54.0s), 0002/0100 VUs, 1078 complete and 0 interrupted iterations
main   [  45% ] 0002/0100 VUs  0m54.0s/2m0s  20.00 iters/s

running (0m55.0s), 0002/0100 VUs, 1098 complete and 0 interrupted iterations
main   [  46% ] 0002/0100 VUs  0m55.0s/2m0s  20.00 iters/s

running (0m56.0s), 0002/0100 VUs, 1118 complete and 0 interrupted iterations
main   [  47% ] 0002/0100 VUs  0m56.0s/2m0s  20.00 iters/s

running (0m57.0s), 0002/0100 VUs, 1138 complete and 0 interrupted iterations
main   [  47% ] 0002/0100 VUs  0m57.0s/2m0s  20.00 iters/s

running (0m58.0s), 0002/0100 VUs, 1158 complete and 0 interrupted iterations
main   [  48% ] 0002/0100 VUs  0m58.0s/2m0s  20.00 iters/s

running (0m59.0s), 0002/0100 VUs, 1178 complete and 0 interrupted iterations
main   [  49% ] 0002/0100 VUs  0m59.0s/2m0s  20.00 iters/s

running (1m00.0s), 0002/0100 VUs, 1198 complete and 0 interrupted iterations
main   [  50% ] 0002/0100 VUs  1m00.0s/2m0s  20.00 iters/s

running (1m01.0s), 0002/0100 VUs, 1218 complete and 0 interrupted iterations
main   [  51% ] 0002/0100 VUs  1m01.0s/2m0s  20.00 iters/s

running (1m02.0s), 0002/0100 VUs, 1238 complete and 0 interrupted iterations
main   [  52% ] 0002/0100 VUs  1m02.0s/2m0s  20.00 iters/s

running (1m03.0s), 0002/0100 VUs, 1258 complete and 0 interrupted iterations
main   [  52% ] 0002/0100 VUs  1m03.0s/2m0s  20.00 iters/s

running (1m04.0s), 0002/0100 VUs, 1278 complete and 0 interrupted iterations
main   [  53% ] 0002/0100 VUs  1m04.0s/2m0s  20.00 iters/s

running (1m05.0s), 0002/0100 VUs, 1298 complete and 0 interrupted iterations
main   [  54% ] 0002/0100 VUs  1m05.0s/2m0s  20.00 iters/s

running (1m06.0s), 0002/0100 VUs, 1318 complete and 0 interrupted iterations
main   [  55% ] 0002/0100 VUs  1m06.0s/2m0s  20.00 iters/s

running (1m07.0s), 0002/0100 VUs, 1338 complete and 0 interrupted iterations
main   [  56% ] 0002/0100 VUs  1m07.0s/2m0s  20.00 iters/s

running (1m08.0s), 0002/0100 VUs, 1358 complete and 0 interrupted iterations
main   [  57% ] 0002/0100 VUs  1m08.0s/2m0s  20.00 iters/s

running (1m09.0s), 0002/0100 VUs, 1378 complete and 0 interrupted iterations
main   [  57% ] 0002/0100 VUs  1m09.0s/2m0s  20.00 iters/s

running (1m10.0s), 0002/0100 VUs, 1398 complete and 0 interrupted iterations
main   [  58% ] 0002/0100 VUs  1m10.0s/2m0s  20.00 iters/s

running (1m11.0s), 0002/0100 VUs, 1418 complete and 0 interrupted iterations
main   [  59% ] 0002/0100 VUs  1m11.0s/2m0s  20.00 iters/s

running (1m12.0s), 0002/0100 VUs, 1438 complete and 0 interrupted iterations
main   [  60% ] 0002/0100 VUs  1m12.0s/2m0s  20.00 iters/s

running (1m13.0s), 0002/0100 VUs, 1458 complete and 0 interrupted iterations
main   [  61% ] 0002/0100 VUs  1m13.0s/2m0s  20.00 iters/s

running (1m14.0s), 0002/0100 VUs, 1478 complete and 0 interrupted iterations
main   [  62% ] 0002/0100 VUs  1m14.0s/2m0s  20.00 iters/s

running (1m15.0s), 0002/0100 VUs, 1498 complete and 0 interrupted iterations
main   [  62% ] 0002/0100 VUs  1m15.0s/2m0s  20.00 iters/s

running (1m16.0s), 0002/0100 VUs, 1518 complete and 0 interrupted iterations
main   [  63% ] 0002/0100 VUs  1m16.0s/2m0s  20.00 iters/s

running (1m17.0s), 0002/0100 VUs, 1538 complete and 0 interrupted iterations
main   [  64% ] 0002/0100 VUs  1m17.0s/2m0s  20.00 iters/s

running (1m18.0s), 0002/0100 VUs, 1558 complete and 0 interrupted iterations
main   [  65% ] 0002/0100 VUs  1m18.0s/2m0s  20.00 iters/s

running (1m19.0s), 0002/0100 VUs, 1578 complete and 0 interrupted iterations
main   [  66% ] 0002/0100 VUs  1m19.0s/2m0s  20.00 iters/s

running (1m20.0s), 0002/0100 VUs, 1598 complete and 0 interrupted iterations
main   [  67% ] 0002/0100 VUs  1m20.0s/2m0s  20.00 iters/s

running (1m21.0s), 0002/0100 VUs, 1618 complete and 0 interrupted iterations
main   [  67% ] 0002/0100 VUs  1m21.0s/2m0s  20.00 iters/s

running (1m22.0s), 0002/0100 VUs, 1638 complete and 0 interrupted iterations
main   [  68% ] 0002/0100 VUs  1m22.0s/2m0s  20.00 iters/s

running (1m23.0s), 0002/0100 VUs, 1658 complete and 0 interrupted iterations
main   [  69% ] 0002/0100 VUs  1m23.0s/2m0s  20.00 iters/s

running (1m24.0s), 0002/0100 VUs, 1678 complete and 0 interrupted iterations
main   [  70% ] 0002/0100 VUs  1m24.0s/2m0s  20.00 iters/s

running (1m25.0s), 0002/0100 VUs, 1698 complete and 0 interrupted iterations
main   [  71% ] 0002/0100 VUs  1m25.0s/2m0s  20.00 iters/s

running (1m26.0s), 0002/0100 VUs, 1718 complete and 0 interrupted iterations
main   [  72% ] 0002/0100 VUs  1m26.0s/2m0s  20.00 iters/s

running (1m27.0s), 0002/0100 VUs, 1738 complete and 0 interrupted iterations
main   [  72% ] 0002/0100 VUs  1m27.0s/2m0s  20.00 iters/s

running (1m28.0s), 0002/0100 VUs, 1758 complete and 0 interrupted iterations
main   [  73% ] 0002/0100 VUs  1m28.0s/2m0s  20.00 iters/s

running (1m29.0s), 0002/0100 VUs, 1778 complete and 0 interrupted iterations
main   [  74% ] 0002/0100 VUs  1m29.0s/2m0s  20.00 iters/s

running (1m30.0s), 0002/0100 VUs, 1798 complete and 0 interrupted iterations
main   [  75% ] 0002/0100 VUs  1m30.0s/2m0s  20.00 iters/s

running (1m31.0s), 0002/0100 VUs, 1818 complete and 0 interrupted iterations
main   [  76% ] 0002/0100 VUs  1m31.0s/2m0s  20.00 iters/s

running (1m32.0s), 0002/0100 VUs, 1838 complete and 0 interrupted iterations
main   [  77% ] 0002/0100 VUs  1m32.0s/2m0s  20.00 iters/s

running (1m33.0s), 0002/0100 VUs, 1858 complete and 0 interrupted iterations
main   [  77% ] 0002/0100 VUs  1m33.0s/2m0s  20.00 iters/s

running (1m34.0s), 0002/0100 VUs, 1878 complete and 0 interrupted iterations
main   [  78% ] 0002/0100 VUs  1m34.0s/2m0s  20.00 iters/s

running (1m35.0s), 0002/0100 VUs, 1898 complete and 0 interrupted iterations
main   [  79% ] 0002/0100 VUs  1m35.0s/2m0s  20.00 iters/s

running (1m36.0s), 0002/0100 VUs, 1918 complete and 0 interrupted iterations
main   [  80% ] 0002/0100 VUs  1m36.0s/2m0s  20.00 iters/s

running (1m37.0s), 0002/0100 VUs, 1938 complete and 0 interrupted iterations
main   [  81% ] 0002/0100 VUs  1m37.0s/2m0s  20.00 iters/s

running (1m38.0s), 0002/0100 VUs, 1958 complete and 0 interrupted iterations
main   [  82% ] 0002/0100 VUs  1m38.0s/2m0s  20.00 iters/s

running (1m39.0s), 0002/0100 VUs, 1978 complete and 0 interrupted iterations
main   [  82% ] 0002/0100 VUs  1m39.0s/2m0s  20.00 iters/s

running (1m40.0s), 0002/0100 VUs, 1998 complete and 0 interrupted iterations
main   [  83% ] 0002/0100 VUs  1m40.0s/2m0s  20.00 iters/s

running (1m41.0s), 0002/0100 VUs, 2018 complete and 0 interrupted iterations
main   [  84% ] 0002/0100 VUs  1m41.0s/2m0s  20.00 iters/s

running (1m42.0s), 0002/0100 VUs, 2038 complete and 0 interrupted iterations
main   [  85% ] 0002/0100 VUs  1m42.0s/2m0s  20.00 iters/s

running (1m43.0s), 0002/0100 VUs, 2058 complete and 0 interrupted iterations
main   [  86% ] 0002/0100 VUs  1m43.0s/2m0s  20.00 iters/s

running (1m44.0s), 0002/0100 VUs, 2078 complete and 0 interrupted iterations
main   [  87% ] 0002/0100 VUs  1m44.0s/2m0s  20.00 iters/s

running (1m45.0s), 0002/0100 VUs, 2098 complete and 0 interrupted iterations
main   [  87% ] 0002/0100 VUs  1m45.0s/2m0s  20.00 iters/s

running (1m46.0s), 0002/0100 VUs, 2118 complete and 0 interrupted iterations
main   [  88% ] 0002/0100 VUs  1m46.0s/2m0s  20.00 iters/s

running (1m47.0s), 0002/0100 VUs, 2138 complete and 0 interrupted iterations
main   [  89% ] 0002/0100 VUs  1m47.0s/2m0s  20.00 iters/s

running (1m48.0s), 0002/0100 VUs, 2158 complete and 0 interrupted iterations
main   [  90% ] 0002/0100 VUs  1m48.0s/2m0s  20.00 iters/s

running (1m49.0s), 0002/0100 VUs, 2178 complete and 0 interrupted iterations
main   [  91% ] 0002/0100 VUs  1m49.0s/2m0s  20.00 iters/s

running (1m50.0s), 0002/0100 VUs, 2198 complete and 0 interrupted iterations
main   [  92% ] 0002/0100 VUs  1m50.0s/2m0s  20.00 iters/s

running (1m51.0s), 0002/0100 VUs, 2218 complete and 0 interrupted iterations
main   [  92% ] 0002/0100 VUs  1m51.0s/2m0s  20.00 iters/s

running (1m52.0s), 0002/0100 VUs, 2238 complete and 0 interrupted iterations
main   [  93% ] 0002/0100 VUs  1m52.0s/2m0s  20.00 iters/s

running (1m53.0s), 0002/0100 VUs, 2258 complete and 0 interrupted iterations
main   [  94% ] 0002/0100 VUs  1m53.0s/2m0s  20.00 iters/s

running (1m54.0s), 0002/0100 VUs, 2278 complete and 0 interrupted iterations
main   [  95% ] 0002/0100 VUs  1m54.0s/2m0s  20.00 iters/s

running (1m55.0s), 0002/0100 VUs, 2298 complete and 0 interrupted iterations
main   [  96% ] 0002/0100 VUs  1m55.0s/2m0s  20.00 iters/s

running (1m56.0s), 0002/0100 VUs, 2318 complete and 0 interrupted iterations
main   [  97% ] 0002/0100 VUs  1m56.0s/2m0s  20.00 iters/s

running (1m57.0s), 0002/0100 VUs, 2338 complete and 0 interrupted iterations
main   [  97% ] 0002/0100 VUs  1m57.0s/2m0s  20.00 iters/s

running (1m58.0s), 0002/0100 VUs, 2358 complete and 0 interrupted iterations
main   [  98% ] 0002/0100 VUs  1m58.0s/2m0s  20.00 iters/s

running (1m59.0s), 0002/0100 VUs, 2378 complete and 0 interrupted iterations
main   [  99% ] 0002/0100 VUs  1m59.0s/2m0s  20.00 iters/s

running (2m00.0s), 0002/0100 VUs, 2398 complete and 0 interrupted iterations
main   [ 100% ] 0002/0100 VUs  2m00.0s/2m0s  20.00 iters/s

running (2m00.0s), 0000/0100 VUs, 2400 complete and 0 interrupted iterations
main ✓ [ 100% ] 0000/0100 VUs  2m0s  20.00 iters/s
  Repeat 1 complete. Results in results/b-inbatch-nodup-rtt10000-r20-rep1-1781217340.json
=== Cell complete: 1 repeat(s) for b/inbatch-nodup rtt=10000us ===

[campaign] (7) cell: b|batchfetch|10000|20|-|N=300,MAX_MEMBER_ID=2000
=== Cell: scenario=b style=batchfetch rtt=10000us rate=20rps duration=2m scale=full maxMember=2000 repeats=1 ===
[1/4] Setting netem delay 10000us...
Setting netem delay 10000us on lab-mysql eth0...
time="2026-06-12T07:37:41+09:00" level=warning msg="/Users/rene/rdb-join-lab/docker-compose.yml: the attribute `version` is obsolete, it will be ignored, please remove it to avoid potential confusion"
Current qdisc:
time="2026-06-12T07:37:41+09:00" level=warning msg="/Users/rene/rdb-join-lab/docker-compose.yml: the attribute `version` is obsolete, it will be ignored, please remove it to avoid potential confusion"
qdisc netem 8016: root refcnt 7 limit 1000 delay 10ms seed 3647464555724545620
[2/4] Warming InnoDB buffer pool...
=== Step 1: Warm-up queries (priming buffer pool, ~10% of full scale) ===
COUNT(*)
3400211
COUNT(*)
1000000
COUNT(*)
8679702
COUNT(*)
10000
Warm-up queries complete.
=== Step 2: Triggering InnoDB buffer pool dump ===
time="2026-06-12T07:37:43+09:00" level=warning msg="/Users/rene/rdb-join-lab/docker-compose.yml: the attribute `version` is obsolete, it will be ignored, please remove it to avoid potential confusion"
mysql: [Warning] Using a password on the command line interface can be insecure.
Polling dump status (timeout 300s)...
  [0s] Dump status: Buffer pool(s) dump completed at 260611 22:37:43
Buffer pool dump completed.
=== Step 3: Triggering InnoDB buffer pool load ===
time="2026-06-12T07:37:43+09:00" level=warning msg="/Users/rene/rdb-join-lab/docker-compose.yml: the attribute `version` is obsolete, it will be ignored, please remove it to avoid potential confusion"
mysql: [Warning] Using a password on the command line interface can be insecure.
Polling load status (timeout 300s)...
  [0s] Load status: Loaded 141313/188400 pages
  [5s] Load status: Buffer pool(s) load completed at 260611 22:37:43
Buffer pool load completed.
=== Step 3b: Capturing post-load snapshot for warm-state gate ===
COUNT(*)
1210060
COUNT(*)
8679702
COUNT(*)
10000
Re-verification queries complete.
=== Step 4: Warm-state gate (physical reads < 0.01, post-load window) ===
  Post-load reverify window: physical reads delta: 0 / 22886 = 0.0
  (Pre-warmup baseline: 28449 / 3949493398, for reference)
  Warm-state gate PASSED.
=== Step 5: ANALYZE TABLE ===
Table	Op	Msg_type	Msg_text
lab.coupon_policy	analyze	status	OK
lab.member	analyze	status	OK
lab.coupon_issue	analyze	status	OK
ANALYZE TABLE complete.
=== Step 5b: Capturing InnoDB engine status (AHI verification) ===
  InnoDB status captured: results/innodb-status-1781217470.txt
  AHI indicator: INSERT BUFFER AND ADAPTIVE HASH INDEX
0.00 hash searches/s, 22973.22 non-hash searches/s
=== Step 5c: EXPLAIN Scenario B ORDER BY id ASC (filesort check) ===
  WARNING: EXPLAIN shows 'Using filesort' for Scenario B ORDER BY id ASC query.
  Expected idx_issue_member_id to cover ORDER BY — check index creation in schema.sql.
  EXPLAIN output:
1	SIMPLE	coupon_issue	NULL	ref	idx_issue_member_status,idx_issue_member_id	idx_issue_member_status	8	const	1206	100.00	Using filesort
[3/4] Dual calibration (nominal=10000us)...
  [held conn] calibrate n=10000...
{
    "n": 2000,
    "min": 10132,
    "p50": 12919,
    "p95": 15207,
    "p99": 15495,
    "max": 15864
}
  [per checkout] calibrate/loaded n=10000...
{
    "n": 2000,
    "min": 10132,
    "p50": 12970,
    "p95": 15338,
    "p99": 15624,
    "max": 25828
}
Running dual calibration probe (n=10000 held + n=10000 loaded)...
=== held (pure wire RTT) ===
{
    "n": 2000,
    "min": 10076,
    "p50": 12951,
    "p95": 15272,
    "p99": 15536,
    "max": 16156
}
=== loaded (wire RTT + pool checkout) ===
{
    "n": 2000,
    "min": 10124,
    "p50": 12958,
    "p95": 15213,
    "p99": 15500,
    "max": 29205
}

Appended dual record to results/calibration.jsonl: {"held": {"n": 2000, "min": 10076, "p50": 12951, "p95": 15272, "p99": 15536, "max": 16156}, "loaded": {"n": 2000, "min": 10124, "p50": 12958, "p95": 15213, "p99": 15500, "max": 29205}, "timestamp": "2026-06-11T22:39:34Z", "nominal_delay_us": 10000}
[4/1] Running k6 repeat 1/1 (output -> results/b-batchfetch-rtt10000-r20-rep1-1781217574.json)...
time="2026-06-12T07:39:34+09:00" level=warning msg="/Users/rene/rdb-join-lab/docker-compose.yml: the attribute `version` is obsolete, it will be ignored, please remove it to avoid potential confusion"

         /\      Grafana   /‾‾/  
    /\  /  \     |\  __   /  /   
   /  \/    \    | |/ /  /   ‾‾\ 
  /          \   |   (  |  (‾)  |
 / __________ \  |_|\_\  \_____/ 


     execution: local
        script: /scripts/scenario.js
        output: -

     scenarios: (100.00%) 1 scenario, 1000 max VUs, 2m30s max duration (incl. graceful stop):
              * main: 20.00 iterations/s for 2m0s (maxVUs: 100-1000, gracefulStop: 30s)


running (0m01.0s), 0002/0100 VUs, 18 complete and 0 interrupted iterations
main   [   1% ] 0002/0100 VUs  0m01.0s/2m0s  20.00 iters/s

running (0m02.0s), 0002/0100 VUs, 38 complete and 0 interrupted iterations
main   [   2% ] 0002/0100 VUs  0m02.0s/2m0s  20.00 iters/s

running (0m03.0s), 0002/0100 VUs, 58 complete and 0 interrupted iterations
main   [   2% ] 0002/0100 VUs  0m03.0s/2m0s  20.00 iters/s

running (0m04.0s), 0002/0100 VUs, 78 complete and 0 interrupted iterations
main   [   3% ] 0002/0100 VUs  0m04.0s/2m0s  20.00 iters/s

running (0m05.0s), 0002/0100 VUs, 98 complete and 0 interrupted iterations
main   [   4% ] 0002/0100 VUs  0m05.0s/2m0s  20.00 iters/s

running (0m06.0s), 0002/0100 VUs, 118 complete and 0 interrupted iterations
main   [   5% ] 0002/0100 VUs  0m06.0s/2m0s  20.00 iters/s

running (0m07.0s), 0002/0100 VUs, 138 complete and 0 interrupted iterations
main   [   6% ] 0002/0100 VUs  0m07.0s/2m0s  20.00 iters/s

running (0m08.0s), 0002/0100 VUs, 158 complete and 0 interrupted iterations
main   [   7% ] 0002/0100 VUs  0m08.0s/2m0s  20.00 iters/s

running (0m09.0s), 0002/0100 VUs, 178 complete and 0 interrupted iterations
main   [   7% ] 0002/0100 VUs  0m09.0s/2m0s  20.00 iters/s

running (0m10.0s), 0002/0100 VUs, 198 complete and 0 interrupted iterations
main   [   8% ] 0002/0100 VUs  0m10.0s/2m0s  20.00 iters/s

running (0m11.0s), 0002/0100 VUs, 218 complete and 0 interrupted iterations
main   [   9% ] 0002/0100 VUs  0m11.0s/2m0s  20.00 iters/s

running (0m12.0s), 0002/0100 VUs, 238 complete and 0 interrupted iterations
main   [  10% ] 0002/0100 VUs  0m12.0s/2m0s  20.00 iters/s

running (0m13.0s), 0002/0100 VUs, 258 complete and 0 interrupted iterations
main   [  11% ] 0002/0100 VUs  0m13.0s/2m0s  20.00 iters/s

running (0m14.0s), 0002/0100 VUs, 278 complete and 0 interrupted iterations
main   [  12% ] 0002/0100 VUs  0m14.0s/2m0s  20.00 iters/s

running (0m15.0s), 0002/0100 VUs, 298 complete and 0 interrupted iterations
main   [  12% ] 0002/0100 VUs  0m15.0s/2m0s  20.00 iters/s

running (0m16.0s), 0002/0100 VUs, 318 complete and 0 interrupted iterations
main   [  13% ] 0002/0100 VUs  0m16.0s/2m0s  20.00 iters/s

running (0m17.0s), 0002/0100 VUs, 338 complete and 0 interrupted iterations
main   [  14% ] 0002/0100 VUs  0m17.0s/2m0s  20.00 iters/s

running (0m18.0s), 0002/0100 VUs, 358 complete and 0 interrupted iterations
main   [  15% ] 0002/0100 VUs  0m18.0s/2m0s  20.00 iters/s

running (0m19.0s), 0002/0100 VUs, 378 complete and 0 interrupted iterations
main   [  16% ] 0002/0100 VUs  0m19.0s/2m0s  20.00 iters/s

running (0m20.0s), 0002/0100 VUs, 398 complete and 0 interrupted iterations
main   [  17% ] 0002/0100 VUs  0m20.0s/2m0s  20.00 iters/s

running (0m21.0s), 0002/0100 VUs, 418 complete and 0 interrupted iterations
main   [  17% ] 0002/0100 VUs  0m21.0s/2m0s  20.00 iters/s

running (0m22.0s), 0002/0100 VUs, 438 complete and 0 interrupted iterations
main   [  18% ] 0002/0100 VUs  0m22.0s/2m0s  20.00 iters/s

running (0m23.0s), 0002/0100 VUs, 458 complete and 0 interrupted iterations
main   [  19% ] 0002/0100 VUs  0m23.0s/2m0s  20.00 iters/s

running (0m24.0s), 0002/0100 VUs, 478 complete and 0 interrupted iterations
main   [  20% ] 0002/0100 VUs  0m24.0s/2m0s  20.00 iters/s

running (0m25.0s), 0002/0100 VUs, 498 complete and 0 interrupted iterations
main   [  21% ] 0002/0100 VUs  0m25.0s/2m0s  20.00 iters/s

running (0m26.0s), 0002/0100 VUs, 518 complete and 0 interrupted iterations
main   [  22% ] 0002/0100 VUs  0m26.0s/2m0s  20.00 iters/s

running (0m27.0s), 0002/0100 VUs, 538 complete and 0 interrupted iterations
main   [  22% ] 0002/0100 VUs  0m27.0s/2m0s  20.00 iters/s

running (0m28.0s), 0002/0100 VUs, 558 complete and 0 interrupted iterations
main   [  23% ] 0002/0100 VUs  0m28.0s/2m0s  20.00 iters/s

running (0m29.0s), 0002/0100 VUs, 578 complete and 0 interrupted iterations
main   [  24% ] 0002/0100 VUs  0m29.0s/2m0s  20.00 iters/s

running (0m30.0s), 0001/0100 VUs, 599 complete and 0 interrupted iterations
main   [  25% ] 0001/0100 VUs  0m30.0s/2m0s  20.00 iters/s

running (0m31.0s), 0002/0100 VUs, 618 complete and 0 interrupted iterations
main   [  26% ] 0002/0100 VUs  0m31.0s/2m0s  20.00 iters/s

running (0m32.0s), 0002/0100 VUs, 638 complete and 0 interrupted iterations
main   [  27% ] 0002/0100 VUs  0m32.0s/2m0s  20.00 iters/s

running (0m33.0s), 0002/0100 VUs, 658 complete and 0 interrupted iterations
main   [  27% ] 0002/0100 VUs  0m33.0s/2m0s  20.00 iters/s

running (0m34.0s), 0002/0100 VUs, 678 complete and 0 interrupted iterations
main   [  28% ] 0002/0100 VUs  0m34.0s/2m0s  20.00 iters/s

running (0m35.0s), 0002/0100 VUs, 698 complete and 0 interrupted iterations
main   [  29% ] 0002/0100 VUs  0m35.0s/2m0s  20.00 iters/s

running (0m36.0s), 0002/0100 VUs, 718 complete and 0 interrupted iterations
main   [  30% ] 0002/0100 VUs  0m36.0s/2m0s  20.00 iters/s

running (0m37.0s), 0002/0100 VUs, 738 complete and 0 interrupted iterations
main   [  31% ] 0002/0100 VUs  0m37.0s/2m0s  20.00 iters/s

running (0m38.0s), 0001/0100 VUs, 759 complete and 0 interrupted iterations
main   [  32% ] 0001/0100 VUs  0m38.0s/2m0s  20.00 iters/s

running (0m39.0s), 0002/0100 VUs, 778 complete and 0 interrupted iterations
main   [  32% ] 0002/0100 VUs  0m39.0s/2m0s  20.00 iters/s

running (0m40.0s), 0002/0100 VUs, 798 complete and 0 interrupted iterations
main   [  33% ] 0002/0100 VUs  0m40.0s/2m0s  20.00 iters/s

running (0m41.0s), 0002/0100 VUs, 818 complete and 0 interrupted iterations
main   [  34% ] 0002/0100 VUs  0m41.0s/2m0s  20.00 iters/s

running (0m42.0s), 0002/0100 VUs, 838 complete and 0 interrupted iterations
main   [  35% ] 0002/0100 VUs  0m42.0s/2m0s  20.00 iters/s

running (0m43.0s), 0002/0100 VUs, 858 complete and 0 interrupted iterations
main   [  36% ] 0002/0100 VUs  0m43.0s/2m0s  20.00 iters/s

running (0m44.0s), 0002/0100 VUs, 878 complete and 0 interrupted iterations
main   [  37% ] 0002/0100 VUs  0m44.0s/2m0s  20.00 iters/s

running (0m45.0s), 0002/0100 VUs, 898 complete and 0 interrupted iterations
main   [  37% ] 0002/0100 VUs  0m45.0s/2m0s  20.00 iters/s

running (0m46.0s), 0002/0100 VUs, 918 complete and 0 interrupted iterations
main   [  38% ] 0002/0100 VUs  0m46.0s/2m0s  20.00 iters/s

running (0m47.0s), 0002/0100 VUs, 938 complete and 0 interrupted iterations
main   [  39% ] 0002/0100 VUs  0m47.0s/2m0s  20.00 iters/s

running (0m48.0s), 0002/0100 VUs, 958 complete and 0 interrupted iterations
main   [  40% ] 0002/0100 VUs  0m48.0s/2m0s  20.00 iters/s

running (0m49.0s), 0002/0100 VUs, 978 complete and 0 interrupted iterations
main   [  41% ] 0002/0100 VUs  0m49.0s/2m0s  20.00 iters/s

running (0m50.0s), 0002/0100 VUs, 998 complete and 0 interrupted iterations
main   [  42% ] 0002/0100 VUs  0m50.0s/2m0s  20.00 iters/s

running (0m51.0s), 0002/0100 VUs, 1018 complete and 0 interrupted iterations
main   [  42% ] 0002/0100 VUs  0m51.0s/2m0s  20.00 iters/s

running (0m52.0s), 0002/0100 VUs, 1038 complete and 0 interrupted iterations
main   [  43% ] 0002/0100 VUs  0m52.0s/2m0s  20.00 iters/s

running (0m53.0s), 0002/0100 VUs, 1058 complete and 0 interrupted iterations
main   [  44% ] 0002/0100 VUs  0m53.0s/2m0s  20.00 iters/s

running (0m54.0s), 0002/0100 VUs, 1078 complete and 0 interrupted iterations
main   [  45% ] 0002/0100 VUs  0m54.0s/2m0s  20.00 iters/s

running (0m55.0s), 0002/0100 VUs, 1098 complete and 0 interrupted iterations
main   [  46% ] 0002/0100 VUs  0m55.0s/2m0s  20.00 iters/s

running (0m56.0s), 0002/0100 VUs, 1118 complete and 0 interrupted iterations
main   [  47% ] 0002/0100 VUs  0m56.0s/2m0s  20.00 iters/s

running (0m57.0s), 0002/0100 VUs, 1138 complete and 0 interrupted iterations
main   [  47% ] 0002/0100 VUs  0m57.0s/2m0s  20.00 iters/s

running (0m58.0s), 0002/0100 VUs, 1158 complete and 0 interrupted iterations
main   [  48% ] 0002/0100 VUs  0m58.0s/2m0s  20.00 iters/s

running (0m59.0s), 0002/0100 VUs, 1178 complete and 0 interrupted iterations
main   [  49% ] 0002/0100 VUs  0m59.0s/2m0s  20.00 iters/s

running (1m00.0s), 0002/0100 VUs, 1198 complete and 0 interrupted iterations
main   [  50% ] 0002/0100 VUs  1m00.0s/2m0s  20.00 iters/s

running (1m01.0s), 0002/0100 VUs, 1218 complete and 0 interrupted iterations
main   [  51% ] 0002/0100 VUs  1m01.0s/2m0s  20.00 iters/s

running (1m02.0s), 0002/0100 VUs, 1238 complete and 0 interrupted iterations
main   [  52% ] 0002/0100 VUs  1m02.0s/2m0s  20.00 iters/s

running (1m03.0s), 0002/0100 VUs, 1258 complete and 0 interrupted iterations
main   [  52% ] 0002/0100 VUs  1m03.0s/2m0s  20.00 iters/s

running (1m04.0s), 0002/0100 VUs, 1278 complete and 0 interrupted iterations
main   [  53% ] 0002/0100 VUs  1m04.0s/2m0s  20.00 iters/s

running (1m05.0s), 0002/0100 VUs, 1298 complete and 0 interrupted iterations
main   [  54% ] 0002/0100 VUs  1m05.0s/2m0s  20.00 iters/s

running (1m06.0s), 0002/0100 VUs, 1318 complete and 0 interrupted iterations
main   [  55% ] 0002/0100 VUs  1m06.0s/2m0s  20.00 iters/s

running (1m07.0s), 0002/0100 VUs, 1338 complete and 0 interrupted iterations
main   [  56% ] 0002/0100 VUs  1m07.0s/2m0s  20.00 iters/s

running (1m08.0s), 0002/0100 VUs, 1358 complete and 0 interrupted iterations
main   [  57% ] 0002/0100 VUs  1m08.0s/2m0s  20.00 iters/s

running (1m09.0s), 0002/0100 VUs, 1378 complete and 0 interrupted iterations
main   [  57% ] 0002/0100 VUs  1m09.0s/2m0s  20.00 iters/s

running (1m10.0s), 0002/0100 VUs, 1398 complete and 0 interrupted iterations
main   [  58% ] 0002/0100 VUs  1m10.0s/2m0s  20.00 iters/s

running (1m11.0s), 0002/0100 VUs, 1418 complete and 0 interrupted iterations
main   [  59% ] 0002/0100 VUs  1m11.0s/2m0s  20.00 iters/s

running (1m12.0s), 0002/0100 VUs, 1438 complete and 0 interrupted iterations
main   [  60% ] 0002/0100 VUs  1m12.0s/2m0s  20.00 iters/s

running (1m13.0s), 0002/0100 VUs, 1458 complete and 0 interrupted iterations
main   [  61% ] 0002/0100 VUs  1m13.0s/2m0s  20.00 iters/s

running (1m14.0s), 0002/0100 VUs, 1478 complete and 0 interrupted iterations
main   [  62% ] 0002/0100 VUs  1m14.0s/2m0s  20.00 iters/s

running (1m15.0s), 0002/0100 VUs, 1498 complete and 0 interrupted iterations
main   [  62% ] 0002/0100 VUs  1m15.0s/2m0s  20.00 iters/s

running (1m16.0s), 0002/0100 VUs, 1518 complete and 0 interrupted iterations
main   [  63% ] 0002/0100 VUs  1m16.0s/2m0s  20.00 iters/s

running (1m17.0s), 0002/0100 VUs, 1538 complete and 0 interrupted iterations
main   [  64% ] 0002/0100 VUs  1m17.0s/2m0s  20.00 iters/s

running (1m18.0s), 0002/0100 VUs, 1558 complete and 0 interrupted iterations
main   [  65% ] 0002/0100 VUs  1m18.0s/2m0s  20.00 iters/s

running (1m19.0s), 0002/0100 VUs, 1578 complete and 0 interrupted iterations
main   [  66% ] 0002/0100 VUs  1m19.0s/2m0s  20.00 iters/s

running (1m20.0s), 0002/0100 VUs, 1598 complete and 0 interrupted iterations
main   [  67% ] 0002/0100 VUs  1m20.0s/2m0s  20.00 iters/s

running (1m21.0s), 0002/0100 VUs, 1618 complete and 0 interrupted iterations
main   [  67% ] 0002/0100 VUs  1m21.0s/2m0s  20.00 iters/s

running (1m22.0s), 0002/0100 VUs, 1638 complete and 0 interrupted iterations
main   [  68% ] 0002/0100 VUs  1m22.0s/2m0s  20.00 iters/s

running (1m23.0s), 0002/0100 VUs, 1658 complete and 0 interrupted iterations
main   [  69% ] 0002/0100 VUs  1m23.0s/2m0s  20.00 iters/s

running (1m24.0s), 0002/0100 VUs, 1678 complete and 0 interrupted iterations
main   [  70% ] 0002/0100 VUs  1m24.0s/2m0s  20.00 iters/s

running (1m25.0s), 0002/0100 VUs, 1698 complete and 0 interrupted iterations
main   [  71% ] 0002/0100 VUs  1m25.0s/2m0s  20.00 iters/s

running (1m26.0s), 0002/0100 VUs, 1718 complete and 0 interrupted iterations
main   [  72% ] 0002/0100 VUs  1m26.0s/2m0s  20.00 iters/s

running (1m27.0s), 0002/0100 VUs, 1738 complete and 0 interrupted iterations
main   [  72% ] 0002/0100 VUs  1m27.0s/2m0s  20.00 iters/s

running (1m28.0s), 0002/0100 VUs, 1758 complete and 0 interrupted iterations
main   [  73% ] 0002/0100 VUs  1m28.0s/2m0s  20.00 iters/s

running (1m29.0s), 0002/0100 VUs, 1778 complete and 0 interrupted iterations
main   [  74% ] 0002/0100 VUs  1m29.0s/2m0s  20.00 iters/s

running (1m30.0s), 0001/0100 VUs, 1799 complete and 0 interrupted iterations
main   [  75% ] 0001/0100 VUs  1m30.0s/2m0s  20.00 iters/s

running (1m31.0s), 0002/0100 VUs, 1818 complete and 0 interrupted iterations
main   [  76% ] 0002/0100 VUs  1m31.0s/2m0s  20.00 iters/s

running (1m32.0s), 0002/0100 VUs, 1838 complete and 0 interrupted iterations
main   [  77% ] 0002/0100 VUs  1m32.0s/2m0s  20.00 iters/s

running (1m33.0s), 0002/0100 VUs, 1858 complete and 0 interrupted iterations
main   [  77% ] 0002/0100 VUs  1m33.0s/2m0s  20.00 iters/s

running (1m34.0s), 0002/0100 VUs, 1878 complete and 0 interrupted iterations
main   [  78% ] 0002/0100 VUs  1m34.0s/2m0s  20.00 iters/s

running (1m35.0s), 0002/0100 VUs, 1898 complete and 0 interrupted iterations
main   [  79% ] 0002/0100 VUs  1m35.0s/2m0s  20.00 iters/s

running (1m36.0s), 0002/0100 VUs, 1918 complete and 0 interrupted iterations
main   [  80% ] 0002/0100 VUs  1m36.0s/2m0s  20.00 iters/s

running (1m37.0s), 0002/0100 VUs, 1938 complete and 0 interrupted iterations
main   [  81% ] 0002/0100 VUs  1m37.0s/2m0s  20.00 iters/s

running (1m38.0s), 0002/0100 VUs, 1958 complete and 0 interrupted iterations
main   [  82% ] 0002/0100 VUs  1m38.0s/2m0s  20.00 iters/s

running (1m39.0s), 0002/0100 VUs, 1978 complete and 0 interrupted iterations
main   [  82% ] 0002/0100 VUs  1m39.0s/2m0s  20.00 iters/s

running (1m40.0s), 0002/0100 VUs, 1998 complete and 0 interrupted iterations
main   [  83% ] 0002/0100 VUs  1m40.0s/2m0s  20.00 iters/s

running (1m41.0s), 0002/0100 VUs, 2018 complete and 0 interrupted iterations
main   [  84% ] 0002/0100 VUs  1m41.0s/2m0s  20.00 iters/s

running (1m42.0s), 0002/0100 VUs, 2038 complete and 0 interrupted iterations
main   [  85% ] 0002/0100 VUs  1m42.0s/2m0s  20.00 iters/s

running (1m43.0s), 0002/0100 VUs, 2058 complete and 0 interrupted iterations
main   [  86% ] 0002/0100 VUs  1m43.0s/2m0s  20.00 iters/s

running (1m44.0s), 0002/0100 VUs, 2078 complete and 0 interrupted iterations
main   [  87% ] 0002/0100 VUs  1m44.0s/2m0s  20.00 iters/s

running (1m45.0s), 0002/0100 VUs, 2098 complete and 0 interrupted iterations
main   [  87% ] 0002/0100 VUs  1m45.0s/2m0s  20.00 iters/s

running (1m46.0s), 0002/0100 VUs, 2118 complete and 0 interrupted iterations
main   [  88% ] 0002/0100 VUs  1m46.0s/2m0s  20.00 iters/s

running (1m47.0s), 0002/0100 VUs, 2138 complete and 0 interrupted iterations
main   [  89% ] 0002/0100 VUs  1m47.0s/2m0s  20.00 iters/s

running (1m48.0s), 0002/0100 VUs, 2158 complete and 0 interrupted iterations
main   [  90% ] 0002/0100 VUs  1m48.0s/2m0s  20.00 iters/s

running (1m49.0s), 0002/0100 VUs, 2178 complete and 0 interrupted iterations
main   [  91% ] 0002/0100 VUs  1m49.0s/2m0s  20.00 iters/s

running (1m50.0s), 0002/0100 VUs, 2198 complete and 0 interrupted iterations
main   [  92% ] 0002/0100 VUs  1m50.0s/2m0s  20.00 iters/s

running (1m51.0s), 0002/0100 VUs, 2218 complete and 0 interrupted iterations
main   [  92% ] 0002/0100 VUs  1m51.0s/2m0s  20.00 iters/s

running (1m52.0s), 0002/0100 VUs, 2238 complete and 0 interrupted iterations
main   [  93% ] 0002/0100 VUs  1m52.0s/2m0s  20.00 iters/s

running (1m53.0s), 0002/0100 VUs, 2258 complete and 0 interrupted iterations
main   [  94% ] 0002/0100 VUs  1m53.0s/2m0s  20.00 iters/s

running (1m54.0s), 0002/0100 VUs, 2278 complete and 0 interrupted iterations
main   [  95% ] 0002/0100 VUs  1m54.0s/2m0s  20.00 iters/s

running (1m55.0s), 0002/0100 VUs, 2298 complete and 0 interrupted iterations
main   [  96% ] 0002/0100 VUs  1m55.0s/2m0s  20.00 iters/s

running (1m56.0s), 0002/0100 VUs, 2318 complete and 0 interrupted iterations
main   [  97% ] 0002/0100 VUs  1m56.0s/2m0s  20.00 iters/s

running (1m57.0s), 0002/0100 VUs, 2338 complete and 0 interrupted iterations
main   [  97% ] 0002/0100 VUs  1m57.0s/2m0s  20.00 iters/s

running (1m58.0s), 0002/0100 VUs, 2358 complete and 0 interrupted iterations
main   [  98% ] 0002/0100 VUs  1m58.0s/2m0s  20.00 iters/s

running (1m59.0s), 0002/0100 VUs, 2378 complete and 0 interrupted iterations
main   [  99% ] 0002/0100 VUs  1m59.0s/2m0s  20.00 iters/s

running (2m00.0s), 0002/0100 VUs, 2398 complete and 0 interrupted iterations
main   [ 100% ] 0002/0100 VUs  2m00.0s/2m0s  20.00 iters/s

running (2m00.1s), 0000/0100 VUs, 2401 complete and 0 interrupted iterations
main ✓ [ 100% ] 0000/0100 VUs  2m0s  20.00 iters/s
  Repeat 1 complete. Results in results/b-batchfetch-rtt10000-r20-rep1-1781217574.json
=== Cell complete: 1 repeat(s) for b/batchfetch rtt=10000us ===

[campaign] (8) cell: b|jdbc-join|10000|20|-|N=300,MAX_MEMBER_ID=2000
=== Cell: scenario=b style=jdbc-join rtt=10000us rate=20rps duration=2m scale=full maxMember=2000 repeats=1 ===
[1/4] Setting netem delay 10000us...
Setting netem delay 10000us on lab-mysql eth0...
time="2026-06-12T07:41:35+09:00" level=warning msg="/Users/rene/rdb-join-lab/docker-compose.yml: the attribute `version` is obsolete, it will be ignored, please remove it to avoid potential confusion"
Current qdisc:
time="2026-06-12T07:41:35+09:00" level=warning msg="/Users/rene/rdb-join-lab/docker-compose.yml: the attribute `version` is obsolete, it will be ignored, please remove it to avoid potential confusion"
qdisc netem 8016: root refcnt 7 limit 1000 delay 10ms seed 241328823866461445
[2/4] Warming InnoDB buffer pool...
=== Step 1: Warm-up queries (priming buffer pool, ~10% of full scale) ===
COUNT(*)
3400211
COUNT(*)
1000000
COUNT(*)
8679702
COUNT(*)
10000
Warm-up queries complete.
=== Step 2: Triggering InnoDB buffer pool dump ===
time="2026-06-12T07:41:36+09:00" level=warning msg="/Users/rene/rdb-join-lab/docker-compose.yml: the attribute `version` is obsolete, it will be ignored, please remove it to avoid potential confusion"
mysql: [Warning] Using a password on the command line interface can be insecure.
Polling dump status (timeout 300s)...
  [0s] Dump status: Buffer pool(s) dump completed at 260611 22:41:37
Buffer pool dump completed.
=== Step 3: Triggering InnoDB buffer pool load ===
time="2026-06-12T07:41:36+09:00" level=warning msg="/Users/rene/rdb-join-lab/docker-compose.yml: the attribute `version` is obsolete, it will be ignored, please remove it to avoid potential confusion"
mysql: [Warning] Using a password on the command line interface can be insecure.
Polling load status (timeout 300s)...
  [0s] Load status: Loaded 145409/188400 pages
  [5s] Load status: Buffer pool(s) load completed at 260611 22:41:37
Buffer pool load completed.
=== Step 3b: Capturing post-load snapshot for warm-state gate ===
COUNT(*)
1210060
COUNT(*)
8679702
COUNT(*)
10000
Re-verification queries complete.
=== Step 4: Warm-state gate (physical reads < 0.01, post-load window) ===
  Post-load reverify window: physical reads delta: 0 / 22886 = 0.0
  (Pre-warmup baseline: 28460 / 3962521438, for reference)
  Warm-state gate PASSED.
=== Step 5: ANALYZE TABLE ===
Table	Op	Msg_type	Msg_text
lab.coupon_policy	analyze	status	OK
lab.member	analyze	status	OK
lab.coupon_issue	analyze	status	OK
ANALYZE TABLE complete.
=== Step 5b: Capturing InnoDB engine status (AHI verification) ===
  InnoDB status captured: results/innodb-status-1781217704.txt
  AHI indicator: INSERT BUFFER AND ADAPTIVE HASH INDEX
0.00 hash searches/s, 36.99 non-hash searches/s
=== Step 5c: EXPLAIN Scenario B ORDER BY id ASC (filesort check) ===
  WARNING: EXPLAIN shows 'Using filesort' for Scenario B ORDER BY id ASC query.
  Expected idx_issue_member_id to cover ORDER BY — check index creation in schema.sql.
  EXPLAIN output:
1	SIMPLE	coupon_issue	NULL	ref	idx_issue_member_status,idx_issue_member_id	idx_issue_member_status	8	const	1206	100.00	Using filesort
[3/4] Dual calibration (nominal=10000us)...
  [held conn] calibrate n=10000...
{
    "n": 2000,
    "min": 10095,
    "p50": 12920,
    "p95": 15160,
    "p99": 15475,
    "max": 29399
}
  [per checkout] calibrate/loaded n=10000...
{
    "n": 2000,
    "min": 10136,
    "p50": 13019,
    "p95": 15185,
    "p99": 15503,
    "max": 20894
}
Running dual calibration probe (n=10000 held + n=10000 loaded)...
=== held (pure wire RTT) ===
{
    "n": 2000,
    "min": 10118,
    "p50": 12976,
    "p95": 15233,
    "p99": 15508,
    "max": 15949
}
=== loaded (wire RTT + pool checkout) ===
{
    "n": 2000,
    "min": 10132,
    "p50": 13105,
    "p95": 15242,
    "p99": 15573,
    "max": 27023
}

Appended dual record to results/calibration.jsonl: {"held": {"n": 2000, "min": 10118, "p50": 12976, "p95": 15233, "p99": 15508, "max": 15949}, "loaded": {"n": 2000, "min": 10132, "p50": 13105, "p95": 15242, "p99": 15573, "max": 27023}, "timestamp": "2026-06-11T22:43:28Z", "nominal_delay_us": 10000}
[4/1] Running k6 repeat 1/1 (output -> results/b-jdbc-join-rtt10000-r20-rep1-1781217808.json)...
time="2026-06-12T07:43:28+09:00" level=warning msg="/Users/rene/rdb-join-lab/docker-compose.yml: the attribute `version` is obsolete, it will be ignored, please remove it to avoid potential confusion"

         /\      Grafana   /‾‾/  
    /\  /  \     |\  __   /  /   
   /  \/    \    | |/ /  /   ‾‾\ 
  /          \   |   (  |  (‾)  |
 / __________ \  |_|\_\  \_____/ 


     execution: local
        script: /scripts/scenario.js
        output: -

     scenarios: (100.00%) 1 scenario, 1000 max VUs, 2m30s max duration (incl. graceful stop):
              * main: 20.00 iterations/s for 2m0s (maxVUs: 100-1000, gracefulStop: 30s)


running (0m01.0s), 0000/0100 VUs, 20 complete and 0 interrupted iterations
main   [   1% ] 0000/0100 VUs  0m01.0s/2m0s  20.00 iters/s

running (0m02.0s), 0000/0100 VUs, 40 complete and 0 interrupted iterations
main   [   2% ] 0000/0100 VUs  0m02.0s/2m0s  20.00 iters/s

running (0m03.0s), 0000/0100 VUs, 60 complete and 0 interrupted iterations
main   [   2% ] 0000/0100 VUs  0m03.0s/2m0s  20.00 iters/s

running (0m04.0s), 0000/0100 VUs, 80 complete and 0 interrupted iterations
main   [   3% ] 0000/0100 VUs  0m04.0s/2m0s  20.00 iters/s

running (0m05.0s), 0000/0100 VUs, 100 complete and 0 interrupted iterations
main   [   4% ] 0000/0100 VUs  0m05.0s/2m0s  20.00 iters/s

running (0m06.0s), 0000/0100 VUs, 120 complete and 0 interrupted iterations
main   [   5% ] 0000/0100 VUs  0m06.0s/2m0s  20.00 iters/s

running (0m07.0s), 0000/0100 VUs, 140 complete and 0 interrupted iterations
main   [   6% ] 0000/0100 VUs  0m07.0s/2m0s  20.00 iters/s

running (0m08.0s), 0000/0100 VUs, 160 complete and 0 interrupted iterations
main   [   7% ] 0000/0100 VUs  0m08.0s/2m0s  20.00 iters/s

running (0m09.0s), 0000/0100 VUs, 180 complete and 0 interrupted iterations
main   [   7% ] 0000/0100 VUs  0m09.0s/2m0s  20.00 iters/s

running (0m10.0s), 0000/0100 VUs, 200 complete and 0 interrupted iterations
main   [   8% ] 0000/0100 VUs  0m10.0s/2m0s  20.00 iters/s

running (0m11.0s), 0000/0100 VUs, 220 complete and 0 interrupted iterations
main   [   9% ] 0000/0100 VUs  0m11.0s/2m0s  20.00 iters/s

running (0m12.0s), 0000/0100 VUs, 240 complete and 0 interrupted iterations
main   [  10% ] 0000/0100 VUs  0m12.0s/2m0s  20.00 iters/s

running (0m13.0s), 0000/0100 VUs, 260 complete and 0 interrupted iterations
main   [  11% ] 0000/0100 VUs  0m13.0s/2m0s  20.00 iters/s

running (0m14.0s), 0000/0100 VUs, 280 complete and 0 interrupted iterations
main   [  12% ] 0000/0100 VUs  0m14.0s/2m0s  20.00 iters/s

running (0m15.0s), 0000/0100 VUs, 300 complete and 0 interrupted iterations
main   [  12% ] 0000/0100 VUs  0m15.0s/2m0s  20.00 iters/s

running (0m16.0s), 0000/0100 VUs, 320 complete and 0 interrupted iterations
main   [  13% ] 0000/0100 VUs  0m16.0s/2m0s  20.00 iters/s

running (0m17.0s), 0000/0100 VUs, 340 complete and 0 interrupted iterations
main   [  14% ] 0000/0100 VUs  0m17.0s/2m0s  20.00 iters/s

running (0m18.0s), 0000/0100 VUs, 360 complete and 0 interrupted iterations
main   [  15% ] 0000/0100 VUs  0m18.0s/2m0s  20.00 iters/s

running (0m19.0s), 0000/0100 VUs, 380 complete and 0 interrupted iterations
main   [  16% ] 0000/0100 VUs  0m19.0s/2m0s  20.00 iters/s

running (0m20.0s), 0000/0100 VUs, 400 complete and 0 interrupted iterations
main   [  17% ] 0000/0100 VUs  0m20.0s/2m0s  20.00 iters/s

running (0m21.0s), 0000/0100 VUs, 420 complete and 0 interrupted iterations
main   [  17% ] 0000/0100 VUs  0m21.0s/2m0s  20.00 iters/s

running (0m22.0s), 0000/0100 VUs, 440 complete and 0 interrupted iterations
main   [  18% ] 0000/0100 VUs  0m22.0s/2m0s  20.00 iters/s

running (0m23.0s), 0000/0100 VUs, 460 complete and 0 interrupted iterations
main   [  19% ] 0000/0100 VUs  0m23.0s/2m0s  20.00 iters/s

running (0m24.0s), 0000/0100 VUs, 480 complete and 0 interrupted iterations
main   [  20% ] 0000/0100 VUs  0m24.0s/2m0s  20.00 iters/s

running (0m25.0s), 0000/0100 VUs, 500 complete and 0 interrupted iterations
main   [  21% ] 0000/0100 VUs  0m25.0s/2m0s  20.00 iters/s

running (0m26.0s), 0000/0100 VUs, 520 complete and 0 interrupted iterations
main   [  22% ] 0000/0100 VUs  0m26.0s/2m0s  20.00 iters/s

running (0m27.0s), 0000/0100 VUs, 540 complete and 0 interrupted iterations
main   [  22% ] 0000/0100 VUs  0m27.0s/2m0s  20.00 iters/s

running (0m28.0s), 0000/0100 VUs, 560 complete and 0 interrupted iterations
main   [  23% ] 0000/0100 VUs  0m28.0s/2m0s  20.00 iters/s

running (0m29.0s), 0000/0100 VUs, 580 complete and 0 interrupted iterations
main   [  24% ] 0000/0100 VUs  0m29.0s/2m0s  20.00 iters/s

running (0m30.0s), 0000/0100 VUs, 600 complete and 0 interrupted iterations
main   [  25% ] 0000/0100 VUs  0m30.0s/2m0s  20.00 iters/s

running (0m31.0s), 0000/0100 VUs, 620 complete and 0 interrupted iterations
main   [  26% ] 0000/0100 VUs  0m31.0s/2m0s  20.00 iters/s

running (0m32.0s), 0000/0100 VUs, 640 complete and 0 interrupted iterations
main   [  27% ] 0000/0100 VUs  0m32.0s/2m0s  20.00 iters/s

running (0m33.0s), 0000/0100 VUs, 660 complete and 0 interrupted iterations
main   [  27% ] 0000/0100 VUs  0m33.0s/2m0s  20.00 iters/s

running (0m34.0s), 0000/0100 VUs, 680 complete and 0 interrupted iterations
main   [  28% ] 0000/0100 VUs  0m34.0s/2m0s  20.00 iters/s

running (0m35.0s), 0000/0100 VUs, 700 complete and 0 interrupted iterations
main   [  29% ] 0000/0100 VUs  0m35.0s/2m0s  20.00 iters/s

running (0m36.0s), 0000/0100 VUs, 720 complete and 0 interrupted iterations
main   [  30% ] 0000/0100 VUs  0m36.0s/2m0s  20.00 iters/s

running (0m37.0s), 0000/0100 VUs, 740 complete and 0 interrupted iterations
main   [  31% ] 0000/0100 VUs  0m37.0s/2m0s  20.00 iters/s

running (0m38.0s), 0000/0100 VUs, 760 complete and 0 interrupted iterations
main   [  32% ] 0000/0100 VUs  0m38.0s/2m0s  20.00 iters/s

running (0m39.0s), 0000/0100 VUs, 780 complete and 0 interrupted iterations
main   [  32% ] 0000/0100 VUs  0m39.0s/2m0s  20.00 iters/s

running (0m40.0s), 0000/0100 VUs, 800 complete and 0 interrupted iterations
main   [  33% ] 0000/0100 VUs  0m40.0s/2m0s  20.00 iters/s

running (0m41.0s), 0000/0100 VUs, 820 complete and 0 interrupted iterations
main   [  34% ] 0000/0100 VUs  0m41.0s/2m0s  20.00 iters/s

running (0m42.0s), 0000/0100 VUs, 840 complete and 0 interrupted iterations
main   [  35% ] 0000/0100 VUs  0m42.0s/2m0s  20.00 iters/s

running (0m43.0s), 0000/0100 VUs, 860 complete and 0 interrupted iterations
main   [  36% ] 0000/0100 VUs  0m43.0s/2m0s  20.00 iters/s

running (0m44.0s), 0000/0100 VUs, 880 complete and 0 interrupted iterations
main   [  37% ] 0000/0100 VUs  0m44.0s/2m0s  20.00 iters/s

running (0m45.0s), 0000/0100 VUs, 900 complete and 0 interrupted iterations
main   [  37% ] 0000/0100 VUs  0m45.0s/2m0s  20.00 iters/s

running (0m46.0s), 0000/0100 VUs, 920 complete and 0 interrupted iterations
main   [  38% ] 0000/0100 VUs  0m46.0s/2m0s  20.00 iters/s

running (0m47.0s), 0000/0100 VUs, 940 complete and 0 interrupted iterations
main   [  39% ] 0000/0100 VUs  0m47.0s/2m0s  20.00 iters/s

running (0m48.0s), 0000/0100 VUs, 960 complete and 0 interrupted iterations
main   [  40% ] 0000/0100 VUs  0m48.0s/2m0s  20.00 iters/s

running (0m49.0s), 0000/0100 VUs, 980 complete and 0 interrupted iterations
main   [  41% ] 0000/0100 VUs  0m49.0s/2m0s  20.00 iters/s

running (0m50.0s), 0000/0100 VUs, 1000 complete and 0 interrupted iterations
main   [  42% ] 0000/0100 VUs  0m50.0s/2m0s  20.00 iters/s

running (0m51.0s), 0000/0100 VUs, 1020 complete and 0 interrupted iterations
main   [  42% ] 0000/0100 VUs  0m51.0s/2m0s  20.00 iters/s

running (0m52.0s), 0000/0100 VUs, 1040 complete and 0 interrupted iterations
main   [  43% ] 0000/0100 VUs  0m52.0s/2m0s  20.00 iters/s

running (0m53.0s), 0000/0100 VUs, 1060 complete and 0 interrupted iterations
main   [  44% ] 0000/0100 VUs  0m53.0s/2m0s  20.00 iters/s

running (0m54.0s), 0000/0100 VUs, 1080 complete and 0 interrupted iterations
main   [  45% ] 0000/0100 VUs  0m54.0s/2m0s  20.00 iters/s

running (0m55.0s), 0000/0100 VUs, 1100 complete and 0 interrupted iterations
main   [  46% ] 0000/0100 VUs  0m55.0s/2m0s  20.00 iters/s

running (0m56.0s), 0000/0100 VUs, 1120 complete and 0 interrupted iterations
main   [  47% ] 0000/0100 VUs  0m56.0s/2m0s  20.00 iters/s

running (0m57.0s), 0000/0100 VUs, 1140 complete and 0 interrupted iterations
main   [  47% ] 0000/0100 VUs  0m57.0s/2m0s  20.00 iters/s

running (0m58.0s), 0000/0100 VUs, 1160 complete and 0 interrupted iterations
main   [  48% ] 0000/0100 VUs  0m58.0s/2m0s  20.00 iters/s

running (0m59.0s), 0000/0100 VUs, 1180 complete and 0 interrupted iterations
main   [  49% ] 0000/0100 VUs  0m59.0s/2m0s  20.00 iters/s

running (1m00.0s), 0000/0100 VUs, 1200 complete and 0 interrupted iterations
main   [  50% ] 0000/0100 VUs  1m00.0s/2m0s  20.00 iters/s

running (1m01.0s), 0000/0100 VUs, 1220 complete and 0 interrupted iterations
main   [  51% ] 0000/0100 VUs  1m01.0s/2m0s  20.00 iters/s

running (1m02.0s), 0000/0100 VUs, 1240 complete and 0 interrupted iterations
main   [  52% ] 0000/0100 VUs  1m02.0s/2m0s  20.00 iters/s

running (1m03.0s), 0000/0100 VUs, 1260 complete and 0 interrupted iterations
main   [  52% ] 0000/0100 VUs  1m03.0s/2m0s  20.00 iters/s

running (1m04.0s), 0000/0100 VUs, 1280 complete and 0 interrupted iterations
main   [  53% ] 0000/0100 VUs  1m04.0s/2m0s  20.00 iters/s

running (1m05.0s), 0000/0100 VUs, 1300 complete and 0 interrupted iterations
main   [  54% ] 0000/0100 VUs  1m05.0s/2m0s  20.00 iters/s

running (1m06.0s), 0000/0100 VUs, 1320 complete and 0 interrupted iterations
main   [  55% ] 0000/0100 VUs  1m06.0s/2m0s  20.00 iters/s

running (1m07.0s), 0000/0100 VUs, 1340 complete and 0 interrupted iterations
main   [  56% ] 0000/0100 VUs  1m07.0s/2m0s  20.00 iters/s

running (1m08.0s), 0000/0100 VUs, 1360 complete and 0 interrupted iterations
main   [  57% ] 0000/0100 VUs  1m08.0s/2m0s  20.00 iters/s

running (1m09.0s), 0000/0100 VUs, 1380 complete and 0 interrupted iterations
main   [  57% ] 0000/0100 VUs  1m09.0s/2m0s  20.00 iters/s

running (1m10.0s), 0000/0100 VUs, 1400 complete and 0 interrupted iterations
main   [  58% ] 0000/0100 VUs  1m10.0s/2m0s  20.00 iters/s

running (1m11.0s), 0000/0100 VUs, 1420 complete and 0 interrupted iterations
main   [  59% ] 0000/0100 VUs  1m11.0s/2m0s  20.00 iters/s

running (1m12.0s), 0000/0100 VUs, 1440 complete and 0 interrupted iterations
main   [  60% ] 0000/0100 VUs  1m12.0s/2m0s  20.00 iters/s

running (1m13.0s), 0000/0100 VUs, 1460 complete and 0 interrupted iterations
main   [  61% ] 0000/0100 VUs  1m13.0s/2m0s  20.00 iters/s

running (1m14.0s), 0000/0100 VUs, 1480 complete and 0 interrupted iterations
main   [  62% ] 0000/0100 VUs  1m14.0s/2m0s  20.00 iters/s

running (1m15.0s), 0000/0100 VUs, 1500 complete and 0 interrupted iterations
main   [  62% ] 0000/0100 VUs  1m15.0s/2m0s  20.00 iters/s

running (1m16.0s), 0000/0100 VUs, 1520 complete and 0 interrupted iterations
main   [  63% ] 0000/0100 VUs  1m16.0s/2m0s  20.00 iters/s

running (1m17.0s), 0000/0100 VUs, 1540 complete and 0 interrupted iterations
main   [  64% ] 0000/0100 VUs  1m17.0s/2m0s  20.00 iters/s

running (1m18.0s), 0000/0100 VUs, 1560 complete and 0 interrupted iterations
main   [  65% ] 0000/0100 VUs  1m18.0s/2m0s  20.00 iters/s

running (1m19.0s), 0000/0100 VUs, 1580 complete and 0 interrupted iterations
main   [  66% ] 0000/0100 VUs  1m19.0s/2m0s  20.00 iters/s

running (1m20.0s), 0000/0100 VUs, 1600 complete and 0 interrupted iterations
main   [  67% ] 0000/0100 VUs  1m20.0s/2m0s  20.00 iters/s

running (1m21.0s), 0000/0100 VUs, 1620 complete and 0 interrupted iterations
main   [  67% ] 0000/0100 VUs  1m21.0s/2m0s  20.00 iters/s

running (1m22.0s), 0000/0100 VUs, 1640 complete and 0 interrupted iterations
main   [  68% ] 0000/0100 VUs  1m22.0s/2m0s  20.00 iters/s

running (1m23.0s), 0000/0100 VUs, 1660 complete and 0 interrupted iterations
main   [  69% ] 0000/0100 VUs  1m23.0s/2m0s  20.00 iters/s

running (1m24.0s), 0000/0100 VUs, 1680 complete and 0 interrupted iterations
main   [  70% ] 0000/0100 VUs  1m24.0s/2m0s  20.00 iters/s

running (1m25.0s), 0000/0100 VUs, 1700 complete and 0 interrupted iterations
main   [  71% ] 0000/0100 VUs  1m25.0s/2m0s  20.00 iters/s

running (1m26.0s), 0000/0100 VUs, 1720 complete and 0 interrupted iterations
main   [  72% ] 0000/0100 VUs  1m26.0s/2m0s  20.00 iters/s

running (1m27.0s), 0000/0100 VUs, 1740 complete and 0 interrupted iterations
main   [  72% ] 0000/0100 VUs  1m27.0s/2m0s  20.00 iters/s

running (1m28.0s), 0000/0100 VUs, 1760 complete and 0 interrupted iterations
main   [  73% ] 0000/0100 VUs  1m28.0s/2m0s  20.00 iters/s

running (1m29.0s), 0000/0100 VUs, 1780 complete and 0 interrupted iterations
main   [  74% ] 0000/0100 VUs  1m29.0s/2m0s  20.00 iters/s

running (1m30.0s), 0000/0100 VUs, 1800 complete and 0 interrupted iterations
main   [  75% ] 0000/0100 VUs  1m30.0s/2m0s  20.00 iters/s

running (1m31.0s), 0000/0100 VUs, 1820 complete and 0 interrupted iterations
main   [  76% ] 0000/0100 VUs  1m31.0s/2m0s  20.00 iters/s

running (1m32.0s), 0000/0100 VUs, 1840 complete and 0 interrupted iterations
main   [  77% ] 0000/0100 VUs  1m32.0s/2m0s  20.00 iters/s

running (1m33.0s), 0000/0100 VUs, 1860 complete and 0 interrupted iterations
main   [  77% ] 0000/0100 VUs  1m33.0s/2m0s  20.00 iters/s

running (1m34.0s), 0000/0100 VUs, 1880 complete and 0 interrupted iterations
main   [  78% ] 0000/0100 VUs  1m34.0s/2m0s  20.00 iters/s

running (1m35.0s), 0000/0100 VUs, 1900 complete and 0 interrupted iterations
main   [  79% ] 0000/0100 VUs  1m35.0s/2m0s  20.00 iters/s

running (1m36.0s), 0000/0100 VUs, 1920 complete and 0 interrupted iterations
main   [  80% ] 0000/0100 VUs  1m36.0s/2m0s  20.00 iters/s

running (1m37.0s), 0000/0100 VUs, 1940 complete and 0 interrupted iterations
main   [  81% ] 0000/0100 VUs  1m37.0s/2m0s  20.00 iters/s

running (1m38.0s), 0000/0100 VUs, 1960 complete and 0 interrupted iterations
main   [  82% ] 0000/0100 VUs  1m38.0s/2m0s  20.00 iters/s

running (1m39.0s), 0000/0100 VUs, 1980 complete and 0 interrupted iterations
main   [  82% ] 0000/0100 VUs  1m39.0s/2m0s  20.00 iters/s

running (1m40.0s), 0000/0100 VUs, 2000 complete and 0 interrupted iterations
main   [  83% ] 0000/0100 VUs  1m40.0s/2m0s  20.00 iters/s

running (1m41.0s), 0000/0100 VUs, 2020 complete and 0 interrupted iterations
main   [  84% ] 0000/0100 VUs  1m41.0s/2m0s  20.00 iters/s

running (1m42.0s), 0000/0100 VUs, 2040 complete and 0 interrupted iterations
main   [  85% ] 0000/0100 VUs  1m42.0s/2m0s  20.00 iters/s

running (1m43.0s), 0000/0100 VUs, 2060 complete and 0 interrupted iterations
main   [  86% ] 0000/0100 VUs  1m43.0s/2m0s  20.00 iters/s

running (1m44.0s), 0000/0100 VUs, 2080 complete and 0 interrupted iterations
main   [  87% ] 0000/0100 VUs  1m44.0s/2m0s  20.00 iters/s

running (1m45.0s), 0000/0100 VUs, 2100 complete and 0 interrupted iterations
main   [  87% ] 0000/0100 VUs  1m45.0s/2m0s  20.00 iters/s

running (1m46.0s), 0000/0100 VUs, 2120 complete and 0 interrupted iterations
main   [  88% ] 0000/0100 VUs  1m46.0s/2m0s  20.00 iters/s

running (1m47.0s), 0000/0100 VUs, 2140 complete and 0 interrupted iterations
main   [  89% ] 0000/0100 VUs  1m47.0s/2m0s  20.00 iters/s

running (1m48.0s), 0000/0100 VUs, 2160 complete and 0 interrupted iterations
main   [  90% ] 0000/0100 VUs  1m48.0s/2m0s  20.00 iters/s

running (1m49.0s), 0000/0100 VUs, 2180 complete and 0 interrupted iterations
main   [  91% ] 0000/0100 VUs  1m49.0s/2m0s  20.00 iters/s

running (1m50.0s), 0000/0100 VUs, 2200 complete and 0 interrupted iterations
main   [  92% ] 0000/0100 VUs  1m50.0s/2m0s  20.00 iters/s

running (1m51.0s), 0000/0100 VUs, 2220 complete and 0 interrupted iterations
main   [  92% ] 0000/0100 VUs  1m51.0s/2m0s  20.00 iters/s

running (1m52.0s), 0000/0100 VUs, 2240 complete and 0 interrupted iterations
main   [  93% ] 0000/0100 VUs  1m52.0s/2m0s  20.00 iters/s

running (1m53.0s), 0000/0100 VUs, 2260 complete and 0 interrupted iterations
main   [  94% ] 0000/0100 VUs  1m53.0s/2m0s  20.00 iters/s

running (1m54.0s), 0000/0100 VUs, 2280 complete and 0 interrupted iterations
main   [  95% ] 0000/0100 VUs  1m54.0s/2m0s  20.00 iters/s

running (1m55.0s), 0000/0100 VUs, 2300 complete and 0 interrupted iterations
main   [  96% ] 0000/0100 VUs  1m55.0s/2m0s  20.00 iters/s

running (1m56.0s), 0000/0100 VUs, 2320 complete and 0 interrupted iterations
main   [  97% ] 0000/0100 VUs  1m56.0s/2m0s  20.00 iters/s

running (1m57.0s), 0000/0100 VUs, 2340 complete and 0 interrupted iterations
main   [  97% ] 0000/0100 VUs  1m57.0s/2m0s  20.00 iters/s

running (1m58.0s), 0000/0100 VUs, 2360 complete and 0 interrupted iterations
main   [  98% ] 0000/0100 VUs  1m58.0s/2m0s  20.00 iters/s

running (1m59.0s), 0000/0100 VUs, 2380 complete and 0 interrupted iterations
main   [  99% ] 0000/0100 VUs  1m59.0s/2m0s  20.00 iters/s

running (2m00.0s), 0000/0100 VUs, 2400 complete and 0 interrupted iterations
main   [ 100% ] 0000/0100 VUs  2m00.0s/2m0s  20.00 iters/s

running (2m00.0s), 0000/0100 VUs, 2400 complete and 0 interrupted iterations
main ✓ [ 100% ] 0000/0100 VUs  2m0s  20.00 iters/s
  Repeat 1 complete. Results in results/b-jdbc-join-rtt10000-r20-rep1-1781217808.json
=== Cell complete: 1 repeat(s) for b/jdbc-join rtt=10000us ===

[campaign] (9) cell: b|jdbc-inbatch|10000|20|-|N=300,MAX_MEMBER_ID=2000
=== Cell: scenario=b style=jdbc-inbatch rtt=10000us rate=20rps duration=2m scale=full maxMember=2000 repeats=1 ===
[1/4] Setting netem delay 10000us...
Setting netem delay 10000us on lab-mysql eth0...
time="2026-06-12T07:45:28+09:00" level=warning msg="/Users/rene/rdb-join-lab/docker-compose.yml: the attribute `version` is obsolete, it will be ignored, please remove it to avoid potential confusion"
Current qdisc:
time="2026-06-12T07:45:28+09:00" level=warning msg="/Users/rene/rdb-join-lab/docker-compose.yml: the attribute `version` is obsolete, it will be ignored, please remove it to avoid potential confusion"
qdisc netem 8016: root refcnt 7 limit 1000 delay 10ms seed 5593225010221414715
[2/4] Warming InnoDB buffer pool...
=== Step 1: Warm-up queries (priming buffer pool, ~10% of full scale) ===
COUNT(*)
3400211
COUNT(*)
1000000
COUNT(*)
8679702
COUNT(*)
10000
Warm-up queries complete.
=== Step 2: Triggering InnoDB buffer pool dump ===
time="2026-06-12T07:45:30+09:00" level=warning msg="/Users/rene/rdb-join-lab/docker-compose.yml: the attribute `version` is obsolete, it will be ignored, please remove it to avoid potential confusion"
mysql: [Warning] Using a password on the command line interface can be insecure.
Polling dump status (timeout 300s)...
  [0s] Dump status: Buffer pool(s) dump completed at 260611 22:45:30
Buffer pool dump completed.
=== Step 3: Triggering InnoDB buffer pool load ===
time="2026-06-12T07:45:30+09:00" level=warning msg="/Users/rene/rdb-join-lab/docker-compose.yml: the attribute `version` is obsolete, it will be ignored, please remove it to avoid potential confusion"
mysql: [Warning] Using a password on the command line interface can be insecure.
Polling load status (timeout 300s)...
  [0s] Load status: Loaded 161793/188400 pages
  [5s] Load status: Buffer pool(s) load completed at 260611 22:45:30
Buffer pool load completed.
=== Step 3b: Capturing post-load snapshot for warm-state gate ===
COUNT(*)
1210060
COUNT(*)
8679702
COUNT(*)
10000
Re-verification queries complete.
=== Step 4: Warm-state gate (physical reads < 0.01, post-load window) ===
  Post-load reverify window: physical reads delta: 0 / 22886 = 0.0
  (Pre-warmup baseline: 28480 / 3967605244, for reference)
  Warm-state gate PASSED.
=== Step 5: ANALYZE TABLE ===
Table	Op	Msg_type	Msg_text
lab.coupon_policy	analyze	status	OK
lab.member	analyze	status	OK
lab.coupon_issue	analyze	status	OK
ANALYZE TABLE complete.
=== Step 5b: Capturing InnoDB engine status (AHI verification) ===
  InnoDB status captured: results/innodb-status-1781217937.txt
  AHI indicator: INSERT BUFFER AND ADAPTIVE HASH INDEX
0.00 hash searches/s, 10563.01 non-hash searches/s
=== Step 5c: EXPLAIN Scenario B ORDER BY id ASC (filesort check) ===
  WARNING: EXPLAIN shows 'Using filesort' for Scenario B ORDER BY id ASC query.
  Expected idx_issue_member_id to cover ORDER BY — check index creation in schema.sql.
  EXPLAIN output:
1	SIMPLE	coupon_issue	NULL	ref	idx_issue_member_status,idx_issue_member_id	idx_issue_member_status	8	const	1206	100.00	Using filesort
[3/4] Dual calibration (nominal=10000us)...
  [held conn] calibrate n=10000...
{
    "n": 2000,
    "min": 10097,
    "p50": 12882,
    "p95": 15210,
    "p99": 15546,
    "max": 30169
}
  [per checkout] calibrate/loaded n=10000...
{
    "n": 2000,
    "min": 10151,
    "p50": 12863,
    "p95": 15193,
    "p99": 15576,
    "max": 21124
}
Running dual calibration probe (n=10000 held + n=10000 loaded)...
=== held (pure wire RTT) ===
{
    "n": 2000,
    "min": 10109,
    "p50": 12997,
    "p95": 15275,
    "p99": 15629,
    "max": 18763
}
=== loaded (wire RTT + pool checkout) ===
{
    "n": 2000,
    "min": 10109,
    "p50": 13023,
    "p95": 15288,
    "p99": 15668,
    "max": 25722
}

Appended dual record to results/calibration.jsonl: {"held": {"n": 2000, "min": 10109, "p50": 12997, "p95": 15275, "p99": 15629, "max": 18763}, "loaded": {"n": 2000, "min": 10109, "p50": 13023, "p95": 15288, "p99": 15668, "max": 25722}, "timestamp": "2026-06-11T22:47:21Z", "nominal_delay_us": 10000}
[4/1] Running k6 repeat 1/1 (output -> results/b-jdbc-inbatch-rtt10000-r20-rep1-1781218041.json)...
time="2026-06-12T07:47:21+09:00" level=warning msg="/Users/rene/rdb-join-lab/docker-compose.yml: the attribute `version` is obsolete, it will be ignored, please remove it to avoid potential confusion"

         /\      Grafana   /‾‾/  
    /\  /  \     |\  __   /  /   
   /  \/    \    | |/ /  /   ‾‾\ 
  /          \   |   (  |  (‾)  |
 / __________ \  |_|\_\  \_____/ 


     execution: local
        script: /scripts/scenario.js
        output: -

     scenarios: (100.00%) 1 scenario, 1000 max VUs, 2m30s max duration (incl. graceful stop):
              * main: 20.00 iterations/s for 2m0s (maxVUs: 100-1000, gracefulStop: 30s)


running (0m01.0s), 0001/0100 VUs, 19 complete and 0 interrupted iterations
main   [   1% ] 0001/0100 VUs  0m01.0s/2m0s  20.00 iters/s

running (0m02.0s), 0001/0100 VUs, 39 complete and 0 interrupted iterations
main   [   2% ] 0001/0100 VUs  0m02.0s/2m0s  20.00 iters/s

running (0m03.0s), 0001/0100 VUs, 59 complete and 0 interrupted iterations
main   [   2% ] 0001/0100 VUs  0m03.0s/2m0s  20.00 iters/s

running (0m04.0s), 0001/0100 VUs, 79 complete and 0 interrupted iterations
main   [   3% ] 0001/0100 VUs  0m04.0s/2m0s  20.00 iters/s

running (0m05.0s), 0000/0100 VUs, 100 complete and 0 interrupted iterations
main   [   4% ] 0000/0100 VUs  0m05.0s/2m0s  20.00 iters/s

running (0m06.0s), 0001/0100 VUs, 119 complete and 0 interrupted iterations
main   [   5% ] 0001/0100 VUs  0m06.0s/2m0s  20.00 iters/s

running (0m07.0s), 0000/0100 VUs, 140 complete and 0 interrupted iterations
main   [   6% ] 0000/0100 VUs  0m07.0s/2m0s  20.00 iters/s

running (0m08.0s), 0001/0100 VUs, 159 complete and 0 interrupted iterations
main   [   7% ] 0001/0100 VUs  0m08.0s/2m0s  20.00 iters/s

running (0m09.0s), 0001/0100 VUs, 179 complete and 0 interrupted iterations
main   [   7% ] 0001/0100 VUs  0m09.0s/2m0s  20.00 iters/s

running (0m10.0s), 0000/0100 VUs, 200 complete and 0 interrupted iterations
main   [   8% ] 0000/0100 VUs  0m10.0s/2m0s  20.00 iters/s

running (0m11.0s), 0000/0100 VUs, 220 complete and 0 interrupted iterations
main   [   9% ] 0000/0100 VUs  0m11.0s/2m0s  20.00 iters/s

running (0m12.0s), 0001/0100 VUs, 239 complete and 0 interrupted iterations
main   [  10% ] 0001/0100 VUs  0m12.0s/2m0s  20.00 iters/s

running (0m13.0s), 0000/0100 VUs, 260 complete and 0 interrupted iterations
main   [  11% ] 0000/0100 VUs  0m13.0s/2m0s  20.00 iters/s

running (0m14.0s), 0001/0100 VUs, 279 complete and 0 interrupted iterations
main   [  12% ] 0001/0100 VUs  0m14.0s/2m0s  20.00 iters/s

running (0m15.0s), 0000/0100 VUs, 300 complete and 0 interrupted iterations
main   [  12% ] 0000/0100 VUs  0m15.0s/2m0s  20.00 iters/s

running (0m16.0s), 0000/0100 VUs, 320 complete and 0 interrupted iterations
main   [  13% ] 0000/0100 VUs  0m16.0s/2m0s  20.00 iters/s

running (0m17.0s), 0000/0100 VUs, 340 complete and 0 interrupted iterations
main   [  14% ] 0000/0100 VUs  0m17.0s/2m0s  20.00 iters/s

running (0m18.0s), 0001/0100 VUs, 359 complete and 0 interrupted iterations
main   [  15% ] 0001/0100 VUs  0m18.0s/2m0s  20.00 iters/s

running (0m19.0s), 0001/0100 VUs, 379 complete and 0 interrupted iterations
main   [  16% ] 0001/0100 VUs  0m19.0s/2m0s  20.00 iters/s

running (0m20.0s), 0000/0100 VUs, 400 complete and 0 interrupted iterations
main   [  17% ] 0000/0100 VUs  0m20.0s/2m0s  20.00 iters/s

running (0m21.0s), 0001/0100 VUs, 419 complete and 0 interrupted iterations
main   [  17% ] 0001/0100 VUs  0m21.0s/2m0s  20.00 iters/s

running (0m22.0s), 0000/0100 VUs, 440 complete and 0 interrupted iterations
main   [  18% ] 0000/0100 VUs  0m22.0s/2m0s  20.00 iters/s

running (0m23.0s), 0000/0100 VUs, 460 complete and 0 interrupted iterations
main   [  19% ] 0000/0100 VUs  0m23.0s/2m0s  20.00 iters/s

running (0m24.0s), 0000/0100 VUs, 480 complete and 0 interrupted iterations
main   [  20% ] 0000/0100 VUs  0m24.0s/2m0s  20.00 iters/s

running (0m25.0s), 0000/0100 VUs, 500 complete and 0 interrupted iterations
main   [  21% ] 0000/0100 VUs  0m25.0s/2m0s  20.00 iters/s

running (0m26.0s), 0000/0100 VUs, 520 complete and 0 interrupted iterations
main   [  22% ] 0000/0100 VUs  0m26.0s/2m0s  20.00 iters/s

running (0m27.0s), 0000/0100 VUs, 540 complete and 0 interrupted iterations
main   [  22% ] 0000/0100 VUs  0m27.0s/2m0s  20.00 iters/s

running (0m28.0s), 0000/0100 VUs, 560 complete and 0 interrupted iterations
main   [  23% ] 0000/0100 VUs  0m28.0s/2m0s  20.00 iters/s

running (0m29.0s), 0000/0100 VUs, 580 complete and 0 interrupted iterations
main   [  24% ] 0000/0100 VUs  0m29.0s/2m0s  20.00 iters/s

running (0m30.0s), 0001/0100 VUs, 599 complete and 0 interrupted iterations
main   [  25% ] 0001/0100 VUs  0m30.0s/2m0s  20.00 iters/s

running (0m31.0s), 0000/0100 VUs, 620 complete and 0 interrupted iterations
main   [  26% ] 0000/0100 VUs  0m31.0s/2m0s  20.00 iters/s

running (0m32.0s), 0001/0100 VUs, 639 complete and 0 interrupted iterations
main   [  27% ] 0001/0100 VUs  0m32.0s/2m0s  20.00 iters/s

running (0m33.0s), 0000/0100 VUs, 660 complete and 0 interrupted iterations
main   [  27% ] 0000/0100 VUs  0m33.0s/2m0s  20.00 iters/s

running (0m34.0s), 0000/0100 VUs, 680 complete and 0 interrupted iterations
main   [  28% ] 0000/0100 VUs  0m34.0s/2m0s  20.00 iters/s

running (0m35.0s), 0000/0100 VUs, 700 complete and 0 interrupted iterations
main   [  29% ] 0000/0100 VUs  0m35.0s/2m0s  20.00 iters/s

running (0m36.0s), 0000/0100 VUs, 720 complete and 0 interrupted iterations
main   [  30% ] 0000/0100 VUs  0m36.0s/2m0s  20.00 iters/s

running (0m37.0s), 0000/0100 VUs, 740 complete and 0 interrupted iterations
main   [  31% ] 0000/0100 VUs  0m37.0s/2m0s  20.00 iters/s

running (0m38.0s), 0000/0100 VUs, 760 complete and 0 interrupted iterations
main   [  32% ] 0000/0100 VUs  0m38.0s/2m0s  20.00 iters/s

running (0m39.0s), 0000/0100 VUs, 780 complete and 0 interrupted iterations
main   [  32% ] 0000/0100 VUs  0m39.0s/2m0s  20.00 iters/s

running (0m40.0s), 0000/0100 VUs, 800 complete and 0 interrupted iterations
main   [  33% ] 0000/0100 VUs  0m40.0s/2m0s  20.00 iters/s

running (0m41.0s), 0000/0100 VUs, 820 complete and 0 interrupted iterations
main   [  34% ] 0000/0100 VUs  0m41.0s/2m0s  20.00 iters/s

running (0m42.0s), 0000/0100 VUs, 840 complete and 0 interrupted iterations
main   [  35% ] 0000/0100 VUs  0m42.0s/2m0s  20.00 iters/s

running (0m43.0s), 0000/0100 VUs, 860 complete and 0 interrupted iterations
main   [  36% ] 0000/0100 VUs  0m43.0s/2m0s  20.00 iters/s

running (0m44.0s), 0001/0100 VUs, 879 complete and 0 interrupted iterations
main   [  37% ] 0001/0100 VUs  0m44.0s/2m0s  20.00 iters/s

running (0m45.0s), 0000/0100 VUs, 900 complete and 0 interrupted iterations
main   [  37% ] 0000/0100 VUs  0m45.0s/2m0s  20.00 iters/s

running (0m46.0s), 0000/0100 VUs, 920 complete and 0 interrupted iterations
main   [  38% ] 0000/0100 VUs  0m46.0s/2m0s  20.00 iters/s

running (0m47.0s), 0000/0100 VUs, 940 complete and 0 interrupted iterations
main   [  39% ] 0000/0100 VUs  0m47.0s/2m0s  20.00 iters/s

running (0m48.0s), 0001/0100 VUs, 959 complete and 0 interrupted iterations
main   [  40% ] 0001/0100 VUs  0m48.0s/2m0s  20.00 iters/s

running (0m49.0s), 0001/0100 VUs, 979 complete and 0 interrupted iterations
main   [  41% ] 0001/0100 VUs  0m49.0s/2m0s  20.00 iters/s

running (0m50.0s), 0001/0100 VUs, 999 complete and 0 interrupted iterations
main   [  42% ] 0001/0100 VUs  0m50.0s/2m0s  20.00 iters/s

running (0m51.0s), 0001/0100 VUs, 1019 complete and 0 interrupted iterations
main   [  42% ] 0001/0100 VUs  0m51.0s/2m0s  20.00 iters/s

running (0m52.0s), 0001/0100 VUs, 1039 complete and 0 interrupted iterations
main   [  43% ] 0001/0100 VUs  0m52.0s/2m0s  20.00 iters/s

running (0m53.0s), 0001/0100 VUs, 1059 complete and 0 interrupted iterations
main   [  44% ] 0001/0100 VUs  0m53.0s/2m0s  20.00 iters/s

running (0m54.0s), 0001/0100 VUs, 1079 complete and 0 interrupted iterations
main   [  45% ] 0001/0100 VUs  0m54.0s/2m0s  20.00 iters/s

running (0m55.0s), 0000/0100 VUs, 1100 complete and 0 interrupted iterations
main   [  46% ] 0000/0100 VUs  0m55.0s/2m0s  20.00 iters/s

running (0m56.0s), 0001/0100 VUs, 1119 complete and 0 interrupted iterations
main   [  47% ] 0001/0100 VUs  0m56.0s/2m0s  20.00 iters/s

running (0m57.0s), 0000/0100 VUs, 1140 complete and 0 interrupted iterations
main   [  47% ] 0000/0100 VUs  0m57.0s/2m0s  20.00 iters/s

running (0m58.0s), 0001/0100 VUs, 1159 complete and 0 interrupted iterations
main   [  48% ] 0001/0100 VUs  0m58.0s/2m0s  20.00 iters/s

running (0m59.0s), 0000/0100 VUs, 1180 complete and 0 interrupted iterations
main   [  49% ] 0000/0100 VUs  0m59.0s/2m0s  20.00 iters/s

running (1m00.0s), 0000/0100 VUs, 1200 complete and 0 interrupted iterations
main   [  50% ] 0000/0100 VUs  1m00.0s/2m0s  20.00 iters/s

running (1m01.0s), 0000/0100 VUs, 1220 complete and 0 interrupted iterations
main   [  51% ] 0000/0100 VUs  1m01.0s/2m0s  20.00 iters/s

running (1m02.0s), 0001/0100 VUs, 1239 complete and 0 interrupted iterations
main   [  52% ] 0001/0100 VUs  1m02.0s/2m0s  20.00 iters/s

running (1m03.0s), 0000/0100 VUs, 1260 complete and 0 interrupted iterations
main   [  52% ] 0000/0100 VUs  1m03.0s/2m0s  20.00 iters/s

running (1m04.0s), 0001/0100 VUs, 1279 complete and 0 interrupted iterations
main   [  53% ] 0001/0100 VUs  1m04.0s/2m0s  20.00 iters/s

running (1m05.0s), 0000/0100 VUs, 1300 complete and 0 interrupted iterations
main   [  54% ] 0000/0100 VUs  1m05.0s/2m0s  20.00 iters/s

running (1m06.0s), 0000/0100 VUs, 1320 complete and 0 interrupted iterations
main   [  55% ] 0000/0100 VUs  1m06.0s/2m0s  20.00 iters/s

running (1m07.0s), 0000/0100 VUs, 1340 complete and 0 interrupted iterations
main   [  56% ] 0000/0100 VUs  1m07.0s/2m0s  20.00 iters/s

running (1m08.0s), 0001/0100 VUs, 1359 complete and 0 interrupted iterations
main   [  57% ] 0001/0100 VUs  1m08.0s/2m0s  20.00 iters/s

running (1m09.0s), 0000/0100 VUs, 1380 complete and 0 interrupted iterations
main   [  57% ] 0000/0100 VUs  1m09.0s/2m0s  20.00 iters/s

running (1m10.0s), 0000/0100 VUs, 1400 complete and 0 interrupted iterations
main   [  58% ] 0000/0100 VUs  1m10.0s/2m0s  20.00 iters/s

running (1m11.0s), 0000/0100 VUs, 1420 complete and 0 interrupted iterations
main   [  59% ] 0000/0100 VUs  1m11.0s/2m0s  20.00 iters/s

running (1m12.0s), 0000/0100 VUs, 1440 complete and 0 interrupted iterations
main   [  60% ] 0000/0100 VUs  1m12.0s/2m0s  20.00 iters/s

running (1m13.0s), 0001/0100 VUs, 1459 complete and 0 interrupted iterations
main   [  61% ] 0001/0100 VUs  1m13.0s/2m0s  20.00 iters/s

running (1m14.0s), 0001/0100 VUs, 1479 complete and 0 interrupted iterations
main   [  62% ] 0001/0100 VUs  1m14.0s/2m0s  20.00 iters/s

running (1m15.0s), 0000/0100 VUs, 1500 complete and 0 interrupted iterations
main   [  62% ] 0000/0100 VUs  1m15.0s/2m0s  20.00 iters/s

running (1m16.0s), 0001/0100 VUs, 1519 complete and 0 interrupted iterations
main   [  63% ] 0001/0100 VUs  1m16.0s/2m0s  20.00 iters/s

running (1m17.0s), 0000/0100 VUs, 1540 complete and 0 interrupted iterations
main   [  64% ] 0000/0100 VUs  1m17.0s/2m0s  20.00 iters/s

running (1m18.0s), 0001/0100 VUs, 1559 complete and 0 interrupted iterations
main   [  65% ] 0001/0100 VUs  1m18.0s/2m0s  20.00 iters/s

running (1m19.0s), 0000/0100 VUs, 1580 complete and 0 interrupted iterations
main   [  66% ] 0000/0100 VUs  1m19.0s/2m0s  20.00 iters/s

running (1m20.0s), 0000/0100 VUs, 1600 complete and 0 interrupted iterations
main   [  67% ] 0000/0100 VUs  1m20.0s/2m0s  20.00 iters/s

running (1m21.0s), 0001/0100 VUs, 1619 complete and 0 interrupted iterations
main   [  67% ] 0001/0100 VUs  1m21.0s/2m0s  20.00 iters/s

running (1m22.0s), 0000/0100 VUs, 1640 complete and 0 interrupted iterations
main   [  68% ] 0000/0100 VUs  1m22.0s/2m0s  20.00 iters/s

running (1m23.0s), 0000/0100 VUs, 1660 complete and 0 interrupted iterations
main   [  69% ] 0000/0100 VUs  1m23.0s/2m0s  20.00 iters/s

running (1m24.0s), 0001/0100 VUs, 1679 complete and 0 interrupted iterations
main   [  70% ] 0001/0100 VUs  1m24.0s/2m0s  20.00 iters/s

running (1m25.0s), 0001/0100 VUs, 1699 complete and 0 interrupted iterations
main   [  71% ] 0001/0100 VUs  1m25.0s/2m0s  20.00 iters/s

running (1m26.0s), 0001/0100 VUs, 1719 complete and 0 interrupted iterations
main   [  72% ] 0001/0100 VUs  1m26.0s/2m0s  20.00 iters/s

running (1m27.0s), 0000/0100 VUs, 1740 complete and 0 interrupted iterations
main   [  72% ] 0000/0100 VUs  1m27.0s/2m0s  20.00 iters/s

running (1m28.0s), 0001/0100 VUs, 1759 complete and 0 interrupted iterations
main   [  73% ] 0001/0100 VUs  1m28.0s/2m0s  20.00 iters/s

running (1m29.0s), 0001/0100 VUs, 1779 complete and 0 interrupted iterations
main   [  74% ] 0001/0100 VUs  1m29.0s/2m0s  20.00 iters/s

running (1m30.0s), 0000/0100 VUs, 1800 complete and 0 interrupted iterations
main   [  75% ] 0000/0100 VUs  1m30.0s/2m0s  20.00 iters/s

running (1m31.0s), 0000/0100 VUs, 1820 complete and 0 interrupted iterations
main   [  76% ] 0000/0100 VUs  1m31.0s/2m0s  20.00 iters/s

running (1m32.0s), 0001/0100 VUs, 1839 complete and 0 interrupted iterations
main   [  77% ] 0001/0100 VUs  1m32.0s/2m0s  20.00 iters/s

running (1m33.0s), 0000/0100 VUs, 1860 complete and 0 interrupted iterations
main   [  77% ] 0000/0100 VUs  1m33.0s/2m0s  20.00 iters/s

running (1m34.0s), 0000/0100 VUs, 1880 complete and 0 interrupted iterations
main   [  78% ] 0000/0100 VUs  1m34.0s/2m0s  20.00 iters/s

running (1m35.0s), 0001/0100 VUs, 1899 complete and 0 interrupted iterations
main   [  79% ] 0001/0100 VUs  1m35.0s/2m0s  20.00 iters/s

running (1m36.0s), 0000/0100 VUs, 1920 complete and 0 interrupted iterations
main   [  80% ] 0000/0100 VUs  1m36.0s/2m0s  20.00 iters/s

running (1m37.0s), 0000/0100 VUs, 1940 complete and 0 interrupted iterations
main   [  81% ] 0000/0100 VUs  1m37.0s/2m0s  20.00 iters/s

running (1m38.0s), 0001/0100 VUs, 1959 complete and 0 interrupted iterations
main   [  82% ] 0001/0100 VUs  1m38.0s/2m0s  20.00 iters/s

running (1m39.0s), 0001/0100 VUs, 1979 complete and 0 interrupted iterations
main   [  82% ] 0001/0100 VUs  1m39.0s/2m0s  20.00 iters/s

running (1m40.0s), 0000/0100 VUs, 2000 complete and 0 interrupted iterations
main   [  83% ] 0000/0100 VUs  1m40.0s/2m0s  20.00 iters/s

running (1m41.0s), 0000/0100 VUs, 2020 complete and 0 interrupted iterations
main   [  84% ] 0000/0100 VUs  1m41.0s/2m0s  20.00 iters/s

running (1m42.0s), 0000/0100 VUs, 2040 complete and 0 interrupted iterations
main   [  85% ] 0000/0100 VUs  1m42.0s/2m0s  20.00 iters/s

running (1m43.0s), 0000/0100 VUs, 2060 complete and 0 interrupted iterations
main   [  86% ] 0000/0100 VUs  1m43.0s/2m0s  20.00 iters/s

running (1m44.0s), 0000/0100 VUs, 2080 complete and 0 interrupted iterations
main   [  87% ] 0000/0100 VUs  1m44.0s/2m0s  20.00 iters/s

running (1m45.0s), 0000/0100 VUs, 2100 complete and 0 interrupted iterations
main   [  87% ] 0000/0100 VUs  1m45.0s/2m0s  20.00 iters/s

running (1m46.0s), 0000/0100 VUs, 2120 complete and 0 interrupted iterations
main   [  88% ] 0000/0100 VUs  1m46.0s/2m0s  20.00 iters/s

running (1m47.0s), 0000/0100 VUs, 2140 complete and 0 interrupted iterations
main   [  89% ] 0000/0100 VUs  1m47.0s/2m0s  20.00 iters/s

running (1m48.0s), 0000/0100 VUs, 2160 complete and 0 interrupted iterations
main   [  90% ] 0000/0100 VUs  1m48.0s/2m0s  20.00 iters/s

running (1m49.0s), 0000/0100 VUs, 2180 complete and 0 interrupted iterations
main   [  91% ] 0000/0100 VUs  1m49.0s/2m0s  20.00 iters/s

running (1m50.0s), 0000/0100 VUs, 2200 complete and 0 interrupted iterations
main   [  92% ] 0000/0100 VUs  1m50.0s/2m0s  20.00 iters/s

running (1m51.0s), 0000/0100 VUs, 2220 complete and 0 interrupted iterations
main   [  92% ] 0000/0100 VUs  1m51.0s/2m0s  20.00 iters/s

running (1m52.0s), 0000/0100 VUs, 2240 complete and 0 interrupted iterations
main   [  93% ] 0000/0100 VUs  1m52.0s/2m0s  20.00 iters/s

running (1m53.0s), 0001/0100 VUs, 2259 complete and 0 interrupted iterations
main   [  94% ] 0001/0100 VUs  1m53.0s/2m0s  20.00 iters/s

running (1m54.0s), 0001/0100 VUs, 2279 complete and 0 interrupted iterations
main   [  95% ] 0001/0100 VUs  1m54.0s/2m0s  20.00 iters/s

running (1m55.0s), 0000/0100 VUs, 2300 complete and 0 interrupted iterations
main   [  96% ] 0000/0100 VUs  1m55.0s/2m0s  20.00 iters/s

running (1m56.0s), 0000/0100 VUs, 2320 complete and 0 interrupted iterations
main   [  97% ] 0000/0100 VUs  1m56.0s/2m0s  20.00 iters/s

running (1m57.0s), 0000/0100 VUs, 2340 complete and 0 interrupted iterations
main   [  97% ] 0000/0100 VUs  1m57.0s/2m0s  20.00 iters/s

running (1m58.0s), 0001/0100 VUs, 2359 complete and 0 interrupted iterations
main   [  98% ] 0001/0100 VUs  1m58.0s/2m0s  20.00 iters/s

running (1m59.0s), 0000/0100 VUs, 2380 complete and 0 interrupted iterations
main   [  99% ] 0000/0100 VUs  1m59.0s/2m0s  20.00 iters/s

running (2m00.0s), 0000/0100 VUs, 2400 complete and 0 interrupted iterations
main   [ 100% ] 0000/0100 VUs  2m00.0s/2m0s  20.00 iters/s

running (2m00.0s), 0000/0100 VUs, 2401 complete and 0 interrupted iterations
main ✓ [ 100% ] 0000/0100 VUs  2m0s  20.00 iters/s
  Repeat 1 complete. Results in results/b-jdbc-inbatch-rtt10000-r20-rep1-1781218041.json
=== Cell complete: 1 repeat(s) for b/jdbc-inbatch rtt=10000us ===

[campaign] (10) cell: b|lazy|10000|20|-|N=500,MAX_MEMBER_ID=2000
=== Cell: scenario=b style=lazy rtt=10000us rate=20rps duration=2m scale=full maxMember=2000 repeats=1 ===
[1/4] Setting netem delay 10000us...
Setting netem delay 10000us on lab-mysql eth0...
time="2026-06-12T07:49:22+09:00" level=warning msg="/Users/rene/rdb-join-lab/docker-compose.yml: the attribute `version` is obsolete, it will be ignored, please remove it to avoid potential confusion"
Current qdisc:
time="2026-06-12T07:49:22+09:00" level=warning msg="/Users/rene/rdb-join-lab/docker-compose.yml: the attribute `version` is obsolete, it will be ignored, please remove it to avoid potential confusion"
qdisc netem 8016: root refcnt 7 limit 1000 delay 10ms seed 5557849122572118292
[2/4] Warming InnoDB buffer pool...
=== Step 1: Warm-up queries (priming buffer pool, ~10% of full scale) ===
COUNT(*)
3400211
COUNT(*)
1000000
COUNT(*)
8679702
COUNT(*)
10000
Warm-up queries complete.
=== Step 2: Triggering InnoDB buffer pool dump ===
time="2026-06-12T07:49:23+09:00" level=warning msg="/Users/rene/rdb-join-lab/docker-compose.yml: the attribute `version` is obsolete, it will be ignored, please remove it to avoid potential confusion"
mysql: [Warning] Using a password on the command line interface can be insecure.
Polling dump status (timeout 300s)...
  [0s] Dump status: Buffer pool(s) dump completed at 260611 22:49:23
Buffer pool dump completed.
=== Step 3: Triggering InnoDB buffer pool load ===
time="2026-06-12T07:49:23+09:00" level=warning msg="/Users/rene/rdb-join-lab/docker-compose.yml: the attribute `version` is obsolete, it will be ignored, please remove it to avoid potential confusion"
mysql: [Warning] Using a password on the command line interface can be insecure.
Polling load status (timeout 300s)...
  [0s] Load status: Loaded 143361/188400 pages
  [5s] Load status: Buffer pool(s) load completed at 260611 22:49:24
Buffer pool load completed.
=== Step 3b: Capturing post-load snapshot for warm-state gate ===
COUNT(*)
1210060
COUNT(*)
8679702
COUNT(*)
10000
Re-verification queries complete.
=== Step 4: Warm-state gate (physical reads < 0.01, post-load window) ===
  Post-load reverify window: physical reads delta: 0 / 22886 = 0.0
  (Pre-warmup baseline: 28502 / 3972535851, for reference)
  Warm-state gate PASSED.
=== Step 5: ANALYZE TABLE ===
Table	Op	Msg_type	Msg_text
lab.coupon_policy	analyze	status	OK
lab.member	analyze	status	OK
lab.coupon_issue	analyze	status	OK
ANALYZE TABLE complete.
=== Step 5b: Capturing InnoDB engine status (AHI verification) ===
  InnoDB status captured: results/innodb-status-1781218171.txt
  AHI indicator: INSERT BUFFER AND ADAPTIVE HASH INDEX
0.00 hash searches/s, 20.00 non-hash searches/s
=== Step 5c: EXPLAIN Scenario B ORDER BY id ASC (filesort check) ===
  WARNING: EXPLAIN shows 'Using filesort' for Scenario B ORDER BY id ASC query.
  Expected idx_issue_member_id to cover ORDER BY — check index creation in schema.sql.
  EXPLAIN output:
1	SIMPLE	coupon_issue	NULL	ref	idx_issue_member_status,idx_issue_member_id	idx_issue_member_status	8	const	1206	100.00	Using filesort
[3/4] Dual calibration (nominal=10000us)...
  [held conn] calibrate n=10000...
{
    "n": 2000,
    "min": 10163,
    "p50": 12707,
    "p95": 15127,
    "p99": 15407,
    "max": 15791
}
  [per checkout] calibrate/loaded n=10000...
{
    "n": 2000,
    "min": 10124,
    "p50": 12954,
    "p95": 15277,
    "p99": 15682,
    "max": 25025
}
Running dual calibration probe (n=10000 held + n=10000 loaded)...
=== held (pure wire RTT) ===
{
    "n": 2000,
    "min": 10174,
    "p50": 12799,
    "p95": 15181,
    "p99": 15580,
    "max": 43625
}
=== loaded (wire RTT + pool checkout) ===
{
    "n": 2000,
    "min": 10169,
    "p50": 12888,
    "p95": 15268,
    "p99": 15560,
    "max": 23223
}

Appended dual record to results/calibration.jsonl: {"held": {"n": 2000, "min": 10174, "p50": 12799, "p95": 15181, "p99": 15580, "max": 43625}, "loaded": {"n": 2000, "min": 10169, "p50": 12888, "p95": 15268, "p99": 15560, "max": 23223}, "timestamp": "2026-06-11T22:51:14Z", "nominal_delay_us": 10000}
[4/1] Running k6 repeat 1/1 (output -> results/b-lazy-rtt10000-r20-rep1-1781218274.json)...
time="2026-06-12T07:51:14+09:00" level=warning msg="/Users/rene/rdb-join-lab/docker-compose.yml: the attribute `version` is obsolete, it will be ignored, please remove it to avoid potential confusion"

         /\      Grafana   /‾‾/  
    /\  /  \     |\  __   /  /   
   /  \/    \    | |/ /  /   ‾‾\ 
  /          \   |   (  |  (‾)  |
 / __________ \  |_|\_\  \_____/ 


     execution: local
        script: /scripts/scenario.js
        output: -

     scenarios: (100.00%) 1 scenario, 1000 max VUs, 2m30s max duration (incl. graceful stop):
              * main: 20.00 iterations/s for 2m0s (maxVUs: 100-1000, gracefulStop: 30s)


running (0m01.0s), 0020/0100 VUs, 0 complete and 0 interrupted iterations
main   [   1% ] 0020/0100 VUs  0m01.0s/2m0s  20.00 iters/s

running (0m02.0s), 0040/0100 VUs, 0 complete and 0 interrupted iterations
main   [   2% ] 0040/0100 VUs  0m02.0s/2m0s  20.00 iters/s

running (0m03.0s), 0060/0100 VUs, 0 complete and 0 interrupted iterations
main   [   2% ] 0060/0100 VUs  0m03.0s/2m0s  20.00 iters/s

running (0m04.0s), 0080/0100 VUs, 0 complete and 0 interrupted iterations
main   [   3% ] 0080/0100 VUs  0m04.0s/2m0s  20.00 iters/s

running (0m05.0s), 0100/0100 VUs, 0 complete and 0 interrupted iterations
main   [   4% ] 0100/0100 VUs  0m05.0s/2m0s  20.00 iters/s

running (0m06.0s), 0101/0106 VUs, 13 complete and 0 interrupted iterations
main   [   5% ] 0101/0106 VUs  0m06.0s/2m0s  20.00 iters/s

running (0m07.0s), 0101/0106 VUs, 33 complete and 0 interrupted iterations
main   [   6% ] 0101/0106 VUs  0m07.0s/2m0s  20.00 iters/s

running (0m08.0s), 0108/0109 VUs, 43 complete and 0 interrupted iterations
main   [   7% ] 0108/0109 VUs  0m08.0s/2m0s  20.00 iters/s

running (0m09.0s), 0118/0119 VUs, 43 complete and 0 interrupted iterations
main   [   7% ] 0118/0119 VUs  0m09.0s/2m0s  20.00 iters/s

running (0m10.0s), 0128/0129 VUs, 43 complete and 0 interrupted iterations
main   [   8% ] 0128/0129 VUs  0m10.0s/2m0s  20.00 iters/s

running (0m11.0s), 0131/0134 VUs, 55 complete and 0 interrupted iterations
main   [   9% ] 0131/0134 VUs  0m11.0s/2m0s  20.00 iters/s

running (0m12.0s), 0130/0134 VUs, 76 complete and 0 interrupted iterations
main   [  10% ] 0130/0134 VUs  0m12.0s/2m0s  20.00 iters/s

running (0m13.0s), 0137/0137 VUs, 86 complete and 0 interrupted iterations
main   [  11% ] 0137/0137 VUs  0m13.0s/2m0s  20.00 iters/s

running (0m14.0s), 0147/0147 VUs, 86 complete and 0 interrupted iterations
main   [  12% ] 0147/0147 VUs  0m14.0s/2m0s  20.00 iters/s

running (0m15.0s), 0157/0157 VUs, 86 complete and 0 interrupted iterations
main   [  12% ] 0157/0157 VUs  0m15.0s/2m0s  20.00 iters/s

running (0m16.0s), 0160/0162 VUs, 98 complete and 0 interrupted iterations
main   [  13% ] 0160/0162 VUs  0m16.0s/2m0s  20.00 iters/s

running (0m17.0s), 0159/0162 VUs, 119 complete and 0 interrupted iterations
main   [  14% ] 0159/0162 VUs  0m17.0s/2m0s  20.00 iters/s

running (0m18.0s), 0165/0166 VUs, 129 complete and 0 interrupted iterations
main   [  15% ] 0165/0166 VUs  0m18.0s/2m0s  20.00 iters/s

running (0m19.0s), 0175/0176 VUs, 129 complete and 0 interrupted iterations
main   [  16% ] 0175/0176 VUs  0m19.0s/2m0s  20.00 iters/s

running (0m20.0s), 0185/0186 VUs, 129 complete and 0 interrupted iterations
main   [  17% ] 0185/0186 VUs  0m20.0s/2m0s  20.00 iters/s

running (0m21.0s), 0189/0191 VUs, 140 complete and 0 interrupted iterations
main   [  17% ] 0189/0191 VUs  0m21.0s/2m0s  20.00 iters/s

running (0m22.0s), 0188/0191 VUs, 161 complete and 0 interrupted iterations
main   [  18% ] 0188/0191 VUs  0m22.0s/2m0s  20.00 iters/s

running (0m23.0s), 0195/0195 VUs, 170 complete and 0 interrupted iterations
main   [  19% ] 0195/0195 VUs  0m23.0s/2m0s  20.00 iters/s

running (0m24.0s), 0205/0205 VUs, 170 complete and 0 interrupted iterations
main   [  20% ] 0205/0205 VUs  0m24.0s/2m0s  20.00 iters/s

running (0m25.0s), 0215/0215 VUs, 170 complete and 0 interrupted iterations
main   [  21% ] 0215/0215 VUs  0m25.0s/2m0s  20.00 iters/s

running (0m26.0s), 0219/0220 VUs, 181 complete and 0 interrupted iterations
main   [  22% ] 0219/0220 VUs  0m26.0s/2m0s  20.00 iters/s

running (0m27.0s), 0217/0220 VUs, 203 complete and 0 interrupted iterations
main   [  22% ] 0217/0220 VUs  0m27.0s/2m0s  20.00 iters/s

running (0m28.0s), 0224/0225 VUs, 211 complete and 0 interrupted iterations
main   [  23% ] 0224/0225 VUs  0m28.0s/2m0s  20.00 iters/s

running (0m29.0s), 0234/0235 VUs, 211 complete and 0 interrupted iterations
main   [  24% ] 0234/0235 VUs  0m29.0s/2m0s  20.00 iters/s

running (0m30.0s), 0244/0245 VUs, 211 complete and 0 interrupted iterations
main   [  25% ] 0244/0245 VUs  0m30.0s/2m0s  20.00 iters/s

running (0m31.0s), 0248/0250 VUs, 222 complete and 0 interrupted iterations
main   [  26% ] 0248/0250 VUs  0m31.0s/2m0s  20.00 iters/s

running (0m32.0s), 0246/0250 VUs, 244 complete and 0 interrupted iterations
main   [  27% ] 0246/0250 VUs  0m32.0s/2m0s  20.00 iters/s

running (0m33.0s), 0251/0252 VUs, 257 complete and 0 interrupted iterations
main   [  27% ] 0251/0252 VUs  0m33.0s/2m0s  20.00 iters/s

running (0m34.0s), 0261/0262 VUs, 257 complete and 0 interrupted iterations
main   [  28% ] 0261/0262 VUs  0m34.0s/2m0s  20.00 iters/s

running (0m35.0s), 0271/0272 VUs, 257 complete and 0 interrupted iterations
main   [  29% ] 0271/0272 VUs  0m35.0s/2m0s  20.00 iters/s

running (0m36.0s), 0276/0278 VUs, 266 complete and 0 interrupted iterations
main   [  30% ] 0276/0278 VUs  0m36.0s/2m0s  20.00 iters/s

running (0m37.0s), 0274/0278 VUs, 288 complete and 0 interrupted iterations
main   [  31% ] 0274/0278 VUs  0m37.0s/2m0s  20.00 iters/s

running (0m38.0s), 0279/0280 VUs, 301 complete and 0 interrupted iterations
main   [  32% ] 0279/0280 VUs  0m38.0s/2m0s  20.00 iters/s

running (0m39.0s), 0288/0288 VUs, 304 complete and 0 interrupted iterations
main   [  32% ] 0288/0288 VUs  0m39.0s/2m0s  20.00 iters/s

running (0m40.0s), 0298/0298 VUs, 304 complete and 0 interrupted iterations
main   [  33% ] 0298/0298 VUs  0m40.0s/2m0s  20.00 iters/s

running (0m41.0s), 0306/0307 VUs, 307 complete and 0 interrupted iterations
main   [  34% ] 0306/0307 VUs  0m41.0s/2m0s  20.00 iters/s

running (0m42.0s), 0304/0307 VUs, 329 complete and 0 interrupted iterations
main   [  35% ] 0304/0307 VUs  0m42.0s/2m0s  20.00 iters/s

running (0m43.0s), 0308/0309 VUs, 343 complete and 0 interrupted iterations
main   [  36% ] 0308/0309 VUs  0m43.0s/2m0s  20.00 iters/s

running (0m44.0s), 0315/0315 VUs, 350 complete and 0 interrupted iterations
main   [  37% ] 0315/0315 VUs  0m44.0s/2m0s  20.00 iters/s

running (0m45.0s), 0325/0325 VUs, 350 complete and 0 interrupted iterations
main   [  37% ] 0325/0325 VUs  0m45.0s/2m0s  20.00 iters/s

running (0m46.0s), 0334/0335 VUs, 351 complete and 0 interrupted iterations
main   [  38% ] 0334/0335 VUs  0m46.0s/2m0s  20.00 iters/s

running (0m47.0s), 0332/0336 VUs, 372 complete and 0 interrupted iterations
main   [  39% ] 0332/0336 VUs  0m47.0s/2m0s  20.00 iters/s

running (0m48.0s), 0336/0338 VUs, 386 complete and 0 interrupted iterations
main   [  40% ] 0336/0338 VUs  0m48.0s/2m0s  20.00 iters/s

running (0m49.0s), 0341/0342 VUs, 397 complete and 0 interrupted iterations
main   [  41% ] 0341/0342 VUs  0m49.0s/2m0s  20.00 iters/s

running (0m50.0s), 0351/0352 VUs, 397 complete and 0 interrupted iterations
main   [  42% ] 0351/0352 VUs  0m50.0s/2m0s  20.00 iters/s

running (0m51.0s), 0361/0362 VUs, 397 complete and 0 interrupted iterations
main   [  42% ] 0361/0362 VUs  0m51.0s/2m0s  20.00 iters/s

running (0m52.0s), 0361/0365 VUs, 414 complete and 0 interrupted iterations
main   [  43% ] 0361/0365 VUs  0m52.0s/2m0s  20.00 iters/s

running (0m53.0s), 0366/0367 VUs, 427 complete and 0 interrupted iterations
main   [  44% ] 0366/0367 VUs  0m53.0s/2m0s  20.00 iters/s

running (0m54.0s), 0369/0370 VUs, 441 complete and 0 interrupted iterations
main   [  45% ] 0369/0370 VUs  0m54.0s/2m0s  20.00 iters/s

running (0m55.0s), 0378/0379 VUs, 443 complete and 0 interrupted iterations
main   [  46% ] 0378/0379 VUs  0m55.0s/2m0s  20.00 iters/s

running (0m56.0s), 0388/0389 VUs, 443 complete and 0 interrupted iterations
main   [  47% ] 0388/0389 VUs  0m56.0s/2m0s  20.00 iters/s

running (0m57.0s), 0391/0394 VUs, 455 complete and 0 interrupted iterations
main   [  47% ] 0391/0394 VUs  0m57.0s/2m0s  20.00 iters/s

running (0m58.0s), 0395/0397 VUs, 468 complete and 0 interrupted iterations
main   [  48% ] 0395/0397 VUs  0m58.0s/2m0s  20.00 iters/s

running (0m59.0s), 0399/0399 VUs, 482 complete and 0 interrupted iterations
main   [  49% ] 0399/0399 VUs  0m59.0s/2m0s  20.00 iters/s

running (1m00.0s), 0405/0406 VUs, 489 complete and 0 interrupted iterations
main   [  50% ] 0405/0406 VUs  1m00.0s/2m0s  20.00 iters/s

running (1m01.0s), 0415/0416 VUs, 489 complete and 0 interrupted iterations
main   [  51% ] 0415/0416 VUs  1m01.0s/2m0s  20.00 iters/s

running (1m02.0s), 0420/0423 VUs, 497 complete and 0 interrupted iterations
main   [  52% ] 0420/0423 VUs  1m02.0s/2m0s  20.00 iters/s

running (1m03.0s), 0424/0426 VUs, 510 complete and 0 interrupted iterations
main   [  52% ] 0424/0426 VUs  1m03.0s/2m0s  20.00 iters/s

running (1m04.0s), 0428/0428 VUs, 524 complete and 0 interrupted iterations
main   [  53% ] 0428/0428 VUs  1m04.0s/2m0s  20.00 iters/s

running (1m05.0s), 0432/0432 VUs, 536 complete and 0 interrupted iterations
main   [  54% ] 0432/0432 VUs  1m05.0s/2m0s  20.00 iters/s

running (1m06.0s), 0441/0441 VUs, 538 complete and 0 interrupted iterations
main   [  55% ] 0441/0441 VUs  1m06.0s/2m0s  20.00 iters/s

running (1m07.0s), 0450/0451 VUs, 539 complete and 0 interrupted iterations
main   [  56% ] 0450/0451 VUs  1m07.0s/2m0s  20.00 iters/s

running (1m08.0s), 0453/0455 VUs, 552 complete and 0 interrupted iterations
main   [  57% ] 0453/0455 VUs  1m08.0s/2m0s  20.00 iters/s

running (1m09.0s), 0457/0457 VUs, 566 complete and 0 interrupted iterations
main   [  57% ] 0457/0457 VUs  1m09.0s/2m0s  20.00 iters/s

running (1m10.0s), 0459/0460 VUs, 581 complete and 0 interrupted iterations
main   [  58% ] 0459/0460 VUs  1m10.0s/2m0s  20.00 iters/s

running (1m11.0s), 0467/0468 VUs, 585 complete and 0 interrupted iterations
main   [  59% ] 0467/0468 VUs  1m11.0s/2m0s  20.00 iters/s

running (1m12.0s), 0477/0478 VUs, 585 complete and 0 interrupted iterations
main   [  60% ] 0477/0478 VUs  1m12.0s/2m0s  20.00 iters/s

running (1m13.0s), 0481/0483 VUs, 596 complete and 0 interrupted iterations
main   [  61% ] 0481/0483 VUs  1m13.0s/2m0s  20.00 iters/s

running (1m14.0s), 0484/0486 VUs, 610 complete and 0 interrupted iterations
main   [  62% ] 0484/0486 VUs  1m14.0s/2m0s  20.00 iters/s

running (1m15.0s), 0487/0490 VUs, 623 complete and 0 interrupted iterations
main   [  62% ] 0487/0490 VUs  1m15.0s/2m0s  20.00 iters/s

running (1m16.0s), 0494/0495 VUs, 631 complete and 0 interrupted iterations
main   [  63% ] 0494/0495 VUs  1m16.0s/2m0s  20.00 iters/s

running (1m17.0s), 0504/0505 VUs, 631 complete and 0 interrupted iterations
main   [  64% ] 0504/0505 VUs  1m17.0s/2m0s  20.00 iters/s

running (1m18.0s), 0511/0513 VUs, 636 complete and 0 interrupted iterations
main   [  65% ] 0511/0513 VUs  1m18.0s/2m0s  20.00 iters/s

running (1m19.0s), 0514/0516 VUs, 650 complete and 0 interrupted iterations
main   [  66% ] 0514/0516 VUs  1m19.0s/2m0s  20.00 iters/s

running (1m20.0s), 0517/0520 VUs, 663 complete and 0 interrupted iterations
main   [  67% ] 0517/0520 VUs  1m20.0s/2m0s  20.00 iters/s

running (1m21.0s), 0523/0524 VUs, 673 complete and 0 interrupted iterations
main   [  67% ] 0523/0524 VUs  1m21.0s/2m0s  20.00 iters/s

running (1m22.0s), 0532/0532 VUs, 676 complete and 0 interrupted iterations
main   [  68% ] 0532/0532 VUs  1m22.0s/2m0s  20.00 iters/s

running (1m23.0s), 0540/0542 VUs, 678 complete and 0 interrupted iterations
main   [  69% ] 0540/0542 VUs  1m23.0s/2m0s  20.00 iters/s

running (1m24.0s), 0543/0545 VUs, 692 complete and 0 interrupted iterations
main   [  70% ] 0543/0545 VUs  1m24.0s/2m0s  20.00 iters/s

running (1m25.0s), 0546/0549 VUs, 705 complete and 0 interrupted iterations
main   [  71% ] 0546/0549 VUs  1m25.0s/2m0s  20.00 iters/s

running (1m26.0s), 0551/0552 VUs, 717 complete and 0 interrupted iterations
main   [  72% ] 0551/0552 VUs  1m26.0s/2m0s  20.00 iters/s

running (1m27.0s), 0558/0559 VUs, 723 complete and 0 interrupted iterations
main   [  72% ] 0558/0559 VUs  1m27.0s/2m0s  20.00 iters/s

running (1m28.0s), 0568/0569 VUs, 723 complete and 0 interrupted iterations
main   [  73% ] 0568/0569 VUs  1m28.0s/2m0s  20.00 iters/s

running (1m29.0s), 0574/0574 VUs, 732 complete and 0 interrupted iterations
main   [  74% ] 0574/0574 VUs  1m29.0s/2m0s  20.00 iters/s

running (1m30.0s), 0576/0578 VUs, 746 complete and 0 interrupted iterations
main   [  75% ] 0576/0578 VUs  1m30.0s/2m0s  20.00 iters/s

running (1m31.0s), 0580/0581 VUs, 759 complete and 0 interrupted iterations
main   [  76% ] 0580/0581 VUs  1m31.0s/2m0s  20.00 iters/s

running (1m32.0s), 0584/0585 VUs, 771 complete and 0 interrupted iterations
main   [  77% ] 0584/0585 VUs  1m32.0s/2m0s  20.00 iters/s

running (1m33.0s), 0594/0595 VUs, 771 complete and 0 interrupted iterations
main   [  77% ] 0594/0595 VUs  1m33.0s/2m0s  20.00 iters/s

running (1m34.0s), 0602/0602 VUs, 776 complete and 0 interrupted iterations
main   [  78% ] 0602/0602 VUs  1m34.0s/2m0s  20.00 iters/s

running (1m35.0s), 0604/0606 VUs, 790 complete and 0 interrupted iterations
main   [  79% ] 0604/0606 VUs  1m35.0s/2m0s  20.00 iters/s

running (1m36.0s), 0608/0610 VUs, 802 complete and 0 interrupted iterations
main   [  80% ] 0608/0610 VUs  1m36.0s/2m0s  20.00 iters/s

running (1m37.0s), 0612/0613 VUs, 815 complete and 0 interrupted iterations
main   [  81% ] 0612/0613 VUs  1m37.0s/2m0s  20.00 iters/s

running (1m38.0s), 0621/0621 VUs, 818 complete and 0 interrupted iterations
main   [  82% ] 0621/0621 VUs  1m38.0s/2m0s  20.00 iters/s

running (1m39.0s), 0630/0630 VUs, 820 complete and 0 interrupted iterations
main   [  82% ] 0630/0630 VUs  1m39.0s/2m0s  20.00 iters/s

running (1m40.0s), 0632/0634 VUs, 834 complete and 0 interrupted iterations
main   [  83% ] 0632/0634 VUs  1m40.0s/2m0s  20.00 iters/s

running (1m41.0s), 0636/0638 VUs, 846 complete and 0 interrupted iterations
main   [  84% ] 0636/0638 VUs  1m41.0s/2m0s  20.00 iters/s

running (1m42.0s), 0640/0641 VUs, 859 complete and 0 interrupted iterations
main   [  85% ] 0640/0641 VUs  1m42.0s/2m0s  20.00 iters/s

running (1m43.0s), 0647/0648 VUs, 865 complete and 0 interrupted iterations
main   [  86% ] 0647/0648 VUs  1m43.0s/2m0s  20.00 iters/s

running (1m44.0s), 0657/0657 VUs, 866 complete and 0 interrupted iterations
main   [  87% ] 0657/0657 VUs  1m44.0s/2m0s  20.00 iters/s

running (1m45.0s), 0661/0664 VUs, 875 complete and 0 interrupted iterations
main   [  87% ] 0661/0664 VUs  1m45.0s/2m0s  20.00 iters/s

running (1m46.0s), 0666/0667 VUs, 887 complete and 0 interrupted iterations
main   [  88% ] 0666/0667 VUs  1m46.0s/2m0s  20.00 iters/s

running (1m47.0s), 0669/0670 VUs, 901 complete and 0 interrupted iterations
main   [  89% ] 0669/0670 VUs  1m47.0s/2m0s  20.00 iters/s

running (1m48.0s), 0674/0674 VUs, 912 complete and 0 interrupted iterations
main   [  90% ] 0674/0674 VUs  1m48.0s/2m0s  20.00 iters/s

running (1m49.0s), 0683/0683 VUs, 914 complete and 0 interrupted iterations
main   [  91% ] 0683/0683 VUs  1m49.0s/2m0s  20.00 iters/s

running (1m50.0s), 0689/0692 VUs, 919 complete and 0 interrupted iterations
main   [  92% ] 0689/0692 VUs  1m50.0s/2m0s  20.00 iters/s

running (1m51.0s), 0694/0695 VUs, 931 complete and 0 interrupted iterations
main   [  92% ] 0694/0695 VUs  1m51.0s/2m0s  20.00 iters/s

running (1m52.0s), 0697/0699 VUs, 944 complete and 0 interrupted iterations
main   [  93% ] 0697/0699 VUs  1m52.0s/2m0s  20.00 iters/s

running (1m53.0s), 0700/0702 VUs, 958 complete and 0 interrupted iterations
main   [  94% ] 0700/0702 VUs  1m53.0s/2m0s  20.00 iters/s

running (1m54.0s), 0709/0710 VUs, 961 complete and 0 interrupted iterations
main   [  95% ] 0709/0710 VUs  1m54.0s/2m0s  20.00 iters/s

running (1m55.0s), 0719/0720 VUs, 961 complete and 0 interrupted iterations
main   [  96% ] 0719/0720 VUs  1m55.0s/2m0s  20.00 iters/s

running (1m56.0s), 0723/0724 VUs, 973 complete and 0 interrupted iterations
main   [  97% ] 0723/0724 VUs  1m56.0s/2m0s  20.00 iters/s

running (1m57.0s), 0726/0728 VUs, 986 complete and 0 interrupted iterations
main   [  97% ] 0726/0728 VUs  1m57.0s/2m0s  20.00 iters/s

running (1m58.0s), 0729/0732 VUs, 999 complete and 0 interrupted iterations
main   [  98% ] 0729/0732 VUs  1m58.0s/2m0s  20.00 iters/s

running (1m59.0s), 0736/0736 VUs, 1008 complete and 0 interrupted iterations
main   [  99% ] 0736/0736 VUs  1m59.0s/2m0s  20.00 iters/s

running (2m00.0s), 0746/0746 VUs, 1008 complete and 0 interrupted iterations
main   [ 100% ] 0746/0746 VUs  2m00.0s/2m0s  20.00 iters/s

running (2m01.0s), 0737/0747 VUs, 1017 complete and 0 interrupted iterations
main ↓ [ 100% ] 0746/0746 VUs  2m0s  20.00 iters/s

running (2m02.0s), 0723/0747 VUs, 1031 complete and 0 interrupted iterations
main ↓ [ 100% ] 0746/0746 VUs  2m0s  20.00 iters/s

running (2m03.0s), 0711/0747 VUs, 1043 complete and 0 interrupted iterations
main ↓ [ 100% ] 0746/0746 VUs  2m0s  20.00 iters/s

running (2m04.0s), 0700/0747 VUs, 1054 complete and 0 interrupted iterations
main ↓ [ 100% ] 0746/0746 VUs  2m0s  20.00 iters/s

running (2m05.0s), 0699/0747 VUs, 1055 complete and 0 interrupted iterations
main ↓ [ 100% ] 0746/0746 VUs  2m0s  20.00 iters/s

running (2m06.0s), 0695/0747 VUs, 1059 complete and 0 interrupted iterations
main ↓ [ 100% ] 0746/0746 VUs  2m0s  20.00 iters/s

running (2m07.0s), 0681/0747 VUs, 1073 complete and 0 interrupted iterations
main ↓ [ 100% ] 0746/0746 VUs  2m0s  20.00 iters/s

running (2m08.0s), 0669/0747 VUs, 1085 complete and 0 interrupted iterations
main ↓ [ 100% ] 0746/0746 VUs  2m0s  20.00 iters/s

running (2m09.0s), 0655/0747 VUs, 1099 complete and 0 interrupted iterations
main ↓ [ 100% ] 0746/0746 VUs  2m0s  20.00 iters/s

running (2m10.0s), 0652/0747 VUs, 1102 complete and 0 interrupted iterations
main ↓ [ 100% ] 0746/0746 VUs  2m0s  20.00 iters/s

running (2m11.0s), 0650/0747 VUs, 1104 complete and 0 interrupted iterations
main ↓ [ 100% ] 0746/0746 VUs  2m0s  20.00 iters/s

running (2m12.0s), 0639/0747 VUs, 1115 complete and 0 interrupted iterations
main ↓ [ 100% ] 0746/0746 VUs  2m0s  20.00 iters/s

running (2m13.0s), 0627/0747 VUs, 1127 complete and 0 interrupted iterations
main ↓ [ 100% ] 0746/0746 VUs  2m0s  20.00 iters/s

running (2m14.0s), 0614/0747 VUs, 1140 complete and 0 interrupted iterations
main ↓ [ 100% ] 0746/0746 VUs  2m0s  20.00 iters/s

running (2m15.0s), 0606/0747 VUs, 1148 complete and 0 interrupted iterations
main ↓ [ 100% ] 0746/0746 VUs  2m0s  20.00 iters/s

running (2m16.0s), 0606/0747 VUs, 1148 complete and 0 interrupted iterations
main ↓ [ 100% ] 0746/0746 VUs  2m0s  20.00 iters/s

running (2m17.0s), 0597/0747 VUs, 1157 complete and 0 interrupted iterations
main ↓ [ 100% ] 0746/0746 VUs  2m0s  20.00 iters/s

running (2m18.0s), 0585/0747 VUs, 1169 complete and 0 interrupted iterations
main ↓ [ 100% ] 0746/0746 VUs  2m0s  20.00 iters/s
time="2026-06-11T22:53:32Z" level=warning msg="Request Failed" error="Get \"http://lab-app:8080/b/lazy?memberId=1615&limit=500\": request timeout"
time="2026-06-11T22:53:32Z" level=warning msg="Request Failed" error="Get \"http://lab-app:8080/b/lazy?memberId=966&limit=500\": request timeout"
time="2026-06-11T22:53:32Z" level=warning msg="Request Failed" error="Get \"http://lab-app:8080/b/lazy?memberId=162&limit=500\": request timeout"
time="2026-06-11T22:53:32Z" level=warning msg="Request Failed" error="Get \"http://lab-app:8080/b/lazy?memberId=1086&limit=500\": request timeout"
time="2026-06-11T22:53:33Z" level=warning msg="Request Failed" error="Get \"http://lab-app:8080/b/lazy?memberId=1022&limit=500\": request timeout"
time="2026-06-11T22:53:33Z" level=warning msg="Request Failed" error="Get \"http://lab-app:8080/b/lazy?memberId=1555&limit=500\": request timeout"
time="2026-06-11T22:53:33Z" level=warning msg="Request Failed" error="Get \"http://lab-app:8080/b/lazy?memberId=1884&limit=500\": request timeout"
time="2026-06-11T22:53:33Z" level=warning msg="Request Failed" error="Get \"http://lab-app:8080/b/lazy?memberId=1445&limit=500\": request timeout"

running (2m19.0s), 0565/0747 VUs, 1189 complete and 0 interrupted iterations
main ↓ [ 100% ] 0746/0746 VUs  2m0s  20.00 iters/s

running (2m20.0s), 0562/0747 VUs, 1192 complete and 0 interrupted iterations
main ↓ [ 100% ] 0746/0746 VUs  2m0s  20.00 iters/s
time="2026-06-11T22:53:35Z" level=warning msg="Request Failed" error="Get \"http://lab-app:8080/b/lazy?memberId=559&limit=500\": request timeout"
time="2026-06-11T22:53:35Z" level=warning msg="Request Failed" error="Get \"http://lab-app:8080/b/lazy?memberId=493&limit=500\": request timeout"
time="2026-06-11T22:53:35Z" level=warning msg="Request Failed" error="Get \"http://lab-app:8080/b/lazy?memberId=1935&limit=500\": request timeout"
time="2026-06-11T22:53:35Z" level=warning msg="Request Failed" error="Get \"http://lab-app:8080/b/lazy?memberId=893&limit=500\": request timeout"

running (2m21.0s), 0557/0747 VUs, 1197 complete and 0 interrupted iterations
main ↓ [ 100% ] 0746/0746 VUs  2m0s  20.00 iters/s
time="2026-06-11T22:53:35Z" level=warning msg="Request Failed" error="Get \"http://lab-app:8080/b/lazy?memberId=469&limit=500\": request timeout"
time="2026-06-11T22:53:35Z" level=warning msg="Request Failed" error="Get \"http://lab-app:8080/b/lazy?memberId=219&limit=500\": request timeout"
time="2026-06-11T22:53:35Z" level=warning msg="Request Failed" error="Get \"http://lab-app:8080/b/lazy?memberId=364&limit=500\": request timeout"
time="2026-06-11T22:53:35Z" level=warning msg="Request Failed" error="Get \"http://lab-app:8080/b/lazy?memberId=62&limit=500\": request timeout"
time="2026-06-11T22:53:36Z" level=warning msg="Request Failed" error="Get \"http://lab-app:8080/b/lazy?memberId=1991&limit=500\": request timeout"
time="2026-06-11T22:53:36Z" level=warning msg="Request Failed" error="Get \"http://lab-app:8080/b/lazy?memberId=414&limit=500\": request timeout"
time="2026-06-11T22:53:36Z" level=warning msg="Request Failed" error="Get \"http://lab-app:8080/b/lazy?memberId=1283&limit=500\": request timeout"
time="2026-06-11T22:53:36Z" level=warning msg="Request Failed" error="Get \"http://lab-app:8080/b/lazy?memberId=1890&limit=500\": request timeout"
time="2026-06-11T22:53:36Z" level=warning msg="Request Failed" error="Get \"http://lab-app:8080/b/lazy?memberId=1671&limit=500\": request timeout"
time="2026-06-11T22:53:36Z" level=warning msg="Request Failed" error="Get \"http://lab-app:8080/b/lazy?memberId=221&limit=500\": request timeout"
time="2026-06-11T22:53:36Z" level=warning msg="Request Failed" error="Get \"http://lab-app:8080/b/lazy?memberId=816&limit=500\": request timeout"

running (2m22.0s), 0546/0747 VUs, 1208 complete and 0 interrupted iterations
main ↓ [ 100% ] 0746/0746 VUs  2m0s  20.00 iters/s
time="2026-06-11T22:53:36Z" level=warning msg="Request Failed" error="Get \"http://lab-app:8080/b/lazy?memberId=174&limit=500\": request timeout"
time="2026-06-11T22:53:36Z" level=warning msg="Request Failed" error="Get \"http://lab-app:8080/b/lazy?memberId=1957&limit=500\": request timeout"
time="2026-06-11T22:53:36Z" level=warning msg="Request Failed" error="Get \"http://lab-app:8080/b/lazy?memberId=55&limit=500\": request timeout"
time="2026-06-11T22:53:37Z" level=warning msg="Request Failed" error="Get \"http://lab-app:8080/b/lazy?memberId=166&limit=500\": request timeout"
time="2026-06-11T22:53:37Z" level=warning msg="Request Failed" error="Get \"http://lab-app:8080/b/lazy?memberId=14&limit=500\": request timeout"
time="2026-06-11T22:53:37Z" level=warning msg="Request Failed" error="Get \"http://lab-app:8080/b/lazy?memberId=189&limit=500\": request timeout"
time="2026-06-11T22:53:37Z" level=warning msg="Request Failed" error="Get \"http://lab-app:8080/b/lazy?memberId=1282&limit=500\": request timeout"
time="2026-06-11T22:53:37Z" level=warning msg="Request Failed" error="Get \"http://lab-app:8080/b/lazy?memberId=879&limit=500\": request timeout"
time="2026-06-11T22:53:37Z" level=warning msg="Request Failed" error="Get \"http://lab-app:8080/b/lazy?memberId=1555&limit=500\": request timeout"
time="2026-06-11T22:53:37Z" level=warning msg="Request Failed" error="Get \"http://lab-app:8080/b/lazy?memberId=902&limit=500\": request timeout"

running (2m23.0s), 0535/0747 VUs, 1219 complete and 0 interrupted iterations
main ↓ [ 100% ] 0746/0746 VUs  2m0s  20.00 iters/s
time="2026-06-11T22:53:37Z" level=warning msg="Request Failed" error="Get \"http://lab-app:8080/b/lazy?memberId=90&limit=500\": request timeout"
time="2026-06-11T22:53:37Z" level=warning msg="Request Failed" error="Get \"http://lab-app:8080/b/lazy?memberId=1948&limit=500\": request timeout"
time="2026-06-11T22:53:37Z" level=warning msg="Request Failed" error="Get \"http://lab-app:8080/b/lazy?memberId=884&limit=500\": request timeout"
time="2026-06-11T22:53:37Z" level=warning msg="Request Failed" error="Get \"http://lab-app:8080/b/lazy?memberId=1080&limit=500\": request timeout"
time="2026-06-11T22:53:37Z" level=warning msg="Request Failed" error="Get \"http://lab-app:8080/b/lazy?memberId=1206&limit=500\": request timeout"
time="2026-06-11T22:53:38Z" level=warning msg="Request Failed" error="Get \"http://lab-app:8080/b/lazy?memberId=788&limit=500\": request timeout"
time="2026-06-11T22:53:38Z" level=warning msg="Request Failed" error="Get \"http://lab-app:8080/b/lazy?memberId=1884&limit=500\": request timeout"
time="2026-06-11T22:53:38Z" level=warning msg="Request Failed" error="Get \"http://lab-app:8080/b/lazy?memberId=147&limit=500\": request timeout"
time="2026-06-11T22:53:38Z" level=warning msg="Request Failed" error="Get \"http://lab-app:8080/b/lazy?memberId=145&limit=500\": request timeout"
time="2026-06-11T22:53:38Z" level=warning msg="Request Failed" error="Get \"http://lab-app:8080/b/lazy?memberId=228&limit=500\": request timeout"
time="2026-06-11T22:53:38Z" level=warning msg="Request Failed" error="Get \"http://lab-app:8080/b/lazy?memberId=989&limit=500\": request timeout"
time="2026-06-11T22:53:38Z" level=warning msg="Request Failed" error="Get \"http://lab-app:8080/b/lazy?memberId=1500&limit=500\": request timeout"
time="2026-06-11T22:53:38Z" level=warning msg="Request Failed" error="Get \"http://lab-app:8080/b/lazy?memberId=1006&limit=500\": request timeout"
time="2026-06-11T22:53:38Z" level=warning msg="Request Failed" error="Get \"http://lab-app:8080/b/lazy?memberId=510&limit=500\": request timeout"
time="2026-06-11T22:53:38Z" level=warning msg="Request Failed" error="Get \"http://lab-app:8080/b/lazy?memberId=531&limit=500\": request timeout"

running (2m24.0s), 0519/0747 VUs, 1235 complete and 0 interrupted iterations
main ↓ [ 100% ] 0746/0746 VUs  2m0s  20.00 iters/s
time="2026-06-11T22:53:38Z" level=warning msg="Request Failed" error="Get \"http://lab-app:8080/b/lazy?memberId=765&limit=500\": request timeout"
time="2026-06-11T22:53:38Z" level=warning msg="Request Failed" error="Get \"http://lab-app:8080/b/lazy?memberId=473&limit=500\": request timeout"
time="2026-06-11T22:53:38Z" level=warning msg="Request Failed" error="Get \"http://lab-app:8080/b/lazy?memberId=1136&limit=500\": request timeout"
time="2026-06-11T22:53:38Z" level=warning msg="Request Failed" error="Get \"http://lab-app:8080/b/lazy?memberId=518&limit=500\": request timeout"
time="2026-06-11T22:53:38Z" level=warning msg="Request Failed" error="Get \"http://lab-app:8080/b/lazy?memberId=194&limit=500\": request timeout"
time="2026-06-11T22:53:38Z" level=warning msg="Request Failed" error="Get \"http://lab-app:8080/b/lazy?memberId=609&limit=500\": request timeout"
time="2026-06-11T22:53:39Z" level=warning msg="Request Failed" error="Get \"http://lab-app:8080/b/lazy?memberId=351&limit=500\": request timeout"
time="2026-06-11T22:53:39Z" level=warning msg="Request Failed" error="Get \"http://lab-app:8080/b/lazy?memberId=1109&limit=500\": request timeout"
time="2026-06-11T22:53:39Z" level=warning msg="Request Failed" error="Get \"http://lab-app:8080/b/lazy?memberId=1058&limit=500\": request timeout"
time="2026-06-11T22:53:39Z" level=warning msg="Request Failed" error="Get \"http://lab-app:8080/b/lazy?memberId=1104&limit=500\": request timeout"
time="2026-06-11T22:53:39Z" level=warning msg="Request Failed" error="Get \"http://lab-app:8080/b/lazy?memberId=1485&limit=500\": request timeout"
time="2026-06-11T22:53:39Z" level=warning msg="Request Failed" error="Get \"http://lab-app:8080/b/lazy?memberId=158&limit=500\": request timeout"
time="2026-06-11T22:53:39Z" level=warning msg="Request Failed" error="Get \"http://lab-app:8080/b/lazy?memberId=1592&limit=500\": request timeout"
time="2026-06-11T22:53:39Z" level=warning msg="Request Failed" error="Get \"http://lab-app:8080/b/lazy?memberId=1061&limit=500\": request timeout"
time="2026-06-11T22:53:39Z" level=warning msg="Request Failed" error="Get \"http://lab-app:8080/b/lazy?memberId=295&limit=500\": request timeout"
time="2026-06-11T22:53:39Z" level=warning msg="Request Failed" error="Get \"http://lab-app:8080/b/lazy?memberId=70&limit=500\": request timeout"

running (2m25.0s), 0503/0747 VUs, 1251 complete and 0 interrupted iterations
main ↓ [ 100% ] 0746/0746 VUs  2m0s  20.00 iters/s
time="2026-06-11T22:53:39Z" level=warning msg="Request Failed" error="Get \"http://lab-app:8080/b/lazy?memberId=878&limit=500\": request timeout"
time="2026-06-11T22:53:39Z" level=warning msg="Request Failed" error="Get \"http://lab-app:8080/b/lazy?memberId=1053&limit=500\": request timeout"
time="2026-06-11T22:53:39Z" level=warning msg="Request Failed" error="Get \"http://lab-app:8080/b/lazy?memberId=310&limit=500\": request timeout"
time="2026-06-11T22:53:39Z" level=warning msg="Request Failed" error="Get \"http://lab-app:8080/b/lazy?memberId=1525&limit=500\": request timeout"
time="2026-06-11T22:53:39Z" level=warning msg="Request Failed" error="Get \"http://lab-app:8080/b/lazy?memberId=215&limit=500\": request timeout"
time="2026-06-11T22:53:39Z" level=warning msg="Request Failed" error="Get \"http://lab-app:8080/b/lazy?memberId=682&limit=500\": request timeout"
time="2026-06-11T22:53:40Z" level=warning msg="Request Failed" error="Get \"http://lab-app:8080/b/lazy?memberId=1521&limit=500\": request timeout"
time="2026-06-11T22:53:40Z" level=warning msg="Request Failed" error="Get \"http://lab-app:8080/b/lazy?memberId=402&limit=500\": request timeout"
time="2026-06-11T22:53:40Z" level=warning msg="Request Failed" error="Get \"http://lab-app:8080/b/lazy?memberId=204&limit=500\": request timeout"
time="2026-06-11T22:53:40Z" level=warning msg="Request Failed" error="Get \"http://lab-app:8080/b/lazy?memberId=1175&limit=500\": request timeout"
time="2026-06-11T22:53:40Z" level=warning msg="Request Failed" error="Get \"http://lab-app:8080/b/lazy?memberId=1771&limit=500\": request timeout"
time="2026-06-11T22:53:40Z" level=warning msg="Request Failed" error="Get \"http://lab-app:8080/b/lazy?memberId=357&limit=500\": request timeout"
time="2026-06-11T22:53:40Z" level=warning msg="Request Failed" error="Get \"http://lab-app:8080/b/lazy?memberId=94&limit=500\": request timeout"
time="2026-06-11T22:53:40Z" level=warning msg="Request Failed" error="Get \"http://lab-app:8080/b/lazy?memberId=118&limit=500\": request timeout"
time="2026-06-11T22:53:40Z" level=warning msg="Request Failed" error="Get \"http://lab-app:8080/b/lazy?memberId=640&limit=500\": request timeout"
time="2026-06-11T22:53:40Z" level=warning msg="Request Failed" error="Get \"http://lab-app:8080/b/lazy?memberId=1127&limit=500\": request timeout"
time="2026-06-11T22:53:40Z" level=warning msg="Request Failed" error="Get \"http://lab-app:8080/b/lazy?memberId=48&limit=500\": request timeout"

running (2m26.0s), 0486/0747 VUs, 1268 complete and 0 interrupted iterations
main ↓ [ 100% ] 0746/0746 VUs  2m0s  20.00 iters/s
time="2026-06-11T22:53:40Z" level=warning msg="Request Failed" error="Get \"http://lab-app:8080/b/lazy?memberId=318&limit=500\": request timeout"
time="2026-06-11T22:53:40Z" level=warning msg="Request Failed" error="Get \"http://lab-app:8080/b/lazy?memberId=790&limit=500\": request timeout"
time="2026-06-11T22:53:40Z" level=warning msg="Request Failed" error="Get \"http://lab-app:8080/b/lazy?memberId=162&limit=500\": request timeout"
time="2026-06-11T22:53:40Z" level=warning msg="Request Failed" error="Get \"http://lab-app:8080/b/lazy?memberId=25&limit=500\": request timeout"
time="2026-06-11T22:53:40Z" level=warning msg="Request Failed" error="Get \"http://lab-app:8080/b/lazy?memberId=1349&limit=500\": request timeout"
time="2026-06-11T22:53:41Z" level=warning msg="Request Failed" error="Get \"http://lab-app:8080/b/lazy?memberId=78&limit=500\": request timeout"
time="2026-06-11T22:53:41Z" level=warning msg="Request Failed" error="Get \"http://lab-app:8080/b/lazy?memberId=1936&limit=500\": request timeout"
time="2026-06-11T22:53:41Z" level=warning msg="Request Failed" error="Get \"http://lab-app:8080/b/lazy?memberId=961&limit=500\": request timeout"
time="2026-06-11T22:53:41Z" level=warning msg="Request Failed" error="Get \"http://lab-app:8080/b/lazy?memberId=252&limit=500\": request timeout"
time="2026-06-11T22:53:41Z" level=warning msg="Request Failed" error="Get \"http://lab-app:8080/b/lazy?memberId=126&limit=500\": request timeout"
time="2026-06-11T22:53:41Z" level=warning msg="Request Failed" error="Get \"http://lab-app:8080/b/lazy?memberId=1140&limit=500\": request timeout"
time="2026-06-11T22:53:41Z" level=warning msg="Request Failed" error="Get \"http://lab-app:8080/b/lazy?memberId=43&limit=500\": request timeout"
time="2026-06-11T22:53:41Z" level=warning msg="Request Failed" error="Get \"http://lab-app:8080/b/lazy?memberId=1952&limit=500\": request timeout"

running (2m27.0s), 0473/0747 VUs, 1281 complete and 0 interrupted iterations
main ↓ [ 100% ] 0746/0746 VUs  2m0s  20.00 iters/s
time="2026-06-11T22:53:41Z" level=warning msg="Request Failed" error="Get \"http://lab-app:8080/b/lazy?memberId=1061&limit=500\": request timeout"
time="2026-06-11T22:53:41Z" level=warning msg="Request Failed" error="Get \"http://lab-app:8080/b/lazy?memberId=1795&limit=500\": request timeout"
time="2026-06-11T22:53:41Z" level=warning msg="Request Failed" error="Get \"http://lab-app:8080/b/lazy?memberId=251&limit=500\": request timeout"
time="2026-06-11T22:53:42Z" level=warning msg="Request Failed" error="Get \"http://lab-app:8080/b/lazy?memberId=1036&limit=500\": request timeout"
time="2026-06-11T22:53:42Z" level=warning msg="Request Failed" error="Get \"http://lab-app:8080/b/lazy?memberId=977&limit=500\": request timeout"
time="2026-06-11T22:53:42Z" level=warning msg="Request Failed" error="Get \"http://lab-app:8080/b/lazy?memberId=75&limit=500\": request timeout"
time="2026-06-11T22:53:42Z" level=warning msg="Request Failed" error="Get \"http://lab-app:8080/b/lazy?memberId=1202&limit=500\": request timeout"
time="2026-06-11T22:53:42Z" level=warning msg="Request Failed" error="Get \"http://lab-app:8080/b/lazy?memberId=1345&limit=500\": request timeout"
time="2026-06-11T22:53:42Z" level=warning msg="Request Failed" error="Get \"http://lab-app:8080/b/lazy?memberId=382&limit=500\": request timeout"
time="2026-06-11T22:53:42Z" level=warning msg="Request Failed" error="Get \"http://lab-app:8080/b/lazy?memberId=1142&limit=500\": request timeout"

running (2m28.0s), 0463/0747 VUs, 1291 complete and 0 interrupted iterations
main ↓ [ 100% ] 0746/0746 VUs  2m0s  20.00 iters/s
time="2026-06-11T22:53:42Z" level=warning msg="Request Failed" error="Get \"http://lab-app:8080/b/lazy?memberId=293&limit=500\": request timeout"
time="2026-06-11T22:53:42Z" level=warning msg="Request Failed" error="Get \"http://lab-app:8080/b/lazy?memberId=359&limit=500\": request timeout"
time="2026-06-11T22:53:42Z" level=warning msg="Request Failed" error="Get \"http://lab-app:8080/b/lazy?memberId=485&limit=500\": request timeout"
time="2026-06-11T22:53:43Z" level=warning msg="Request Failed" error="Get \"http://lab-app:8080/b/lazy?memberId=425&limit=500\": request timeout"
time="2026-06-11T22:53:43Z" level=warning msg="Request Failed" error="Get \"http://lab-app:8080/b/lazy?memberId=195&limit=500\": request timeout"
time="2026-06-11T22:53:43Z" level=warning msg="Request Failed" error="Get \"http://lab-app:8080/b/lazy?memberId=72&limit=500\": request timeout"
time="2026-06-11T22:53:43Z" level=warning msg="Request Failed" error="Get \"http://lab-app:8080/b/lazy?memberId=1876&limit=500\": request timeout"
time="2026-06-11T22:53:43Z" level=warning msg="Request Failed" error="Get \"http://lab-app:8080/b/lazy?memberId=468&limit=500\": request timeout"
time="2026-06-11T22:53:43Z" level=warning msg="Request Failed" error="Get \"http://lab-app:8080/b/lazy?memberId=587&limit=500\": request timeout"
time="2026-06-11T22:53:43Z" level=warning msg="Request Failed" error="Get \"http://lab-app:8080/b/lazy?memberId=840&limit=500\": request timeout"
time="2026-06-11T22:53:43Z" level=warning msg="Request Failed" error="Get \"http://lab-app:8080/b/lazy?memberId=1619&limit=500\": request timeout"
time="2026-06-11T22:53:43Z" level=warning msg="Request Failed" error="Get \"http://lab-app:8080/b/lazy?memberId=763&limit=500\": request timeout"
time="2026-06-11T22:53:43Z" level=warning msg="Request Failed" error="Get \"http://lab-app:8080/b/lazy?memberId=1918&limit=500\": request timeout"
time="2026-06-11T22:53:43Z" level=warning msg="Request Failed" error="Get \"http://lab-app:8080/b/lazy?memberId=1257&limit=500\": request timeout"
time="2026-06-11T22:53:43Z" level=warning msg="Request Failed" error="Get \"http://lab-app:8080/b/lazy?memberId=1053&limit=500\": request timeout"

running (2m29.0s), 0448/0747 VUs, 1306 complete and 0 interrupted iterations
main ↓ [ 100% ] 0746/0746 VUs  2m0s  20.00 iters/s
time="2026-06-11T22:53:43Z" level=warning msg="Request Failed" error="Get \"http://lab-app:8080/b/lazy?memberId=1114&limit=500\": request timeout"
time="2026-06-11T22:53:43Z" level=warning msg="Request Failed" error="Get \"http://lab-app:8080/b/lazy?memberId=1588&limit=500\": request timeout"
time="2026-06-11T22:53:43Z" level=warning msg="Request Failed" error="Get \"http://lab-app:8080/b/lazy?memberId=535&limit=500\": request timeout"
time="2026-06-11T22:53:43Z" level=warning msg="Request Failed" error="Get \"http://lab-app:8080/b/lazy?memberId=1799&limit=500\": request timeout"
time="2026-06-11T22:53:43Z" level=warning msg="Request Failed" error="Get \"http://lab-app:8080/b/lazy?memberId=1806&limit=500\": request timeout"
time="2026-06-11T22:53:44Z" level=warning msg="Request Failed" error="Get \"http://lab-app:8080/b/lazy?memberId=781&limit=500\": request timeout"
time="2026-06-11T22:53:44Z" level=warning msg="Request Failed" error="Get \"http://lab-app:8080/b/lazy?memberId=1101&limit=500\": request timeout"
time="2026-06-11T22:53:44Z" level=warning msg="Request Failed" error="Get \"http://lab-app:8080/b/lazy?memberId=697&limit=500\": request timeout"
time="2026-06-11T22:53:44Z" level=warning msg="Request Failed" error="Get \"http://lab-app:8080/b/lazy?memberId=650&limit=500\": request timeout"
time="2026-06-11T22:53:44Z" level=warning msg="Request Failed" error="Get \"http://lab-app:8080/b/lazy?memberId=1038&limit=500\": request timeout"
time="2026-06-11T22:53:44Z" level=warning msg="Request Failed" error="Get \"http://lab-app:8080/b/lazy?memberId=263&limit=500\": request timeout"
time="2026-06-11T22:53:44Z" level=warning msg="Request Failed" error="Get \"http://lab-app:8080/b/lazy?memberId=353&limit=500\": request timeout"
time="2026-06-11T22:53:44Z" level=warning msg="Request Failed" error="Get \"http://lab-app:8080/b/lazy?memberId=1649&limit=500\": request timeout"
time="2026-06-11T22:53:44Z" level=warning msg="Request Failed" error="Get \"http://lab-app:8080/b/lazy?memberId=1280&limit=500\": request timeout"
time="2026-06-11T22:53:44Z" level=warning msg="Request Failed" error="Get \"http://lab-app:8080/b/lazy?memberId=1868&limit=500\": request timeout"
time="2026-06-11T22:53:44Z" level=warning msg="Request Failed" error="Get \"http://lab-app:8080/b/lazy?memberId=1146&limit=500\": request timeout"

running (2m30.0s), 0432/0747 VUs, 1322 complete and 0 interrupted iterations
main ↓ [ 100% ] 0746/0746 VUs  2m0s  20.00 iters/s

running (2m30.1s), 0000/0747 VUs, 1322 complete and 432 interrupted iterations
main ✓ [ 100% ] 0432/0747 VUs  2m0s  20.00 iters/s
  Repeat 1 complete. Results in results/b-lazy-rtt10000-r20-rep1-1781218274.json
=== Cell complete: 1 repeat(s) for b/lazy rtt=10000us ===

[campaign] (11) cell: b|lazy-unbounded|10000|20|-|N=500,MAX_MEMBER_ID=2000
=== Cell: scenario=b style=lazy-unbounded rtt=10000us rate=20rps duration=2m scale=full maxMember=2000 repeats=1 ===
[1/4] Setting netem delay 10000us...
Setting netem delay 10000us on lab-mysql eth0...
time="2026-06-12T07:53:43+09:00" level=warning msg="/Users/rene/rdb-join-lab/docker-compose.yml: the attribute `version` is obsolete, it will be ignored, please remove it to avoid potential confusion"
Current qdisc:
time="2026-06-12T07:53:43+09:00" level=warning msg="/Users/rene/rdb-join-lab/docker-compose.yml: the attribute `version` is obsolete, it will be ignored, please remove it to avoid potential confusion"
qdisc netem 8016: root refcnt 7 limit 1000 delay 10ms seed 6245565488106488381
[2/4] Warming InnoDB buffer pool...
=== Step 1: Warm-up queries (priming buffer pool, ~10% of full scale) ===
COUNT(*)
3400211
COUNT(*)
1000000
COUNT(*)
8679702
COUNT(*)
10000
Warm-up queries complete.
=== Step 2: Triggering InnoDB buffer pool dump ===
time="2026-06-12T07:53:44+09:00" level=warning msg="/Users/rene/rdb-join-lab/docker-compose.yml: the attribute `version` is obsolete, it will be ignored, please remove it to avoid potential confusion"
mysql: [Warning] Using a password on the command line interface can be insecure.
Polling dump status (timeout 300s)...
  [0s] Dump status: Buffer pool(s) dump completed at 260611 22:53:46
Buffer pool dump completed.
=== Step 3: Triggering InnoDB buffer pool load ===
time="2026-06-12T07:53:44+09:00" level=warning msg="/Users/rene/rdb-join-lab/docker-compose.yml: the attribute `version` is obsolete, it will be ignored, please remove it to avoid potential confusion"
mysql: [Warning] Using a password on the command line interface can be insecure.
Polling load status (timeout 300s)...
  [0s] Load status: Loaded 147457/188400 pages
  [5s] Load status: Buffer pool(s) load completed at 260611 22:53:47
Buffer pool load completed.
=== Step 3b: Capturing post-load snapshot for warm-state gate ===
COUNT(*)
1210060
COUNT(*)
8679702
COUNT(*)
10000
Re-verification queries complete.
=== Step 4: Warm-state gate (physical reads < 0.01, post-load window) ===
  Post-load reverify window: physical reads delta: 0 / 24919 = 0.0
  (Pre-warmup baseline: 28525 / 3974239957, for reference)
  Warm-state gate PASSED.
=== Step 5: ANALYZE TABLE ===
Table	Op	Msg_type	Msg_text
lab.coupon_policy	analyze	status	OK
lab.member	analyze	status	OK
lab.coupon_issue	analyze	status	OK
ANALYZE TABLE complete.
=== Step 5b: Capturing InnoDB engine status (AHI verification) ===
  InnoDB status captured: results/innodb-status-1781218432.txt
  AHI indicator: INSERT BUFFER AND ADAPTIVE HASH INDEX
0.00 hash searches/s, 2910.35 non-hash searches/s
=== Step 5c: EXPLAIN Scenario B ORDER BY id ASC (filesort check) ===
  WARNING: EXPLAIN shows 'Using filesort' for Scenario B ORDER BY id ASC query.
  Expected idx_issue_member_id to cover ORDER BY — check index creation in schema.sql.
  EXPLAIN output:
1	SIMPLE	coupon_issue	NULL	ref	idx_issue_member_status,idx_issue_member_id	idx_issue_member_status	8	const	1206	100.00	Using filesort
[3/4] Dual calibration (nominal=10000us)...
  [held conn] calibrate n=10000...
  [per checkout] calibrate/loaded n=10000...
{
    "n": 2000,
    "min": 10165,
    "p50": 12942,
    "p95": 15221,
    "p99": 15553,
    "max": 2635898
}
Running dual calibration probe (n=10000 held + n=10000 loaded)...
=== held (pure wire RTT) ===
{
    "n": 2000,
    "min": 10130,
    "p50": 13048,
    "p95": 15286,
    "p99": 15611,
    "max": 32717
}
=== loaded (wire RTT + pool checkout) ===
{
    "n": 2000,
    "min": 10135,
    "p50": 12739,
    "p95": 15148,
    "p99": 15584,
    "max": 16202
}

Appended dual record to results/calibration.jsonl: {"held": {"n": 2000, "min": 10130, "p50": 13048, "p95": 15286, "p99": 15611, "max": 32717}, "loaded": {"n": 2000, "min": 10135, "p50": 12739, "p95": 15148, "p99": 15584, "max": 16202}, "timestamp": "2026-06-11T22:55:58Z", "nominal_delay_us": 10000}
[4/1] Running k6 repeat 1/1 (output -> results/b-lazy-unbounded-rtt10000-r20-rep1-1781218558.json)...
time="2026-06-12T07:55:58+09:00" level=warning msg="/Users/rene/rdb-join-lab/docker-compose.yml: the attribute `version` is obsolete, it will be ignored, please remove it to avoid potential confusion"

         /\      Grafana   /‾‾/  
    /\  /  \     |\  __   /  /   
   /  \/    \    | |/ /  /   ‾‾\ 
  /          \   |   (  |  (‾)  |
 / __________ \  |_|\_\  \_____/ 


     execution: local
        script: /scripts/scenario.js
        output: -

     scenarios: (100.00%) 1 scenario, 1000 max VUs, 2m30s max duration (incl. graceful stop):
              * main: 20.00 iterations/s for 2m0s (maxVUs: 100-1000, gracefulStop: 30s)


running (0m01.0s), 0020/0100 VUs, 0 complete and 0 interrupted iterations
main   [   1% ] 0020/0100 VUs  0m01.0s/2m0s  20.00 iters/s

running (0m02.0s), 0040/0100 VUs, 0 complete and 0 interrupted iterations
main   [   2% ] 0040/0100 VUs  0m02.0s/2m0s  20.00 iters/s

running (0m03.0s), 0060/0100 VUs, 0 complete and 0 interrupted iterations
main   [   2% ] 0060/0100 VUs  0m03.0s/2m0s  20.00 iters/s

running (0m04.0s), 0080/0100 VUs, 0 complete and 0 interrupted iterations
main   [   3% ] 0080/0100 VUs  0m04.0s/2m0s  20.00 iters/s

running (0m05.0s), 0100/0100 VUs, 0 complete and 0 interrupted iterations
main   [   4% ] 0100/0100 VUs  0m05.0s/2m0s  20.00 iters/s

running (0m06.0s), 0102/0105 VUs, 13 complete and 0 interrupted iterations
main   [   5% ] 0102/0105 VUs  0m06.0s/2m0s  20.00 iters/s

running (0m07.0s), 0102/0105 VUs, 33 complete and 0 interrupted iterations
main   [   6% ] 0102/0105 VUs  0m07.0s/2m0s  20.00 iters/s

running (0m08.0s), 0108/0109 VUs, 43 complete and 0 interrupted iterations
main   [   7% ] 0108/0109 VUs  0m08.0s/2m0s  20.00 iters/s

running (0m09.0s), 0118/0119 VUs, 43 complete and 0 interrupted iterations
main   [   7% ] 0118/0119 VUs  0m09.0s/2m0s  20.00 iters/s

running (0m10.0s), 0128/0129 VUs, 43 complete and 0 interrupted iterations
main   [   8% ] 0128/0129 VUs  0m10.0s/2m0s  20.00 iters/s

running (0m11.0s), 0128/0133 VUs, 59 complete and 0 interrupted iterations
main   [   9% ] 0128/0133 VUs  0m11.0s/2m0s  20.00 iters/s

running (0m12.0s), 0128/0133 VUs, 79 complete and 0 interrupted iterations
main   [  10% ] 0128/0133 VUs  0m12.0s/2m0s  20.00 iters/s

running (0m13.0s), 0135/0136 VUs, 89 complete and 0 interrupted iterations
main   [  11% ] 0135/0136 VUs  0m13.0s/2m0s  20.00 iters/s

running (0m14.0s), 0145/0146 VUs, 89 complete and 0 interrupted iterations
main   [  12% ] 0145/0146 VUs  0m14.0s/2m0s  20.00 iters/s

running (0m15.0s), 0155/0156 VUs, 89 complete and 0 interrupted iterations
main   [  12% ] 0155/0156 VUs  0m15.0s/2m0s  20.00 iters/s

running (0m16.0s), 0159/0160 VUs, 101 complete and 0 interrupted iterations
main   [  13% ] 0159/0160 VUs  0m16.0s/2m0s  20.00 iters/s

running (0m17.0s), 0159/0161 VUs, 120 complete and 0 interrupted iterations
main   [  14% ] 0159/0161 VUs  0m17.0s/2m0s  20.00 iters/s

running (0m18.0s), 0165/0165 VUs, 130 complete and 0 interrupted iterations
main   [  15% ] 0165/0165 VUs  0m18.0s/2m0s  20.00 iters/s

running (0m19.0s), 0175/0175 VUs, 130 complete and 0 interrupted iterations
main   [  16% ] 0175/0175 VUs  0m19.0s/2m0s  20.00 iters/s

running (0m20.0s), 0185/0185 VUs, 130 complete and 0 interrupted iterations
main   [  17% ] 0185/0185 VUs  0m20.0s/2m0s  20.00 iters/s

running (0m21.0s), 0188/0190 VUs, 142 complete and 0 interrupted iterations
main   [  17% ] 0188/0190 VUs  0m21.0s/2m0s  20.00 iters/s

running (0m22.0s), 0185/0190 VUs, 165 complete and 0 interrupted iterations
main   [  18% ] 0185/0190 VUs  0m22.0s/2m0s  20.00 iters/s

running (0m23.0s), 0192/0193 VUs, 175 complete and 0 interrupted iterations
main   [  19% ] 0192/0193 VUs  0m23.0s/2m0s  20.00 iters/s

running (0m24.0s), 0202/0203 VUs, 175 complete and 0 interrupted iterations
main   [  20% ] 0202/0203 VUs  0m24.0s/2m0s  20.00 iters/s

running (0m25.0s), 0212/0213 VUs, 175 complete and 0 interrupted iterations
main   [  21% ] 0212/0213 VUs  0m25.0s/2m0s  20.00 iters/s

running (0m26.0s), 0215/0218 VUs, 187 complete and 0 interrupted iterations
main   [  22% ] 0215/0218 VUs  0m26.0s/2m0s  20.00 iters/s

running (0m27.0s), 0212/0218 VUs, 210 complete and 0 interrupted iterations
main   [  22% ] 0212/0218 VUs  0m27.0s/2m0s  20.00 iters/s

running (0m28.0s), 0221/0221 VUs, 218 complete and 0 interrupted iterations
main   [  23% ] 0221/0221 VUs  0m28.0s/2m0s  20.00 iters/s

running (0m29.0s), 0231/0231 VUs, 218 complete and 0 interrupted iterations
main   [  24% ] 0231/0231 VUs  0m29.0s/2m0s  20.00 iters/s

running (0m30.0s), 0241/0241 VUs, 218 complete and 0 interrupted iterations
main   [  25% ] 0241/0241 VUs  0m30.0s/2m0s  20.00 iters/s

running (0m31.0s), 0244/0247 VUs, 229 complete and 0 interrupted iterations
main   [  26% ] 0244/0247 VUs  0m31.0s/2m0s  20.00 iters/s

running (0m32.0s), 0243/0247 VUs, 250 complete and 0 interrupted iterations
main   [  27% ] 0243/0247 VUs  0m32.0s/2m0s  20.00 iters/s

running (0m33.0s), 0249/0250 VUs, 261 complete and 0 interrupted iterations
main   [  27% ] 0249/0250 VUs  0m33.0s/2m0s  20.00 iters/s

running (0m34.0s), 0259/0260 VUs, 261 complete and 0 interrupted iterations
main   [  28% ] 0259/0260 VUs  0m34.0s/2m0s  20.00 iters/s

running (0m35.0s), 0269/0270 VUs, 261 complete and 0 interrupted iterations
main   [  29% ] 0269/0270 VUs  0m35.0s/2m0s  20.00 iters/s

running (0m36.0s), 0273/0276 VUs, 271 complete and 0 interrupted iterations
main   [  30% ] 0273/0276 VUs  0m36.0s/2m0s  20.00 iters/s

running (0m37.0s), 0272/0276 VUs, 292 complete and 0 interrupted iterations
main   [  31% ] 0272/0276 VUs  0m37.0s/2m0s  20.00 iters/s

running (0m38.0s), 0274/0276 VUs, 310 complete and 0 interrupted iterations
main   [  32% ] 0274/0276 VUs  0m38.0s/2m0s  20.00 iters/s

running (0m39.0s), 0284/0285 VUs, 311 complete and 0 interrupted iterations
main   [  32% ] 0284/0285 VUs  0m39.0s/2m0s  20.00 iters/s

running (0m40.0s), 0294/0295 VUs, 311 complete and 0 interrupted iterations
main   [  33% ] 0294/0295 VUs  0m40.0s/2m0s  20.00 iters/s

running (0m41.0s), 0302/0303 VUs, 315 complete and 0 interrupted iterations
main   [  34% ] 0302/0303 VUs  0m41.0s/2m0s  20.00 iters/s

running (0m42.0s), 0301/0303 VUs, 336 complete and 0 interrupted iterations
main   [  35% ] 0301/0303 VUs  0m42.0s/2m0s  20.00 iters/s

running (0m43.0s), 0303/0304 VUs, 353 complete and 0 interrupted iterations
main   [  36% ] 0303/0304 VUs  0m43.0s/2m0s  20.00 iters/s

running (0m44.0s), 0311/0311 VUs, 358 complete and 0 interrupted iterations
main   [  37% ] 0311/0311 VUs  0m44.0s/2m0s  20.00 iters/s

running (0m45.0s), 0321/0321 VUs, 358 complete and 0 interrupted iterations
main   [  37% ] 0321/0321 VUs  0m45.0s/2m0s  20.00 iters/s

running (0m46.0s), 0330/0331 VUs, 359 complete and 0 interrupted iterations
main   [  38% ] 0330/0331 VUs  0m46.0s/2m0s  20.00 iters/s

running (0m47.0s), 0330/0332 VUs, 378 complete and 0 interrupted iterations
main   [  39% ] 0330/0332 VUs  0m47.0s/2m0s  20.00 iters/s

running (0m48.0s), 0332/0334 VUs, 394 complete and 0 interrupted iterations
main   [  40% ] 0332/0334 VUs  0m48.0s/2m0s  20.00 iters/s

running (0m49.0s), 0337/0337 VUs, 406 complete and 0 interrupted iterations
main   [  41% ] 0337/0337 VUs  0m49.0s/2m0s  20.00 iters/s

running (0m50.0s), 0347/0347 VUs, 406 complete and 0 interrupted iterations
main   [  42% ] 0347/0347 VUs  0m50.0s/2m0s  20.00 iters/s

running (0m51.0s), 0356/0357 VUs, 407 complete and 0 interrupted iterations
main   [  42% ] 0356/0357 VUs  0m51.0s/2m0s  20.00 iters/s

running (0m52.0s), 0359/0360 VUs, 421 complete and 0 interrupted iterations
main   [  43% ] 0359/0360 VUs  0m52.0s/2m0s  20.00 iters/s

running (0m53.0s), 0361/0362 VUs, 437 complete and 0 interrupted iterations
main   [  44% ] 0361/0362 VUs  0m53.0s/2m0s  20.00 iters/s

running (0m54.0s), 0364/0364 VUs, 452 complete and 0 interrupted iterations
main   [  45% ] 0364/0364 VUs  0m54.0s/2m0s  20.00 iters/s

running (0m55.0s), 0374/0374 VUs, 452 complete and 0 interrupted iterations
main   [  46% ] 0374/0374 VUs  0m55.0s/2m0s  20.00 iters/s

running (0m56.0s), 0384/0384 VUs, 452 complete and 0 interrupted iterations
main   [  47% ] 0384/0384 VUs  0m56.0s/2m0s  20.00 iters/s

running (0m57.0s), 0388/0391 VUs, 461 complete and 0 interrupted iterations
main   [  47% ] 0388/0391 VUs  0m57.0s/2m0s  20.00 iters/s

running (0m58.0s), 0390/0393 VUs, 477 complete and 0 interrupted iterations
main   [  48% ] 0390/0393 VUs  0m58.0s/2m0s  20.00 iters/s

running (0m59.0s), 0392/0394 VUs, 494 complete and 0 interrupted iterations
main   [  49% ] 0392/0394 VUs  0m59.0s/2m0s  20.00 iters/s

running (1m00.0s), 0400/0401 VUs, 499 complete and 0 interrupted iterations
main   [  50% ] 0400/0401 VUs  1m00.0s/2m0s  20.00 iters/s

running (1m01.0s), 0410/0411 VUs, 499 complete and 0 interrupted iterations
main   [  51% ] 0410/0411 VUs  1m01.0s/2m0s  20.00 iters/s

running (1m02.0s), 0416/0419 VUs, 505 complete and 0 interrupted iterations
main   [  52% ] 0416/0419 VUs  1m02.0s/2m0s  20.00 iters/s

running (1m03.0s), 0418/0421 VUs, 521 complete and 0 interrupted iterations
main   [  52% ] 0418/0421 VUs  1m03.0s/2m0s  20.00 iters/s

running (1m04.0s), 0420/0422 VUs, 538 complete and 0 interrupted iterations
main   [  53% ] 0420/0422 VUs  1m04.0s/2m0s  20.00 iters/s

running (1m05.0s), 0426/0426 VUs, 548 complete and 0 interrupted iterations
main   [  54% ] 0426/0426 VUs  1m05.0s/2m0s  20.00 iters/s

running (1m06.0s), 0436/0436 VUs, 548 complete and 0 interrupted iterations
main   [  55% ] 0436/0436 VUs  1m06.0s/2m0s  20.00 iters/s

running (1m07.0s), 0445/0445 VUs, 550 complete and 0 interrupted iterations
main   [  56% ] 0445/0445 VUs  1m07.0s/2m0s  20.00 iters/s

running (1m08.0s), 0448/0449 VUs, 563 complete and 0 interrupted iterations
main   [  57% ] 0448/0449 VUs  1m08.0s/2m0s  20.00 iters/s

running (1m09.0s), 0448/0450 VUs, 582 complete and 0 interrupted iterations
main   [  57% ] 0448/0450 VUs  1m09.0s/2m0s  20.00 iters/s

running (1m10.0s), 0453/0454 VUs, 593 complete and 0 interrupted iterations
main   [  58% ] 0453/0454 VUs  1m10.0s/2m0s  20.00 iters/s

running (1m11.0s), 0462/0463 VUs, 595 complete and 0 interrupted iterations
main   [  59% ] 0462/0463 VUs  1m11.0s/2m0s  20.00 iters/s

running (1m12.0s), 0472/0473 VUs, 595 complete and 0 interrupted iterations
main   [  60% ] 0472/0473 VUs  1m12.0s/2m0s  20.00 iters/s

running (1m13.0s), 0478/0478 VUs, 604 complete and 0 interrupted iterations
main   [  61% ] 0478/0478 VUs  1m13.0s/2m0s  20.00 iters/s

running (1m14.0s), 0478/0479 VUs, 623 complete and 0 interrupted iterations
main   [  62% ] 0478/0479 VUs  1m14.0s/2m0s  20.00 iters/s

running (1m15.0s), 0482/0482 VUs, 636 complete and 0 interrupted iterations
main   [  62% ] 0482/0482 VUs  1m15.0s/2m0s  20.00 iters/s

running (1m16.0s), 0489/0490 VUs, 641 complete and 0 interrupted iterations
main   [  63% ] 0489/0490 VUs  1m16.0s/2m0s  20.00 iters/s

running (1m17.0s), 0499/0500 VUs, 641 complete and 0 interrupted iterations
main   [  64% ] 0499/0500 VUs  1m17.0s/2m0s  20.00 iters/s

running (1m18.0s), 0507/0508 VUs, 645 complete and 0 interrupted iterations
main   [  65% ] 0507/0508 VUs  1m18.0s/2m0s  20.00 iters/s

running (1m19.0s), 0507/0509 VUs, 664 complete and 0 interrupted iterations
main   [  66% ] 0507/0509 VUs  1m19.0s/2m0s  20.00 iters/s

running (1m20.0s), 0509/0511 VUs, 680 complete and 0 interrupted iterations
main   [  67% ] 0509/0511 VUs  1m20.0s/2m0s  20.00 iters/s

running (1m21.0s), 0516/0517 VUs, 687 complete and 0 interrupted iterations
main   [  67% ] 0516/0517 VUs  1m21.0s/2m0s  20.00 iters/s

running (1m22.0s), 0526/0527 VUs, 687 complete and 0 interrupted iterations
main   [  68% ] 0526/0527 VUs  1m22.0s/2m0s  20.00 iters/s

running (1m23.0s), 0536/0537 VUs, 687 complete and 0 interrupted iterations
main   [  69% ] 0536/0537 VUs  1m23.0s/2m0s  20.00 iters/s

running (1m24.0s), 0536/0539 VUs, 705 complete and 0 interrupted iterations
main   [  70% ] 0536/0539 VUs  1m24.0s/2m0s  20.00 iters/s

running (1m25.0s), 0540/0541 VUs, 719 complete and 0 interrupted iterations
main   [  71% ] 0540/0541 VUs  1m25.0s/2m0s  20.00 iters/s

running (1m26.0s), 0544/0545 VUs, 731 complete and 0 interrupted iterations
main   [  72% ] 0544/0545 VUs  1m26.0s/2m0s  20.00 iters/s

running (1m27.0s), 0554/0554 VUs, 732 complete and 0 interrupted iterations
main   [  72% ] 0554/0554 VUs  1m27.0s/2m0s  20.00 iters/s

running (1m28.0s), 0564/0564 VUs, 732 complete and 0 interrupted iterations
main   [  73% ] 0564/0564 VUs  1m28.0s/2m0s  20.00 iters/s

running (1m29.0s), 0566/0569 VUs, 745 complete and 0 interrupted iterations
main   [  74% ] 0566/0569 VUs  1m29.0s/2m0s  20.00 iters/s

running (1m30.0s), 0570/0571 VUs, 759 complete and 0 interrupted iterations
main   [  75% ] 0570/0571 VUs  1m30.0s/2m0s  20.00 iters/s

running (1m31.0s), 0573/0574 VUs, 773 complete and 0 interrupted iterations
main   [  76% ] 0573/0574 VUs  1m31.0s/2m0s  20.00 iters/s

running (1m32.0s), 0581/0582 VUs, 777 complete and 0 interrupted iterations
main   [  77% ] 0581/0582 VUs  1m32.0s/2m0s  20.00 iters/s

running (1m33.0s), 0591/0592 VUs, 777 complete and 0 interrupted iterations
main   [  77% ] 0591/0592 VUs  1m33.0s/2m0s  20.00 iters/s

running (1m34.0s), 0595/0598 VUs, 787 complete and 0 interrupted iterations
main   [  78% ] 0595/0598 VUs  1m34.0s/2m0s  20.00 iters/s

running (1m35.0s), 0599/0600 VUs, 801 complete and 0 interrupted iterations
main   [  79% ] 0599/0600 VUs  1m35.0s/2m0s  20.00 iters/s

running (1m36.0s), 0601/0602 VUs, 817 complete and 0 interrupted iterations
main   [  80% ] 0601/0602 VUs  1m36.0s/2m0s  20.00 iters/s

running (1m37.0s), 0608/0608 VUs, 824 complete and 0 interrupted iterations
main   [  81% ] 0608/0608 VUs  1m37.0s/2m0s  20.00 iters/s

running (1m38.0s), 0617/0618 VUs, 825 complete and 0 interrupted iterations
main   [  82% ] 0617/0618 VUs  1m38.0s/2m0s  20.00 iters/s

running (1m39.0s), 0624/0626 VUs, 830 complete and 0 interrupted iterations
main   [  82% ] 0624/0626 VUs  1m39.0s/2m0s  20.00 iters/s

running (1m40.0s), 0628/0628 VUs, 844 complete and 0 interrupted iterations
main   [  83% ] 0628/0628 VUs  1m40.0s/2m0s  20.00 iters/s

running (1m41.0s), 0631/0631 VUs, 858 complete and 0 interrupted iterations
main   [  84% ] 0631/0631 VUs  1m41.0s/2m0s  20.00 iters/s

running (1m42.0s), 0636/0637 VUs, 867 complete and 0 interrupted iterations
main   [  85% ] 0636/0637 VUs  1m42.0s/2m0s  20.00 iters/s

running (1m43.0s), 0645/0646 VUs, 869 complete and 0 interrupted iterations
main   [  86% ] 0645/0646 VUs  1m43.0s/2m0s  20.00 iters/s

running (1m44.0s), 0655/0655 VUs, 870 complete and 0 interrupted iterations
main   [  87% ] 0655/0655 VUs  1m44.0s/2m0s  20.00 iters/s

running (1m45.0s), 0658/0658 VUs, 884 complete and 0 interrupted iterations
main   [  87% ] 0658/0658 VUs  1m45.0s/2m0s  20.00 iters/s

running (1m46.0s), 0661/0661 VUs, 898 complete and 0 interrupted iterations
main   [  88% ] 0661/0661 VUs  1m46.0s/2m0s  20.00 iters/s

running (1m47.0s), 0665/0665 VUs, 910 complete and 0 interrupted iterations
main   [  89% ] 0665/0665 VUs  1m47.0s/2m0s  20.00 iters/s

running (1m48.0s), 0673/0673 VUs, 914 complete and 0 interrupted iterations
main   [  90% ] 0673/0673 VUs  1m48.0s/2m0s  20.00 iters/s

running (1m49.0s), 0683/0683 VUs, 914 complete and 0 interrupted iterations
main   [  91% ] 0683/0683 VUs  1m49.0s/2m0s  20.00 iters/s

running (1m50.0s), 0687/0688 VUs, 925 complete and 0 interrupted iterations
main   [  92% ] 0687/0688 VUs  1m50.0s/2m0s  20.00 iters/s

running (1m51.0s), 0690/0691 VUs, 939 complete and 0 interrupted iterations
main   [  92% ] 0690/0691 VUs  1m51.0s/2m0s  20.00 iters/s

running (1m52.0s), 0693/0695 VUs, 952 complete and 0 interrupted iterations
main   [  93% ] 0693/0695 VUs  1m52.0s/2m0s  20.00 iters/s

running (1m53.0s), 0701/0701 VUs, 958 complete and 0 interrupted iterations
main   [  94% ] 0701/0701 VUs  1m53.0s/2m0s  20.00 iters/s

running (1m54.0s), 0710/0711 VUs, 959 complete and 0 interrupted iterations
main   [  95% ] 0710/0711 VUs  1m54.0s/2m0s  20.00 iters/s

running (1m55.0s), 0717/0718 VUs, 965 complete and 0 interrupted iterations
main   [  96% ] 0717/0718 VUs  1m55.0s/2m0s  20.00 iters/s

running (1m56.0s), 0720/0721 VUs, 979 complete and 0 interrupted iterations
main   [  97% ] 0720/0721 VUs  1m56.0s/2m0s  20.00 iters/s

running (1m57.0s), 0723/0725 VUs, 992 complete and 0 interrupted iterations
main   [  97% ] 0723/0725 VUs  1m57.0s/2m0s  20.00 iters/s

running (1m58.0s), 0727/0728 VUs, 1005 complete and 0 interrupted iterations
main   [  98% ] 0727/0728 VUs  1m58.0s/2m0s  20.00 iters/s

running (1m59.0s), 0736/0737 VUs, 1007 complete and 0 interrupted iterations
main   [  99% ] 0736/0737 VUs  1m59.0s/2m0s  20.00 iters/s

running (2m00.0s), 0745/0745 VUs, 1010 complete and 0 interrupted iterations
main   [ 100% ] 0745/0745 VUs  2m00.0s/2m0s  20.00 iters/s

running (2m01.0s), 0731/0746 VUs, 1024 complete and 0 interrupted iterations
main ↓ [ 100% ] 0745/0745 VUs  2m0s  20.00 iters/s

running (2m02.0s), 0718/0746 VUs, 1037 complete and 0 interrupted iterations
main ↓ [ 100% ] 0745/0745 VUs  2m0s  20.00 iters/s

running (2m03.0s), 0705/0746 VUs, 1050 complete and 0 interrupted iterations
main ↓ [ 100% ] 0745/0745 VUs  2m0s  20.00 iters/s

running (2m04.0s), 0700/0746 VUs, 1055 complete and 0 interrupted iterations
main ↓ [ 100% ] 0745/0745 VUs  2m0s  20.00 iters/s

running (2m05.0s), 0699/0746 VUs, 1056 complete and 0 interrupted iterations
main ↓ [ 100% ] 0745/0745 VUs  2m0s  20.00 iters/s

running (2m06.0s), 0686/0746 VUs, 1069 complete and 0 interrupted iterations
main ↓ [ 100% ] 0745/0745 VUs  2m0s  20.00 iters/s

running (2m07.0s), 0673/0746 VUs, 1082 complete and 0 interrupted iterations
main ↓ [ 100% ] 0745/0745 VUs  2m0s  20.00 iters/s

running (2m08.0s), 0662/0746 VUs, 1093 complete and 0 interrupted iterations
main ↓ [ 100% ] 0745/0745 VUs  2m0s  20.00 iters/s

running (2m09.0s), 0656/0746 VUs, 1099 complete and 0 interrupted iterations
main ↓ [ 100% ] 0745/0745 VUs  2m0s  20.00 iters/s

running (2m10.0s), 0655/0746 VUs, 1100 complete and 0 interrupted iterations
main ↓ [ 100% ] 0745/0745 VUs  2m0s  20.00 iters/s

running (2m11.0s), 0644/0746 VUs, 1111 complete and 0 interrupted iterations
main ↓ [ 100% ] 0745/0745 VUs  2m0s  20.00 iters/s

running (2m12.0s), 0631/0746 VUs, 1124 complete and 0 interrupted iterations
main ↓ [ 100% ] 0745/0745 VUs  2m0s  20.00 iters/s

running (2m13.0s), 0621/0746 VUs, 1134 complete and 0 interrupted iterations
main ↓ [ 100% ] 0745/0745 VUs  2m0s  20.00 iters/s

running (2m14.0s), 0611/0746 VUs, 1144 complete and 0 interrupted iterations
main ↓ [ 100% ] 0745/0745 VUs  2m0s  20.00 iters/s

running (2m15.0s), 0609/0746 VUs, 1146 complete and 0 interrupted iterations
main ↓ [ 100% ] 0745/0745 VUs  2m0s  20.00 iters/s

running (2m16.0s), 0602/0746 VUs, 1153 complete and 0 interrupted iterations
main ↓ [ 100% ] 0745/0745 VUs  2m0s  20.00 iters/s

running (2m17.0s), 0589/0746 VUs, 1166 complete and 0 interrupted iterations
main ↓ [ 100% ] 0745/0745 VUs  2m0s  20.00 iters/s
time="2026-06-11T22:58:18Z" level=warning msg="Request Failed" error="Get \"http://lab-app:8080/b/lazy-unbounded?memberId=814&limit=500\": request timeout"
time="2026-06-11T22:58:18Z" level=warning msg="Request Failed" error="Get \"http://lab-app:8080/b/lazy-unbounded?memberId=447&limit=500\": request timeout"
time="2026-06-11T22:58:18Z" level=warning msg="Request Failed" error="Get \"http://lab-app:8080/b/lazy-unbounded?memberId=1735&limit=500\": request timeout"
time="2026-06-11T22:58:18Z" level=warning msg="Request Failed" error="Get \"http://lab-app:8080/b/lazy-unbounded?memberId=92&limit=500\": request timeout"
time="2026-06-11T22:58:18Z" level=warning msg="Request Failed" error="Get \"http://lab-app:8080/b/lazy-unbounded?memberId=1114&limit=500\": request timeout"

running (2m18.0s), 0574/0746 VUs, 1181 complete and 0 interrupted iterations
main ↓ [ 100% ] 0745/0745 VUs  2m0s  20.00 iters/s
time="2026-06-11T22:58:18Z" level=warning msg="Request Failed" error="Get \"http://lab-app:8080/b/lazy-unbounded?memberId=1861&limit=500\": request timeout"
time="2026-06-11T22:58:18Z" level=warning msg="Request Failed" error="Get \"http://lab-app:8080/b/lazy-unbounded?memberId=1867&limit=500\": request timeout"
time="2026-06-11T22:58:18Z" level=warning msg="Request Failed" error="Get \"http://lab-app:8080/b/lazy-unbounded?memberId=1979&limit=500\": request timeout"

running (2m19.0s), 0565/0746 VUs, 1190 complete and 0 interrupted iterations
main ↓ [ 100% ] 0745/0745 VUs  2m0s  20.00 iters/s
time="2026-06-11T22:58:20Z" level=warning msg="Request Failed" error="Get \"http://lab-app:8080/b/lazy-unbounded?memberId=846&limit=500\": request timeout"

running (2m20.0s), 0563/0746 VUs, 1192 complete and 0 interrupted iterations
main ↓ [ 100% ] 0745/0745 VUs  2m0s  20.00 iters/s
time="2026-06-11T22:58:21Z" level=warning msg="Request Failed" error="Get \"http://lab-app:8080/b/lazy-unbounded?memberId=212&limit=500\": request timeout"
time="2026-06-11T22:58:21Z" level=warning msg="Request Failed" error="Get \"http://lab-app:8080/b/lazy-unbounded?memberId=105&limit=500\": request timeout"
time="2026-06-11T22:58:21Z" level=warning msg="Request Failed" error="Get \"http://lab-app:8080/b/lazy-unbounded?memberId=206&limit=500\": request timeout"
time="2026-06-11T22:58:21Z" level=warning msg="Request Failed" error="Get \"http://lab-app:8080/b/lazy-unbounded?memberId=1470&limit=500\": request timeout"
time="2026-06-11T22:58:21Z" level=warning msg="Request Failed" error="Get \"http://lab-app:8080/b/lazy-unbounded?memberId=1579&limit=500\": request timeout"
time="2026-06-11T22:58:21Z" level=warning msg="Request Failed" error="Get \"http://lab-app:8080/b/lazy-unbounded?memberId=182&limit=500\": request timeout"
time="2026-06-11T22:58:21Z" level=warning msg="Request Failed" error="Get \"http://lab-app:8080/b/lazy-unbounded?memberId=15&limit=500\": request timeout"
time="2026-06-11T22:58:21Z" level=warning msg="Request Failed" error="Get \"http://lab-app:8080/b/lazy-unbounded?memberId=390&limit=500\": request timeout"
time="2026-06-11T22:58:21Z" level=warning msg="Request Failed" error="Get \"http://lab-app:8080/b/lazy-unbounded?memberId=1248&limit=500\": request timeout"

running (2m21.0s), 0552/0746 VUs, 1203 complete and 0 interrupted iterations
main ↓ [ 100% ] 0745/0745 VUs  2m0s  20.00 iters/s
time="2026-06-11T22:58:21Z" level=warning msg="Request Failed" error="Get \"http://lab-app:8080/b/lazy-unbounded?memberId=1536&limit=500\": request timeout"
time="2026-06-11T22:58:21Z" level=warning msg="Request Failed" error="Get \"http://lab-app:8080/b/lazy-unbounded?memberId=980&limit=500\": request timeout"
time="2026-06-11T22:58:22Z" level=warning msg="Request Failed" error="Get \"http://lab-app:8080/b/lazy-unbounded?memberId=169&limit=500\": request timeout"

running (2m22.0s), 0539/0746 VUs, 1216 complete and 0 interrupted iterations
main ↓ [ 100% ] 0745/0745 VUs  2m0s  20.00 iters/s

running (2m23.0s), 0529/0746 VUs, 1226 complete and 0 interrupted iterations
main ↓ [ 100% ] 0745/0745 VUs  2m0s  20.00 iters/s
time="2026-06-11T22:58:24Z" level=warning msg="Request Failed" error="Get \"http://lab-app:8080/b/lazy-unbounded?memberId=1625&limit=500\": request timeout"
time="2026-06-11T22:58:24Z" level=warning msg="Request Failed" error="Get \"http://lab-app:8080/b/lazy-unbounded?memberId=39&limit=500\": request timeout"
time="2026-06-11T22:58:24Z" level=warning msg="Request Failed" error="Get \"http://lab-app:8080/b/lazy-unbounded?memberId=1272&limit=500\": request timeout"
time="2026-06-11T22:58:24Z" level=warning msg="Request Failed" error="Get \"http://lab-app:8080/b/lazy-unbounded?memberId=1047&limit=500\": request timeout"
time="2026-06-11T22:58:24Z" level=warning msg="Request Failed" error="Get \"http://lab-app:8080/b/lazy-unbounded?memberId=66&limit=500\": request timeout"
time="2026-06-11T22:58:24Z" level=warning msg="Request Failed" error="Get \"http://lab-app:8080/b/lazy-unbounded?memberId=1001&limit=500\": request timeout"
time="2026-06-11T22:58:24Z" level=warning msg="Request Failed" error="Get \"http://lab-app:8080/b/lazy-unbounded?memberId=1880&limit=500\": request timeout"
time="2026-06-11T22:58:24Z" level=warning msg="Request Failed" error="Get \"http://lab-app:8080/b/lazy-unbounded?memberId=1914&limit=500\": request timeout"
time="2026-06-11T22:58:24Z" level=warning msg="Request Failed" error="Get \"http://lab-app:8080/b/lazy-unbounded?memberId=259&limit=500\": request timeout"
time="2026-06-11T22:58:24Z" level=warning msg="Request Failed" error="Get \"http://lab-app:8080/b/lazy-unbounded?memberId=268&limit=500\": request timeout"
time="2026-06-11T22:58:24Z" level=warning msg="Request Failed" error="Get \"http://lab-app:8080/b/lazy-unbounded?memberId=764&limit=500\": request timeout"
time="2026-06-11T22:58:24Z" level=warning msg="Request Failed" error="Get \"http://lab-app:8080/b/lazy-unbounded?memberId=687&limit=500\": request timeout"
time="2026-06-11T22:58:24Z" level=warning msg="Request Failed" error="Get \"http://lab-app:8080/b/lazy-unbounded?memberId=1551&limit=500\": request timeout"

running (2m24.0s), 0514/0746 VUs, 1241 complete and 0 interrupted iterations
main ↓ [ 100% ] 0745/0745 VUs  2m0s  20.00 iters/s
time="2026-06-11T22:58:24Z" level=warning msg="Request Failed" error="Get \"http://lab-app:8080/b/lazy-unbounded?memberId=660&limit=500\": request timeout"
time="2026-06-11T22:58:24Z" level=warning msg="Request Failed" error="Get \"http://lab-app:8080/b/lazy-unbounded?memberId=1999&limit=500\": request timeout"
time="2026-06-11T22:58:24Z" level=warning msg="Request Failed" error="Get \"http://lab-app:8080/b/lazy-unbounded?memberId=288&limit=500\": request timeout"
time="2026-06-11T22:58:25Z" level=warning msg="Request Failed" error="Get \"http://lab-app:8080/b/lazy-unbounded?memberId=1283&limit=500\": request timeout"
time="2026-06-11T22:58:25Z" level=warning msg="Request Failed" error="Get \"http://lab-app:8080/b/lazy-unbounded?memberId=687&limit=500\": request timeout"
time="2026-06-11T22:58:25Z" level=warning msg="Request Failed" error="Get \"http://lab-app:8080/b/lazy-unbounded?memberId=1432&limit=500\": request timeout"
time="2026-06-11T22:58:25Z" level=warning msg="Request Failed" error="Get \"http://lab-app:8080/b/lazy-unbounded?memberId=1940&limit=500\": request timeout"
time="2026-06-11T22:58:25Z" level=warning msg="Request Failed" error="Get \"http://lab-app:8080/b/lazy-unbounded?memberId=1066&limit=500\": request timeout"
time="2026-06-11T22:58:25Z" level=warning msg="Request Failed" error="Get \"http://lab-app:8080/b/lazy-unbounded?memberId=511&limit=500\": request timeout"
time="2026-06-11T22:58:25Z" level=warning msg="Request Failed" error="Get \"http://lab-app:8080/b/lazy-unbounded?memberId=679&limit=500\": request timeout"
time="2026-06-11T22:58:25Z" level=warning msg="Request Failed" error="Get \"http://lab-app:8080/b/lazy-unbounded?memberId=1329&limit=500\": request timeout"
time="2026-06-11T22:58:25Z" level=warning msg="Request Failed" error="Get \"http://lab-app:8080/b/lazy-unbounded?memberId=645&limit=500\": request timeout"
time="2026-06-11T22:58:25Z" level=warning msg="Request Failed" error="Get \"http://lab-app:8080/b/lazy-unbounded?memberId=454&limit=500\": request timeout"
time="2026-06-11T22:58:25Z" level=warning msg="Request Failed" error="Get \"http://lab-app:8080/b/lazy-unbounded?memberId=855&limit=500\": request timeout"
time="2026-06-11T22:58:25Z" level=warning msg="Request Failed" error="Get \"http://lab-app:8080/b/lazy-unbounded?memberId=801&limit=500\": request timeout"
time="2026-06-11T22:58:25Z" level=warning msg="Request Failed" error="Get \"http://lab-app:8080/b/lazy-unbounded?memberId=1248&limit=500\": request timeout"
time="2026-06-11T22:58:25Z" level=warning msg="Request Failed" error="Get \"http://lab-app:8080/b/lazy-unbounded?memberId=1291&limit=500\": request timeout"
time="2026-06-11T22:58:25Z" level=warning msg="Request Failed" error="Get \"http://lab-app:8080/b/lazy-unbounded?memberId=519&limit=500\": request timeout"

running (2m25.0s), 0496/0746 VUs, 1259 complete and 0 interrupted iterations
main ↓ [ 100% ] 0745/0745 VUs  2m0s  20.00 iters/s
time="2026-06-11T22:58:25Z" level=warning msg="Request Failed" error="Get \"http://lab-app:8080/b/lazy-unbounded?memberId=1691&limit=500\": request timeout"
time="2026-06-11T22:58:25Z" level=warning msg="Request Failed" error="Get \"http://lab-app:8080/b/lazy-unbounded?memberId=299&limit=500\": request timeout"
time="2026-06-11T22:58:25Z" level=warning msg="Request Failed" error="Get \"http://lab-app:8080/b/lazy-unbounded?memberId=1703&limit=500\": request timeout"
time="2026-06-11T22:58:26Z" level=warning msg="Request Failed" error="Get \"http://lab-app:8080/b/lazy-unbounded?memberId=1395&limit=500\": request timeout"
time="2026-06-11T22:58:26Z" level=warning msg="Request Failed" error="Get \"http://lab-app:8080/b/lazy-unbounded?memberId=1838&limit=500\": request timeout"
time="2026-06-11T22:58:26Z" level=warning msg="Request Failed" error="Get \"http://lab-app:8080/b/lazy-unbounded?memberId=1009&limit=500\": request timeout"
time="2026-06-11T22:58:26Z" level=warning msg="Request Failed" error="Get \"http://lab-app:8080/b/lazy-unbounded?memberId=1761&limit=500\": request timeout"
time="2026-06-11T22:58:26Z" level=warning msg="Request Failed" error="Get \"http://lab-app:8080/b/lazy-unbounded?memberId=1700&limit=500\": request timeout"
time="2026-06-11T22:58:26Z" level=warning msg="Request Failed" error="Get \"http://lab-app:8080/b/lazy-unbounded?memberId=1813&limit=500\": request timeout"
time="2026-06-11T22:58:26Z" level=warning msg="Request Failed" error="Get \"http://lab-app:8080/b/lazy-unbounded?memberId=1501&limit=500\": request timeout"
time="2026-06-11T22:58:26Z" level=warning msg="Request Failed" error="Get \"http://lab-app:8080/b/lazy-unbounded?memberId=331&limit=500\": request timeout"
time="2026-06-11T22:58:26Z" level=warning msg="Request Failed" error="Get \"http://lab-app:8080/b/lazy-unbounded?memberId=1149&limit=500\": request timeout"
time="2026-06-11T22:58:26Z" level=warning msg="Request Failed" error="Get \"http://lab-app:8080/b/lazy-unbounded?memberId=1979&limit=500\": request timeout"
time="2026-06-11T22:58:26Z" level=warning msg="Request Failed" error="Get \"http://lab-app:8080/b/lazy-unbounded?memberId=162&limit=500\": request timeout"
time="2026-06-11T22:58:26Z" level=warning msg="Request Failed" error="Get \"http://lab-app:8080/b/lazy-unbounded?memberId=103&limit=500\": request timeout"
time="2026-06-11T22:58:26Z" level=warning msg="Request Failed" error="Get \"http://lab-app:8080/b/lazy-unbounded?memberId=171&limit=500\": request timeout"

running (2m26.0s), 0480/0746 VUs, 1275 complete and 0 interrupted iterations
main ↓ [ 100% ] 0745/0745 VUs  2m0s  20.00 iters/s
time="2026-06-11T22:58:26Z" level=warning msg="Request Failed" error="Get \"http://lab-app:8080/b/lazy-unbounded?memberId=374&limit=500\": request timeout"
time="2026-06-11T22:58:26Z" level=warning msg="Request Failed" error="Get \"http://lab-app:8080/b/lazy-unbounded?memberId=122&limit=500\": request timeout"
time="2026-06-11T22:58:27Z" level=warning msg="Request Failed" error="Get \"http://lab-app:8080/b/lazy-unbounded?memberId=467&limit=500\": request timeout"
time="2026-06-11T22:58:27Z" level=warning msg="Request Failed" error="Get \"http://lab-app:8080/b/lazy-unbounded?memberId=648&limit=500\": request timeout"
time="2026-06-11T22:58:27Z" level=warning msg="Request Failed" error="Get \"http://lab-app:8080/b/lazy-unbounded?memberId=870&limit=500\": request timeout"
time="2026-06-11T22:58:27Z" level=warning msg="Request Failed" error="Get \"http://lab-app:8080/b/lazy-unbounded?memberId=394&limit=500\": request timeout"
time="2026-06-11T22:58:27Z" level=warning msg="Request Failed" error="Get \"http://lab-app:8080/b/lazy-unbounded?memberId=530&limit=500\": request timeout"
time="2026-06-11T22:58:27Z" level=warning msg="Request Failed" error="Get \"http://lab-app:8080/b/lazy-unbounded?memberId=1425&limit=500\": request timeout"
time="2026-06-11T22:58:27Z" level=warning msg="Request Failed" error="Get \"http://lab-app:8080/b/lazy-unbounded?memberId=1811&limit=500\": request timeout"
time="2026-06-11T22:58:27Z" level=warning msg="Request Failed" error="Get \"http://lab-app:8080/b/lazy-unbounded?memberId=1050&limit=500\": request timeout"
time="2026-06-11T22:58:27Z" level=warning msg="Request Failed" error="Get \"http://lab-app:8080/b/lazy-unbounded?memberId=247&limit=500\": request timeout"

running (2m27.0s), 0469/0746 VUs, 1286 complete and 0 interrupted iterations
main ↓ [ 100% ] 0745/0745 VUs  2m0s  20.00 iters/s
time="2026-06-11T22:58:27Z" level=warning msg="Request Failed" error="Get \"http://lab-app:8080/b/lazy-unbounded?memberId=472&limit=500\": request timeout"
time="2026-06-11T22:58:28Z" level=warning msg="Request Failed" error="Get \"http://lab-app:8080/b/lazy-unbounded?memberId=1420&limit=500\": request timeout"
time="2026-06-11T22:58:28Z" level=warning msg="Request Failed" error="Get \"http://lab-app:8080/b/lazy-unbounded?memberId=958&limit=500\": request timeout"
time="2026-06-11T22:58:28Z" level=warning msg="Request Failed" error="Get \"http://lab-app:8080/b/lazy-unbounded?memberId=1837&limit=500\": request timeout"
time="2026-06-11T22:58:28Z" level=warning msg="Request Failed" error="Get \"http://lab-app:8080/b/lazy-unbounded?memberId=1907&limit=500\": request timeout"
time="2026-06-11T22:58:28Z" level=warning msg="Request Failed" error="Get \"http://lab-app:8080/b/lazy-unbounded?memberId=1852&limit=500\": request timeout"
time="2026-06-11T22:58:28Z" level=warning msg="Request Failed" error="Get \"http://lab-app:8080/b/lazy-unbounded?memberId=983&limit=500\": request timeout"
time="2026-06-11T22:58:28Z" level=warning msg="Request Failed" error="Get \"http://lab-app:8080/b/lazy-unbounded?memberId=907&limit=500\": request timeout"
time="2026-06-11T22:58:28Z" level=warning msg="Request Failed" error="Get \"http://lab-app:8080/b/lazy-unbounded?memberId=606&limit=500\": request timeout"
time="2026-06-11T22:58:28Z" level=warning msg="Request Failed" error="Get \"http://lab-app:8080/b/lazy-unbounded?memberId=536&limit=500\": request timeout"

running (2m28.0s), 0459/0746 VUs, 1296 complete and 0 interrupted iterations
main ↓ [ 100% ] 0745/0745 VUs  2m0s  20.00 iters/s
time="2026-06-11T22:58:28Z" level=warning msg="Request Failed" error="Get \"http://lab-app:8080/b/lazy-unbounded?memberId=1984&limit=500\": request timeout"
time="2026-06-11T22:58:29Z" level=warning msg="Request Failed" error="Get \"http://lab-app:8080/b/lazy-unbounded?memberId=5&limit=500\": request timeout"
time="2026-06-11T22:58:29Z" level=warning msg="Request Failed" error="Get \"http://lab-app:8080/b/lazy-unbounded?memberId=458&limit=500\": request timeout"
time="2026-06-11T22:58:29Z" level=warning msg="Request Failed" error="Get \"http://lab-app:8080/b/lazy-unbounded?memberId=889&limit=500\": request timeout"
time="2026-06-11T22:58:29Z" level=warning msg="Request Failed" error="Get \"http://lab-app:8080/b/lazy-unbounded?memberId=1832&limit=500\": request timeout"
time="2026-06-11T22:58:29Z" level=warning msg="Request Failed" error="Get \"http://lab-app:8080/b/lazy-unbounded?memberId=150&limit=500\": request timeout"
time="2026-06-11T22:58:29Z" level=warning msg="Request Failed" error="Get \"http://lab-app:8080/b/lazy-unbounded?memberId=1273&limit=500\": request timeout"
time="2026-06-11T22:58:29Z" level=warning msg="Request Failed" error="Get \"http://lab-app:8080/b/lazy-unbounded?memberId=1941&limit=500\": request timeout"
time="2026-06-11T22:58:29Z" level=warning msg="Request Failed" error="Get \"http://lab-app:8080/b/lazy-unbounded?memberId=788&limit=500\": request timeout"
time="2026-06-11T22:58:29Z" level=warning msg="Request Failed" error="Get \"http://lab-app:8080/b/lazy-unbounded?memberId=281&limit=500\": request timeout"
time="2026-06-11T22:58:29Z" level=warning msg="Request Failed" error="Get \"http://lab-app:8080/b/lazy-unbounded?memberId=1580&limit=500\": request timeout"
time="2026-06-11T22:58:29Z" level=warning msg="Request Failed" error="Get \"http://lab-app:8080/b/lazy-unbounded?memberId=833&limit=500\": request timeout"
time="2026-06-11T22:58:29Z" level=warning msg="Request Failed" error="Get \"http://lab-app:8080/b/lazy-unbounded?memberId=1058&limit=500\": request timeout"
time="2026-06-11T22:58:29Z" level=warning msg="Request Failed" error="Get \"http://lab-app:8080/b/lazy-unbounded?memberId=296&limit=500\": request timeout"
time="2026-06-11T22:58:29Z" level=warning msg="Request Failed" error="Get \"http://lab-app:8080/b/lazy-unbounded?memberId=940&limit=500\": request timeout"

running (2m29.0s), 0444/0746 VUs, 1311 complete and 0 interrupted iterations
main ↓ [ 100% ] 0745/0745 VUs  2m0s  20.00 iters/s
time="2026-06-11T22:58:29Z" level=warning msg="Request Failed" error="Get \"http://lab-app:8080/b/lazy-unbounded?memberId=1927&limit=500\": request timeout"
time="2026-06-11T22:58:29Z" level=warning msg="Request Failed" error="Get \"http://lab-app:8080/b/lazy-unbounded?memberId=1089&limit=500\": request timeout"
time="2026-06-11T22:58:29Z" level=warning msg="Request Failed" error="Get \"http://lab-app:8080/b/lazy-unbounded?memberId=342&limit=500\": request timeout"
time="2026-06-11T22:58:30Z" level=warning msg="Request Failed" error="Get \"http://lab-app:8080/b/lazy-unbounded?memberId=657&limit=500\": request timeout"
time="2026-06-11T22:58:30Z" level=warning msg="Request Failed" error="Get \"http://lab-app:8080/b/lazy-unbounded?memberId=120&limit=500\": request timeout"
time="2026-06-11T22:58:30Z" level=warning msg="Request Failed" error="Get \"http://lab-app:8080/b/lazy-unbounded?memberId=1497&limit=500\": request timeout"
time="2026-06-11T22:58:30Z" level=warning msg="Request Failed" error="Get \"http://lab-app:8080/b/lazy-unbounded?memberId=556&limit=500\": request timeout"
time="2026-06-11T22:58:30Z" level=warning msg="Request Failed" error="Get \"http://lab-app:8080/b/lazy-unbounded?memberId=144&limit=500\": request timeout"
time="2026-06-11T22:58:30Z" level=warning msg="Request Failed" error="Get \"http://lab-app:8080/b/lazy-unbounded?memberId=746&limit=500\": request timeout"
time="2026-06-11T22:58:30Z" level=warning msg="Request Failed" error="Get \"http://lab-app:8080/b/lazy-unbounded?memberId=607&limit=500\": request timeout"
time="2026-06-11T22:58:30Z" level=warning msg="Request Failed" error="Get \"http://lab-app:8080/b/lazy-unbounded?memberId=1679&limit=500\": request timeout"
time="2026-06-11T22:58:30Z" level=warning msg="Request Failed" error="Get \"http://lab-app:8080/b/lazy-unbounded?memberId=1673&limit=500\": request timeout"
time="2026-06-11T22:58:30Z" level=warning msg="Request Failed" error="Get \"http://lab-app:8080/b/lazy-unbounded?memberId=267&limit=500\": request timeout"
time="2026-06-11T22:58:30Z" level=warning msg="Request Failed" error="Get \"http://lab-app:8080/b/lazy-unbounded?memberId=931&limit=500\": request timeout"
time="2026-06-11T22:58:30Z" level=warning msg="Request Failed" error="Get \"http://lab-app:8080/b/lazy-unbounded?memberId=927&limit=500\": request timeout"
time="2026-06-11T22:58:30Z" level=warning msg="Request Failed" error="Get \"http://lab-app:8080/b/lazy-unbounded?memberId=32&limit=500\": request timeout"
time="2026-06-11T22:58:30Z" level=warning msg="Request Failed" error="Get \"http://lab-app:8080/b/lazy-unbounded?memberId=563&limit=500\": request timeout"
time="2026-06-11T22:58:30Z" level=warning msg="Request Failed" error="Get \"http://lab-app:8080/b/lazy-unbounded?memberId=482&limit=500\": request timeout"

running (2m30.0s), 0426/0746 VUs, 1329 complete and 0 interrupted iterations
main ↓ [ 100% ] 0745/0745 VUs  2m0s  20.00 iters/s

running (2m30.1s), 0000/0746 VUs, 1329 complete and 426 interrupted iterations
main ✓ [ 100% ] 0426/0746 VUs  2m0s  20.00 iters/s
  Repeat 1 complete. Results in results/b-lazy-unbounded-rtt10000-r20-rep1-1781218558.json
=== Cell complete: 1 repeat(s) for b/lazy-unbounded rtt=10000us ===

[campaign] (12) cell: b|joinfetch|10000|20|-|N=500,MAX_MEMBER_ID=2000
=== Cell: scenario=b style=joinfetch rtt=10000us rate=20rps duration=2m scale=full maxMember=2000 repeats=1 ===
[1/4] Setting netem delay 10000us...
Setting netem delay 10000us on lab-mysql eth0...
time="2026-06-12T07:58:29+09:00" level=warning msg="/Users/rene/rdb-join-lab/docker-compose.yml: the attribute `version` is obsolete, it will be ignored, please remove it to avoid potential confusion"
Current qdisc:
time="2026-06-12T07:58:29+09:00" level=warning msg="/Users/rene/rdb-join-lab/docker-compose.yml: the attribute `version` is obsolete, it will be ignored, please remove it to avoid potential confusion"
qdisc netem 8016: root refcnt 7 limit 1000 delay 10ms seed 3398887914073595984
[2/4] Warming InnoDB buffer pool...
=== Step 1: Warm-up queries (priming buffer pool, ~10% of full scale) ===
COUNT(*)
3400211
COUNT(*)
1000000
COUNT(*)
8679702
COUNT(*)
10000
Warm-up queries complete.
=== Step 2: Triggering InnoDB buffer pool dump ===
time="2026-06-12T07:58:31+09:00" level=warning msg="/Users/rene/rdb-join-lab/docker-compose.yml: the attribute `version` is obsolete, it will be ignored, please remove it to avoid potential confusion"
mysql: [Warning] Using a password on the command line interface can be insecure.
Polling dump status (timeout 300s)...
  [0s] Dump status: Buffer pool(s) dump completed at 260611 22:58:33
Buffer pool dump completed.
=== Step 3: Triggering InnoDB buffer pool load ===
time="2026-06-12T07:58:31+09:00" level=warning msg="/Users/rene/rdb-join-lab/docker-compose.yml: the attribute `version` is obsolete, it will be ignored, please remove it to avoid potential confusion"
mysql: [Warning] Using a password on the command line interface can be insecure.
Polling load status (timeout 300s)...
  [0s] Load status: Loaded 143361/188400 pages
  [5s] Load status: Buffer pool(s) load completed at 260611 22:58:33
Buffer pool load completed.
=== Step 3b: Capturing post-load snapshot for warm-state gate ===
COUNT(*)
1210060
COUNT(*)
8679702
COUNT(*)
10000
Re-verification queries complete.
=== Step 4: Warm-state gate (physical reads < 0.01, post-load window) ===
  Post-load reverify window: physical reads delta: 0 / 29878 = 0.0
  (Pre-warmup baseline: 28539 / 3976545613, for reference)
  Warm-state gate PASSED.
=== Step 5: ANALYZE TABLE ===
Table	Op	Msg_type	Msg_text
lab.coupon_policy	analyze	status	OK
lab.member	analyze	status	OK
lab.coupon_issue	analyze	status	OK
ANALYZE TABLE complete.
=== Step 5b: Capturing InnoDB engine status (AHI verification) ===
  InnoDB status captured: results/innodb-status-1781218718.txt
  AHI indicator: INSERT BUFFER AND ADAPTIVE HASH INDEX
0.00 hash searches/s, 3291.05 non-hash searches/s
=== Step 5c: EXPLAIN Scenario B ORDER BY id ASC (filesort check) ===
  WARNING: EXPLAIN shows 'Using filesort' for Scenario B ORDER BY id ASC query.
  Expected idx_issue_member_id to cover ORDER BY — check index creation in schema.sql.
  EXPLAIN output:
1	SIMPLE	coupon_issue	NULL	ref	idx_issue_member_status,idx_issue_member_id	idx_issue_member_status	8	const	1206	100.00	Using filesort
[3/4] Dual calibration (nominal=10000us)...
  [held conn] calibrate n=10000...
  [per checkout] calibrate/loaded n=10000...
{
    "n": 2000,
    "min": 10116,
    "p50": 12802,
    "p95": 15192,
    "p99": 15534,
    "max": 1664806
}
Running dual calibration probe (n=10000 held + n=10000 loaded)...
=== held (pure wire RTT) ===
{
    "n": 2000,
    "min": 10151,
    "p50": 12479,
    "p95": 15249,
    "p99": 16713,
    "max": 380997
}
=== loaded (wire RTT + pool checkout) ===
{
    "n": 2000,
    "min": 10151,
    "p50": 12402,
    "p95": 15058,
    "p99": 15538,
    "max": 136983
}

Appended dual record to results/calibration.jsonl: {"held": {"n": 2000, "min": 10151, "p50": 12479, "p95": 15249, "p99": 16713, "max": 380997}, "loaded": {"n": 2000, "min": 10151, "p50": 12402, "p95": 15058, "p99": 15538, "max": 136983}, "timestamp": "2026-06-11T23:00:43Z", "nominal_delay_us": 10000}
[4/1] Running k6 repeat 1/1 (output -> results/b-joinfetch-rtt10000-r20-rep1-1781218843.json)...
time="2026-06-12T08:00:43+09:00" level=warning msg="/Users/rene/rdb-join-lab/docker-compose.yml: the attribute `version` is obsolete, it will be ignored, please remove it to avoid potential confusion"

         /\      Grafana   /‾‾/  
    /\  /  \     |\  __   /  /   
   /  \/    \    | |/ /  /   ‾‾\ 
  /          \   |   (  |  (‾)  |
 / __________ \  |_|\_\  \_____/ 


     execution: local
        script: /scripts/scenario.js
        output: -

     scenarios: (100.00%) 1 scenario, 1000 max VUs, 2m30s max duration (incl. graceful stop):
              * main: 20.00 iterations/s for 2m0s (maxVUs: 100-1000, gracefulStop: 30s)


running (0m01.0s), 0002/0100 VUs, 18 complete and 0 interrupted iterations
main   [   1% ] 0002/0100 VUs  0m01.0s/2m0s  20.00 iters/s

running (0m02.0s), 0002/0100 VUs, 38 complete and 0 interrupted iterations
main   [   2% ] 0002/0100 VUs  0m02.0s/2m0s  20.00 iters/s

running (0m03.0s), 0002/0100 VUs, 58 complete and 0 interrupted iterations
main   [   2% ] 0002/0100 VUs  0m03.0s/2m0s  20.00 iters/s

running (0m04.0s), 0002/0100 VUs, 78 complete and 0 interrupted iterations
main   [   3% ] 0002/0100 VUs  0m04.0s/2m0s  20.00 iters/s

running (0m05.0s), 0002/0100 VUs, 98 complete and 0 interrupted iterations
main   [   4% ] 0002/0100 VUs  0m05.0s/2m0s  20.00 iters/s

running (0m06.0s), 0002/0100 VUs, 118 complete and 0 interrupted iterations
main   [   5% ] 0002/0100 VUs  0m06.0s/2m0s  20.00 iters/s

running (0m07.0s), 0002/0100 VUs, 138 complete and 0 interrupted iterations
main   [   6% ] 0002/0100 VUs  0m07.0s/2m0s  20.00 iters/s

running (0m08.0s), 0002/0100 VUs, 158 complete and 0 interrupted iterations
main   [   7% ] 0002/0100 VUs  0m08.0s/2m0s  20.00 iters/s

running (0m09.0s), 0002/0100 VUs, 178 complete and 0 interrupted iterations
main   [   7% ] 0002/0100 VUs  0m09.0s/2m0s  20.00 iters/s

running (0m10.0s), 0002/0100 VUs, 198 complete and 0 interrupted iterations
main   [   8% ] 0002/0100 VUs  0m10.0s/2m0s  20.00 iters/s

running (0m11.0s), 0002/0100 VUs, 218 complete and 0 interrupted iterations
main   [   9% ] 0002/0100 VUs  0m11.0s/2m0s  20.00 iters/s

running (0m12.0s), 0002/0100 VUs, 238 complete and 0 interrupted iterations
main   [  10% ] 0002/0100 VUs  0m12.0s/2m0s  20.00 iters/s

running (0m13.0s), 0002/0100 VUs, 258 complete and 0 interrupted iterations
main   [  11% ] 0002/0100 VUs  0m13.0s/2m0s  20.00 iters/s

running (0m14.0s), 0002/0100 VUs, 278 complete and 0 interrupted iterations
main   [  12% ] 0002/0100 VUs  0m14.0s/2m0s  20.00 iters/s

running (0m15.0s), 0002/0100 VUs, 298 complete and 0 interrupted iterations
main   [  12% ] 0002/0100 VUs  0m15.0s/2m0s  20.00 iters/s

running (0m16.0s), 0002/0100 VUs, 318 complete and 0 interrupted iterations
main   [  13% ] 0002/0100 VUs  0m16.0s/2m0s  20.00 iters/s

running (0m17.0s), 0002/0100 VUs, 338 complete and 0 interrupted iterations
main   [  14% ] 0002/0100 VUs  0m17.0s/2m0s  20.00 iters/s

running (0m18.0s), 0002/0100 VUs, 358 complete and 0 interrupted iterations
main   [  15% ] 0002/0100 VUs  0m18.0s/2m0s  20.00 iters/s

running (0m19.0s), 0002/0100 VUs, 378 complete and 0 interrupted iterations
main   [  16% ] 0002/0100 VUs  0m19.0s/2m0s  20.00 iters/s

running (0m20.0s), 0002/0100 VUs, 398 complete and 0 interrupted iterations
main   [  17% ] 0002/0100 VUs  0m20.0s/2m0s  20.00 iters/s

running (0m21.0s), 0002/0100 VUs, 418 complete and 0 interrupted iterations
main   [  17% ] 0002/0100 VUs  0m21.0s/2m0s  20.00 iters/s

running (0m22.0s), 0002/0100 VUs, 438 complete and 0 interrupted iterations
main   [  18% ] 0002/0100 VUs  0m22.0s/2m0s  20.00 iters/s

running (0m23.0s), 0002/0100 VUs, 458 complete and 0 interrupted iterations
main   [  19% ] 0002/0100 VUs  0m23.0s/2m0s  20.00 iters/s

running (0m24.0s), 0002/0100 VUs, 478 complete and 0 interrupted iterations
main   [  20% ] 0002/0100 VUs  0m24.0s/2m0s  20.00 iters/s

running (0m25.0s), 0002/0100 VUs, 498 complete and 0 interrupted iterations
main   [  21% ] 0002/0100 VUs  0m25.0s/2m0s  20.00 iters/s

running (0m26.0s), 0002/0100 VUs, 518 complete and 0 interrupted iterations
main   [  22% ] 0002/0100 VUs  0m26.0s/2m0s  20.00 iters/s

running (0m27.0s), 0002/0100 VUs, 538 complete and 0 interrupted iterations
main   [  22% ] 0002/0100 VUs  0m27.0s/2m0s  20.00 iters/s

running (0m28.0s), 0002/0100 VUs, 558 complete and 0 interrupted iterations
main   [  23% ] 0002/0100 VUs  0m28.0s/2m0s  20.00 iters/s

running (0m29.0s), 0002/0100 VUs, 578 complete and 0 interrupted iterations
main   [  24% ] 0002/0100 VUs  0m29.0s/2m0s  20.00 iters/s

running (0m30.0s), 0002/0100 VUs, 598 complete and 0 interrupted iterations
main   [  25% ] 0002/0100 VUs  0m30.0s/2m0s  20.00 iters/s

running (0m31.0s), 0002/0100 VUs, 618 complete and 0 interrupted iterations
main   [  26% ] 0002/0100 VUs  0m31.0s/2m0s  20.00 iters/s

running (0m32.0s), 0002/0100 VUs, 638 complete and 0 interrupted iterations
main   [  27% ] 0002/0100 VUs  0m32.0s/2m0s  20.00 iters/s

running (0m33.0s), 0002/0100 VUs, 658 complete and 0 interrupted iterations
main   [  27% ] 0002/0100 VUs  0m33.0s/2m0s  20.00 iters/s

running (0m34.0s), 0002/0100 VUs, 678 complete and 0 interrupted iterations
main   [  28% ] 0002/0100 VUs  0m34.0s/2m0s  20.00 iters/s

running (0m35.0s), 0002/0100 VUs, 698 complete and 0 interrupted iterations
main   [  29% ] 0002/0100 VUs  0m35.0s/2m0s  20.00 iters/s

running (0m36.0s), 0002/0100 VUs, 718 complete and 0 interrupted iterations
main   [  30% ] 0002/0100 VUs  0m36.0s/2m0s  20.00 iters/s

running (0m37.0s), 0002/0100 VUs, 738 complete and 0 interrupted iterations
main   [  31% ] 0002/0100 VUs  0m37.0s/2m0s  20.00 iters/s

running (0m38.0s), 0002/0100 VUs, 758 complete and 0 interrupted iterations
main   [  32% ] 0002/0100 VUs  0m38.0s/2m0s  20.00 iters/s

running (0m39.0s), 0002/0100 VUs, 778 complete and 0 interrupted iterations
main   [  32% ] 0002/0100 VUs  0m39.0s/2m0s  20.00 iters/s

running (0m40.0s), 0002/0100 VUs, 798 complete and 0 interrupted iterations
main   [  33% ] 0002/0100 VUs  0m40.0s/2m0s  20.00 iters/s

running (0m41.0s), 0002/0100 VUs, 818 complete and 0 interrupted iterations
main   [  34% ] 0002/0100 VUs  0m41.0s/2m0s  20.00 iters/s

running (0m42.0s), 0002/0100 VUs, 838 complete and 0 interrupted iterations
main   [  35% ] 0002/0100 VUs  0m42.0s/2m0s  20.00 iters/s

running (0m43.0s), 0002/0100 VUs, 858 complete and 0 interrupted iterations
main   [  36% ] 0002/0100 VUs  0m43.0s/2m0s  20.00 iters/s

running (0m44.0s), 0002/0100 VUs, 878 complete and 0 interrupted iterations
main   [  37% ] 0002/0100 VUs  0m44.0s/2m0s  20.00 iters/s

running (0m45.0s), 0002/0100 VUs, 898 complete and 0 interrupted iterations
main   [  37% ] 0002/0100 VUs  0m45.0s/2m0s  20.00 iters/s

running (0m46.0s), 0002/0100 VUs, 918 complete and 0 interrupted iterations
main   [  38% ] 0002/0100 VUs  0m46.0s/2m0s  20.00 iters/s

running (0m47.0s), 0002/0100 VUs, 938 complete and 0 interrupted iterations
main   [  39% ] 0002/0100 VUs  0m47.0s/2m0s  20.00 iters/s

running (0m48.0s), 0002/0100 VUs, 958 complete and 0 interrupted iterations
main   [  40% ] 0002/0100 VUs  0m48.0s/2m0s  20.00 iters/s

running (0m49.0s), 0002/0100 VUs, 978 complete and 0 interrupted iterations
main   [  41% ] 0002/0100 VUs  0m49.0s/2m0s  20.00 iters/s

running (0m50.0s), 0002/0100 VUs, 998 complete and 0 interrupted iterations
main   [  42% ] 0002/0100 VUs  0m50.0s/2m0s  20.00 iters/s

running (0m51.0s), 0002/0100 VUs, 1018 complete and 0 interrupted iterations
main   [  42% ] 0002/0100 VUs  0m51.0s/2m0s  20.00 iters/s

running (0m52.0s), 0002/0100 VUs, 1038 complete and 0 interrupted iterations
main   [  43% ] 0002/0100 VUs  0m52.0s/2m0s  20.00 iters/s

running (0m53.0s), 0001/0100 VUs, 1059 complete and 0 interrupted iterations
main   [  44% ] 0001/0100 VUs  0m53.0s/2m0s  20.00 iters/s

running (0m54.0s), 0002/0100 VUs, 1078 complete and 0 interrupted iterations
main   [  45% ] 0002/0100 VUs  0m54.0s/2m0s  20.00 iters/s

running (0m55.0s), 0002/0100 VUs, 1098 complete and 0 interrupted iterations
main   [  46% ] 0002/0100 VUs  0m55.0s/2m0s  20.00 iters/s

running (0m56.0s), 0002/0100 VUs, 1118 complete and 0 interrupted iterations
main   [  47% ] 0002/0100 VUs  0m56.0s/2m0s  20.00 iters/s

running (0m57.0s), 0002/0100 VUs, 1138 complete and 0 interrupted iterations
main   [  47% ] 0002/0100 VUs  0m57.0s/2m0s  20.00 iters/s

running (0m58.0s), 0002/0100 VUs, 1158 complete and 0 interrupted iterations
main   [  48% ] 0002/0100 VUs  0m58.0s/2m0s  20.00 iters/s

running (0m59.0s), 0002/0100 VUs, 1178 complete and 0 interrupted iterations
main   [  49% ] 0002/0100 VUs  0m59.0s/2m0s  20.00 iters/s

running (1m00.0s), 0002/0100 VUs, 1198 complete and 0 interrupted iterations
main   [  50% ] 0002/0100 VUs  1m00.0s/2m0s  20.00 iters/s

running (1m01.0s), 0002/0100 VUs, 1218 complete and 0 interrupted iterations
main   [  51% ] 0002/0100 VUs  1m01.0s/2m0s  20.00 iters/s

running (1m02.0s), 0002/0100 VUs, 1238 complete and 0 interrupted iterations
main   [  52% ] 0002/0100 VUs  1m02.0s/2m0s  20.00 iters/s

running (1m03.0s), 0002/0100 VUs, 1258 complete and 0 interrupted iterations
main   [  52% ] 0002/0100 VUs  1m03.0s/2m0s  20.00 iters/s

running (1m04.0s), 0002/0100 VUs, 1278 complete and 0 interrupted iterations
main   [  53% ] 0002/0100 VUs  1m04.0s/2m0s  20.00 iters/s

running (1m05.0s), 0002/0100 VUs, 1298 complete and 0 interrupted iterations
main   [  54% ] 0002/0100 VUs  1m05.0s/2m0s  20.00 iters/s

running (1m06.0s), 0002/0100 VUs, 1318 complete and 0 interrupted iterations
main   [  55% ] 0002/0100 VUs  1m06.0s/2m0s  20.00 iters/s

running (1m07.0s), 0002/0100 VUs, 1338 complete and 0 interrupted iterations
main   [  56% ] 0002/0100 VUs  1m07.0s/2m0s  20.00 iters/s

running (1m08.0s), 0002/0100 VUs, 1358 complete and 0 interrupted iterations
main   [  57% ] 0002/0100 VUs  1m08.0s/2m0s  20.00 iters/s

running (1m09.0s), 0002/0100 VUs, 1378 complete and 0 interrupted iterations
main   [  57% ] 0002/0100 VUs  1m09.0s/2m0s  20.00 iters/s

running (1m10.0s), 0002/0100 VUs, 1398 complete and 0 interrupted iterations
main   [  58% ] 0002/0100 VUs  1m10.0s/2m0s  20.00 iters/s

running (1m11.0s), 0002/0100 VUs, 1418 complete and 0 interrupted iterations
main   [  59% ] 0002/0100 VUs  1m11.0s/2m0s  20.00 iters/s

running (1m12.0s), 0002/0100 VUs, 1438 complete and 0 interrupted iterations
main   [  60% ] 0002/0100 VUs  1m12.0s/2m0s  20.00 iters/s

running (1m13.0s), 0002/0100 VUs, 1458 complete and 0 interrupted iterations
main   [  61% ] 0002/0100 VUs  1m13.0s/2m0s  20.00 iters/s

running (1m14.0s), 0002/0100 VUs, 1478 complete and 0 interrupted iterations
main   [  62% ] 0002/0100 VUs  1m14.0s/2m0s  20.00 iters/s

running (1m15.0s), 0002/0100 VUs, 1498 complete and 0 interrupted iterations
main   [  62% ] 0002/0100 VUs  1m15.0s/2m0s  20.00 iters/s

running (1m16.0s), 0002/0100 VUs, 1518 complete and 0 interrupted iterations
main   [  63% ] 0002/0100 VUs  1m16.0s/2m0s  20.00 iters/s

running (1m17.0s), 0002/0100 VUs, 1538 complete and 0 interrupted iterations
main   [  64% ] 0002/0100 VUs  1m17.0s/2m0s  20.00 iters/s

running (1m18.0s), 0002/0100 VUs, 1558 complete and 0 interrupted iterations
main   [  65% ] 0002/0100 VUs  1m18.0s/2m0s  20.00 iters/s

running (1m19.0s), 0002/0100 VUs, 1578 complete and 0 interrupted iterations
main   [  66% ] 0002/0100 VUs  1m19.0s/2m0s  20.00 iters/s

running (1m20.0s), 0002/0100 VUs, 1598 complete and 0 interrupted iterations
main   [  67% ] 0002/0100 VUs  1m20.0s/2m0s  20.00 iters/s

running (1m21.0s), 0002/0100 VUs, 1618 complete and 0 interrupted iterations
main   [  67% ] 0002/0100 VUs  1m21.0s/2m0s  20.00 iters/s

running (1m22.0s), 0002/0100 VUs, 1638 complete and 0 interrupted iterations
main   [  68% ] 0002/0100 VUs  1m22.0s/2m0s  20.00 iters/s

running (1m23.0s), 0002/0100 VUs, 1658 complete and 0 interrupted iterations
main   [  69% ] 0002/0100 VUs  1m23.0s/2m0s  20.00 iters/s

running (1m24.0s), 0002/0100 VUs, 1678 complete and 0 interrupted iterations
main   [  70% ] 0002/0100 VUs  1m24.0s/2m0s  20.00 iters/s

running (1m25.0s), 0002/0100 VUs, 1698 complete and 0 interrupted iterations
main   [  71% ] 0002/0100 VUs  1m25.0s/2m0s  20.00 iters/s

running (1m26.0s), 0002/0100 VUs, 1718 complete and 0 interrupted iterations
main   [  72% ] 0002/0100 VUs  1m26.0s/2m0s  20.00 iters/s

running (1m27.0s), 0002/0100 VUs, 1738 complete and 0 interrupted iterations
main   [  72% ] 0002/0100 VUs  1m27.0s/2m0s  20.00 iters/s

running (1m28.0s), 0002/0100 VUs, 1758 complete and 0 interrupted iterations
main   [  73% ] 0002/0100 VUs  1m28.0s/2m0s  20.00 iters/s

running (1m29.0s), 0002/0100 VUs, 1778 complete and 0 interrupted iterations
main   [  74% ] 0002/0100 VUs  1m29.0s/2m0s  20.00 iters/s

running (1m30.0s), 0002/0100 VUs, 1798 complete and 0 interrupted iterations
main   [  75% ] 0002/0100 VUs  1m30.0s/2m0s  20.00 iters/s

running (1m31.0s), 0002/0100 VUs, 1818 complete and 0 interrupted iterations
main   [  76% ] 0002/0100 VUs  1m31.0s/2m0s  20.00 iters/s

running (1m32.0s), 0002/0100 VUs, 1838 complete and 0 interrupted iterations
main   [  77% ] 0002/0100 VUs  1m32.0s/2m0s  20.00 iters/s

running (1m33.0s), 0002/0100 VUs, 1858 complete and 0 interrupted iterations
main   [  77% ] 0002/0100 VUs  1m33.0s/2m0s  20.00 iters/s

running (1m34.0s), 0002/0100 VUs, 1878 complete and 0 interrupted iterations
main   [  78% ] 0002/0100 VUs  1m34.0s/2m0s  20.00 iters/s

running (1m35.0s), 0002/0100 VUs, 1898 complete and 0 interrupted iterations
main   [  79% ] 0002/0100 VUs  1m35.0s/2m0s  20.00 iters/s

running (1m36.0s), 0002/0100 VUs, 1918 complete and 0 interrupted iterations
main   [  80% ] 0002/0100 VUs  1m36.0s/2m0s  20.00 iters/s

running (1m37.0s), 0002/0100 VUs, 1938 complete and 0 interrupted iterations
main   [  81% ] 0002/0100 VUs  1m37.0s/2m0s  20.00 iters/s

running (1m38.0s), 0002/0100 VUs, 1958 complete and 0 interrupted iterations
main   [  82% ] 0002/0100 VUs  1m38.0s/2m0s  20.00 iters/s

running (1m39.0s), 0002/0100 VUs, 1978 complete and 0 interrupted iterations
main   [  82% ] 0002/0100 VUs  1m39.0s/2m0s  20.00 iters/s

running (1m40.0s), 0002/0100 VUs, 1998 complete and 0 interrupted iterations
main   [  83% ] 0002/0100 VUs  1m40.0s/2m0s  20.00 iters/s

running (1m41.0s), 0002/0100 VUs, 2018 complete and 0 interrupted iterations
main   [  84% ] 0002/0100 VUs  1m41.0s/2m0s  20.00 iters/s

running (1m42.0s), 0002/0100 VUs, 2038 complete and 0 interrupted iterations
main   [  85% ] 0002/0100 VUs  1m42.0s/2m0s  20.00 iters/s

running (1m43.0s), 0002/0100 VUs, 2058 complete and 0 interrupted iterations
main   [  86% ] 0002/0100 VUs  1m43.0s/2m0s  20.00 iters/s

running (1m44.0s), 0002/0100 VUs, 2078 complete and 0 interrupted iterations
main   [  87% ] 0002/0100 VUs  1m44.0s/2m0s  20.00 iters/s

running (1m45.0s), 0002/0100 VUs, 2098 complete and 0 interrupted iterations
main   [  87% ] 0002/0100 VUs  1m45.0s/2m0s  20.00 iters/s

running (1m46.0s), 0002/0100 VUs, 2118 complete and 0 interrupted iterations
main   [  88% ] 0002/0100 VUs  1m46.0s/2m0s  20.00 iters/s

running (1m47.0s), 0002/0100 VUs, 2138 complete and 0 interrupted iterations
main   [  89% ] 0002/0100 VUs  1m47.0s/2m0s  20.00 iters/s

running (1m48.0s), 0002/0100 VUs, 2158 complete and 0 interrupted iterations
main   [  90% ] 0002/0100 VUs  1m48.0s/2m0s  20.00 iters/s

running (1m49.0s), 0002/0100 VUs, 2178 complete and 0 interrupted iterations
main   [  91% ] 0002/0100 VUs  1m49.0s/2m0s  20.00 iters/s

running (1m50.0s), 0002/0100 VUs, 2198 complete and 0 interrupted iterations
main   [  92% ] 0002/0100 VUs  1m50.0s/2m0s  20.00 iters/s

running (1m51.0s), 0002/0100 VUs, 2218 complete and 0 interrupted iterations
main   [  92% ] 0002/0100 VUs  1m51.0s/2m0s  20.00 iters/s

running (1m52.0s), 0002/0100 VUs, 2238 complete and 0 interrupted iterations
main   [  93% ] 0002/0100 VUs  1m52.0s/2m0s  20.00 iters/s

running (1m53.0s), 0002/0100 VUs, 2258 complete and 0 interrupted iterations
main   [  94% ] 0002/0100 VUs  1m53.0s/2m0s  20.00 iters/s

running (1m54.0s), 0002/0100 VUs, 2278 complete and 0 interrupted iterations
main   [  95% ] 0002/0100 VUs  1m54.0s/2m0s  20.00 iters/s

running (1m55.0s), 0002/0100 VUs, 2298 complete and 0 interrupted iterations
main   [  96% ] 0002/0100 VUs  1m55.0s/2m0s  20.00 iters/s

running (1m56.0s), 0002/0100 VUs, 2318 complete and 0 interrupted iterations
main   [  97% ] 0002/0100 VUs  1m56.0s/2m0s  20.00 iters/s

running (1m57.0s), 0002/0100 VUs, 2338 complete and 0 interrupted iterations
main   [  97% ] 0002/0100 VUs  1m57.0s/2m0s  20.00 iters/s

running (1m58.0s), 0002/0100 VUs, 2358 complete and 0 interrupted iterations
main   [  98% ] 0002/0100 VUs  1m58.0s/2m0s  20.00 iters/s

running (1m59.0s), 0002/0100 VUs, 2378 complete and 0 interrupted iterations
main   [  99% ] 0002/0100 VUs  1m59.0s/2m0s  20.00 iters/s

running (2m00.0s), 0002/0100 VUs, 2398 complete and 0 interrupted iterations
main   [ 100% ] 0002/0100 VUs  2m00.0s/2m0s  20.00 iters/s

running (2m00.0s), 0000/0100 VUs, 2400 complete and 0 interrupted iterations
main ✓ [ 100% ] 0000/0100 VUs  2m0s  20.00 iters/s
  Repeat 1 complete. Results in results/b-joinfetch-rtt10000-r20-rep1-1781218843.json
=== Cell complete: 1 repeat(s) for b/joinfetch rtt=10000us ===

[campaign] (13) cell: b|byid|10000|20|-|N=500,MAX_MEMBER_ID=2000
=== Cell: scenario=b style=byid rtt=10000us rate=20rps duration=2m scale=full maxMember=2000 repeats=1 ===
[1/4] Setting netem delay 10000us...
Setting netem delay 10000us on lab-mysql eth0...
time="2026-06-12T08:02:44+09:00" level=warning msg="/Users/rene/rdb-join-lab/docker-compose.yml: the attribute `version` is obsolete, it will be ignored, please remove it to avoid potential confusion"
Current qdisc:
time="2026-06-12T08:02:44+09:00" level=warning msg="/Users/rene/rdb-join-lab/docker-compose.yml: the attribute `version` is obsolete, it will be ignored, please remove it to avoid potential confusion"
qdisc netem 8016: root refcnt 7 limit 1000 delay 10ms seed 8311255400228440797
[2/4] Warming InnoDB buffer pool...
=== Step 1: Warm-up queries (priming buffer pool, ~10% of full scale) ===
COUNT(*)
3400211
COUNT(*)
1000000
COUNT(*)
8679702
COUNT(*)
10000
Warm-up queries complete.
=== Step 2: Triggering InnoDB buffer pool dump ===
time="2026-06-12T08:02:46+09:00" level=warning msg="/Users/rene/rdb-join-lab/docker-compose.yml: the attribute `version` is obsolete, it will be ignored, please remove it to avoid potential confusion"
mysql: [Warning] Using a password on the command line interface can be insecure.
Polling dump status (timeout 300s)...
  [0s] Dump status: Buffer pool(s) dump completed at 260611 23:02:48
Buffer pool dump completed.
=== Step 3: Triggering InnoDB buffer pool load ===
time="2026-06-12T08:02:46+09:00" level=warning msg="/Users/rene/rdb-join-lab/docker-compose.yml: the attribute `version` is obsolete, it will be ignored, please remove it to avoid potential confusion"
mysql: [Warning] Using a password on the command line interface can be insecure.
Polling load status (timeout 300s)...
  [0s] Load status: Loaded 159745/188400 pages
  [5s] Load status: Buffer pool(s) load completed at 260611 23:02:48
Buffer pool load completed.
=== Step 3b: Capturing post-load snapshot for warm-state gate ===
COUNT(*)
1210060
COUNT(*)
8679702
COUNT(*)
10000
Re-verification queries complete.
=== Step 4: Warm-state gate (physical reads < 0.01, post-load window) ===
  Post-load reverify window: physical reads delta: 0 / 22886 = 0.0
  (Pre-warmup baseline: 28557 / 3991265774, for reference)
  Warm-state gate PASSED.
=== Step 5: ANALYZE TABLE ===
Table	Op	Msg_type	Msg_text
lab.coupon_policy	analyze	status	OK
lab.member	analyze	status	OK
lab.coupon_issue	analyze	status	OK
ANALYZE TABLE complete.
=== Step 5b: Capturing InnoDB engine status (AHI verification) ===
  InnoDB status captured: results/innodb-status-1781218974.txt
  AHI indicator: INSERT BUFFER AND ADAPTIVE HASH INDEX
0.00 hash searches/s, 13762.08 non-hash searches/s
=== Step 5c: EXPLAIN Scenario B ORDER BY id ASC (filesort check) ===
  WARNING: EXPLAIN shows 'Using filesort' for Scenario B ORDER BY id ASC query.
  Expected idx_issue_member_id to cover ORDER BY — check index creation in schema.sql.
  EXPLAIN output:
1	SIMPLE	coupon_issue	NULL	ref	idx_issue_member_status,idx_issue_member_id	idx_issue_member_status	8	const	1206	100.00	Using filesort
[3/4] Dual calibration (nominal=10000us)...
  [held conn] calibrate n=10000...
{
    "n": 2000,
    "min": 10090,
    "p50": 12659,
    "p95": 15050,
    "p99": 15327,
    "max": 17365
}
  [per checkout] calibrate/loaded n=10000...
{
    "n": 2000,
    "min": 10142,
    "p50": 12788,
    "p95": 15063,
    "p99": 15304,
    "max": 27903
}
Running dual calibration probe (n=10000 held + n=10000 loaded)...
=== held (pure wire RTT) ===
{
    "n": 2000,
    "min": 10108,
    "p50": 12730,
    "p95": 15071,
    "p99": 15312,
    "max": 15478
}
=== loaded (wire RTT + pool checkout) ===
{
    "n": 2000,
    "min": 10146,
    "p50": 12858,
    "p95": 15059,
    "p99": 15353,
    "max": 25211
}

Appended dual record to results/calibration.jsonl: {"held": {"n": 2000, "min": 10108, "p50": 12730, "p95": 15071, "p99": 15312, "max": 15478}, "loaded": {"n": 2000, "min": 10146, "p50": 12858, "p95": 15059, "p99": 15353, "max": 25211}, "timestamp": "2026-06-11T23:04:36Z", "nominal_delay_us": 10000}
[4/1] Running k6 repeat 1/1 (output -> results/b-byid-rtt10000-r20-rep1-1781219076.json)...
time="2026-06-12T08:04:36+09:00" level=warning msg="/Users/rene/rdb-join-lab/docker-compose.yml: the attribute `version` is obsolete, it will be ignored, please remove it to avoid potential confusion"

         /\      Grafana   /‾‾/  
    /\  /  \     |\  __   /  /   
   /  \/    \    | |/ /  /   ‾‾\ 
  /          \   |   (  |  (‾)  |
 / __________ \  |_|\_\  \_____/ 


     execution: local
        script: /scripts/scenario.js
        output: -

     scenarios: (100.00%) 1 scenario, 1000 max VUs, 2m30s max duration (incl. graceful stop):
              * main: 20.00 iterations/s for 2m0s (maxVUs: 100-1000, gracefulStop: 30s)


running (0m01.0s), 0020/0100 VUs, 0 complete and 0 interrupted iterations
main   [   1% ] 0020/0100 VUs  0m01.0s/2m0s  20.00 iters/s

running (0m02.0s), 0040/0100 VUs, 0 complete and 0 interrupted iterations
main   [   2% ] 0040/0100 VUs  0m02.0s/2m0s  20.00 iters/s

running (0m03.0s), 0060/0100 VUs, 0 complete and 0 interrupted iterations
main   [   2% ] 0060/0100 VUs  0m03.0s/2m0s  20.00 iters/s

running (0m04.0s), 0080/0100 VUs, 0 complete and 0 interrupted iterations
main   [   3% ] 0080/0100 VUs  0m04.0s/2m0s  20.00 iters/s

running (0m05.0s), 0100/0100 VUs, 0 complete and 0 interrupted iterations
main   [   4% ] 0100/0100 VUs  0m05.0s/2m0s  20.00 iters/s

running (0m06.0s), 0101/0104 VUs, 15 complete and 0 interrupted iterations
main   [   5% ] 0101/0104 VUs  0m06.0s/2m0s  20.00 iters/s

running (0m07.0s), 0101/0104 VUs, 35 complete and 0 interrupted iterations
main   [   6% ] 0101/0104 VUs  0m07.0s/2m0s  20.00 iters/s

running (0m08.0s), 0107/0108 VUs, 45 complete and 0 interrupted iterations
main   [   7% ] 0107/0108 VUs  0m08.0s/2m0s  20.00 iters/s

running (0m09.0s), 0117/0118 VUs, 45 complete and 0 interrupted iterations
main   [   7% ] 0117/0118 VUs  0m09.0s/2m0s  20.00 iters/s

running (0m10.0s), 0127/0128 VUs, 45 complete and 0 interrupted iterations
main   [   8% ] 0127/0128 VUs  0m10.0s/2m0s  20.00 iters/s

running (0m11.0s), 0124/0133 VUs, 63 complete and 0 interrupted iterations
main   [   9% ] 0124/0133 VUs  0m11.0s/2m0s  20.00 iters/s

running (0m12.0s), 0128/0133 VUs, 79 complete and 0 interrupted iterations
main   [  10% ] 0128/0133 VUs  0m12.0s/2m0s  20.00 iters/s

running (0m13.0s), 0135/0136 VUs, 89 complete and 0 interrupted iterations
main   [  11% ] 0135/0136 VUs  0m13.0s/2m0s  20.00 iters/s

running (0m14.0s), 0145/0146 VUs, 89 complete and 0 interrupted iterations
main   [  12% ] 0145/0146 VUs  0m14.0s/2m0s  20.00 iters/s

running (0m15.0s), 0155/0156 VUs, 89 complete and 0 interrupted iterations
main   [  12% ] 0155/0156 VUs  0m15.0s/2m0s  20.00 iters/s

running (0m16.0s), 0154/0161 VUs, 105 complete and 0 interrupted iterations
main   [  13% ] 0154/0161 VUs  0m16.0s/2m0s  20.00 iters/s

running (0m17.0s), 0159/0161 VUs, 120 complete and 0 interrupted iterations
main   [  14% ] 0159/0161 VUs  0m17.0s/2m0s  20.00 iters/s

running (0m18.0s), 0165/0165 VUs, 130 complete and 0 interrupted iterations
main   [  15% ] 0165/0165 VUs  0m18.0s/2m0s  20.00 iters/s

running (0m19.0s), 0175/0175 VUs, 130 complete and 0 interrupted iterations
main   [  16% ] 0175/0175 VUs  0m19.0s/2m0s  20.00 iters/s

running (0m20.0s), 0185/0185 VUs, 130 complete and 0 interrupted iterations
main   [  17% ] 0185/0185 VUs  0m20.0s/2m0s  20.00 iters/s

running (0m21.0s), 0184/0191 VUs, 145 complete and 0 interrupted iterations
main   [  17% ] 0184/0191 VUs  0m21.0s/2m0s  20.00 iters/s

running (0m22.0s), 0186/0191 VUs, 163 complete and 0 interrupted iterations
main   [  18% ] 0186/0191 VUs  0m22.0s/2m0s  20.00 iters/s

running (0m23.0s), 0193/0194 VUs, 173 complete and 0 interrupted iterations
main   [  19% ] 0193/0194 VUs  0m23.0s/2m0s  20.00 iters/s

running (0m24.0s), 0203/0204 VUs, 173 complete and 0 interrupted iterations
main   [  20% ] 0203/0204 VUs  0m24.0s/2m0s  20.00 iters/s

running (0m25.0s), 0213/0214 VUs, 173 complete and 0 interrupted iterations
main   [  21% ] 0213/0214 VUs  0m25.0s/2m0s  20.00 iters/s

running (0m26.0s), 0213/0219 VUs, 188 complete and 0 interrupted iterations
main   [  22% ] 0213/0219 VUs  0m26.0s/2m0s  20.00 iters/s

running (0m27.0s), 0212/0219 VUs, 209 complete and 0 interrupted iterations
main   [  22% ] 0212/0219 VUs  0m27.0s/2m0s  20.00 iters/s

running (0m28.0s), 0222/0222 VUs, 216 complete and 0 interrupted iterations
main   [  23% ] 0222/0222 VUs  0m28.0s/2m0s  20.00 iters/s

running (0m29.0s), 0232/0232 VUs, 216 complete and 0 interrupted iterations
main   [  24% ] 0232/0232 VUs  0m29.0s/2m0s  20.00 iters/s

running (0m30.0s), 0242/0242 VUs, 216 complete and 0 interrupted iterations
main   [  25% ] 0242/0242 VUs  0m30.0s/2m0s  20.00 iters/s

running (0m31.0s), 0241/0248 VUs, 231 complete and 0 interrupted iterations
main   [  26% ] 0241/0248 VUs  0m31.0s/2m0s  20.00 iters/s

running (0m32.0s), 0240/0248 VUs, 252 complete and 0 interrupted iterations
main   [  27% ] 0240/0248 VUs  0m32.0s/2m0s  20.00 iters/s

running (0m33.0s), 0251/0252 VUs, 257 complete and 0 interrupted iterations
main   [  27% ] 0251/0252 VUs  0m33.0s/2m0s  20.00 iters/s

running (0m34.0s), 0261/0262 VUs, 257 complete and 0 interrupted iterations
main   [  28% ] 0261/0262 VUs  0m34.0s/2m0s  20.00 iters/s

running (0m35.0s), 0271/0272 VUs, 257 complete and 0 interrupted iterations
main   [  29% ] 0271/0272 VUs  0m35.0s/2m0s  20.00 iters/s

running (0m36.0s), 0271/0277 VUs, 272 complete and 0 interrupted iterations
main   [  30% ] 0271/0277 VUs  0m36.0s/2m0s  20.00 iters/s

running (0m37.0s), 0271/0277 VUs, 292 complete and 0 interrupted iterations
main   [  31% ] 0271/0277 VUs  0m37.0s/2m0s  20.00 iters/s

running (0m38.0s), 0279/0279 VUs, 302 complete and 0 interrupted iterations
main   [  32% ] 0279/0279 VUs  0m38.0s/2m0s  20.00 iters/s

running (0m39.0s), 0289/0289 VUs, 302 complete and 0 interrupted iterations
main   [  32% ] 0289/0289 VUs  0m39.0s/2m0s  20.00 iters/s

running (0m40.0s), 0299/0299 VUs, 302 complete and 0 interrupted iterations
main   [  33% ] 0299/0299 VUs  0m40.0s/2m0s  20.00 iters/s

running (0m41.0s), 0301/0306 VUs, 313 complete and 0 interrupted iterations
main   [  34% ] 0301/0306 VUs  0m41.0s/2m0s  20.00 iters/s

running (0m42.0s), 0301/0306 VUs, 333 complete and 0 interrupted iterations
main   [  35% ] 0301/0306 VUs  0m42.0s/2m0s  20.00 iters/s

running (0m43.0s), 0306/0306 VUs, 348 complete and 0 interrupted iterations
main   [  36% ] 0306/0306 VUs  0m43.0s/2m0s  20.00 iters/s

running (0m44.0s), 0316/0316 VUs, 348 complete and 0 interrupted iterations
main   [  37% ] 0316/0316 VUs  0m44.0s/2m0s  20.00 iters/s

running (0m45.0s), 0326/0326 VUs, 348 complete and 0 interrupted iterations
main   [  37% ] 0326/0326 VUs  0m45.0s/2m0s  20.00 iters/s

running (0m46.0s), 0330/0333 VUs, 357 complete and 0 interrupted iterations
main   [  38% ] 0330/0333 VUs  0m46.0s/2m0s  20.00 iters/s

running (0m47.0s), 0330/0333 VUs, 377 complete and 0 interrupted iterations
main   [  39% ] 0330/0333 VUs  0m47.0s/2m0s  20.00 iters/s

running (0m48.0s), 0331/0334 VUs, 395 complete and 0 interrupted iterations
main   [  40% ] 0331/0334 VUs  0m48.0s/2m0s  20.00 iters/s

running (0m49.0s), 0341/0341 VUs, 398 complete and 0 interrupted iterations
main   [  41% ] 0341/0341 VUs  0m49.0s/2m0s  20.00 iters/s

running (0m50.0s), 0351/0351 VUs, 398 complete and 0 interrupted iterations
main   [  42% ] 0351/0351 VUs  0m50.0s/2m0s  20.00 iters/s

running (0m51.0s), 0360/0360 VUs, 400 complete and 0 interrupted iterations
main   [  42% ] 0360/0360 VUs  0m51.0s/2m0s  20.00 iters/s

running (0m52.0s), 0359/0361 VUs, 420 complete and 0 interrupted iterations
main   [  43% ] 0359/0361 VUs  0m52.0s/2m0s  20.00 iters/s

running (0m53.0s), 0361/0363 VUs, 436 complete and 0 interrupted iterations
main   [  44% ] 0361/0363 VUs  0m53.0s/2m0s  20.00 iters/s

running (0m54.0s), 0367/0368 VUs, 445 complete and 0 interrupted iterations
main   [  45% ] 0367/0368 VUs  0m54.0s/2m0s  20.00 iters/s

running (0m55.0s), 0377/0378 VUs, 445 complete and 0 interrupted iterations
main   [  46% ] 0377/0378 VUs  0m55.0s/2m0s  20.00 iters/s

running (0m56.0s), 0387/0387 VUs, 446 complete and 0 interrupted iterations
main   [  47% ] 0387/0387 VUs  0m56.0s/2m0s  20.00 iters/s

running (0m57.0s), 0387/0390 VUs, 463 complete and 0 interrupted iterations
main   [  47% ] 0387/0390 VUs  0m57.0s/2m0s  20.00 iters/s

running (0m58.0s), 0390/0392 VUs, 478 complete and 0 interrupted iterations
main   [  48% ] 0390/0392 VUs  0m58.0s/2m0s  20.00 iters/s

running (0m59.0s), 0393/0393 VUs, 494 complete and 0 interrupted iterations
main   [  49% ] 0393/0393 VUs  0m59.0s/2m0s  20.00 iters/s

running (1m00.0s), 0403/0403 VUs, 494 complete and 0 interrupted iterations
main   [  50% ] 0403/0403 VUs  1m00.0s/2m0s  20.00 iters/s

running (1m01.0s), 0413/0413 VUs, 494 complete and 0 interrupted iterations
main   [  51% ] 0413/0413 VUs  1m01.0s/2m0s  20.00 iters/s

running (1m02.0s), 0416/0419 VUs, 505 complete and 0 interrupted iterations
main   [  52% ] 0416/0419 VUs  1m02.0s/2m0s  20.00 iters/s

running (1m03.0s), 0419/0421 VUs, 520 complete and 0 interrupted iterations
main   [  52% ] 0419/0421 VUs  1m03.0s/2m0s  20.00 iters/s

running (1m04.0s), 0418/0422 VUs, 540 complete and 0 interrupted iterations
main   [  53% ] 0418/0422 VUs  1m04.0s/2m0s  20.00 iters/s

running (1m05.0s), 0428/0429 VUs, 543 complete and 0 interrupted iterations
main   [  54% ] 0428/0429 VUs  1m05.0s/2m0s  20.00 iters/s

running (1m06.0s), 0438/0439 VUs, 543 complete and 0 interrupted iterations
main   [  55% ] 0438/0439 VUs  1m06.0s/2m0s  20.00 iters/s

running (1m07.0s), 0446/0448 VUs, 546 complete and 0 interrupted iterations
main   [  56% ] 0446/0448 VUs  1m07.0s/2m0s  20.00 iters/s

running (1m08.0s), 0449/0450 VUs, 561 complete and 0 interrupted iterations
main   [  57% ] 0449/0450 VUs  1m08.0s/2m0s  20.00 iters/s

running (1m09.0s), 0448/0451 VUs, 581 complete and 0 interrupted iterations
main   [  57% ] 0448/0451 VUs  1m09.0s/2m0s  20.00 iters/s

running (1m10.0s), 0455/0456 VUs, 589 complete and 0 interrupted iterations
main   [  58% ] 0455/0456 VUs  1m10.0s/2m0s  20.00 iters/s

running (1m11.0s), 0465/0466 VUs, 589 complete and 0 interrupted iterations
main   [  59% ] 0465/0466 VUs  1m11.0s/2m0s  20.00 iters/s

running (1m12.0s), 0475/0475 VUs, 590 complete and 0 interrupted iterations
main   [  60% ] 0475/0475 VUs  1m12.0s/2m0s  20.00 iters/s

running (1m13.0s), 0477/0479 VUs, 604 complete and 0 interrupted iterations
main   [  61% ] 0477/0479 VUs  1m13.0s/2m0s  20.00 iters/s

running (1m14.0s), 0476/0480 VUs, 624 complete and 0 interrupted iterations
main   [  62% ] 0476/0480 VUs  1m14.0s/2m0s  20.00 iters/s

running (1m15.0s), 0482/0483 VUs, 635 complete and 0 interrupted iterations
main   [  62% ] 0482/0483 VUs  1m15.0s/2m0s  20.00 iters/s

running (1m16.0s), 0492/0493 VUs, 635 complete and 0 interrupted iterations
main   [  63% ] 0492/0493 VUs  1m16.0s/2m0s  20.00 iters/s

running (1m17.0s), 0502/0503 VUs, 635 complete and 0 interrupted iterations
main   [  64% ] 0502/0503 VUs  1m17.0s/2m0s  20.00 iters/s

running (1m18.0s), 0507/0508 VUs, 645 complete and 0 interrupted iterations
main   [  65% ] 0507/0508 VUs  1m18.0s/2m0s  20.00 iters/s

running (1m19.0s), 0506/0509 VUs, 665 complete and 0 interrupted iterations
main   [  66% ] 0506/0509 VUs  1m19.0s/2m0s  20.00 iters/s

running (1m20.0s), 0512/0513 VUs, 675 complete and 0 interrupted iterations
main   [  67% ] 0512/0513 VUs  1m20.0s/2m0s  20.00 iters/s

running (1m21.0s), 0519/0519 VUs, 682 complete and 0 interrupted iterations
main   [  67% ] 0519/0519 VUs  1m21.0s/2m0s  20.00 iters/s

running (1m22.0s), 0529/0529 VUs, 682 complete and 0 interrupted iterations
main   [  68% ] 0529/0529 VUs  1m22.0s/2m0s  20.00 iters/s

running (1m23.0s), 0536/0537 VUs, 687 complete and 0 interrupted iterations
main   [  69% ] 0536/0537 VUs  1m23.0s/2m0s  20.00 iters/s

running (1m24.0s), 0535/0538 VUs, 707 complete and 0 interrupted iterations
main   [  70% ] 0535/0538 VUs  1m24.0s/2m0s  20.00 iters/s

running (1m25.0s), 0541/0542 VUs, 717 complete and 0 interrupted iterations
main   [  71% ] 0541/0542 VUs  1m25.0s/2m0s  20.00 iters/s

running (1m26.0s), 0545/0546 VUs, 729 complete and 0 interrupted iterations
main   [  72% ] 0545/0546 VUs  1m26.0s/2m0s  20.00 iters/s

running (1m27.0s), 0555/0556 VUs, 729 complete and 0 interrupted iterations
main   [  72% ] 0555/0556 VUs  1m27.0s/2m0s  20.00 iters/s

running (1m28.0s), 0565/0566 VUs, 729 complete and 0 interrupted iterations
main   [  73% ] 0565/0566 VUs  1m28.0s/2m0s  20.00 iters/s

running (1m29.0s), 0565/0568 VUs, 747 complete and 0 interrupted iterations
main   [  74% ] 0565/0568 VUs  1m29.0s/2m0s  20.00 iters/s

running (1m30.0s), 0571/0572 VUs, 757 complete and 0 interrupted iterations
main   [  75% ] 0571/0572 VUs  1m30.0s/2m0s  20.00 iters/s

running (1m31.0s), 0571/0573 VUs, 776 complete and 0 interrupted iterations
main   [  76% ] 0571/0573 VUs  1m31.0s/2m0s  20.00 iters/s

running (1m32.0s), 0582/0582 VUs, 776 complete and 0 interrupted iterations
main   [  77% ] 0582/0582 VUs  1m32.0s/2m0s  20.00 iters/s

running (1m33.0s), 0592/0592 VUs, 776 complete and 0 interrupted iterations
main   [  77% ] 0592/0592 VUs  1m33.0s/2m0s  20.00 iters/s

running (1m34.0s), 0592/0596 VUs, 792 complete and 0 interrupted iterations
main   [  78% ] 0592/0596 VUs  1m34.0s/2m0s  20.00 iters/s

running (1m35.0s), 0599/0599 VUs, 802 complete and 0 interrupted iterations
main   [  79% ] 0599/0599 VUs  1m35.0s/2m0s  20.00 iters/s

running (1m36.0s), 0600/0602 VUs, 818 complete and 0 interrupted iterations
main   [  80% ] 0600/0602 VUs  1m36.0s/2m0s  20.00 iters/s

running (1m37.0s), 0608/0609 VUs, 823 complete and 0 interrupted iterations
main   [  81% ] 0608/0609 VUs  1m37.0s/2m0s  20.00 iters/s

running (1m38.0s), 0618/0619 VUs, 823 complete and 0 interrupted iterations
main   [  82% ] 0618/0619 VUs  1m38.0s/2m0s  20.00 iters/s

running (1m39.0s), 0622/0623 VUs, 835 complete and 0 interrupted iterations
main   [  82% ] 0622/0623 VUs  1m39.0s/2m0s  20.00 iters/s

running (1m40.0s), 0627/0628 VUs, 845 complete and 0 interrupted iterations
main   [  83% ] 0627/0628 VUs  1m40.0s/2m0s  20.00 iters/s

running (1m41.0s), 0629/0630 VUs, 861 complete and 0 interrupted iterations
main   [  84% ] 0629/0630 VUs  1m41.0s/2m0s  20.00 iters/s

running (1m42.0s), 0635/0636 VUs, 869 complete and 0 interrupted iterations
main   [  85% ] 0635/0636 VUs  1m42.0s/2m0s  20.00 iters/s

running (1m43.0s), 0645/0646 VUs, 869 complete and 0 interrupted iterations
main   [  86% ] 0645/0646 VUs  1m43.0s/2m0s  20.00 iters/s

running (1m44.0s), 0652/0653 VUs, 875 complete and 0 interrupted iterations
main   [  87% ] 0652/0653 VUs  1m44.0s/2m0s  20.00 iters/s

running (1m45.0s), 0657/0658 VUs, 885 complete and 0 interrupted iterations
main   [  87% ] 0657/0658 VUs  1m45.0s/2m0s  20.00 iters/s

running (1m46.0s), 0659/0660 VUs, 901 complete and 0 interrupted iterations
main   [  88% ] 0659/0660 VUs  1m46.0s/2m0s  20.00 iters/s

running (1m47.0s), 0662/0665 VUs, 913 complete and 0 interrupted iterations
main   [  89% ] 0662/0665 VUs  1m47.0s/2m0s  20.00 iters/s

running (1m48.0s), 0673/0673 VUs, 914 complete and 0 interrupted iterations
main   [  90% ] 0673/0673 VUs  1m48.0s/2m0s  20.00 iters/s

running (1m49.0s), 0681/0682 VUs, 917 complete and 0 interrupted iterations
main   [  91% ] 0681/0682 VUs  1m49.0s/2m0s  20.00 iters/s

running (1m50.0s), 0686/0687 VUs, 927 complete and 0 interrupted iterations
main   [  92% ] 0686/0687 VUs  1m50.0s/2m0s  20.00 iters/s

running (1m51.0s), 0688/0689 VUs, 943 complete and 0 interrupted iterations
main   [  92% ] 0688/0689 VUs  1m51.0s/2m0s  20.00 iters/s

running (1m52.0s), 0690/0694 VUs, 956 complete and 0 interrupted iterations
main   [  93% ] 0690/0694 VUs  1m52.0s/2m0s  20.00 iters/s

running (1m53.0s), 0699/0699 VUs, 962 complete and 0 interrupted iterations
main   [  94% ] 0699/0699 VUs  1m53.0s/2m0s  20.00 iters/s

running (1m54.0s), 0709/0709 VUs, 962 complete and 0 interrupted iterations
main   [  95% ] 0709/0709 VUs  1m54.0s/2m0s  20.00 iters/s

running (1m55.0s), 0714/0715 VUs, 971 complete and 0 interrupted iterations
main   [  96% ] 0714/0715 VUs  1m55.0s/2m0s  20.00 iters/s

running (1m56.0s), 0716/0717 VUs, 987 complete and 0 interrupted iterations
main   [  97% ] 0716/0717 VUs  1m56.0s/2m0s  20.00 iters/s

running (1m57.0s), 0721/0721 VUs, 998 complete and 0 interrupted iterations
main   [  97% ] 0721/0721 VUs  1m57.0s/2m0s  20.00 iters/s

running (1m58.0s), 0726/0726 VUs, 1008 complete and 0 interrupted iterations
main   [  98% ] 0726/0726 VUs  1m58.0s/2m0s  20.00 iters/s

running (1m59.0s), 0736/0736 VUs, 1008 complete and 0 interrupted iterations
main   [  99% ] 0736/0736 VUs  1m59.0s/2m0s  20.00 iters/s

running (2m00.0s), 0744/0745 VUs, 1011 complete and 0 interrupted iterations
main   [ 100% ] 0744/0745 VUs  2m00.0s/2m0s  20.00 iters/s

running (2m01.0s), 0729/0745 VUs, 1027 complete and 0 interrupted iterations
main ↓ [ 100% ] 0745/0745 VUs  2m0s  20.00 iters/s

running (2m02.0s), 0718/0745 VUs, 1038 complete and 0 interrupted iterations
main ↓ [ 100% ] 0745/0745 VUs  2m0s  20.00 iters/s

running (2m03.0s), 0704/0745 VUs, 1052 complete and 0 interrupted iterations
main ↓ [ 100% ] 0745/0745 VUs  2m0s  20.00 iters/s

running (2m04.0s), 0703/0745 VUs, 1053 complete and 0 interrupted iterations
main ↓ [ 100% ] 0745/0745 VUs  2m0s  20.00 iters/s

running (2m05.0s), 0703/0745 VUs, 1053 complete and 0 interrupted iterations
main ↓ [ 100% ] 0745/0745 VUs  2m0s  20.00 iters/s

running (2m06.0s), 0688/0745 VUs, 1068 complete and 0 interrupted iterations
main ↓ [ 100% ] 0745/0745 VUs  2m0s  20.00 iters/s

running (2m07.0s), 0677/0745 VUs, 1079 complete and 0 interrupted iterations
main ↓ [ 100% ] 0745/0745 VUs  2m0s  20.00 iters/s

running (2m08.0s), 0662/0745 VUs, 1094 complete and 0 interrupted iterations
main ↓ [ 100% ] 0745/0745 VUs  2m0s  20.00 iters/s

running (2m09.0s), 0655/0745 VUs, 1101 complete and 0 interrupted iterations
main ↓ [ 100% ] 0745/0745 VUs  2m0s  20.00 iters/s

running (2m10.0s), 0655/0745 VUs, 1101 complete and 0 interrupted iterations
main ↓ [ 100% ] 0745/0745 VUs  2m0s  20.00 iters/s

running (2m11.0s), 0645/0745 VUs, 1111 complete and 0 interrupted iterations
main ↓ [ 100% ] 0745/0745 VUs  2m0s  20.00 iters/s

running (2m12.0s), 0634/0745 VUs, 1122 complete and 0 interrupted iterations
main ↓ [ 100% ] 0745/0745 VUs  2m0s  20.00 iters/s

running (2m13.0s), 0620/0745 VUs, 1136 complete and 0 interrupted iterations
main ↓ [ 100% ] 0745/0745 VUs  2m0s  20.00 iters/s

running (2m14.0s), 0612/0745 VUs, 1144 complete and 0 interrupted iterations
main ↓ [ 100% ] 0745/0745 VUs  2m0s  20.00 iters/s

running (2m15.0s), 0611/0745 VUs, 1145 complete and 0 interrupted iterations
main ↓ [ 100% ] 0745/0745 VUs  2m0s  20.00 iters/s

running (2m16.0s), 0602/0745 VUs, 1154 complete and 0 interrupted iterations
main ↓ [ 100% ] 0745/0745 VUs  2m0s  20.00 iters/s

running (2m17.0s), 0591/0745 VUs, 1165 complete and 0 interrupted iterations
main ↓ [ 100% ] 0745/0745 VUs  2m0s  20.00 iters/s
time="2026-06-11T23:06:56Z" level=warning msg="Request Failed" error="Get \"http://lab-app:8080/b/byid?memberId=598&limit=500\": request timeout"
time="2026-06-11T23:06:56Z" level=warning msg="Request Failed" error="Get \"http://lab-app:8080/b/byid?memberId=1741&limit=500\": request timeout"
time="2026-06-11T23:06:56Z" level=warning msg="Request Failed" error="Get \"http://lab-app:8080/b/byid?memberId=1046&limit=500\": request timeout"
time="2026-06-11T23:06:56Z" level=warning msg="Request Failed" error="Get \"http://lab-app:8080/b/byid?memberId=1318&limit=500\": request timeout"
time="2026-06-11T23:06:56Z" level=warning msg="Request Failed" error="Get \"http://lab-app:8080/b/byid?memberId=715&limit=500\": request timeout"
time="2026-06-11T23:06:56Z" level=warning msg="Request Failed" error="Get \"http://lab-app:8080/b/byid?memberId=1743&limit=500\": request timeout"

running (2m18.0s), 0572/0745 VUs, 1184 complete and 0 interrupted iterations
main ↓ [ 100% ] 0745/0745 VUs  2m0s  20.00 iters/s
time="2026-06-11T23:06:56Z" level=warning msg="Request Failed" error="Get \"http://lab-app:8080/b/byid?memberId=346&limit=500\": request timeout"

running (2m19.0s), 0564/0745 VUs, 1192 complete and 0 interrupted iterations
main ↓ [ 100% ] 0745/0745 VUs  2m0s  20.00 iters/s
time="2026-06-11T23:06:58Z" level=warning msg="Request Failed" error="Get \"http://lab-app:8080/b/byid?memberId=601&limit=500\": request timeout"

running (2m20.0s), 0562/0745 VUs, 1194 complete and 0 interrupted iterations
main ↓ [ 100% ] 0745/0745 VUs  2m0s  20.00 iters/s
time="2026-06-11T23:06:59Z" level=warning msg="Request Failed" error="Get \"http://lab-app:8080/b/byid?memberId=1024&limit=500\": request timeout"
time="2026-06-11T23:06:59Z" level=warning msg="Request Failed" error="Get \"http://lab-app:8080/b/byid?memberId=1602&limit=500\": request timeout"
time="2026-06-11T23:06:59Z" level=warning msg="Request Failed" error="Get \"http://lab-app:8080/b/byid?memberId=553&limit=500\": request timeout"
time="2026-06-11T23:06:59Z" level=warning msg="Request Failed" error="Get \"http://lab-app:8080/b/byid?memberId=1114&limit=500\": request timeout"
time="2026-06-11T23:06:59Z" level=warning msg="Request Failed" error="Get \"http://lab-app:8080/b/byid?memberId=724&limit=500\": request timeout"
time="2026-06-11T23:06:59Z" level=warning msg="Request Failed" error="Get \"http://lab-app:8080/b/byid?memberId=1116&limit=500\": request timeout"

running (2m21.0s), 0552/0745 VUs, 1204 complete and 0 interrupted iterations
main ↓ [ 100% ] 0745/0745 VUs  2m0s  20.00 iters/s

running (2m22.0s), 0541/0745 VUs, 1215 complete and 0 interrupted iterations
main ↓ [ 100% ] 0745/0745 VUs  2m0s  20.00 iters/s

running (2m23.0s), 0527/0745 VUs, 1229 complete and 0 interrupted iterations
main ↓ [ 100% ] 0745/0745 VUs  2m0s  20.00 iters/s
time="2026-06-11T23:07:02Z" level=warning msg="Request Failed" error="Get \"http://lab-app:8080/b/byid?memberId=791&limit=500\": request timeout"
time="2026-06-11T23:07:02Z" level=warning msg="Request Failed" error="Get \"http://lab-app:8080/b/byid?memberId=901&limit=500\": request timeout"
time="2026-06-11T23:07:02Z" level=warning msg="Request Failed" error="Get \"http://lab-app:8080/b/byid?memberId=363&limit=500\": request timeout"
time="2026-06-11T23:07:02Z" level=warning msg="Request Failed" error="Get \"http://lab-app:8080/b/byid?memberId=335&limit=500\": request timeout"
time="2026-06-11T23:07:02Z" level=warning msg="Request Failed" error="Get \"http://lab-app:8080/b/byid?memberId=555&limit=500\": request timeout"
time="2026-06-11T23:07:02Z" level=warning msg="Request Failed" error="Get \"http://lab-app:8080/b/byid?memberId=559&limit=500\": request timeout"
time="2026-06-11T23:07:02Z" level=warning msg="Request Failed" error="Get \"http://lab-app:8080/b/byid?memberId=117&limit=500\": request timeout"

running (2m24.0s), 0514/0745 VUs, 1242 complete and 0 interrupted iterations
main ↓ [ 100% ] 0745/0745 VUs  2m0s  20.00 iters/s
time="2026-06-11T23:07:02Z" level=warning msg="Request Failed" error="Get \"http://lab-app:8080/b/byid?memberId=673&limit=500\": request timeout"
time="2026-06-11T23:07:02Z" level=warning msg="Request Failed" error="Get \"http://lab-app:8080/b/byid?memberId=1729&limit=500\": request timeout"
time="2026-06-11T23:07:02Z" level=warning msg="Request Failed" error="Get \"http://lab-app:8080/b/byid?memberId=1926&limit=500\": request timeout"
time="2026-06-11T23:07:03Z" level=warning msg="Request Failed" error="Get \"http://lab-app:8080/b/byid?memberId=756&limit=500\": request timeout"
time="2026-06-11T23:07:03Z" level=warning msg="Request Failed" error="Get \"http://lab-app:8080/b/byid?memberId=1833&limit=500\": request timeout"
time="2026-06-11T23:07:03Z" level=warning msg="Request Failed" error="Get \"http://lab-app:8080/b/byid?memberId=1874&limit=500\": request timeout"
time="2026-06-11T23:07:03Z" level=warning msg="Request Failed" error="Get \"http://lab-app:8080/b/byid?memberId=1374&limit=500\": request timeout"
time="2026-06-11T23:07:03Z" level=warning msg="Request Failed" error="Get \"http://lab-app:8080/b/byid?memberId=1838&limit=500\": request timeout"
time="2026-06-11T23:07:03Z" level=warning msg="Request Failed" error="Get \"http://lab-app:8080/b/byid?memberId=523&limit=500\": request timeout"
time="2026-06-11T23:07:03Z" level=warning msg="Request Failed" error="Get \"http://lab-app:8080/b/byid?memberId=1620&limit=500\": request timeout"
time="2026-06-11T23:07:03Z" level=warning msg="Request Failed" error="Get \"http://lab-app:8080/b/byid?memberId=1134&limit=500\": request timeout"
time="2026-06-11T23:07:03Z" level=warning msg="Request Failed" error="Get \"http://lab-app:8080/b/byid?memberId=1083&limit=500\": request timeout"
time="2026-06-11T23:07:03Z" level=warning msg="Request Failed" error="Get \"http://lab-app:8080/b/byid?memberId=1745&limit=500\": request timeout"
time="2026-06-11T23:07:03Z" level=warning msg="Request Failed" error="Get \"http://lab-app:8080/b/byid?memberId=1795&limit=500\": request timeout"
time="2026-06-11T23:07:03Z" level=warning msg="Request Failed" error="Get \"http://lab-app:8080/b/byid?memberId=1272&limit=500\": request timeout"
time="2026-06-11T23:07:03Z" level=warning msg="Request Failed" error="Get \"http://lab-app:8080/b/byid?memberId=205&limit=500\": request timeout"

running (2m25.0s), 0498/0745 VUs, 1258 complete and 0 interrupted iterations
main ↓ [ 100% ] 0745/0745 VUs  2m0s  20.00 iters/s
time="2026-06-11T23:07:03Z" level=warning msg="Request Failed" error="Get \"http://lab-app:8080/b/byid?memberId=236&limit=500\": request timeout"
time="2026-06-11T23:07:03Z" level=warning msg="Request Failed" error="Get \"http://lab-app:8080/b/byid?memberId=1637&limit=500\": request timeout"
time="2026-06-11T23:07:03Z" level=warning msg="Request Failed" error="Get \"http://lab-app:8080/b/byid?memberId=1085&limit=500\": request timeout"
time="2026-06-11T23:07:04Z" level=warning msg="Request Failed" error="Get \"http://lab-app:8080/b/byid?memberId=1609&limit=500\": request timeout"
time="2026-06-11T23:07:04Z" level=warning msg="Request Failed" error="Get \"http://lab-app:8080/b/byid?memberId=1208&limit=500\": request timeout"
time="2026-06-11T23:07:04Z" level=warning msg="Request Failed" error="Get \"http://lab-app:8080/b/byid?memberId=1777&limit=500\": request timeout"
time="2026-06-11T23:07:04Z" level=warning msg="Request Failed" error="Get \"http://lab-app:8080/b/byid?memberId=813&limit=500\": request timeout"
time="2026-06-11T23:07:04Z" level=warning msg="Request Failed" error="Get \"http://lab-app:8080/b/byid?memberId=71&limit=500\": request timeout"
time="2026-06-11T23:07:04Z" level=warning msg="Request Failed" error="Get \"http://lab-app:8080/b/byid?memberId=714&limit=500\": request timeout"
time="2026-06-11T23:07:04Z" level=warning msg="Request Failed" error="Get \"http://lab-app:8080/b/byid?memberId=406&limit=500\": request timeout"
time="2026-06-11T23:07:04Z" level=warning msg="Request Failed" error="Get \"http://lab-app:8080/b/byid?memberId=632&limit=500\": request timeout"
time="2026-06-11T23:07:04Z" level=warning msg="Request Failed" error="Get \"http://lab-app:8080/b/byid?memberId=191&limit=500\": request timeout"
time="2026-06-11T23:07:04Z" level=warning msg="Request Failed" error="Get \"http://lab-app:8080/b/byid?memberId=1861&limit=500\": request timeout"
time="2026-06-11T23:07:04Z" level=warning msg="Request Failed" error="Get \"http://lab-app:8080/b/byid?memberId=1563&limit=500\": request timeout"
time="2026-06-11T23:07:04Z" level=warning msg="Request Failed" error="Get \"http://lab-app:8080/b/byid?memberId=799&limit=500\": request timeout"
time="2026-06-11T23:07:04Z" level=warning msg="Request Failed" error="Get \"http://lab-app:8080/b/byid?memberId=12&limit=500\": request timeout"

running (2m26.0s), 0482/0745 VUs, 1274 complete and 0 interrupted iterations
main ↓ [ 100% ] 0745/0745 VUs  2m0s  20.00 iters/s
time="2026-06-11T23:07:04Z" level=warning msg="Request Failed" error="Get \"http://lab-app:8080/b/byid?memberId=789&limit=500\": request timeout"
time="2026-06-11T23:07:04Z" level=warning msg="Request Failed" error="Get \"http://lab-app:8080/b/byid?memberId=857&limit=500\": request timeout"
time="2026-06-11T23:07:05Z" level=warning msg="Request Failed" error="Get \"http://lab-app:8080/b/byid?memberId=938&limit=500\": request timeout"
time="2026-06-11T23:07:05Z" level=warning msg="Request Failed" error="Get \"http://lab-app:8080/b/byid?memberId=1510&limit=500\": request timeout"
time="2026-06-11T23:07:05Z" level=warning msg="Request Failed" error="Get \"http://lab-app:8080/b/byid?memberId=503&limit=500\": request timeout"
time="2026-06-11T23:07:05Z" level=warning msg="Request Failed" error="Get \"http://lab-app:8080/b/byid?memberId=1194&limit=500\": request timeout"
time="2026-06-11T23:07:05Z" level=warning msg="Request Failed" error="Get \"http://lab-app:8080/b/byid?memberId=1892&limit=500\": request timeout"
time="2026-06-11T23:07:05Z" level=warning msg="Request Failed" error="Get \"http://lab-app:8080/b/byid?memberId=1759&limit=500\": request timeout"
time="2026-06-11T23:07:05Z" level=warning msg="Request Failed" error="Get \"http://lab-app:8080/b/byid?memberId=290&limit=500\": request timeout"
time="2026-06-11T23:07:05Z" level=warning msg="Request Failed" error="Get \"http://lab-app:8080/b/byid?memberId=1709&limit=500\": request timeout"

running (2m27.0s), 0472/0745 VUs, 1284 complete and 0 interrupted iterations
main ↓ [ 100% ] 0745/0745 VUs  2m0s  20.00 iters/s
time="2026-06-11T23:07:05Z" level=warning msg="Request Failed" error="Get \"http://lab-app:8080/b/byid?memberId=31&limit=500\": request timeout"
time="2026-06-11T23:07:05Z" level=warning msg="Request Failed" error="Get \"http://lab-app:8080/b/byid?memberId=805&limit=500\": request timeout"
time="2026-06-11T23:07:06Z" level=warning msg="Request Failed" error="Get \"http://lab-app:8080/b/byid?memberId=1717&limit=500\": request timeout"
time="2026-06-11T23:07:06Z" level=warning msg="Request Failed" error="Get \"http://lab-app:8080/b/byid?memberId=565&limit=500\": request timeout"
time="2026-06-11T23:07:06Z" level=warning msg="Request Failed" error="Get \"http://lab-app:8080/b/byid?memberId=653&limit=500\": request timeout"
time="2026-06-11T23:07:06Z" level=warning msg="Request Failed" error="Get \"http://lab-app:8080/b/byid?memberId=743&limit=500\": request timeout"
time="2026-06-11T23:07:06Z" level=warning msg="Request Failed" error="Get \"http://lab-app:8080/b/byid?memberId=1174&limit=500\": request timeout"
time="2026-06-11T23:07:06Z" level=warning msg="Request Failed" error="Get \"http://lab-app:8080/b/byid?memberId=1134&limit=500\": request timeout"
time="2026-06-11T23:07:06Z" level=warning msg="Request Failed" error="Get \"http://lab-app:8080/b/byid?memberId=1012&limit=500\": request timeout"
time="2026-06-11T23:07:06Z" level=warning msg="Request Failed" error="Get \"http://lab-app:8080/b/byid?memberId=554&limit=500\": request timeout"

running (2m28.0s), 0462/0745 VUs, 1294 complete and 0 interrupted iterations
main ↓ [ 100% ] 0745/0745 VUs  2m0s  20.00 iters/s
time="2026-06-11T23:07:06Z" level=warning msg="Request Failed" error="Get \"http://lab-app:8080/b/byid?memberId=805&limit=500\": request timeout"
time="2026-06-11T23:07:06Z" level=warning msg="Request Failed" error="Get \"http://lab-app:8080/b/byid?memberId=278&limit=500\": request timeout"
time="2026-06-11T23:07:07Z" level=warning msg="Request Failed" error="Get \"http://lab-app:8080/b/byid?memberId=1914&limit=500\": request timeout"
time="2026-06-11T23:07:07Z" level=warning msg="Request Failed" error="Get \"http://lab-app:8080/b/byid?memberId=1544&limit=500\": request timeout"
time="2026-06-11T23:07:07Z" level=warning msg="Request Failed" error="Get \"http://lab-app:8080/b/byid?memberId=1093&limit=500\": request timeout"
time="2026-06-11T23:07:07Z" level=warning msg="Request Failed" error="Get \"http://lab-app:8080/b/byid?memberId=476&limit=500\": request timeout"
time="2026-06-11T23:07:07Z" level=warning msg="Request Failed" error="Get \"http://lab-app:8080/b/byid?memberId=1708&limit=500\": request timeout"
time="2026-06-11T23:07:07Z" level=warning msg="Request Failed" error="Get \"http://lab-app:8080/b/byid?memberId=1906&limit=500\": request timeout"
time="2026-06-11T23:07:07Z" level=warning msg="Request Failed" error="Get \"http://lab-app:8080/b/byid?memberId=308&limit=500\": request timeout"
time="2026-06-11T23:07:07Z" level=warning msg="Request Failed" error="Get \"http://lab-app:8080/b/byid?memberId=1058&limit=500\": request timeout"
time="2026-06-11T23:07:07Z" level=warning msg="Request Failed" error="Get \"http://lab-app:8080/b/byid?memberId=479&limit=500\": request timeout"
time="2026-06-11T23:07:07Z" level=warning msg="Request Failed" error="Get \"http://lab-app:8080/b/byid?memberId=343&limit=500\": request timeout"
time="2026-06-11T23:07:07Z" level=warning msg="Request Failed" error="Get \"http://lab-app:8080/b/byid?memberId=1986&limit=500\": request timeout"
time="2026-06-11T23:07:07Z" level=warning msg="Request Failed" error="Get \"http://lab-app:8080/b/byid?memberId=1044&limit=500\": request timeout"
time="2026-06-11T23:07:07Z" level=warning msg="Request Failed" error="Get \"http://lab-app:8080/b/byid?memberId=1125&limit=500\": request timeout"
time="2026-06-11T23:07:07Z" level=warning msg="Request Failed" error="Get \"http://lab-app:8080/b/byid?memberId=1305&limit=500\": request timeout"
time="2026-06-11T23:07:07Z" level=warning msg="Request Failed" error="Get \"http://lab-app:8080/b/byid?memberId=851&limit=500\": request timeout"
time="2026-06-11T23:07:07Z" level=warning msg="Request Failed" error="Get \"http://lab-app:8080/b/byid?memberId=220&limit=500\": request timeout"

running (2m29.0s), 0444/0745 VUs, 1312 complete and 0 interrupted iterations
main ↓ [ 100% ] 0745/0745 VUs  2m0s  20.00 iters/s
time="2026-06-11T23:07:07Z" level=warning msg="Request Failed" error="Get \"http://lab-app:8080/b/byid?memberId=1712&limit=500\": request timeout"
time="2026-06-11T23:07:07Z" level=warning msg="Request Failed" error="Get \"http://lab-app:8080/b/byid?memberId=790&limit=500\": request timeout"
time="2026-06-11T23:07:07Z" level=warning msg="Request Failed" error="Get \"http://lab-app:8080/b/byid?memberId=959&limit=500\": request timeout"
time="2026-06-11T23:07:08Z" level=warning msg="Request Failed" error="Get \"http://lab-app:8080/b/byid?memberId=1106&limit=500\": request timeout"
time="2026-06-11T23:07:08Z" level=warning msg="Request Failed" error="Get \"http://lab-app:8080/b/byid?memberId=1584&limit=500\": request timeout"
time="2026-06-11T23:07:08Z" level=warning msg="Request Failed" error="Get \"http://lab-app:8080/b/byid?memberId=1029&limit=500\": request timeout"
time="2026-06-11T23:07:08Z" level=warning msg="Request Failed" error="Get \"http://lab-app:8080/b/byid?memberId=966&limit=500\": request timeout"
time="2026-06-11T23:07:08Z" level=warning msg="Request Failed" error="Get \"http://lab-app:8080/b/byid?memberId=126&limit=500\": request timeout"
time="2026-06-11T23:07:08Z" level=warning msg="Request Failed" error="Get \"http://lab-app:8080/b/byid?memberId=445&limit=500\": request timeout"
time="2026-06-11T23:07:08Z" level=warning msg="Request Failed" error="Get \"http://lab-app:8080/b/byid?memberId=1355&limit=500\": request timeout"
time="2026-06-11T23:07:08Z" level=warning msg="Request Failed" error="Get \"http://lab-app:8080/b/byid?memberId=1413&limit=500\": request timeout"
time="2026-06-11T23:07:08Z" level=warning msg="Request Failed" error="Get \"http://lab-app:8080/b/byid?memberId=1830&limit=500\": request timeout"
time="2026-06-11T23:07:08Z" level=warning msg="Request Failed" error="Get \"http://lab-app:8080/b/byid?memberId=1041&limit=500\": request timeout"
time="2026-06-11T23:07:08Z" level=warning msg="Request Failed" error="Get \"http://lab-app:8080/b/byid?memberId=1569&limit=500\": request timeout"
time="2026-06-11T23:07:08Z" level=warning msg="Request Failed" error="Get \"http://lab-app:8080/b/byid?memberId=278&limit=500\": request timeout"
time="2026-06-11T23:07:08Z" level=warning msg="Request Failed" error="Get \"http://lab-app:8080/b/byid?memberId=1448&limit=500\": request timeout"

running (2m30.0s), 0428/0745 VUs, 1328 complete and 0 interrupted iterations
main ↓ [ 100% ] 0745/0745 VUs  2m0s  20.00 iters/s

running (2m30.0s), 0000/0745 VUs, 1328 complete and 428 interrupted iterations
main ✓ [ 100% ] 0428/0745 VUs  2m0s  20.00 iters/s
  Repeat 1 complete. Results in results/b-byid-rtt10000-r20-rep1-1781219076.json
./scripts/run-cell.sh: line 175: /scripts/scenario.js: No such file or directory
[campaign] cell attempt 1 failed, retrying...
=== Cell: scenario=b style=byid rtt=10000us rate=20rps duration=2m scale=full maxMember=2000 repeats=1 ===
[1/4] Setting netem delay 10000us...
Setting netem delay 10000us on lab-mysql eth0...
time="2026-06-12T08:07:17+09:00" level=warning msg="/Users/rene/rdb-join-lab/docker-compose.yml: the attribute `version` is obsolete, it will be ignored, please remove it to avoid potential confusion"
Current qdisc:
time="2026-06-12T08:07:17+09:00" level=warning msg="/Users/rene/rdb-join-lab/docker-compose.yml: the attribute `version` is obsolete, it will be ignored, please remove it to avoid potential confusion"
qdisc netem 8016: root refcnt 7 limit 1000 delay 10ms seed 10499796331195815788
[2/4] Warming InnoDB buffer pool...
=== Step 1: Warm-up queries (priming buffer pool, ~10% of full scale) ===
COUNT(*)
3400211
COUNT(*)
1000000
COUNT(*)
8679702
COUNT(*)
10000
Warm-up queries complete.
=== Step 2: Triggering InnoDB buffer pool dump ===
time="2026-06-12T08:07:19+09:00" level=warning msg="/Users/rene/rdb-join-lab/docker-compose.yml: the attribute `version` is obsolete, it will be ignored, please remove it to avoid potential confusion"
mysql: [Warning] Using a password on the command line interface can be insecure.
Polling dump status (timeout 300s)...
  [0s] Dump status: Buffer pool(s) dump completed at 260611 23:07:21
Buffer pool dump completed.
=== Step 3: Triggering InnoDB buffer pool load ===
time="2026-06-12T08:07:19+09:00" level=warning msg="/Users/rene/rdb-join-lab/docker-compose.yml: the attribute `version` is obsolete, it will be ignored, please remove it to avoid potential confusion"
mysql: [Warning] Using a password on the command line interface can be insecure.
Polling load status (timeout 300s)...
  [0s] Load status: Loaded 157697/188400 pages
  [5s] Load status: Buffer pool(s) load completed at 260611 23:07:21
Buffer pool load completed.
=== Step 3b: Capturing post-load snapshot for warm-state gate ===
COUNT(*)
1210060
COUNT(*)
8679702
COUNT(*)
10000
Re-verification queries complete.
=== Step 4: Warm-state gate (physical reads < 0.01, post-load window) ===
  Post-load reverify window: physical reads delta: 0 / 24574 = 0.0
  (Pre-warmup baseline: 28576 / 3993095066, for reference)
  Warm-state gate PASSED.
=== Step 5: ANALYZE TABLE ===
Table	Op	Msg_type	Msg_text
lab.coupon_policy	analyze	status	OK
lab.member	analyze	status	OK
lab.coupon_issue	analyze	status	OK
ANALYZE TABLE complete.
=== Step 5b: Capturing InnoDB engine status (AHI verification) ===
  InnoDB status captured: results/innodb-status-1781219247.txt
  AHI indicator: INSERT BUFFER AND ADAPTIVE HASH INDEX
0.00 hash searches/s, 3058.59 non-hash searches/s
=== Step 5c: EXPLAIN Scenario B ORDER BY id ASC (filesort check) ===
  WARNING: EXPLAIN shows 'Using filesort' for Scenario B ORDER BY id ASC query.
  Expected idx_issue_member_id to cover ORDER BY — check index creation in schema.sql.
  EXPLAIN output:
1	SIMPLE	coupon_issue	NULL	ref	idx_issue_member_status,idx_issue_member_id	idx_issue_member_status	8	const	1206	100.00	Using filesort
[3/4] Dual calibration (nominal=10000us)...
  [held conn] calibrate n=10000...
  [per checkout] calibrate/loaded n=10000...
{
    "n": 2000,
    "min": 10096,
    "p50": 12912,
    "p95": 15092,
    "p99": 15437,
    "max": 72094
}
Running dual calibration probe (n=10000 held + n=10000 loaded)...
=== held (pure wire RTT) ===
{
    "n": 2000,
    "min": 10089,
    "p50": 12902,
    "p95": 15052,
    "p99": 15300,
    "max": 23539
}
=== loaded (wire RTT + pool checkout) ===
{
    "n": 2000,
    "min": 10127,
    "p50": 12760,
    "p95": 15098,
    "p99": 15342,
    "max": 15703
}

Appended dual record to results/calibration.jsonl: {"held": {"n": 2000, "min": 10089, "p50": 12902, "p95": 15052, "p99": 15300, "max": 23539}, "loaded": {"n": 2000, "min": 10127, "p50": 12760, "p95": 15098, "p99": 15342, "max": 15703}, "timestamp": "2026-06-11T23:09:18Z", "nominal_delay_us": 10000}
[4/1] Running k6 repeat 1/1 (output -> results/b-byid-rtt10000-r20-n500-rep1-1781219358.json)...
time="2026-06-12T08:09:18+09:00" level=warning msg="/Users/rene/rdb-join-lab/docker-compose.yml: the attribute `version` is obsolete, it will be ignored, please remove it to avoid potential confusion"

         /\      Grafana   /‾‾/  
    /\  /  \     |\  __   /  /   
   /  \/    \    | |/ /  /   ‾‾\ 
  /          \   |   (  |  (‾)  |
 / __________ \  |_|\_\  \_____/ 


     execution: local
        script: /scripts/scenario.js
        output: -

     scenarios: (100.00%) 1 scenario, 1000 max VUs, 2m30s max duration (incl. graceful stop):
              * main: 20.00 iterations/s for 2m0s (maxVUs: 100-1000, gracefulStop: 30s)


running (0m01.0s), 0020/0100 VUs, 0 complete and 0 interrupted iterations
main   [   1% ] 0020/0100 VUs  0m01.0s/2m0s  20.00 iters/s

running (0m02.0s), 0040/0100 VUs, 0 complete and 0 interrupted iterations
main   [   2% ] 0040/0100 VUs  0m02.0s/2m0s  20.00 iters/s

running (0m03.0s), 0060/0100 VUs, 0 complete and 0 interrupted iterations
main   [   2% ] 0060/0100 VUs  0m03.0s/2m0s  20.00 iters/s

running (0m04.0s), 0080/0100 VUs, 0 complete and 0 interrupted iterations
main   [   3% ] 0080/0100 VUs  0m04.0s/2m0s  20.00 iters/s

running (0m07.6s), 0100/0100 VUs, 0 complete and 0 interrupted iterations
main   [   4% ] 0100/0100 VUs  0m05.0s/2m0s  20.00 iters/s

running (0m06.0s), 0103/0104 VUs, 13 complete and 0 interrupted iterations
main   [   5% ] 0103/0104 VUs  0m06.0s/2m0s  20.00 iters/s

running (0m07.0s), 0103/0104 VUs, 33 complete and 0 interrupted iterations
main   [   6% ] 0103/0104 VUs  0m07.0s/2m0s  20.00 iters/s

running (0m08.0s), 0108/0109 VUs, 43 complete and 0 interrupted iterations
main   [   7% ] 0108/0109 VUs  0m08.0s/2m0s  20.00 iters/s

running (0m09.0s), 0118/0119 VUs, 43 complete and 0 interrupted iterations
main   [   7% ] 0118/0119 VUs  0m09.0s/2m0s  20.00 iters/s

running (0m10.0s), 0128/0129 VUs, 43 complete and 0 interrupted iterations
main   [   8% ] 0128/0129 VUs  0m10.0s/2m0s  20.00 iters/s

running (0m11.0s), 0126/0133 VUs, 61 complete and 0 interrupted iterations
main   [   9% ] 0126/0133 VUs  0m11.0s/2m0s  20.00 iters/s

running (0m12.0s), 0131/0133 VUs, 76 complete and 0 interrupted iterations
main   [  10% ] 0131/0133 VUs  0m12.0s/2m0s  20.00 iters/s

running (0m13.0s), 0137/0137 VUs, 86 complete and 0 interrupted iterations
main   [  11% ] 0137/0137 VUs  0m13.0s/2m0s  20.00 iters/s

running (0m14.0s), 0147/0147 VUs, 86 complete and 0 interrupted iterations
main   [  12% ] 0147/0147 VUs  0m14.0s/2m0s  20.00 iters/s

running (0m17.6s), 0157/0157 VUs, 86 complete and 0 interrupted iterations
main   [  12% ] 0157/0157 VUs  0m15.0s/2m0s  20.00 iters/s

running (0m16.0s), 0157/0162 VUs, 101 complete and 0 interrupted iterations
main   [  13% ] 0157/0162 VUs  0m16.0s/2m0s  20.00 iters/s

running (0m17.0s), 0161/0163 VUs, 116 complete and 0 interrupted iterations
main   [  14% ] 0161/0163 VUs  0m17.0s/2m0s  20.00 iters/s

running (0m18.0s), 0167/0167 VUs, 126 complete and 0 interrupted iterations
main   [  15% ] 0167/0167 VUs  0m18.0s/2m0s  20.00 iters/s

running (0m19.0s), 0177/0177 VUs, 126 complete and 0 interrupted iterations
main   [  16% ] 0177/0177 VUs  0m19.0s/2m0s  20.00 iters/s

running (0m20.0s), 0187/0187 VUs, 126 complete and 0 interrupted iterations
main   [  17% ] 0187/0187 VUs  0m20.0s/2m0s  20.00 iters/s

running (0m21.0s), 0187/0192 VUs, 141 complete and 0 interrupted iterations
main   [  17% ] 0187/0192 VUs  0m21.0s/2m0s  20.00 iters/s

running (0m22.0s), 0187/0192 VUs, 161 complete and 0 interrupted iterations
main   [  18% ] 0187/0192 VUs  0m22.0s/2m0s  20.00 iters/s

running (0m23.0s), 0195/0196 VUs, 169 complete and 0 interrupted iterations
main   [  19% ] 0195/0196 VUs  0m23.0s/2m0s  20.00 iters/s

running (0m24.0s), 0205/0206 VUs, 169 complete and 0 interrupted iterations
main   [  20% ] 0205/0206 VUs  0m24.0s/2m0s  20.00 iters/s

running (0m27.6s), 0215/0216 VUs, 169 complete and 0 interrupted iterations
main   [  21% ] 0215/0216 VUs  0m25.0s/2m0s  20.00 iters/s

running (0m26.0s), 0216/0220 VUs, 184 complete and 0 interrupted iterations
main   [  22% ] 0216/0220 VUs  0m26.0s/2m0s  20.00 iters/s

running (0m27.0s), 0217/0220 VUs, 203 complete and 0 interrupted iterations
main   [  22% ] 0217/0220 VUs  0m27.0s/2m0s  20.00 iters/s

running (0m28.0s), 0225/0225 VUs, 210 complete and 0 interrupted iterations
main   [  23% ] 0225/0225 VUs  0m28.0s/2m0s  20.00 iters/s

running (0m29.0s), 0235/0235 VUs, 210 complete and 0 interrupted iterations
main   [  24% ] 0235/0235 VUs  0m29.0s/2m0s  20.00 iters/s

running (0m30.0s), 0245/0245 VUs, 210 complete and 0 interrupted iterations
main   [  25% ] 0245/0245 VUs  0m30.0s/2m0s  20.00 iters/s

running (0m31.0s), 0245/0250 VUs, 225 complete and 0 interrupted iterations
main   [  26% ] 0245/0250 VUs  0m31.0s/2m0s  20.00 iters/s

running (0m32.0s), 0245/0250 VUs, 245 complete and 0 interrupted iterations
main   [  27% ] 0245/0250 VUs  0m32.0s/2m0s  20.00 iters/s

running (0m33.0s), 0254/0254 VUs, 252 complete and 0 interrupted iterations
main   [  27% ] 0254/0254 VUs  0m33.0s/2m0s  20.00 iters/s

running (0m34.0s), 0264/0264 VUs, 252 complete and 0 interrupted iterations
main   [  28% ] 0264/0264 VUs  0m34.0s/2m0s  20.00 iters/s

running (0m37.6s), 0274/0274 VUs, 252 complete and 0 interrupted iterations
main   [  29% ] 0274/0274 VUs  0m35.0s/2m0s  20.00 iters/s

running (0m36.0s), 0272/0279 VUs, 269 complete and 0 interrupted iterations
main   [  30% ] 0272/0279 VUs  0m36.0s/2m0s  20.00 iters/s

running (0m37.0s), 0273/0279 VUs, 288 complete and 0 interrupted iterations
main   [  31% ] 0273/0279 VUs  0m37.0s/2m0s  20.00 iters/s

running (0m38.0s), 0282/0283 VUs, 295 complete and 0 interrupted iterations
main   [  32% ] 0282/0283 VUs  0m38.0s/2m0s  20.00 iters/s

running (0m39.0s), 0292/0293 VUs, 295 complete and 0 interrupted iterations
main   [  32% ] 0292/0293 VUs  0m39.0s/2m0s  20.00 iters/s

running (0m40.0s), 0302/0303 VUs, 295 complete and 0 interrupted iterations
main   [  33% ] 0302/0303 VUs  0m40.0s/2m0s  20.00 iters/s

running (0m41.0s), 0298/0307 VUs, 315 complete and 0 interrupted iterations
main   [  34% ] 0298/0307 VUs  0m41.0s/2m0s  20.00 iters/s

running (0m42.0s), 0300/0307 VUs, 333 complete and 0 interrupted iterations
main   [  35% ] 0300/0307 VUs  0m42.0s/2m0s  20.00 iters/s

running (0m43.0s), 0310/0310 VUs, 340 complete and 0 interrupted iterations
main   [  36% ] 0310/0310 VUs  0m43.0s/2m0s  20.00 iters/s

running (0m44.0s), 0320/0320 VUs, 340 complete and 0 interrupted iterations
main   [  37% ] 0320/0320 VUs  0m44.0s/2m0s  20.00 iters/s

running (0m47.6s), 0330/0330 VUs, 340 complete and 0 interrupted iterations
main   [  37% ] 0330/0330 VUs  0m45.0s/2m0s  20.00 iters/s

running (0m46.1s), 0332/0336 VUs, 353 complete and 0 interrupted iterations
main   [  38% ] 0332/0336 VUs  0m46.1s/2m0s  20.00 iters/s

running (0m47.0s), 0328/0336 VUs, 375 complete and 0 interrupted iterations
main   [  39% ] 0328/0336 VUs  0m47.0s/2m0s  20.00 iters/s

running (0m48.0s), 0339/0339 VUs, 381 complete and 0 interrupted iterations
main   [  40% ] 0339/0339 VUs  0m48.0s/2m0s  20.00 iters/s

running (0m49.0s), 0349/0349 VUs, 381 complete and 0 interrupted iterations
main   [  41% ] 0349/0349 VUs  0m49.0s/2m0s  20.00 iters/s

running (0m50.0s), 0359/0359 VUs, 381 complete and 0 interrupted iterations
main   [  42% ] 0359/0359 VUs  0m50.0s/2m0s  20.00 iters/s

running (0m51.0s), 0365/0366 VUs, 381 complete and 0 interrupted iterations
main   [  42% ] 0365/0366 VUs  0m51.0s/2m0s  20.00 iters/s

running (0m52.0s), 0349/0368 VUs, 415 complete and 0 interrupted iterations
main   [  43% ] 0349/0368 VUs  0m52.0s/2m0s  20.00 iters/s

running (0m53.0s), 0363/0368 VUs, 421 complete and 0 interrupted iterations
main   [  44% ] 0363/0368 VUs  0m53.0s/2m0s  20.00 iters/s

running (0m54.0s), 0375/0375 VUs, 422 complete and 0 interrupted iterations
main   [  45% ] 0375/0375 VUs  0m54.0s/2m0s  20.00 iters/s

running (0m57.6s), 0382/0382 VUs, 428 complete and 0 interrupted iterations
main   [  46% ] 0382/0382 VUs  0m55.0s/2m0s  20.00 iters/s

running (0m56.0s), 0390/0391 VUs, 431 complete and 0 interrupted iterations
main   [  47% ] 0390/0391 VUs  0m56.0s/2m0s  20.00 iters/s

running (0m57.0s), 0382/0394 VUs, 456 complete and 0 interrupted iterations
main   [  47% ] 0382/0394 VUs  0m57.0s/2m0s  20.00 iters/s

running (0m58.0s), 0395/0395 VUs, 462 complete and 0 interrupted iterations
main   [  48% ] 0395/0395 VUs  0m58.0s/2m0s  20.00 iters/s

running (0m59.0s), 0404/0405 VUs, 463 complete and 0 interrupted iterations
main   [  49% ] 0404/0405 VUs  0m59.0s/2m0s  20.00 iters/s

running (1m00.0s), 0412/0412 VUs, 468 complete and 0 interrupted iterations
main   [  50% ] 0412/0412 VUs  1m00.0s/2m0s  20.00 iters/s

running (1m01.0s), 0417/0417 VUs, 478 complete and 0 interrupted iterations
main   [  51% ] 0417/0417 VUs  1m01.0s/2m0s  20.00 iters/s

running (1m02.0s), 0412/0422 VUs, 498 complete and 0 interrupted iterations
main   [  52% ] 0412/0422 VUs  1m02.0s/2m0s  20.00 iters/s

running (1m03.0s), 0425/0425 VUs, 502 complete and 0 interrupted iterations
main   [  52% ] 0425/0425 VUs  1m03.0s/2m0s  20.00 iters/s

running (1m04.0s), 0434/0435 VUs, 503 complete and 0 interrupted iterations
main   [  53% ] 0434/0435 VUs  1m04.0s/2m0s  20.00 iters/s

running (1m07.6s), 0442/0442 VUs, 508 complete and 0 interrupted iterations
main   [  54% ] 0442/0442 VUs  1m05.0s/2m0s  20.00 iters/s

running (1m06.0s), 0447/0447 VUs, 518 complete and 0 interrupted iterations
main   [  55% ] 0447/0447 VUs  1m06.0s/2m0s  20.00 iters/s

running (1m07.0s), 0442/0451 VUs, 539 complete and 0 interrupted iterations
main   [  56% ] 0442/0451 VUs  1m07.0s/2m0s  20.00 iters/s

running (1m08.0s), 0454/0454 VUs, 544 complete and 0 interrupted iterations
main   [  57% ] 0454/0454 VUs  1m08.0s/2m0s  20.00 iters/s

running (1m09.0s), 0464/0464 VUs, 544 complete and 0 interrupted iterations
main   [  57% ] 0464/0464 VUs  1m09.0s/2m0s  20.00 iters/s

running (1m10.0s), 0471/0472 VUs, 549 complete and 0 interrupted iterations
main   [  58% ] 0471/0472 VUs  1m10.0s/2m0s  20.00 iters/s

running (1m11.0s), 0476/0477 VUs, 559 complete and 0 interrupted iterations
main   [  59% ] 0476/0477 VUs  1m11.0s/2m0s  20.00 iters/s

running (1m12.0s), 0472/0481 VUs, 579 complete and 0 interrupted iterations
main   [  60% ] 0472/0481 VUs  1m12.0s/2m0s  20.00 iters/s

running (1m13.0s), 0483/0483 VUs, 586 complete and 0 interrupted iterations
main   [  61% ] 0483/0483 VUs  1m13.0s/2m0s  20.00 iters/s

running (1m14.0s), 0493/0493 VUs, 586 complete and 0 interrupted iterations
main   [  62% ] 0493/0493 VUs  1m14.0s/2m0s  20.00 iters/s

running (1m17.6s), 0501/0502 VUs, 589 complete and 0 interrupted iterations
main   [  62% ] 0501/0502 VUs  1m15.0s/2m0s  20.00 iters/s

running (1m16.0s), 0506/0507 VUs, 599 complete and 0 interrupted iterations
main   [  63% ] 0506/0507 VUs  1m16.0s/2m0s  20.00 iters/s

running (1m17.0s), 0498/0510 VUs, 624 complete and 0 interrupted iterations
main   [  64% ] 0498/0510 VUs  1m17.0s/2m0s  20.00 iters/s

running (1m18.0s), 0513/0513 VUs, 626 complete and 0 interrupted iterations
main   [  65% ] 0513/0513 VUs  1m18.0s/2m0s  20.00 iters/s

running (1m19.0s), 0522/0523 VUs, 627 complete and 0 interrupted iterations
main   [  66% ] 0522/0523 VUs  1m19.0s/2m0s  20.00 iters/s

running (1m20.0s), 0531/0532 VUs, 629 complete and 0 interrupted iterations
main   [  67% ] 0531/0532 VUs  1m20.0s/2m0s  20.00 iters/s

running (1m21.0s), 0536/0537 VUs, 639 complete and 0 interrupted iterations
main   [  67% ] 0536/0537 VUs  1m21.0s/2m0s  20.00 iters/s

running (1m22.0s), 0527/0540 VUs, 665 complete and 0 interrupted iterations
main   [  68% ] 0527/0540 VUs  1m22.0s/2m0s  20.00 iters/s

running (1m23.0s), 0541/0541 VUs, 670 complete and 0 interrupted iterations
main   [  69% ] 0541/0541 VUs  1m23.0s/2m0s  20.00 iters/s

running (1m24.0s), 0550/0551 VUs, 671 complete and 0 interrupted iterations
main   [  70% ] 0550/0551 VUs  1m24.0s/2m0s  20.00 iters/s

running (1m27.6s), 0560/0561 VUs, 671 complete and 0 interrupted iterations
main   [  71% ] 0560/0561 VUs  1m25.0s/2m0s  20.00 iters/s

running (1m26.0s), 0565/0566 VUs, 681 complete and 0 interrupted iterations
main   [  72% ] 0565/0566 VUs  1m26.0s/2m0s  20.00 iters/s

running (1m27.0s), 0555/0569 VUs, 708 complete and 0 interrupted iterations
main   [  72% ] 0555/0569 VUs  1m27.0s/2m0s  20.00 iters/s

running (1m28.0s), 0566/0569 VUs, 717 complete and 0 interrupted iterations
main   [  73% ] 0566/0569 VUs  1m28.0s/2m0s  20.00 iters/s

running (1m29.0s), 0577/0577 VUs, 718 complete and 0 interrupted iterations
main   [  74% ] 0577/0577 VUs  1m29.0s/2m0s  20.00 iters/s

running (1m30.0s), 0587/0587 VUs, 718 complete and 0 interrupted iterations
main   [  75% ] 0587/0587 VUs  1m30.0s/2m0s  20.00 iters/s

running (1m31.0s), 0593/0593 VUs, 726 complete and 0 interrupted iterations
main   [  76% ] 0593/0593 VUs  1m31.0s/2m0s  20.00 iters/s

running (1m32.0s), 0583/0597 VUs, 752 complete and 0 interrupted iterations
main   [  77% ] 0583/0597 VUs  1m32.0s/2m0s  20.00 iters/s

running (1m33.0s), 0596/0597 VUs, 759 complete and 0 interrupted iterations
main   [  77% ] 0596/0597 VUs  1m33.0s/2m0s  20.00 iters/s

running (1m34.0s), 0606/0606 VUs, 760 complete and 0 interrupted iterations
main   [  78% ] 0606/0606 VUs  1m34.0s/2m0s  20.00 iters/s

running (1m37.6s), 0616/0616 VUs, 760 complete and 0 interrupted iterations
main   [  79% ] 0616/0616 VUs  1m35.0s/2m0s  20.00 iters/s

running (1m36.0s), 0622/0623 VUs, 767 complete and 0 interrupted iterations
main   [  80% ] 0622/0623 VUs  1m36.0s/2m0s  20.00 iters/s

running (1m37.0s), 0610/0627 VUs, 795 complete and 0 interrupted iterations
main   [  81% ] 0610/0627 VUs  1m37.0s/2m0s  20.00 iters/s

running (1m38.0s), 0621/0627 VUs, 804 complete and 0 interrupted iterations
main   [  82% ] 0621/0627 VUs  1m38.0s/2m0s  20.00 iters/s

running (1m39.0s), 0633/0634 VUs, 805 complete and 0 interrupted iterations
main   [  82% ] 0633/0634 VUs  1m39.0s/2m0s  20.00 iters/s

running (1m40.0s), 0643/0644 VUs, 805 complete and 0 interrupted iterations
main   [  83% ] 0643/0644 VUs  1m40.0s/2m0s  20.00 iters/s

running (1m41.0s), 0650/0651 VUs, 811 complete and 0 interrupted iterations
main   [  84% ] 0650/0651 VUs  1m41.0s/2m0s  20.00 iters/s

running (1m42.0s), 0637/0655 VUs, 840 complete and 0 interrupted iterations
main   [  85% ] 0637/0655 VUs  1m42.0s/2m0s  20.00 iters/s

running (1m43.0s), 0649/0655 VUs, 848 complete and 0 interrupted iterations
main   [  86% ] 0649/0655 VUs  1m43.0s/2m0s  20.00 iters/s

running (1m44.0s), 0661/0661 VUs, 850 complete and 0 interrupted iterations
main   [  87% ] 0661/0661 VUs  1m44.0s/2m0s  20.00 iters/s

running (1m47.6s), 0671/0671 VUs, 850 complete and 0 interrupted iterations
main   [  87% ] 0671/0671 VUs  1m45.0s/2m0s  20.00 iters/s

running (1m46.0s), 0679/0679 VUs, 854 complete and 0 interrupted iterations
main   [  88% ] 0679/0679 VUs  1m46.0s/2m0s  20.00 iters/s

running (1m47.0s), 0664/0683 VUs, 885 complete and 0 interrupted iterations
main   [  89% ] 0664/0683 VUs  1m47.0s/2m0s  20.00 iters/s

running (1m48.0s), 0678/0683 VUs, 891 complete and 0 interrupted iterations
main   [  90% ] 0678/0683 VUs  1m48.0s/2m0s  20.00 iters/s

running (1m49.0s), 0689/0689 VUs, 894 complete and 0 interrupted iterations
main   [  91% ] 0689/0689 VUs  1m49.0s/2m0s  20.00 iters/s

running (1m50.0s), 0699/0699 VUs, 894 complete and 0 interrupted iterations
main   [  92% ] 0699/0699 VUs  1m50.0s/2m0s  20.00 iters/s

running (1m51.0s), 0707/0708 VUs, 897 complete and 0 interrupted iterations
main   [  92% ] 0707/0708 VUs  1m51.0s/2m0s  20.00 iters/s

running (1m52.0s), 0693/0712 VUs, 927 complete and 0 interrupted iterations
main   [  93% ] 0693/0712 VUs  1m52.0s/2m0s  20.00 iters/s

running (1m53.0s), 0707/0712 VUs, 933 complete and 0 interrupted iterations
main   [  94% ] 0707/0712 VUs  1m53.0s/2m0s  20.00 iters/s

running (1m54.0s), 0718/0718 VUs, 936 complete and 0 interrupted iterations
main   [  95% ] 0718/0718 VUs  1m54.0s/2m0s  20.00 iters/s

running (1m57.6s), 0728/0728 VUs, 936 complete and 0 interrupted iterations
main   [  96% ] 0728/0728 VUs  1m55.0s/2m0s  20.00 iters/s

running (1m56.0s), 0736/0737 VUs, 939 complete and 0 interrupted iterations
main   [  97% ] 0736/0737 VUs  1m56.0s/2m0s  20.00 iters/s

running (1m57.0s), 0719/0741 VUs, 972 complete and 0 interrupted iterations
main   [  97% ] 0719/0741 VUs  1m57.0s/2m0s  20.00 iters/s

running (1m58.0s), 0735/0741 VUs, 976 complete and 0 interrupted iterations
main   [  98% ] 0735/0741 VUs  1m58.0s/2m0s  20.00 iters/s

running (1m59.0s), 0746/0747 VUs, 979 complete and 0 interrupted iterations
main   [  99% ] 0746/0747 VUs  1m59.0s/2m0s  20.00 iters/s

running (2m00.0s), 0756/0757 VUs, 979 complete and 0 interrupted iterations
main   [ 100% ] 0756/0757 VUs  2m00.0s/2m0s  20.00 iters/s

running (2m01.0s), 0754/0757 VUs, 982 complete and 0 interrupted iterations
main ↓ [ 100% ] 0757/0757 VUs  2m0s  20.00 iters/s

running (2m02.0s), 0724/0757 VUs, 1012 complete and 0 interrupted iterations
main ↓ [ 100% ] 0757/0757 VUs  2m0s  20.00 iters/s

running (2m03.0s), 0720/0757 VUs, 1016 complete and 0 interrupted iterations
main ↓ [ 100% ] 0757/0757 VUs  2m0s  20.00 iters/s

running (2m04.0s), 0717/0757 VUs, 1019 complete and 0 interrupted iterations
main ↓ [ 100% ] 0757/0757 VUs  2m0s  20.00 iters/s

running (2m07.6s), 0717/0757 VUs, 1019 complete and 0 interrupted iterations
main ↓ [ 100% ] 0757/0757 VUs  2m0s  20.00 iters/s

running (2m06.0s), 0714/0757 VUs, 1022 complete and 0 interrupted iterations
main ↓ [ 100% ] 0757/0757 VUs  2m0s  20.00 iters/s

running (2m07.0s), 0684/0757 VUs, 1052 complete and 0 interrupted iterations
main ↓ [ 100% ] 0757/0757 VUs  2m0s  20.00 iters/s

running (2m08.0s), 0680/0757 VUs, 1056 complete and 0 interrupted iterations
main ↓ [ 100% ] 0757/0757 VUs  2m0s  20.00 iters/s

running (2m09.0s), 0677/0757 VUs, 1059 complete and 0 interrupted iterations
main ↓ [ 100% ] 0757/0757 VUs  2m0s  20.00 iters/s

running (2m10.0s), 0677/0757 VUs, 1059 complete and 0 interrupted iterations
main ↓ [ 100% ] 0757/0757 VUs  2m0s  20.00 iters/s

running (2m11.0s), 0674/0757 VUs, 1062 complete and 0 interrupted iterations
main ↓ [ 100% ] 0757/0757 VUs  2m0s  20.00 iters/s
time="2026-06-11T23:11:29Z" level=warning msg="Request Failed" error="Get \"http://lab-app:8080/b/byid?memberId=428&limit=500\": request timeout"
time="2026-06-11T23:11:29Z" level=warning msg="Request Failed" error="Get \"http://lab-app:8080/b/byid?memberId=705&limit=500\": request timeout"

running (2m12.0s), 0641/0757 VUs, 1095 complete and 0 interrupted iterations
main ↓ [ 100% ] 0757/0757 VUs  2m0s  20.00 iters/s
time="2026-06-11T23:11:31Z" level=warning msg="Request Failed" error="Get \"http://lab-app:8080/b/byid?memberId=674&limit=500\": request timeout"

running (2m13.0s), 0636/0757 VUs, 1100 complete and 0 interrupted iterations
main ↓ [ 100% ] 0757/0757 VUs  2m0s  20.00 iters/s
time="2026-06-11T23:11:31Z" level=warning msg="Request Failed" error="Get \"http://lab-app:8080/b/byid?memberId=554&limit=500\": request timeout"
time="2026-06-11T23:11:32Z" level=warning msg="Request Failed" error="Get \"http://lab-app:8080/b/byid?memberId=1731&limit=500\": request timeout"
time="2026-06-11T23:11:32Z" level=warning msg="Request Failed" error="Get \"http://lab-app:8080/b/byid?memberId=1828&limit=500\": request timeout"

running (2m14.0s), 0631/0757 VUs, 1105 complete and 0 interrupted iterations
main ↓ [ 100% ] 0757/0757 VUs  2m0s  20.00 iters/s

running (2m17.6s), 0631/0757 VUs, 1105 complete and 0 interrupted iterations
main ↓ [ 100% ] 0757/0757 VUs  2m0s  20.00 iters/s
time="2026-06-11T23:11:33Z" level=warning msg="Request Failed" error="Get \"http://lab-app:8080/b/byid?memberId=795&limit=500\": request timeout"
time="2026-06-11T23:11:34Z" level=warning msg="Request Failed" error="Get \"http://lab-app:8080/b/byid?memberId=387&limit=500\": request timeout"

running (2m16.0s), 0626/0757 VUs, 1110 complete and 0 interrupted iterations
main ↓ [ 100% ] 0757/0757 VUs  2m0s  20.00 iters/s
time="2026-06-11T23:11:34Z" level=warning msg="Request Failed" error="Get \"http://lab-app:8080/b/byid?memberId=1036&limit=500\": request timeout"
time="2026-06-11T23:11:34Z" level=warning msg="Request Failed" error="Get \"http://lab-app:8080/b/byid?memberId=1326&limit=500\": request timeout"
time="2026-06-11T23:11:35Z" level=warning msg="Request Failed" error="Get \"http://lab-app:8080/b/byid?memberId=90&limit=500\": request timeout"
time="2026-06-11T23:11:35Z" level=warning msg="Request Failed" error="Get \"http://lab-app:8080/b/byid?memberId=1555&limit=500\": request timeout"
time="2026-06-11T23:11:35Z" level=warning msg="Request Failed" error="Get \"http://lab-app:8080/b/byid?memberId=1811&limit=500\": request timeout"

running (2m17.0s), 0594/0757 VUs, 1142 complete and 0 interrupted iterations
main ↓ [ 100% ] 0757/0757 VUs  2m0s  20.00 iters/s
time="2026-06-11T23:11:35Z" level=warning msg="Request Failed" error="Get \"http://lab-app:8080/b/byid?memberId=322&limit=500\": request timeout"
time="2026-06-11T23:11:36Z" level=warning msg="Request Failed" error="Get \"http://lab-app:8080/b/byid?memberId=688&limit=500\": request timeout"

running (2m18.0s), 0589/0757 VUs, 1147 complete and 0 interrupted iterations
main ↓ [ 100% ] 0757/0757 VUs  2m0s  20.00 iters/s
time="2026-06-11T23:11:36Z" level=warning msg="Request Failed" error="Get \"http://lab-app:8080/b/byid?memberId=683&limit=500\": request timeout"
time="2026-06-11T23:11:37Z" level=warning msg="Request Failed" error="Get \"http://lab-app:8080/b/byid?memberId=1853&limit=500\": request timeout"

running (2m19.0s), 0585/0757 VUs, 1151 complete and 0 interrupted iterations
main ↓ [ 100% ] 0757/0757 VUs  2m0s  20.00 iters/s
time="2026-06-11T23:11:37Z" level=warning msg="Request Failed" error="Get \"http://lab-app:8080/b/byid?memberId=319&limit=500\": request timeout"
time="2026-06-11T23:11:37Z" level=warning msg="Request Failed" error="Get \"http://lab-app:8080/b/byid?memberId=1523&limit=500\": request timeout"
time="2026-06-11T23:11:37Z" level=warning msg="Request Failed" error="Get \"http://lab-app:8080/b/byid?memberId=742&limit=500\": request timeout"
time="2026-06-11T23:11:38Z" level=warning msg="Request Failed" error="Get \"http://lab-app:8080/b/byid?memberId=1689&limit=500\": request timeout"
time="2026-06-11T23:11:38Z" level=warning msg="Request Failed" error="Get \"http://lab-app:8080/b/byid?memberId=360&limit=500\": request timeout"
time="2026-06-11T23:11:38Z" level=warning msg="Request Failed" error="Get \"http://lab-app:8080/b/byid?memberId=890&limit=500\": request timeout"
time="2026-06-11T23:11:38Z" level=warning msg="Request Failed" error="Get \"http://lab-app:8080/b/byid?memberId=2&limit=500\": request timeout"
time="2026-06-11T23:11:38Z" level=warning msg="Request Failed" error="Get \"http://lab-app:8080/b/byid?memberId=408&limit=500\": request timeout"
time="2026-06-11T23:11:38Z" level=warning msg="Request Failed" error="Get \"http://lab-app:8080/b/byid?memberId=1453&limit=500\": request timeout"

running (2m20.0s), 0576/0757 VUs, 1160 complete and 0 interrupted iterations
main ↓ [ 100% ] 0757/0757 VUs  2m0s  20.00 iters/s
time="2026-06-11T23:11:38Z" level=warning msg="Request Failed" error="Get \"http://lab-app:8080/b/byid?memberId=761&limit=500\": request timeout"
time="2026-06-11T23:11:38Z" level=warning msg="Request Failed" error="Get \"http://lab-app:8080/b/byid?memberId=1975&limit=500\": request timeout"
time="2026-06-11T23:11:38Z" level=warning msg="Request Failed" error="Get \"http://lab-app:8080/b/byid?memberId=1798&limit=500\": request timeout"
time="2026-06-11T23:11:38Z" level=warning msg="Request Failed" error="Get \"http://lab-app:8080/b/byid?memberId=1530&limit=500\": request timeout"
time="2026-06-11T23:11:38Z" level=warning msg="Request Failed" error="Get \"http://lab-app:8080/b/byid?memberId=55&limit=500\": request timeout"
time="2026-06-11T23:11:38Z" level=warning msg="Request Failed" error="Get \"http://lab-app:8080/b/byid?memberId=842&limit=500\": request timeout"
time="2026-06-11T23:11:39Z" level=warning msg="Request Failed" error="Get \"http://lab-app:8080/b/byid?memberId=1665&limit=500\": request timeout"
time="2026-06-11T23:11:39Z" level=warning msg="Request Failed" error="Get \"http://lab-app:8080/b/byid?memberId=24&limit=500\": request timeout"
time="2026-06-11T23:11:39Z" level=warning msg="Request Failed" error="Get \"http://lab-app:8080/b/byid?memberId=1503&limit=500\": request timeout"
time="2026-06-11T23:11:39Z" level=warning msg="Request Failed" error="Get \"http://lab-app:8080/b/byid?memberId=227&limit=500\": request timeout"
time="2026-06-11T23:11:39Z" level=warning msg="Request Failed" error="Get \"http://lab-app:8080/b/byid?memberId=71&limit=500\": request timeout"
time="2026-06-11T23:11:39Z" level=warning msg="Request Failed" error="Get \"http://lab-app:8080/b/byid?memberId=215&limit=500\": request timeout"
time="2026-06-11T23:11:39Z" level=warning msg="Request Failed" error="Get \"http://lab-app:8080/b/byid?memberId=946&limit=500\": request timeout"
time="2026-06-11T23:11:39Z" level=warning msg="Request Failed" error="Get \"http://lab-app:8080/b/byid?memberId=1748&limit=500\": request timeout"
time="2026-06-11T23:11:39Z" level=warning msg="Request Failed" error="Get \"http://lab-app:8080/b/byid?memberId=1258&limit=500\": request timeout"

running (2m21.0s), 0561/0757 VUs, 1175 complete and 0 interrupted iterations
main ↓ [ 100% ] 0757/0757 VUs  2m0s  20.00 iters/s
time="2026-06-11T23:11:39Z" level=warning msg="Request Failed" error="Get \"http://lab-app:8080/b/byid?memberId=178&limit=500\": request timeout"
time="2026-06-11T23:11:39Z" level=warning msg="Request Failed" error="Get \"http://lab-app:8080/b/byid?memberId=924&limit=500\": request timeout"
time="2026-06-11T23:11:39Z" level=warning msg="Request Failed" error="Get \"http://lab-app:8080/b/byid?memberId=1313&limit=500\": request timeout"
time="2026-06-11T23:11:39Z" level=warning msg="Request Failed" error="Get \"http://lab-app:8080/b/byid?memberId=1244&limit=500\": request timeout"
time="2026-06-11T23:11:39Z" level=warning msg="Request Failed" error="Get \"http://lab-app:8080/b/byid?memberId=1152&limit=500\": request timeout"
time="2026-06-11T23:11:39Z" level=warning msg="Request Failed" error="Get \"http://lab-app:8080/b/byid?memberId=1767&limit=500\": request timeout"
time="2026-06-11T23:11:40Z" level=warning msg="Request Failed" error="Get \"http://lab-app:8080/b/byid?memberId=127&limit=500\": request timeout"
time="2026-06-11T23:11:40Z" level=warning msg="Request Failed" error="Get \"http://lab-app:8080/b/byid?memberId=763&limit=500\": request timeout"
time="2026-06-11T23:11:40Z" level=warning msg="Request Failed" error="Get \"http://lab-app:8080/b/byid?memberId=1414&limit=500\": request timeout"
time="2026-06-11T23:11:40Z" level=warning msg="Request Failed" error="Get \"http://lab-app:8080/b/byid?memberId=159&limit=500\": request timeout"
time="2026-06-11T23:11:40Z" level=warning msg="Request Failed" error="Get \"http://lab-app:8080/b/byid?memberId=982&limit=500\": request timeout"
time="2026-06-11T23:11:40Z" level=warning msg="Request Failed" error="Get \"http://lab-app:8080/b/byid?memberId=1133&limit=500\": request timeout"
time="2026-06-11T23:11:40Z" level=warning msg="Request Failed" error="Get \"http://lab-app:8080/b/byid?memberId=1355&limit=500\": request timeout"
time="2026-06-11T23:11:40Z" level=warning msg="Request Failed" error="Get \"http://lab-app:8080/b/byid?memberId=1556&limit=500\": request timeout"
time="2026-06-11T23:11:40Z" level=warning msg="Request Failed" error="Get \"http://lab-app:8080/b/byid?memberId=1986&limit=500\": request timeout"
time="2026-06-11T23:11:40Z" level=warning msg="Request Failed" error="Get \"http://lab-app:8080/b/byid?memberId=1921&limit=500\": request timeout"
time="2026-06-11T23:11:40Z" level=warning msg="Request Failed" error="Get \"http://lab-app:8080/b/byid?memberId=502&limit=500\": request timeout"

running (2m22.0s), 0544/0757 VUs, 1192 complete and 0 interrupted iterations
main ↓ [ 100% ] 0757/0757 VUs  2m0s  20.00 iters/s
time="2026-06-11T23:11:40Z" level=warning msg="Request Failed" error="Get \"http://lab-app:8080/b/byid?memberId=498&limit=500\": request timeout"
time="2026-06-11T23:11:40Z" level=warning msg="Request Failed" error="Get \"http://lab-app:8080/b/byid?memberId=1806&limit=500\": request timeout"
time="2026-06-11T23:11:40Z" level=warning msg="Request Failed" error="Get \"http://lab-app:8080/b/byid?memberId=1186&limit=500\": request timeout"
time="2026-06-11T23:11:40Z" level=warning msg="Request Failed" error="Get \"http://lab-app:8080/b/byid?memberId=1493&limit=500\": request timeout"
time="2026-06-11T23:11:40Z" level=warning msg="Request Failed" error="Get \"http://lab-app:8080/b/byid?memberId=1706&limit=500\": request timeout"
time="2026-06-11T23:11:40Z" level=warning msg="Request Failed" error="Get \"http://lab-app:8080/b/byid?memberId=47&limit=500\": request timeout"
time="2026-06-11T23:11:40Z" level=warning msg="Request Failed" error="Get \"http://lab-app:8080/b/byid?memberId=460&limit=500\": request timeout"
time="2026-06-11T23:11:40Z" level=warning msg="Request Failed" error="Get \"http://lab-app:8080/b/byid?memberId=1656&limit=500\": request timeout"
time="2026-06-11T23:11:40Z" level=warning msg="Request Failed" error="Get \"http://lab-app:8080/b/byid?memberId=847&limit=500\": request timeout"
time="2026-06-11T23:11:41Z" level=warning msg="Request Failed" error="Get \"http://lab-app:8080/b/byid?memberId=471&limit=500\": request timeout"
time="2026-06-11T23:11:41Z" level=warning msg="Request Failed" error="Get \"http://lab-app:8080/b/byid?memberId=1743&limit=500\": request timeout"
time="2026-06-11T23:11:41Z" level=warning msg="Request Failed" error="Get \"http://lab-app:8080/b/byid?memberId=1020&limit=500\": request timeout"
time="2026-06-11T23:11:41Z" level=warning msg="Request Failed" error="Get \"http://lab-app:8080/b/byid?memberId=591&limit=500\": request timeout"
time="2026-06-11T23:11:41Z" level=warning msg="Request Failed" error="Get \"http://lab-app:8080/b/byid?memberId=677&limit=500\": request timeout"
time="2026-06-11T23:11:41Z" level=warning msg="Request Failed" error="Get \"http://lab-app:8080/b/byid?memberId=963&limit=500\": request timeout"
time="2026-06-11T23:11:41Z" level=warning msg="Request Failed" error="Get \"http://lab-app:8080/b/byid?memberId=1444&limit=500\": request timeout"
time="2026-06-11T23:11:41Z" level=warning msg="Request Failed" error="Get \"http://lab-app:8080/b/byid?memberId=762&limit=500\": request timeout"
time="2026-06-11T23:11:41Z" level=warning msg="Request Failed" error="Get \"http://lab-app:8080/b/byid?memberId=525&limit=500\": request timeout"
time="2026-06-11T23:11:41Z" level=warning msg="Request Failed" error="Get \"http://lab-app:8080/b/byid?memberId=1737&limit=500\": request timeout"

running (2m23.0s), 0525/0757 VUs, 1211 complete and 0 interrupted iterations
main ↓ [ 100% ] 0757/0757 VUs  2m0s  20.00 iters/s
time="2026-06-11T23:11:41Z" level=warning msg="Request Failed" error="Get \"http://lab-app:8080/b/byid?memberId=102&limit=500\": request timeout"
time="2026-06-11T23:11:41Z" level=warning msg="Request Failed" error="Get \"http://lab-app:8080/b/byid?memberId=717&limit=500\": request timeout"
time="2026-06-11T23:11:41Z" level=warning msg="Request Failed" error="Get \"http://lab-app:8080/b/byid?memberId=974&limit=500\": request timeout"
time="2026-06-11T23:11:41Z" level=warning msg="Request Failed" error="Get \"http://lab-app:8080/b/byid?memberId=1073&limit=500\": request timeout"
time="2026-06-11T23:11:41Z" level=warning msg="Request Failed" error="Get \"http://lab-app:8080/b/byid?memberId=56&limit=500\": request timeout"
time="2026-06-11T23:11:42Z" level=warning msg="Request Failed" error="Get \"http://lab-app:8080/b/byid?memberId=58&limit=500\": request timeout"
time="2026-06-11T23:11:42Z" level=warning msg="Request Failed" error="Get \"http://lab-app:8080/b/byid?memberId=667&limit=500\": request timeout"
time="2026-06-11T23:11:42Z" level=warning msg="Request Failed" error="Get \"http://lab-app:8080/b/byid?memberId=853&limit=500\": request timeout"
time="2026-06-11T23:11:42Z" level=warning msg="Request Failed" error="Get \"http://lab-app:8080/b/byid?memberId=1456&limit=500\": request timeout"
time="2026-06-11T23:11:42Z" level=warning msg="Request Failed" error="Get \"http://lab-app:8080/b/byid?memberId=1618&limit=500\": request timeout"

running (2m24.0s), 0515/0757 VUs, 1221 complete and 0 interrupted iterations
main ↓ [ 100% ] 0757/0757 VUs  2m0s  20.00 iters/s
time="2026-06-11T23:11:42Z" level=warning msg="Request Failed" error="Get \"http://lab-app:8080/b/byid?memberId=1283&limit=500\": request timeout"
time="2026-06-11T23:11:42Z" level=warning msg="Request Failed" error="Get \"http://lab-app:8080/b/byid?memberId=959&limit=500\": request timeout"
time="2026-06-11T23:11:42Z" level=warning msg="Request Failed" error="Get \"http://lab-app:8080/b/byid?memberId=1873&limit=500\": request timeout"
time="2026-06-11T23:11:42Z" level=warning msg="Request Failed" error="Get \"http://lab-app:8080/b/byid?memberId=307&limit=500\": request timeout"
time="2026-06-11T23:11:42Z" level=warning msg="Request Failed" error="Get \"http://lab-app:8080/b/byid?memberId=81&limit=500\": request timeout"
time="2026-06-11T23:11:43Z" level=warning msg="Request Failed" error="Get \"http://lab-app:8080/b/byid?memberId=1637&limit=500\": request timeout"
time="2026-06-11T23:11:43Z" level=warning msg="Request Failed" error="Get \"http://lab-app:8080/b/byid?memberId=956&limit=500\": request timeout"
time="2026-06-11T23:11:43Z" level=warning msg="Request Failed" error="Get \"http://lab-app:8080/b/byid?memberId=1506&limit=500\": request timeout"
time="2026-06-11T23:11:43Z" level=warning msg="Request Failed" error="Get \"http://lab-app:8080/b/byid?memberId=452&limit=500\": request timeout"
time="2026-06-11T23:11:46Z" level=warning msg="Request Failed" error="Get \"http://lab-app:8080/b/byid?memberId=292&limit=500\": request timeout"

running (2m27.6s), 0505/0757 VUs, 1231 complete and 0 interrupted iterations
main ↓ [ 100% ] 0757/0757 VUs  2m0s  20.00 iters/s
time="2026-06-11T23:11:46Z" level=warning msg="Request Failed" error="Get \"http://lab-app:8080/b/byid?memberId=972&limit=500\": request timeout"
time="2026-06-11T23:11:43Z" level=warning msg="Request Failed" error="Get \"http://lab-app:8080/b/byid?memberId=1561&limit=500\": request timeout"
time="2026-06-11T23:11:43Z" level=warning msg="Request Failed" error="Get \"http://lab-app:8080/b/byid?memberId=1609&limit=500\": request timeout"
time="2026-06-11T23:11:43Z" level=warning msg="Request Failed" error="Get \"http://lab-app:8080/b/byid?memberId=1867&limit=500\": request timeout"
time="2026-06-11T23:11:43Z" level=warning msg="Request Failed" error="Get \"http://lab-app:8080/b/byid?memberId=368&limit=500\": request timeout"
time="2026-06-11T23:11:43Z" level=warning msg="Request Failed" error="Get \"http://lab-app:8080/b/byid?memberId=1382&limit=500\": request timeout"
time="2026-06-11T23:11:44Z" level=warning msg="Request Failed" error="Get \"http://lab-app:8080/b/byid?memberId=1859&limit=500\": request timeout"
time="2026-06-11T23:11:44Z" level=warning msg="Request Failed" error="Get \"http://lab-app:8080/b/byid?memberId=800&limit=500\": request timeout"
time="2026-06-11T23:11:44Z" level=warning msg="Request Failed" error="Get \"http://lab-app:8080/b/byid?memberId=936&limit=500\": request timeout"
time="2026-06-11T23:11:44Z" level=warning msg="Request Failed" error="Get \"http://lab-app:8080/b/byid?memberId=1977&limit=500\": request timeout"
time="2026-06-11T23:11:44Z" level=warning msg="Request Failed" error="Get \"http://lab-app:8080/b/byid?memberId=1711&limit=500\": request timeout"
time="2026-06-11T23:11:44Z" level=warning msg="Request Failed" error="Get \"http://lab-app:8080/b/byid?memberId=1512&limit=500\": request timeout"
time="2026-06-11T23:11:44Z" level=warning msg="Request Failed" error="Get \"http://lab-app:8080/b/byid?memberId=483&limit=500\": request timeout"
time="2026-06-11T23:11:44Z" level=warning msg="Request Failed" error="Get \"http://lab-app:8080/b/byid?memberId=582&limit=500\": request timeout"
time="2026-06-11T23:11:44Z" level=warning msg="Request Failed" error="Get \"http://lab-app:8080/b/byid?memberId=63&limit=500\": request timeout"

running (2m26.0s), 0490/0757 VUs, 1246 complete and 0 interrupted iterations
main ↓ [ 100% ] 0757/0757 VUs  2m0s  20.00 iters/s
time="2026-06-11T23:11:44Z" level=warning msg="Request Failed" error="Get \"http://lab-app:8080/b/byid?memberId=349&limit=500\": request timeout"
time="2026-06-11T23:11:44Z" level=warning msg="Request Failed" error="Get \"http://lab-app:8080/b/byid?memberId=1812&limit=500\": request timeout"
time="2026-06-11T23:11:44Z" level=warning msg="Request Failed" error="Get \"http://lab-app:8080/b/byid?memberId=473&limit=500\": request timeout"
time="2026-06-11T23:11:44Z" level=warning msg="Request Failed" error="Get \"http://lab-app:8080/b/byid?memberId=262&limit=500\": request timeout"
time="2026-06-11T23:11:44Z" level=warning msg="Request Failed" error="Get \"http://lab-app:8080/b/byid?memberId=1793&limit=500\": request timeout"
time="2026-06-11T23:11:44Z" level=warning msg="Request Failed" error="Get \"http://lab-app:8080/b/byid?memberId=73&limit=500\": request timeout"
time="2026-06-11T23:11:45Z" level=warning msg="Request Failed" error="Get \"http://lab-app:8080/b/byid?memberId=1434&limit=500\": request timeout"
time="2026-06-11T23:11:45Z" level=warning msg="Request Failed" error="Get \"http://lab-app:8080/b/byid?memberId=210&limit=500\": request timeout"
time="2026-06-11T23:11:45Z" level=warning msg="Request Failed" error="Get \"http://lab-app:8080/b/byid?memberId=477&limit=500\": request timeout"
time="2026-06-11T23:11:45Z" level=warning msg="Request Failed" error="Get \"http://lab-app:8080/b/byid?memberId=588&limit=500\": request timeout"
time="2026-06-11T23:11:45Z" level=warning msg="Request Failed" error="Get \"http://lab-app:8080/b/byid?memberId=338&limit=500\": request timeout"
time="2026-06-11T23:11:45Z" level=warning msg="Request Failed" error="Get \"http://lab-app:8080/b/byid?memberId=235&limit=500\": request timeout"
time="2026-06-11T23:11:45Z" level=warning msg="Request Failed" error="Get \"http://lab-app:8080/b/byid?memberId=300&limit=500\": request timeout"
time="2026-06-11T23:11:45Z" level=warning msg="Request Failed" error="Get \"http://lab-app:8080/b/byid?memberId=879&limit=500\": request timeout"
time="2026-06-11T23:11:45Z" level=warning msg="Request Failed" error="Get \"http://lab-app:8080/b/byid?memberId=877&limit=500\": request timeout"
time="2026-06-11T23:11:45Z" level=warning msg="Request Failed" error="Get \"http://lab-app:8080/b/byid?memberId=1571&limit=500\": request timeout"
time="2026-06-11T23:11:45Z" level=warning msg="Request Failed" error="Get \"http://lab-app:8080/b/byid?memberId=1452&limit=500\": request timeout"

running (2m27.0s), 0473/0757 VUs, 1263 complete and 0 interrupted iterations
main ↓ [ 100% ] 0757/0757 VUs  2m0s  20.00 iters/s
time="2026-06-11T23:11:45Z" level=warning msg="Request Failed" error="Get \"http://lab-app:8080/b/byid?memberId=1043&limit=500\": request timeout"
time="2026-06-11T23:11:45Z" level=warning msg="Request Failed" error="Get \"http://lab-app:8080/b/byid?memberId=1952&limit=500\": request timeout"
time="2026-06-11T23:11:45Z" level=warning msg="Request Failed" error="Get \"http://lab-app:8080/b/byid?memberId=1226&limit=500\": request timeout"
time="2026-06-11T23:11:45Z" level=warning msg="Request Failed" error="Get \"http://lab-app:8080/b/byid?memberId=1255&limit=500\": request timeout"
time="2026-06-11T23:11:45Z" level=warning msg="Request Failed" error="Get \"http://lab-app:8080/b/byid?memberId=1766&limit=500\": request timeout"
time="2026-06-11T23:11:45Z" level=warning msg="Request Failed" error="Get \"http://lab-app:8080/b/byid?memberId=1322&limit=500\": request timeout"
time="2026-06-11T23:11:45Z" level=warning msg="Request Failed" error="Get \"http://lab-app:8080/b/byid?memberId=1447&limit=500\": request timeout"
time="2026-06-11T23:11:45Z" level=warning msg="Request Failed" error="Get \"http://lab-app:8080/b/byid?memberId=1070&limit=500\": request timeout"
time="2026-06-11T23:11:45Z" level=warning msg="Request Failed" error="Get \"http://lab-app:8080/b/byid?memberId=644&limit=500\": request timeout"
time="2026-06-11T23:11:46Z" level=warning msg="Request Failed" error="Get \"http://lab-app:8080/b/byid?memberId=1476&limit=500\": request timeout"
time="2026-06-11T23:11:46Z" level=warning msg="Request Failed" error="Get \"http://lab-app:8080/b/byid?memberId=1857&limit=500\": request timeout"
time="2026-06-11T23:11:46Z" level=warning msg="Request Failed" error="Get \"http://lab-app:8080/b/byid?memberId=86&limit=500\": request timeout"
time="2026-06-11T23:11:46Z" level=warning msg="Request Failed" error="Get \"http://lab-app:8080/b/byid?memberId=451&limit=500\": request timeout"
time="2026-06-11T23:11:46Z" level=warning msg="Request Failed" error="Get \"http://lab-app:8080/b/byid?memberId=714&limit=500\": request timeout"
time="2026-06-11T23:11:46Z" level=warning msg="Request Failed" error="Get \"http://lab-app:8080/b/byid?memberId=670&limit=500\": request timeout"
time="2026-06-11T23:11:46Z" level=warning msg="Request Failed" error="Get \"http://lab-app:8080/b/byid?memberId=1747&limit=500\": request timeout"
time="2026-06-11T23:11:46Z" level=warning msg="Request Failed" error="Get \"http://lab-app:8080/b/byid?memberId=856&limit=500\": request timeout"
time="2026-06-11T23:11:46Z" level=warning msg="Request Failed" error="Get \"http://lab-app:8080/b/byid?memberId=1043&limit=500\": request timeout"
time="2026-06-11T23:11:46Z" level=warning msg="Request Failed" error="Get \"http://lab-app:8080/b/byid?memberId=238&limit=500\": request timeout"
time="2026-06-11T23:11:46Z" level=warning msg="Request Failed" error="Get \"http://lab-app:8080/b/byid?memberId=1901&limit=500\": request timeout"

running (2m28.0s), 0453/0757 VUs, 1283 complete and 0 interrupted iterations
main ↓ [ 100% ] 0757/0757 VUs  2m0s  20.00 iters/s
time="2026-06-11T23:11:46Z" level=warning msg="Request Failed" error="Get \"http://lab-app:8080/b/byid?memberId=1005&limit=500\": request timeout"
time="2026-06-11T23:11:46Z" level=warning msg="Request Failed" error="Get \"http://lab-app:8080/b/byid?memberId=517&limit=500\": request timeout"
time="2026-06-11T23:11:46Z" level=warning msg="Request Failed" error="Get \"http://lab-app:8080/b/byid?memberId=1781&limit=500\": request timeout"
time="2026-06-11T23:11:46Z" level=warning msg="Request Failed" error="Get \"http://lab-app:8080/b/byid?memberId=741&limit=500\": request timeout"
time="2026-06-11T23:11:46Z" level=warning msg="Request Failed" error="Get \"http://lab-app:8080/b/byid?memberId=875&limit=500\": request timeout"
time="2026-06-11T23:11:46Z" level=warning msg="Request Failed" error="Get \"http://lab-app:8080/b/byid?memberId=1491&limit=500\": request timeout"
time="2026-06-11T23:11:47Z" level=warning msg="Request Failed" error="Get \"http://lab-app:8080/b/byid?memberId=1520&limit=500\": request timeout"
time="2026-06-11T23:11:47Z" level=warning msg="Request Failed" error="Get \"http://lab-app:8080/b/byid?memberId=1322&limit=500\": request timeout"
time="2026-06-11T23:11:47Z" level=warning msg="Request Failed" error="Get \"http://lab-app:8080/b/byid?memberId=1769&limit=500\": request timeout"
time="2026-06-11T23:11:47Z" level=warning msg="Request Failed" error="Get \"http://lab-app:8080/b/byid?memberId=1092&limit=500\": request timeout"
time="2026-06-11T23:11:47Z" level=warning msg="Request Failed" error="Get \"http://lab-app:8080/b/byid?memberId=338&limit=500\": request timeout"
time="2026-06-11T23:11:47Z" level=warning msg="Request Failed" error="Get \"http://lab-app:8080/b/byid?memberId=326&limit=500\": request timeout"

running (2m29.0s), 0441/0757 VUs, 1295 complete and 0 interrupted iterations
main ↓ [ 100% ] 0757/0757 VUs  2m0s  20.00 iters/s
time="2026-06-11T23:11:47Z" level=warning msg="Request Failed" error="Get \"http://lab-app:8080/b/byid?memberId=1941&limit=500\": request timeout"
time="2026-06-11T23:11:47Z" level=warning msg="Request Failed" error="Get \"http://lab-app:8080/b/byid?memberId=1957&limit=500\": request timeout"
time="2026-06-11T23:11:47Z" level=warning msg="Request Failed" error="Get \"http://lab-app:8080/b/byid?memberId=331&limit=500\": request timeout"
time="2026-06-11T23:11:47Z" level=warning msg="Request Failed" error="Get \"http://lab-app:8080/b/byid?memberId=13&limit=500\": request timeout"
time="2026-06-11T23:11:48Z" level=warning msg="Request Failed" error="Get \"http://lab-app:8080/b/byid?memberId=1268&limit=500\": request timeout"
time="2026-06-11T23:11:48Z" level=warning msg="Request Failed" error="Get \"http://lab-app:8080/b/byid?memberId=74&limit=500\": request timeout"
time="2026-06-11T23:11:48Z" level=warning msg="Request Failed" error="Get \"http://lab-app:8080/b/byid?memberId=1029&limit=500\": request timeout"
time="2026-06-11T23:11:48Z" level=warning msg="Request Failed" error="Get \"http://lab-app:8080/b/byid?memberId=1967&limit=500\": request timeout"
time="2026-06-11T23:11:48Z" level=warning msg="Request Failed" error="Get \"http://lab-app:8080/b/byid?memberId=1171&limit=500\": request timeout"
time="2026-06-11T23:11:48Z" level=warning msg="Request Failed" error="Get \"http://lab-app:8080/b/byid?memberId=809&limit=500\": request timeout"

running (2m30.0s), 0431/0757 VUs, 1305 complete and 0 interrupted iterations
main ↓ [ 100% ] 0757/0757 VUs  2m0s  20.00 iters/s

running (2m30.1s), 0000/0757 VUs, 1305 complete and 431 interrupted iterations
main ✓ [ 100% ] 0431/0757 VUs  2m0s  20.00 iters/s
  Repeat 1 complete. Results in results/b-byid-rtt10000-r20-n500-rep1-1781219358.json
=== Cell complete: 1 repeat(s) for b/byid rtt=10000us ===

[campaign] (14) cell: b|inbatch|10000|20|-|N=500,MAX_MEMBER_ID=2000
=== Cell: scenario=b style=inbatch rtt=10000us rate=20rps duration=2m scale=full maxMember=2000 repeats=1 ===
[1/4] Setting netem delay 10000us...
Setting netem delay 10000us on lab-mysql eth0...
time="2026-06-12T08:11:49+09:00" level=warning msg="/Users/rene/rdb-join-lab/docker-compose.yml: the attribute `version` is obsolete, it will be ignored, please remove it to avoid potential confusion"
Current qdisc:
time="2026-06-12T08:11:49+09:00" level=warning msg="/Users/rene/rdb-join-lab/docker-compose.yml: the attribute `version` is obsolete, it will be ignored, please remove it to avoid potential confusion"
qdisc netem 8016: root refcnt 7 limit 1000 delay 10ms seed 6340207422715201724
[2/4] Warming InnoDB buffer pool...
=== Step 1: Warm-up queries (priming buffer pool, ~10% of full scale) ===
COUNT(*)
3400211
COUNT(*)
1000000
COUNT(*)
8679702
COUNT(*)
10000
Warm-up queries complete.
=== Step 2: Triggering InnoDB buffer pool dump ===
time="2026-06-12T08:11:51+09:00" level=warning msg="/Users/rene/rdb-join-lab/docker-compose.yml: the attribute `version` is obsolete, it will be ignored, please remove it to avoid potential confusion"
mysql: [Warning] Using a password on the command line interface can be insecure.
Polling dump status (timeout 300s)...
  [0s] Dump status: Buffer pool(s) dump completed at 260611 23:11:51
Buffer pool dump completed.
=== Step 3: Triggering InnoDB buffer pool load ===
time="2026-06-12T08:11:51+09:00" level=warning msg="/Users/rene/rdb-join-lab/docker-compose.yml: the attribute `version` is obsolete, it will be ignored, please remove it to avoid potential confusion"
mysql: [Warning] Using a password on the command line interface can be insecure.
Polling load status (timeout 300s)...
  [0s] Load status: Loaded 155649/188400 pages
  [5s] Load status: Buffer pool(s) load completed at 260611 23:11:51
Buffer pool load completed.
=== Step 3b: Capturing post-load snapshot for warm-state gate ===
COUNT(*)
1210060
COUNT(*)
8679702
COUNT(*)
10000
Re-verification queries complete.
=== Step 4: Warm-state gate (physical reads < 0.01, post-load window) ===
  Post-load reverify window: physical reads delta: 0 / 25094 = 0.0
  (Pre-warmup baseline: 28591 / 3995234450, for reference)
  Warm-state gate PASSED.
=== Step 5: ANALYZE TABLE ===
Table	Op	Msg_type	Msg_text
lab.coupon_policy	analyze	status	OK
lab.member	analyze	status	OK
lab.coupon_issue	analyze	status	OK
ANALYZE TABLE complete.
=== Step 5b: Capturing InnoDB engine status (AHI verification) ===
  InnoDB status captured: results/innodb-status-1781219519.txt
  AHI indicator: INSERT BUFFER AND ADAPTIVE HASH INDEX
0.00 hash searches/s, 3582.61 non-hash searches/s
=== Step 5c: EXPLAIN Scenario B ORDER BY id ASC (filesort check) ===
  WARNING: EXPLAIN shows 'Using filesort' for Scenario B ORDER BY id ASC query.
  Expected idx_issue_member_id to cover ORDER BY — check index creation in schema.sql.
  EXPLAIN output:
1	SIMPLE	coupon_issue	NULL	ref	idx_issue_member_status,idx_issue_member_id	idx_issue_member_status	8	const	1206	100.00	Using filesort
[3/4] Dual calibration (nominal=10000us)...
  [held conn] calibrate n=10000...
{
    "n": 2000,
    "min": 10103,
    "p50": 11497,
    "p95": 12728,
    "p99": 12867,
    "max": 22465
}
  [per checkout] calibrate/loaded n=10000...
{
    "n": 2000,
    "min": 10127,
    "p50": 11369,
    "p95": 12736,
    "p99": 12870,
    "max": 22761
}
Running dual calibration probe (n=10000 held + n=10000 loaded)...
=== held (pure wire RTT) ===
{
    "n": 2000,
    "min": 10118,
    "p50": 11349,
    "p95": 12707,
    "p99": 12866,
    "max": 13637
}
=== loaded (wire RTT + pool checkout) ===
{
    "n": 2000,
    "min": 10123,
    "p50": 11474,
    "p95": 12759,
    "p99": 12870,
    "max": 27266
}

Appended dual record to results/calibration.jsonl: {"held": {"n": 2000, "min": 10118, "p50": 11349, "p95": 12707, "p99": 12866, "max": 13637}, "loaded": {"n": 2000, "min": 10123, "p50": 11474, "p95": 12759, "p99": 12870, "max": 27266}, "timestamp": "2026-06-11T23:14:17Z", "nominal_delay_us": 10000}
[4/1] Running k6 repeat 1/1 (output -> results/b-inbatch-rtt10000-r20-n500-rep1-1781219657.json)...
time="2026-06-12T08:14:17+09:00" level=warning msg="/Users/rene/rdb-join-lab/docker-compose.yml: the attribute `version` is obsolete, it will be ignored, please remove it to avoid potential confusion"

         /\      Grafana   /‾‾/  
    /\  /  \     |\  __   /  /   
   /  \/    \    | |/ /  /   ‾‾\ 
  /          \   |   (  |  (‾)  |
 / __________ \  |_|\_\  \_____/ 


     execution: local
        script: /scripts/scenario.js
        output: -

     scenarios: (100.00%) 1 scenario, 1000 max VUs, 2m30s max duration (incl. graceful stop):
              * main: 20.00 iterations/s for 2m0s (maxVUs: 100-1000, gracefulStop: 30s)


running (0m01.0s), 0002/0100 VUs, 18 complete and 0 interrupted iterations
main   [   1% ] 0002/0100 VUs  0m01.0s/2m0s  20.00 iters/s

running (0m02.0s), 0002/0100 VUs, 38 complete and 0 interrupted iterations
main   [   2% ] 0002/0100 VUs  0m02.0s/2m0s  20.00 iters/s

running (0m03.0s), 0002/0100 VUs, 58 complete and 0 interrupted iterations
main   [   2% ] 0002/0100 VUs  0m03.0s/2m0s  20.00 iters/s

running (0m04.0s), 0002/0100 VUs, 78 complete and 0 interrupted iterations
main   [   3% ] 0002/0100 VUs  0m04.0s/2m0s  20.00 iters/s

running (0m05.0s), 0002/0100 VUs, 98 complete and 0 interrupted iterations
main   [   4% ] 0002/0100 VUs  0m05.0s/2m0s  20.00 iters/s

running (0m06.0s), 0002/0100 VUs, 118 complete and 0 interrupted iterations
main   [   5% ] 0002/0100 VUs  0m06.0s/2m0s  20.00 iters/s

running (0m07.0s), 0002/0100 VUs, 138 complete and 0 interrupted iterations
main   [   6% ] 0002/0100 VUs  0m07.0s/2m0s  20.00 iters/s

running (0m08.0s), 0002/0100 VUs, 158 complete and 0 interrupted iterations
main   [   7% ] 0002/0100 VUs  0m08.0s/2m0s  20.00 iters/s

running (0m09.0s), 0002/0100 VUs, 178 complete and 0 interrupted iterations
main   [   7% ] 0002/0100 VUs  0m09.0s/2m0s  20.00 iters/s

running (0m10.0s), 0002/0100 VUs, 198 complete and 0 interrupted iterations
main   [   8% ] 0002/0100 VUs  0m10.0s/2m0s  20.00 iters/s

running (0m11.0s), 0002/0100 VUs, 218 complete and 0 interrupted iterations
main   [   9% ] 0002/0100 VUs  0m11.0s/2m0s  20.00 iters/s

running (0m12.0s), 0002/0100 VUs, 238 complete and 0 interrupted iterations
main   [  10% ] 0002/0100 VUs  0m12.0s/2m0s  20.00 iters/s

running (0m13.0s), 0002/0100 VUs, 258 complete and 0 interrupted iterations
main   [  11% ] 0002/0100 VUs  0m13.0s/2m0s  20.00 iters/s

running (0m14.0s), 0002/0100 VUs, 278 complete and 0 interrupted iterations
main   [  12% ] 0002/0100 VUs  0m14.0s/2m0s  20.00 iters/s

running (0m15.0s), 0002/0100 VUs, 298 complete and 0 interrupted iterations
main   [  12% ] 0002/0100 VUs  0m15.0s/2m0s  20.00 iters/s

running (0m16.0s), 0002/0100 VUs, 318 complete and 0 interrupted iterations
main   [  13% ] 0002/0100 VUs  0m16.0s/2m0s  20.00 iters/s

running (0m17.0s), 0002/0100 VUs, 338 complete and 0 interrupted iterations
main   [  14% ] 0002/0100 VUs  0m17.0s/2m0s  20.00 iters/s

running (0m18.0s), 0002/0100 VUs, 358 complete and 0 interrupted iterations
main   [  15% ] 0002/0100 VUs  0m18.0s/2m0s  20.00 iters/s

running (0m19.0s), 0002/0100 VUs, 378 complete and 0 interrupted iterations
main   [  16% ] 0002/0100 VUs  0m19.0s/2m0s  20.00 iters/s

running (0m20.0s), 0002/0100 VUs, 398 complete and 0 interrupted iterations
main   [  17% ] 0002/0100 VUs  0m20.0s/2m0s  20.00 iters/s

running (0m21.0s), 0002/0100 VUs, 418 complete and 0 interrupted iterations
main   [  17% ] 0002/0100 VUs  0m21.0s/2m0s  20.00 iters/s

running (0m22.0s), 0002/0100 VUs, 438 complete and 0 interrupted iterations
main   [  18% ] 0002/0100 VUs  0m22.0s/2m0s  20.00 iters/s

running (0m23.0s), 0002/0100 VUs, 458 complete and 0 interrupted iterations
main   [  19% ] 0002/0100 VUs  0m23.0s/2m0s  20.00 iters/s

running (0m24.0s), 0002/0100 VUs, 478 complete and 0 interrupted iterations
main   [  20% ] 0002/0100 VUs  0m24.0s/2m0s  20.00 iters/s

running (0m25.0s), 0002/0100 VUs, 498 complete and 0 interrupted iterations
main   [  21% ] 0002/0100 VUs  0m25.0s/2m0s  20.00 iters/s

running (0m26.0s), 0002/0100 VUs, 518 complete and 0 interrupted iterations
main   [  22% ] 0002/0100 VUs  0m26.0s/2m0s  20.00 iters/s

running (0m27.0s), 0002/0100 VUs, 538 complete and 0 interrupted iterations
main   [  22% ] 0002/0100 VUs  0m27.0s/2m0s  20.00 iters/s

running (0m28.0s), 0002/0100 VUs, 558 complete and 0 interrupted iterations
main   [  23% ] 0002/0100 VUs  0m28.0s/2m0s  20.00 iters/s

running (0m29.0s), 0002/0100 VUs, 578 complete and 0 interrupted iterations
main   [  24% ] 0002/0100 VUs  0m29.0s/2m0s  20.00 iters/s

running (0m30.0s), 0002/0100 VUs, 598 complete and 0 interrupted iterations
main   [  25% ] 0002/0100 VUs  0m30.0s/2m0s  20.00 iters/s

running (0m31.0s), 0002/0100 VUs, 618 complete and 0 interrupted iterations
main   [  26% ] 0002/0100 VUs  0m31.0s/2m0s  20.00 iters/s

running (0m32.0s), 0002/0100 VUs, 638 complete and 0 interrupted iterations
main   [  27% ] 0002/0100 VUs  0m32.0s/2m0s  20.00 iters/s

running (0m33.0s), 0002/0100 VUs, 658 complete and 0 interrupted iterations
main   [  27% ] 0002/0100 VUs  0m33.0s/2m0s  20.00 iters/s

running (0m34.0s), 0002/0100 VUs, 678 complete and 0 interrupted iterations
main   [  28% ] 0002/0100 VUs  0m34.0s/2m0s  20.00 iters/s

running (0m35.0s), 0002/0100 VUs, 698 complete and 0 interrupted iterations
main   [  29% ] 0002/0100 VUs  0m35.0s/2m0s  20.00 iters/s

running (0m36.0s), 0002/0100 VUs, 718 complete and 0 interrupted iterations
main   [  30% ] 0002/0100 VUs  0m36.0s/2m0s  20.00 iters/s

running (0m37.0s), 0002/0100 VUs, 738 complete and 0 interrupted iterations
main   [  31% ] 0002/0100 VUs  0m37.0s/2m0s  20.00 iters/s

running (0m38.0s), 0002/0100 VUs, 758 complete and 0 interrupted iterations
main   [  32% ] 0002/0100 VUs  0m38.0s/2m0s  20.00 iters/s

running (0m39.0s), 0002/0100 VUs, 778 complete and 0 interrupted iterations
main   [  32% ] 0002/0100 VUs  0m39.0s/2m0s  20.00 iters/s

running (0m40.0s), 0002/0100 VUs, 798 complete and 0 interrupted iterations
main   [  33% ] 0002/0100 VUs  0m40.0s/2m0s  20.00 iters/s

running (0m41.0s), 0002/0100 VUs, 818 complete and 0 interrupted iterations
main   [  34% ] 0002/0100 VUs  0m41.0s/2m0s  20.00 iters/s

running (0m42.0s), 0002/0100 VUs, 838 complete and 0 interrupted iterations
main   [  35% ] 0002/0100 VUs  0m42.0s/2m0s  20.00 iters/s

running (0m43.0s), 0002/0100 VUs, 858 complete and 0 interrupted iterations
main   [  36% ] 0002/0100 VUs  0m43.0s/2m0s  20.00 iters/s

running (0m44.0s), 0002/0100 VUs, 878 complete and 0 interrupted iterations
main   [  37% ] 0002/0100 VUs  0m44.0s/2m0s  20.00 iters/s

running (0m45.0s), 0002/0100 VUs, 898 complete and 0 interrupted iterations
main   [  37% ] 0002/0100 VUs  0m45.0s/2m0s  20.00 iters/s

running (0m46.0s), 0002/0100 VUs, 918 complete and 0 interrupted iterations
main   [  38% ] 0002/0100 VUs  0m46.0s/2m0s  20.00 iters/s

running (0m47.0s), 0002/0100 VUs, 938 complete and 0 interrupted iterations
main   [  39% ] 0002/0100 VUs  0m47.0s/2m0s  20.00 iters/s

running (0m48.0s), 0002/0100 VUs, 958 complete and 0 interrupted iterations
main   [  40% ] 0002/0100 VUs  0m48.0s/2m0s  20.00 iters/s

running (0m49.0s), 0002/0100 VUs, 978 complete and 0 interrupted iterations
main   [  41% ] 0002/0100 VUs  0m49.0s/2m0s  20.00 iters/s

running (0m50.0s), 0002/0100 VUs, 998 complete and 0 interrupted iterations
main   [  42% ] 0002/0100 VUs  0m50.0s/2m0s  20.00 iters/s

running (0m51.0s), 0002/0100 VUs, 1018 complete and 0 interrupted iterations
main   [  42% ] 0002/0100 VUs  0m51.0s/2m0s  20.00 iters/s

running (0m52.0s), 0002/0100 VUs, 1038 complete and 0 interrupted iterations
main   [  43% ] 0002/0100 VUs  0m52.0s/2m0s  20.00 iters/s

running (0m53.0s), 0002/0100 VUs, 1058 complete and 0 interrupted iterations
main   [  44% ] 0002/0100 VUs  0m53.0s/2m0s  20.00 iters/s

running (0m54.0s), 0002/0100 VUs, 1078 complete and 0 interrupted iterations
main   [  45% ] 0002/0100 VUs  0m54.0s/2m0s  20.00 iters/s

running (0m55.0s), 0002/0100 VUs, 1098 complete and 0 interrupted iterations
main   [  46% ] 0002/0100 VUs  0m55.0s/2m0s  20.00 iters/s

running (0m56.0s), 0002/0100 VUs, 1118 complete and 0 interrupted iterations
main   [  47% ] 0002/0100 VUs  0m56.0s/2m0s  20.00 iters/s

running (0m57.0s), 0002/0100 VUs, 1138 complete and 0 interrupted iterations
main   [  47% ] 0002/0100 VUs  0m57.0s/2m0s  20.00 iters/s

running (0m58.0s), 0002/0100 VUs, 1158 complete and 0 interrupted iterations
main   [  48% ] 0002/0100 VUs  0m58.0s/2m0s  20.00 iters/s

running (0m59.0s), 0002/0100 VUs, 1178 complete and 0 interrupted iterations
main   [  49% ] 0002/0100 VUs  0m59.0s/2m0s  20.00 iters/s

running (1m00.0s), 0002/0100 VUs, 1198 complete and 0 interrupted iterations
main   [  50% ] 0002/0100 VUs  1m00.0s/2m0s  20.00 iters/s

running (1m01.0s), 0002/0100 VUs, 1218 complete and 0 interrupted iterations
main   [  51% ] 0002/0100 VUs  1m01.0s/2m0s  20.00 iters/s

running (1m02.0s), 0002/0100 VUs, 1238 complete and 0 interrupted iterations
main   [  52% ] 0002/0100 VUs  1m02.0s/2m0s  20.00 iters/s

running (1m03.0s), 0002/0100 VUs, 1258 complete and 0 interrupted iterations
main   [  52% ] 0002/0100 VUs  1m03.0s/2m0s  20.00 iters/s

running (1m04.0s), 0002/0100 VUs, 1278 complete and 0 interrupted iterations
main   [  53% ] 0002/0100 VUs  1m04.0s/2m0s  20.00 iters/s

running (1m05.0s), 0002/0100 VUs, 1298 complete and 0 interrupted iterations
main   [  54% ] 0002/0100 VUs  1m05.0s/2m0s  20.00 iters/s

running (1m06.0s), 0002/0100 VUs, 1318 complete and 0 interrupted iterations
main   [  55% ] 0002/0100 VUs  1m06.0s/2m0s  20.00 iters/s

running (1m07.0s), 0002/0100 VUs, 1338 complete and 0 interrupted iterations
main   [  56% ] 0002/0100 VUs  1m07.0s/2m0s  20.00 iters/s

running (1m08.0s), 0002/0100 VUs, 1358 complete and 0 interrupted iterations
main   [  57% ] 0002/0100 VUs  1m08.0s/2m0s  20.00 iters/s

running (1m09.0s), 0002/0100 VUs, 1378 complete and 0 interrupted iterations
main   [  57% ] 0002/0100 VUs  1m09.0s/2m0s  20.00 iters/s

running (1m10.0s), 0002/0100 VUs, 1398 complete and 0 interrupted iterations
main   [  58% ] 0002/0100 VUs  1m10.0s/2m0s  20.00 iters/s

running (1m11.0s), 0002/0100 VUs, 1418 complete and 0 interrupted iterations
main   [  59% ] 0002/0100 VUs  1m11.0s/2m0s  20.00 iters/s

running (1m12.0s), 0002/0100 VUs, 1438 complete and 0 interrupted iterations
main   [  60% ] 0002/0100 VUs  1m12.0s/2m0s  20.00 iters/s

running (1m13.0s), 0002/0100 VUs, 1458 complete and 0 interrupted iterations
main   [  61% ] 0002/0100 VUs  1m13.0s/2m0s  20.00 iters/s

running (1m14.0s), 0002/0100 VUs, 1478 complete and 0 interrupted iterations
main   [  62% ] 0002/0100 VUs  1m14.0s/2m0s  20.00 iters/s

running (1m15.0s), 0002/0100 VUs, 1498 complete and 0 interrupted iterations
main   [  62% ] 0002/0100 VUs  1m15.0s/2m0s  20.00 iters/s

running (1m16.0s), 0002/0100 VUs, 1518 complete and 0 interrupted iterations
main   [  63% ] 0002/0100 VUs  1m16.0s/2m0s  20.00 iters/s

running (1m17.0s), 0002/0100 VUs, 1538 complete and 0 interrupted iterations
main   [  64% ] 0002/0100 VUs  1m17.0s/2m0s  20.00 iters/s

running (1m18.0s), 0002/0100 VUs, 1558 complete and 0 interrupted iterations
main   [  65% ] 0002/0100 VUs  1m18.0s/2m0s  20.00 iters/s

running (1m19.0s), 0002/0100 VUs, 1578 complete and 0 interrupted iterations
main   [  66% ] 0002/0100 VUs  1m19.0s/2m0s  20.00 iters/s

running (1m20.0s), 0002/0100 VUs, 1598 complete and 0 interrupted iterations
main   [  67% ] 0002/0100 VUs  1m20.0s/2m0s  20.00 iters/s

running (1m21.0s), 0002/0100 VUs, 1618 complete and 0 interrupted iterations
main   [  67% ] 0002/0100 VUs  1m21.0s/2m0s  20.00 iters/s

running (1m22.0s), 0002/0100 VUs, 1638 complete and 0 interrupted iterations
main   [  68% ] 0002/0100 VUs  1m22.0s/2m0s  20.00 iters/s

running (1m23.0s), 0002/0100 VUs, 1658 complete and 0 interrupted iterations
main   [  69% ] 0002/0100 VUs  1m23.0s/2m0s  20.00 iters/s

running (1m24.0s), 0002/0100 VUs, 1678 complete and 0 interrupted iterations
main   [  70% ] 0002/0100 VUs  1m24.0s/2m0s  20.00 iters/s

running (1m25.0s), 0002/0100 VUs, 1698 complete and 0 interrupted iterations
main   [  71% ] 0002/0100 VUs  1m25.0s/2m0s  20.00 iters/s

running (1m26.0s), 0002/0100 VUs, 1718 complete and 0 interrupted iterations
main   [  72% ] 0002/0100 VUs  1m26.0s/2m0s  20.00 iters/s

running (1m27.0s), 0002/0100 VUs, 1738 complete and 0 interrupted iterations
main   [  72% ] 0002/0100 VUs  1m27.0s/2m0s  20.00 iters/s

running (1m28.0s), 0002/0100 VUs, 1758 complete and 0 interrupted iterations
main   [  73% ] 0002/0100 VUs  1m28.0s/2m0s  20.00 iters/s

running (1m29.0s), 0002/0100 VUs, 1778 complete and 0 interrupted iterations
main   [  74% ] 0002/0100 VUs  1m29.0s/2m0s  20.00 iters/s

running (1m30.0s), 0002/0100 VUs, 1798 complete and 0 interrupted iterations
main   [  75% ] 0002/0100 VUs  1m30.0s/2m0s  20.00 iters/s

running (1m31.0s), 0002/0100 VUs, 1818 complete and 0 interrupted iterations
main   [  76% ] 0002/0100 VUs  1m31.0s/2m0s  20.00 iters/s

running (1m32.0s), 0002/0100 VUs, 1838 complete and 0 interrupted iterations
main   [  77% ] 0002/0100 VUs  1m32.0s/2m0s  20.00 iters/s

running (1m33.0s), 0002/0100 VUs, 1858 complete and 0 interrupted iterations
main   [  77% ] 0002/0100 VUs  1m33.0s/2m0s  20.00 iters/s

running (1m34.0s), 0002/0100 VUs, 1878 complete and 0 interrupted iterations
main   [  78% ] 0002/0100 VUs  1m34.0s/2m0s  20.00 iters/s

running (1m35.0s), 0002/0100 VUs, 1898 complete and 0 interrupted iterations
main   [  79% ] 0002/0100 VUs  1m35.0s/2m0s  20.00 iters/s

running (1m36.0s), 0002/0100 VUs, 1918 complete and 0 interrupted iterations
main   [  80% ] 0002/0100 VUs  1m36.0s/2m0s  20.00 iters/s

running (1m37.0s), 0002/0100 VUs, 1938 complete and 0 interrupted iterations
main   [  81% ] 0002/0100 VUs  1m37.0s/2m0s  20.00 iters/s

running (1m38.0s), 0002/0100 VUs, 1958 complete and 0 interrupted iterations
main   [  82% ] 0002/0100 VUs  1m38.0s/2m0s  20.00 iters/s

running (1m39.0s), 0002/0100 VUs, 1978 complete and 0 interrupted iterations
main   [  82% ] 0002/0100 VUs  1m39.0s/2m0s  20.00 iters/s

running (1m40.0s), 0002/0100 VUs, 1998 complete and 0 interrupted iterations
main   [  83% ] 0002/0100 VUs  1m40.0s/2m0s  20.00 iters/s

running (1m41.0s), 0002/0100 VUs, 2018 complete and 0 interrupted iterations
main   [  84% ] 0002/0100 VUs  1m41.0s/2m0s  20.00 iters/s

running (1m42.0s), 0002/0100 VUs, 2038 complete and 0 interrupted iterations
main   [  85% ] 0002/0100 VUs  1m42.0s/2m0s  20.00 iters/s

running (1m43.0s), 0003/0100 VUs, 2057 complete and 0 interrupted iterations
main   [  86% ] 0003/0100 VUs  1m43.0s/2m0s  20.00 iters/s

running (1m44.0s), 0002/0100 VUs, 2078 complete and 0 interrupted iterations
main   [  87% ] 0002/0100 VUs  1m44.0s/2m0s  20.00 iters/s

running (1m45.0s), 0002/0100 VUs, 2098 complete and 0 interrupted iterations
main   [  87% ] 0002/0100 VUs  1m45.0s/2m0s  20.00 iters/s

running (1m46.0s), 0002/0100 VUs, 2118 complete and 0 interrupted iterations
main   [  88% ] 0002/0100 VUs  1m46.0s/2m0s  20.00 iters/s

running (1m47.0s), 0002/0100 VUs, 2138 complete and 0 interrupted iterations
main   [  89% ] 0002/0100 VUs  1m47.0s/2m0s  20.00 iters/s

running (1m48.0s), 0002/0100 VUs, 2158 complete and 0 interrupted iterations
main   [  90% ] 0002/0100 VUs  1m48.0s/2m0s  20.00 iters/s

running (1m49.0s), 0002/0100 VUs, 2178 complete and 0 interrupted iterations
main   [  91% ] 0002/0100 VUs  1m49.0s/2m0s  20.00 iters/s

running (1m50.0s), 0002/0100 VUs, 2198 complete and 0 interrupted iterations
main   [  92% ] 0002/0100 VUs  1m50.0s/2m0s  20.00 iters/s

running (1m51.0s), 0002/0100 VUs, 2218 complete and 0 interrupted iterations
main   [  92% ] 0002/0100 VUs  1m51.0s/2m0s  20.00 iters/s

running (1m52.0s), 0002/0100 VUs, 2238 complete and 0 interrupted iterations
main   [  93% ] 0002/0100 VUs  1m52.0s/2m0s  20.00 iters/s

running (1m53.0s), 0002/0100 VUs, 2258 complete and 0 interrupted iterations
main   [  94% ] 0002/0100 VUs  1m53.0s/2m0s  20.00 iters/s

running (1m54.0s), 0002/0100 VUs, 2278 complete and 0 interrupted iterations
main   [  95% ] 0002/0100 VUs  1m54.0s/2m0s  20.00 iters/s

running (1m55.0s), 0002/0100 VUs, 2298 complete and 0 interrupted iterations
main   [  96% ] 0002/0100 VUs  1m55.0s/2m0s  20.00 iters/s

running (1m56.0s), 0002/0100 VUs, 2318 complete and 0 interrupted iterations
main   [  97% ] 0002/0100 VUs  1m56.0s/2m0s  20.00 iters/s

running (1m57.0s), 0002/0100 VUs, 2338 complete and 0 interrupted iterations
main   [  97% ] 0002/0100 VUs  1m57.0s/2m0s  20.00 iters/s

running (1m58.0s), 0002/0100 VUs, 2358 complete and 0 interrupted iterations
main   [  98% ] 0002/0100 VUs  1m58.0s/2m0s  20.00 iters/s

running (1m59.0s), 0002/0100 VUs, 2378 complete and 0 interrupted iterations
main   [  99% ] 0002/0100 VUs  1m59.0s/2m0s  20.00 iters/s

running (2m00.0s), 0002/0100 VUs, 2398 complete and 0 interrupted iterations
main   [ 100% ] 0002/0100 VUs  2m00.0s/2m0s  20.00 iters/s

running (2m00.1s), 0000/0100 VUs, 2400 complete and 0 interrupted iterations
main ✓ [ 100% ] 0000/0100 VUs  2m0s  20.00 iters/s
  Repeat 1 complete. Results in results/b-inbatch-rtt10000-r20-n500-rep1-1781219657.json
=== Cell complete: 1 repeat(s) for b/inbatch rtt=10000us ===

[campaign] (15) cell: b|inbatch-nodup|10000|20|-|N=500,MAX_MEMBER_ID=2000
=== Cell: scenario=b style=inbatch-nodup rtt=10000us rate=20rps duration=2m scale=full maxMember=2000 repeats=1 ===
[1/4] Setting netem delay 10000us...
Setting netem delay 10000us on lab-mysql eth0...
time="2026-06-12T08:16:18+09:00" level=warning msg="/Users/rene/rdb-join-lab/docker-compose.yml: the attribute `version` is obsolete, it will be ignored, please remove it to avoid potential confusion"
Current qdisc:
time="2026-06-12T08:16:18+09:00" level=warning msg="/Users/rene/rdb-join-lab/docker-compose.yml: the attribute `version` is obsolete, it will be ignored, please remove it to avoid potential confusion"
qdisc netem 8016: root refcnt 7 limit 1000 delay 10ms seed 4197022013869465930
[2/4] Warming InnoDB buffer pool...
=== Step 1: Warm-up queries (priming buffer pool, ~10% of full scale) ===
COUNT(*)
3400211
COUNT(*)
1000000
COUNT(*)
8679702
COUNT(*)
10000
Warm-up queries complete.
=== Step 2: Triggering InnoDB buffer pool dump ===
time="2026-06-12T08:16:20+09:00" level=warning msg="/Users/rene/rdb-join-lab/docker-compose.yml: the attribute `version` is obsolete, it will be ignored, please remove it to avoid potential confusion"
mysql: [Warning] Using a password on the command line interface can be insecure.
Polling dump status (timeout 300s)...
  [0s] Dump status: Buffer pool(s) dump completed at 260611 23:16:20
Buffer pool dump completed.
=== Step 3: Triggering InnoDB buffer pool load ===
time="2026-06-12T08:16:20+09:00" level=warning msg="/Users/rene/rdb-join-lab/docker-compose.yml: the attribute `version` is obsolete, it will be ignored, please remove it to avoid potential confusion"
mysql: [Warning] Using a password on the command line interface can be insecure.
Polling load status (timeout 300s)...
  [0s] Load status: Loaded 174081/188400 pages
  [5s] Load status: Buffer pool(s) load completed at 260611 23:16:20
Buffer pool load completed.
=== Step 3b: Capturing post-load snapshot for warm-state gate ===
COUNT(*)
1210060
COUNT(*)
8679702
COUNT(*)
10000
Re-verification queries complete.
=== Step 4: Warm-state gate (physical reads < 0.01, post-load window) ===
  Post-load reverify window: physical reads delta: 0 / 22886 = 0.0
  (Pre-warmup baseline: 28606 / 4009713042, for reference)
  Warm-state gate PASSED.
=== Step 5: ANALYZE TABLE ===
Table	Op	Msg_type	Msg_text
lab.coupon_policy	analyze	status	OK
lab.member	analyze	status	OK
lab.coupon_issue	analyze	status	OK
ANALYZE TABLE complete.
=== Step 5b: Capturing InnoDB engine status (AHI verification) ===
  InnoDB status captured: results/innodb-status-1781219788.txt
  AHI indicator: INSERT BUFFER AND ADAPTIVE HASH INDEX
0.00 hash searches/s, 22765.31 non-hash searches/s
=== Step 5c: EXPLAIN Scenario B ORDER BY id ASC (filesort check) ===
  WARNING: EXPLAIN shows 'Using filesort' for Scenario B ORDER BY id ASC query.
  Expected idx_issue_member_id to cover ORDER BY — check index creation in schema.sql.
  EXPLAIN output:
1	SIMPLE	coupon_issue	NULL	ref	idx_issue_member_status,idx_issue_member_id	idx_issue_member_status	8	const	1206	100.00	Using filesort
[3/4] Dual calibration (nominal=10000us)...
  [held conn] calibrate n=10000...
{
    "n": 2000,
    "min": 10072,
    "p50": 11352,
    "p95": 12805,
    "p99": 13021,
    "max": 27955
}
  [per checkout] calibrate/loaded n=10000...
{
    "n": 2000,
    "min": 10115,
    "p50": 11535,
    "p95": 12829,
    "p99": 13064,
    "max": 13756
}
Running dual calibration probe (n=10000 held + n=10000 loaded)...
=== held (pure wire RTT) ===
{
    "n": 2000,
    "min": 10083,
    "p50": 11491,
    "p95": 12893,
    "p99": 13139,
    "max": 14701
}
=== loaded (wire RTT + pool checkout) ===
{
    "n": 2000,
    "min": 10096,
    "p50": 11631,
    "p95": 13950,
    "p99": 16960,
    "max": 30519
}

Appended dual record to results/calibration.jsonl: {"held": {"n": 2000, "min": 10083, "p50": 11491, "p95": 12893, "p99": 13139, "max": 14701}, "loaded": {"n": 2000, "min": 10096, "p50": 11631, "p95": 13950, "p99": 16960, "max": 30519}, "timestamp": "2026-06-11T23:18:01Z", "nominal_delay_us": 10000}
[4/1] Running k6 repeat 1/1 (output -> results/b-inbatch-nodup-rtt10000-r20-n500-rep1-1781219881.json)...
time="2026-06-12T08:18:02+09:00" level=warning msg="/Users/rene/rdb-join-lab/docker-compose.yml: the attribute `version` is obsolete, it will be ignored, please remove it to avoid potential confusion"

         /\      Grafana   /‾‾/  
    /\  /  \     |\  __   /  /   
   /  \/    \    | |/ /  /   ‾‾\ 
  /          \   |   (  |  (‾)  |
 / __________ \  |_|\_\  \_____/ 


     execution: local
        script: /scripts/scenario.js
        output: -

     scenarios: (100.00%) 1 scenario, 1000 max VUs, 2m30s max duration (incl. graceful stop):
              * main: 20.00 iterations/s for 2m0s (maxVUs: 100-1000, gracefulStop: 30s)


running (0m01.0s), 0002/0100 VUs, 18 complete and 0 interrupted iterations
main   [   1% ] 0002/0100 VUs  0m01.0s/2m0s  20.00 iters/s

running (0m02.0s), 0002/0100 VUs, 38 complete and 0 interrupted iterations
main   [   2% ] 0002/0100 VUs  0m02.0s/2m0s  20.00 iters/s

running (0m03.0s), 0002/0100 VUs, 58 complete and 0 interrupted iterations
main   [   2% ] 0002/0100 VUs  0m03.0s/2m0s  20.00 iters/s

running (0m04.0s), 0002/0100 VUs, 78 complete and 0 interrupted iterations
main   [   3% ] 0002/0100 VUs  0m04.0s/2m0s  20.00 iters/s

running (0m05.0s), 0002/0100 VUs, 98 complete and 0 interrupted iterations
main   [   4% ] 0002/0100 VUs  0m05.0s/2m0s  20.00 iters/s

running (0m06.0s), 0002/0100 VUs, 118 complete and 0 interrupted iterations
main   [   5% ] 0002/0100 VUs  0m06.0s/2m0s  20.00 iters/s

running (0m07.0s), 0002/0100 VUs, 138 complete and 0 interrupted iterations
main   [   6% ] 0002/0100 VUs  0m07.0s/2m0s  20.00 iters/s

running (0m08.0s), 0002/0100 VUs, 158 complete and 0 interrupted iterations
main   [   7% ] 0002/0100 VUs  0m08.0s/2m0s  20.00 iters/s

running (0m09.0s), 0002/0100 VUs, 178 complete and 0 interrupted iterations
main   [   7% ] 0002/0100 VUs  0m09.0s/2m0s  20.00 iters/s

running (0m10.0s), 0002/0100 VUs, 198 complete and 0 interrupted iterations
main   [   8% ] 0002/0100 VUs  0m10.0s/2m0s  20.00 iters/s

running (0m11.0s), 0002/0100 VUs, 218 complete and 0 interrupted iterations
main   [   9% ] 0002/0100 VUs  0m11.0s/2m0s  20.00 iters/s

running (0m12.0s), 0002/0100 VUs, 238 complete and 0 interrupted iterations
main   [  10% ] 0002/0100 VUs  0m12.0s/2m0s  20.00 iters/s

running (0m13.0s), 0002/0100 VUs, 258 complete and 0 interrupted iterations
main   [  11% ] 0002/0100 VUs  0m13.0s/2m0s  20.00 iters/s

running (0m14.0s), 0002/0100 VUs, 278 complete and 0 interrupted iterations
main   [  12% ] 0002/0100 VUs  0m14.0s/2m0s  20.00 iters/s

running (0m15.0s), 0002/0100 VUs, 298 complete and 0 interrupted iterations
main   [  12% ] 0002/0100 VUs  0m15.0s/2m0s  20.00 iters/s

running (0m16.0s), 0002/0100 VUs, 318 complete and 0 interrupted iterations
main   [  13% ] 0002/0100 VUs  0m16.0s/2m0s  20.00 iters/s

running (0m17.0s), 0002/0100 VUs, 338 complete and 0 interrupted iterations
main   [  14% ] 0002/0100 VUs  0m17.0s/2m0s  20.00 iters/s

running (0m18.0s), 0002/0100 VUs, 358 complete and 0 interrupted iterations
main   [  15% ] 0002/0100 VUs  0m18.0s/2m0s  20.00 iters/s

running (0m19.0s), 0002/0100 VUs, 378 complete and 0 interrupted iterations
main   [  16% ] 0002/0100 VUs  0m19.0s/2m0s  20.00 iters/s

running (0m20.0s), 0002/0100 VUs, 398 complete and 0 interrupted iterations
main   [  17% ] 0002/0100 VUs  0m20.0s/2m0s  20.00 iters/s

running (0m21.0s), 0002/0100 VUs, 418 complete and 0 interrupted iterations
main   [  17% ] 0002/0100 VUs  0m21.0s/2m0s  20.00 iters/s

running (0m22.0s), 0002/0100 VUs, 438 complete and 0 interrupted iterations
main   [  18% ] 0002/0100 VUs  0m22.0s/2m0s  20.00 iters/s

running (0m23.0s), 0002/0100 VUs, 458 complete and 0 interrupted iterations
main   [  19% ] 0002/0100 VUs  0m23.0s/2m0s  20.00 iters/s

running (0m24.0s), 0002/0100 VUs, 478 complete and 0 interrupted iterations
main   [  20% ] 0002/0100 VUs  0m24.0s/2m0s  20.00 iters/s

running (0m25.0s), 0002/0100 VUs, 498 complete and 0 interrupted iterations
main   [  21% ] 0002/0100 VUs  0m25.0s/2m0s  20.00 iters/s

running (0m26.0s), 0002/0100 VUs, 518 complete and 0 interrupted iterations
main   [  22% ] 0002/0100 VUs  0m26.0s/2m0s  20.00 iters/s

running (0m27.0s), 0002/0100 VUs, 538 complete and 0 interrupted iterations
main   [  22% ] 0002/0100 VUs  0m27.0s/2m0s  20.00 iters/s

running (0m28.0s), 0002/0100 VUs, 558 complete and 0 interrupted iterations
main   [  23% ] 0002/0100 VUs  0m28.0s/2m0s  20.00 iters/s

running (0m29.0s), 0002/0100 VUs, 578 complete and 0 interrupted iterations
main   [  24% ] 0002/0100 VUs  0m29.0s/2m0s  20.00 iters/s

running (0m30.0s), 0002/0100 VUs, 598 complete and 0 interrupted iterations
main   [  25% ] 0002/0100 VUs  0m30.0s/2m0s  20.00 iters/s

running (0m31.0s), 0002/0100 VUs, 618 complete and 0 interrupted iterations
main   [  26% ] 0002/0100 VUs  0m31.0s/2m0s  20.00 iters/s

running (0m32.0s), 0002/0100 VUs, 638 complete and 0 interrupted iterations
main   [  27% ] 0002/0100 VUs  0m32.0s/2m0s  20.00 iters/s

running (0m33.0s), 0002/0100 VUs, 658 complete and 0 interrupted iterations
main   [  27% ] 0002/0100 VUs  0m33.0s/2m0s  20.00 iters/s

running (0m34.0s), 0002/0100 VUs, 678 complete and 0 interrupted iterations
main   [  28% ] 0002/0100 VUs  0m34.0s/2m0s  20.00 iters/s

running (0m35.0s), 0002/0100 VUs, 698 complete and 0 interrupted iterations
main   [  29% ] 0002/0100 VUs  0m35.0s/2m0s  20.00 iters/s

running (0m36.0s), 0002/0100 VUs, 718 complete and 0 interrupted iterations
main   [  30% ] 0002/0100 VUs  0m36.0s/2m0s  20.00 iters/s

running (0m37.0s), 0002/0100 VUs, 738 complete and 0 interrupted iterations
main   [  31% ] 0002/0100 VUs  0m37.0s/2m0s  20.00 iters/s

running (0m38.0s), 0002/0100 VUs, 758 complete and 0 interrupted iterations
main   [  32% ] 0002/0100 VUs  0m38.0s/2m0s  20.00 iters/s

running (0m39.0s), 0002/0100 VUs, 778 complete and 0 interrupted iterations
main   [  32% ] 0002/0100 VUs  0m39.0s/2m0s  20.00 iters/s

running (0m40.0s), 0002/0100 VUs, 798 complete and 0 interrupted iterations
main   [  33% ] 0002/0100 VUs  0m40.0s/2m0s  20.00 iters/s

running (0m41.0s), 0002/0100 VUs, 818 complete and 0 interrupted iterations
main   [  34% ] 0002/0100 VUs  0m41.0s/2m0s  20.00 iters/s

running (0m42.0s), 0002/0100 VUs, 838 complete and 0 interrupted iterations
main   [  35% ] 0002/0100 VUs  0m42.0s/2m0s  20.00 iters/s

running (0m43.0s), 0002/0100 VUs, 858 complete and 0 interrupted iterations
main   [  36% ] 0002/0100 VUs  0m43.0s/2m0s  20.00 iters/s

running (0m44.0s), 0002/0100 VUs, 878 complete and 0 interrupted iterations
main   [  37% ] 0002/0100 VUs  0m44.0s/2m0s  20.00 iters/s

running (0m45.0s), 0002/0100 VUs, 898 complete and 0 interrupted iterations
main   [  37% ] 0002/0100 VUs  0m45.0s/2m0s  20.00 iters/s

running (0m46.0s), 0002/0100 VUs, 918 complete and 0 interrupted iterations
main   [  38% ] 0002/0100 VUs  0m46.0s/2m0s  20.00 iters/s

running (0m47.0s), 0002/0100 VUs, 938 complete and 0 interrupted iterations
main   [  39% ] 0002/0100 VUs  0m47.0s/2m0s  20.00 iters/s

running (0m48.0s), 0002/0100 VUs, 958 complete and 0 interrupted iterations
main   [  40% ] 0002/0100 VUs  0m48.0s/2m0s  20.00 iters/s

running (0m49.0s), 0002/0100 VUs, 978 complete and 0 interrupted iterations
main   [  41% ] 0002/0100 VUs  0m49.0s/2m0s  20.00 iters/s

running (0m50.0s), 0002/0100 VUs, 998 complete and 0 interrupted iterations
main   [  42% ] 0002/0100 VUs  0m50.0s/2m0s  20.00 iters/s

running (0m51.0s), 0002/0100 VUs, 1018 complete and 0 interrupted iterations
main   [  42% ] 0002/0100 VUs  0m51.0s/2m0s  20.00 iters/s

running (0m52.0s), 0002/0100 VUs, 1038 complete and 0 interrupted iterations
main   [  43% ] 0002/0100 VUs  0m52.0s/2m0s  20.00 iters/s

running (0m53.0s), 0002/0100 VUs, 1058 complete and 0 interrupted iterations
main   [  44% ] 0002/0100 VUs  0m53.0s/2m0s  20.00 iters/s

running (0m54.0s), 0002/0100 VUs, 1078 complete and 0 interrupted iterations
main   [  45% ] 0002/0100 VUs  0m54.0s/2m0s  20.00 iters/s

running (0m55.0s), 0002/0100 VUs, 1098 complete and 0 interrupted iterations
main   [  46% ] 0002/0100 VUs  0m55.0s/2m0s  20.00 iters/s

running (0m56.0s), 0002/0100 VUs, 1118 complete and 0 interrupted iterations
main   [  47% ] 0002/0100 VUs  0m56.0s/2m0s  20.00 iters/s

running (0m57.0s), 0002/0100 VUs, 1138 complete and 0 interrupted iterations
main   [  47% ] 0002/0100 VUs  0m57.0s/2m0s  20.00 iters/s

running (0m58.0s), 0002/0100 VUs, 1158 complete and 0 interrupted iterations
main   [  48% ] 0002/0100 VUs  0m58.0s/2m0s  20.00 iters/s

running (0m59.0s), 0002/0100 VUs, 1178 complete and 0 interrupted iterations
main   [  49% ] 0002/0100 VUs  0m59.0s/2m0s  20.00 iters/s

running (1m00.0s), 0002/0100 VUs, 1198 complete and 0 interrupted iterations
main   [  50% ] 0002/0100 VUs  1m00.0s/2m0s  20.00 iters/s

running (1m01.0s), 0002/0100 VUs, 1218 complete and 0 interrupted iterations
main   [  51% ] 0002/0100 VUs  1m01.0s/2m0s  20.00 iters/s

running (1m02.0s), 0002/0100 VUs, 1238 complete and 0 interrupted iterations
main   [  52% ] 0002/0100 VUs  1m02.0s/2m0s  20.00 iters/s

running (1m03.0s), 0002/0100 VUs, 1258 complete and 0 interrupted iterations
main   [  52% ] 0002/0100 VUs  1m03.0s/2m0s  20.00 iters/s

running (1m04.0s), 0002/0100 VUs, 1278 complete and 0 interrupted iterations
main   [  53% ] 0002/0100 VUs  1m04.0s/2m0s  20.00 iters/s

running (1m05.0s), 0002/0100 VUs, 1298 complete and 0 interrupted iterations
main   [  54% ] 0002/0100 VUs  1m05.0s/2m0s  20.00 iters/s

running (1m06.0s), 0002/0100 VUs, 1318 complete and 0 interrupted iterations
main   [  55% ] 0002/0100 VUs  1m06.0s/2m0s  20.00 iters/s

running (1m07.0s), 0002/0100 VUs, 1338 complete and 0 interrupted iterations
main   [  56% ] 0002/0100 VUs  1m07.0s/2m0s  20.00 iters/s

running (1m08.0s), 0002/0100 VUs, 1358 complete and 0 interrupted iterations
main   [  57% ] 0002/0100 VUs  1m08.0s/2m0s  20.00 iters/s

running (1m09.0s), 0002/0100 VUs, 1378 complete and 0 interrupted iterations
main   [  57% ] 0002/0100 VUs  1m09.0s/2m0s  20.00 iters/s

running (1m10.0s), 0002/0100 VUs, 1398 complete and 0 interrupted iterations
main   [  58% ] 0002/0100 VUs  1m10.0s/2m0s  20.00 iters/s

running (1m11.0s), 0002/0100 VUs, 1418 complete and 0 interrupted iterations
main   [  59% ] 0002/0100 VUs  1m11.0s/2m0s  20.00 iters/s

running (1m12.0s), 0002/0100 VUs, 1438 complete and 0 interrupted iterations
main   [  60% ] 0002/0100 VUs  1m12.0s/2m0s  20.00 iters/s

running (1m13.0s), 0002/0100 VUs, 1458 complete and 0 interrupted iterations
main   [  61% ] 0002/0100 VUs  1m13.0s/2m0s  20.00 iters/s

running (1m14.0s), 0002/0100 VUs, 1478 complete and 0 interrupted iterations
main   [  62% ] 0002/0100 VUs  1m14.0s/2m0s  20.00 iters/s

running (1m15.0s), 0002/0100 VUs, 1498 complete and 0 interrupted iterations
main   [  62% ] 0002/0100 VUs  1m15.0s/2m0s  20.00 iters/s

running (1m16.0s), 0002/0100 VUs, 1518 complete and 0 interrupted iterations
main   [  63% ] 0002/0100 VUs  1m16.0s/2m0s  20.00 iters/s

running (1m17.0s), 0002/0100 VUs, 1538 complete and 0 interrupted iterations
main   [  64% ] 0002/0100 VUs  1m17.0s/2m0s  20.00 iters/s

running (1m18.0s), 0002/0100 VUs, 1558 complete and 0 interrupted iterations
main   [  65% ] 0002/0100 VUs  1m18.0s/2m0s  20.00 iters/s

running (1m19.0s), 0002/0100 VUs, 1578 complete and 0 interrupted iterations
main   [  66% ] 0002/0100 VUs  1m19.0s/2m0s  20.00 iters/s

running (1m20.0s), 0002/0100 VUs, 1598 complete and 0 interrupted iterations
main   [  67% ] 0002/0100 VUs  1m20.0s/2m0s  20.00 iters/s

running (1m21.0s), 0002/0100 VUs, 1618 complete and 0 interrupted iterations
main   [  67% ] 0002/0100 VUs  1m21.0s/2m0s  20.00 iters/s

running (1m22.0s), 0002/0100 VUs, 1638 complete and 0 interrupted iterations
main   [  68% ] 0002/0100 VUs  1m22.0s/2m0s  20.00 iters/s

running (1m23.0s), 0002/0100 VUs, 1658 complete and 0 interrupted iterations
main   [  69% ] 0002/0100 VUs  1m23.0s/2m0s  20.00 iters/s

running (1m24.0s), 0002/0100 VUs, 1678 complete and 0 interrupted iterations
main   [  70% ] 0002/0100 VUs  1m24.0s/2m0s  20.00 iters/s

running (1m25.0s), 0002/0100 VUs, 1698 complete and 0 interrupted iterations
main   [  71% ] 0002/0100 VUs  1m25.0s/2m0s  20.00 iters/s

running (1m26.0s), 0002/0100 VUs, 1718 complete and 0 interrupted iterations
main   [  72% ] 0002/0100 VUs  1m26.0s/2m0s  20.00 iters/s

running (1m27.0s), 0002/0100 VUs, 1738 complete and 0 interrupted iterations
main   [  72% ] 0002/0100 VUs  1m27.0s/2m0s  20.00 iters/s

running (1m28.0s), 0002/0100 VUs, 1758 complete and 0 interrupted iterations
main   [  73% ] 0002/0100 VUs  1m28.0s/2m0s  20.00 iters/s

running (1m29.0s), 0002/0100 VUs, 1778 complete and 0 interrupted iterations
main   [  74% ] 0002/0100 VUs  1m29.0s/2m0s  20.00 iters/s

running (1m30.0s), 0002/0100 VUs, 1798 complete and 0 interrupted iterations
main   [  75% ] 0002/0100 VUs  1m30.0s/2m0s  20.00 iters/s

running (1m31.0s), 0002/0100 VUs, 1818 complete and 0 interrupted iterations
main   [  76% ] 0002/0100 VUs  1m31.0s/2m0s  20.00 iters/s

running (1m32.0s), 0002/0100 VUs, 1838 complete and 0 interrupted iterations
main   [  77% ] 0002/0100 VUs  1m32.0s/2m0s  20.00 iters/s

running (1m33.0s), 0002/0100 VUs, 1858 complete and 0 interrupted iterations
main   [  77% ] 0002/0100 VUs  1m33.0s/2m0s  20.00 iters/s

running (1m34.0s), 0002/0100 VUs, 1878 complete and 0 interrupted iterations
main   [  78% ] 0002/0100 VUs  1m34.0s/2m0s  20.00 iters/s

running (1m35.0s), 0002/0100 VUs, 1898 complete and 0 interrupted iterations
main   [  79% ] 0002/0100 VUs  1m35.0s/2m0s  20.00 iters/s

running (1m36.0s), 0002/0100 VUs, 1918 complete and 0 interrupted iterations
main   [  80% ] 0002/0100 VUs  1m36.0s/2m0s  20.00 iters/s

running (1m37.0s), 0002/0100 VUs, 1938 complete and 0 interrupted iterations
main   [  81% ] 0002/0100 VUs  1m37.0s/2m0s  20.00 iters/s

running (1m38.0s), 0002/0100 VUs, 1958 complete and 0 interrupted iterations
main   [  82% ] 0002/0100 VUs  1m38.0s/2m0s  20.00 iters/s

running (1m39.0s), 0002/0100 VUs, 1978 complete and 0 interrupted iterations
main   [  82% ] 0002/0100 VUs  1m39.0s/2m0s  20.00 iters/s

running (1m40.0s), 0002/0100 VUs, 1998 complete and 0 interrupted iterations
main   [  83% ] 0002/0100 VUs  1m40.0s/2m0s  20.00 iters/s

running (1m41.0s), 0002/0100 VUs, 2018 complete and 0 interrupted iterations
main   [  84% ] 0002/0100 VUs  1m41.0s/2m0s  20.00 iters/s

running (1m42.0s), 0002/0100 VUs, 2038 complete and 0 interrupted iterations
main   [  85% ] 0002/0100 VUs  1m42.0s/2m0s  20.00 iters/s

running (1m43.0s), 0002/0100 VUs, 2058 complete and 0 interrupted iterations
main   [  86% ] 0002/0100 VUs  1m43.0s/2m0s  20.00 iters/s

running (1m44.0s), 0002/0100 VUs, 2078 complete and 0 interrupted iterations
main   [  87% ] 0002/0100 VUs  1m44.0s/2m0s  20.00 iters/s

running (1m45.0s), 0002/0100 VUs, 2098 complete and 0 interrupted iterations
main   [  87% ] 0002/0100 VUs  1m45.0s/2m0s  20.00 iters/s

running (1m46.0s), 0002/0100 VUs, 2118 complete and 0 interrupted iterations
main   [  88% ] 0002/0100 VUs  1m46.0s/2m0s  20.00 iters/s

running (1m47.0s), 0002/0100 VUs, 2138 complete and 0 interrupted iterations
main   [  89% ] 0002/0100 VUs  1m47.0s/2m0s  20.00 iters/s

running (1m48.0s), 0002/0100 VUs, 2158 complete and 0 interrupted iterations
main   [  90% ] 0002/0100 VUs  1m48.0s/2m0s  20.00 iters/s

running (1m49.0s), 0002/0100 VUs, 2178 complete and 0 interrupted iterations
main   [  91% ] 0002/0100 VUs  1m49.0s/2m0s  20.00 iters/s

running (1m50.0s), 0002/0100 VUs, 2198 complete and 0 interrupted iterations
main   [  92% ] 0002/0100 VUs  1m50.0s/2m0s  20.00 iters/s

running (1m51.0s), 0002/0100 VUs, 2218 complete and 0 interrupted iterations
main   [  92% ] 0002/0100 VUs  1m51.0s/2m0s  20.00 iters/s

running (1m52.0s), 0002/0100 VUs, 2238 complete and 0 interrupted iterations
main   [  93% ] 0002/0100 VUs  1m52.0s/2m0s  20.00 iters/s

running (1m53.0s), 0002/0100 VUs, 2258 complete and 0 interrupted iterations
main   [  94% ] 0002/0100 VUs  1m53.0s/2m0s  20.00 iters/s

running (1m54.0s), 0002/0100 VUs, 2278 complete and 0 interrupted iterations
main   [  95% ] 0002/0100 VUs  1m54.0s/2m0s  20.00 iters/s

running (1m55.0s), 0002/0100 VUs, 2298 complete and 0 interrupted iterations
main   [  96% ] 0002/0100 VUs  1m55.0s/2m0s  20.00 iters/s

running (1m56.0s), 0002/0100 VUs, 2318 complete and 0 interrupted iterations
main   [  97% ] 0002/0100 VUs  1m56.0s/2m0s  20.00 iters/s

running (1m57.0s), 0002/0100 VUs, 2338 complete and 0 interrupted iterations
main   [  97% ] 0002/0100 VUs  1m57.0s/2m0s  20.00 iters/s

running (1m58.0s), 0002/0100 VUs, 2358 complete and 0 interrupted iterations
main   [  98% ] 0002/0100 VUs  1m58.0s/2m0s  20.00 iters/s

running (1m59.0s), 0002/0100 VUs, 2378 complete and 0 interrupted iterations
main   [  99% ] 0002/0100 VUs  1m59.0s/2m0s  20.00 iters/s

running (2m00.0s), 0002/0100 VUs, 2398 complete and 0 interrupted iterations
main   [ 100% ] 0002/0100 VUs  2m00.0s/2m0s  20.00 iters/s

running (2m00.1s), 0000/0100 VUs, 2401 complete and 0 interrupted iterations
main ✓ [ 100% ] 0000/0100 VUs  2m0s  20.00 iters/s
  Repeat 1 complete. Results in results/b-inbatch-nodup-rtt10000-r20-n500-rep1-1781219881.json
=== Cell complete: 1 repeat(s) for b/inbatch-nodup rtt=10000us ===

[campaign] (16) cell: b|batchfetch|10000|20|-|N=500,MAX_MEMBER_ID=2000
=== Cell: scenario=b style=batchfetch rtt=10000us rate=20rps duration=2m scale=full maxMember=2000 repeats=1 ===
[1/4] Setting netem delay 10000us...
Setting netem delay 10000us on lab-mysql eth0...
time="2026-06-12T08:20:02+09:00" level=warning msg="/Users/rene/rdb-join-lab/docker-compose.yml: the attribute `version` is obsolete, it will be ignored, please remove it to avoid potential confusion"
Current qdisc:
time="2026-06-12T08:20:03+09:00" level=warning msg="/Users/rene/rdb-join-lab/docker-compose.yml: the attribute `version` is obsolete, it will be ignored, please remove it to avoid potential confusion"
qdisc netem 8016: root refcnt 7 limit 1000 delay 10ms seed 6034078544661416480
[2/4] Warming InnoDB buffer pool...
=== Step 1: Warm-up queries (priming buffer pool, ~10% of full scale) ===
COUNT(*)
3400211
COUNT(*)
1000000
COUNT(*)
8679702
COUNT(*)
10000
Warm-up queries complete.
=== Step 2: Triggering InnoDB buffer pool dump ===
time="2026-06-12T08:20:04+09:00" level=warning msg="/Users/rene/rdb-join-lab/docker-compose.yml: the attribute `version` is obsolete, it will be ignored, please remove it to avoid potential confusion"
mysql: [Warning] Using a password on the command line interface can be insecure.
Polling dump status (timeout 300s)...
  [0s] Dump status: Buffer pool(s) dump completed at 260611 23:20:04
Buffer pool dump completed.
=== Step 3: Triggering InnoDB buffer pool load ===
time="2026-06-12T08:20:04+09:00" level=warning msg="/Users/rene/rdb-join-lab/docker-compose.yml: the attribute `version` is obsolete, it will be ignored, please remove it to avoid potential confusion"
mysql: [Warning] Using a password on the command line interface can be insecure.
Polling load status (timeout 300s)...
  [0s] Load status: Loaded 141313/188400 pages
  [5s] Load status: Buffer pool(s) load completed at 260611 23:20:05
Buffer pool load completed.
=== Step 3b: Capturing post-load snapshot for warm-state gate ===
COUNT(*)
1210060
COUNT(*)
8679702
COUNT(*)
10000
Re-verification queries complete.
=== Step 4: Warm-state gate (physical reads < 0.01, post-load window) ===
  Post-load reverify window: physical reads delta: 0 / 22886 = 0.0
  (Pre-warmup baseline: 28627 / 4023521865, for reference)
  Warm-state gate PASSED.
=== Step 5: ANALYZE TABLE ===
Table	Op	Msg_type	Msg_text
lab.coupon_policy	analyze	status	OK
lab.member	analyze	status	OK
lab.coupon_issue	analyze	status	OK
ANALYZE TABLE complete.
=== Step 5b: Capturing InnoDB engine status (AHI verification) ===
  InnoDB status captured: results/innodb-status-1781220013.txt
  AHI indicator: INSERT BUFFER AND ADAPTIVE HASH INDEX
0.00 hash searches/s, 22309.81 non-hash searches/s
=== Step 5c: EXPLAIN Scenario B ORDER BY id ASC (filesort check) ===
  WARNING: EXPLAIN shows 'Using filesort' for Scenario B ORDER BY id ASC query.
  Expected idx_issue_member_id to cover ORDER BY — check index creation in schema.sql.
  EXPLAIN output:
1	SIMPLE	coupon_issue	NULL	ref	idx_issue_member_status,idx_issue_member_id	idx_issue_member_status	8	const	1206	100.00	Using filesort
[3/4] Dual calibration (nominal=10000us)...
  [held conn] calibrate n=10000...
{
    "n": 2000,
    "min": 10087,
    "p50": 11436,
    "p95": 12769,
    "p99": 13038,
    "max": 22456
}
  [per checkout] calibrate/loaded n=10000...
{
    "n": 2000,
    "min": 10107,
    "p50": 11453,
    "p95": 12760,
    "p99": 12983,
    "max": 19626
}
Running dual calibration probe (n=10000 held + n=10000 loaded)...
=== held (pure wire RTT) ===
{
    "n": 2000,
    "min": 10085,
    "p50": 11483,
    "p95": 12677,
    "p99": 12801,
    "max": 13294
}
=== loaded (wire RTT + pool checkout) ===
{
    "n": 2000,
    "min": 10109,
    "p50": 11509,
    "p95": 12684,
    "p99": 12788,
    "max": 24056
}

Appended dual record to results/calibration.jsonl: {"held": {"n": 2000, "min": 10085, "p50": 11483, "p95": 12677, "p99": 12801, "max": 13294}, "loaded": {"n": 2000, "min": 10109, "p50": 11509, "p95": 12684, "p99": 12788, "max": 24056}, "timestamp": "2026-06-11T23:21:45Z", "nominal_delay_us": 10000}
[4/1] Running k6 repeat 1/1 (output -> results/b-batchfetch-rtt10000-r20-n500-rep1-1781220105.json)...
time="2026-06-12T08:21:45+09:00" level=warning msg="/Users/rene/rdb-join-lab/docker-compose.yml: the attribute `version` is obsolete, it will be ignored, please remove it to avoid potential confusion"

         /\      Grafana   /‾‾/  
    /\  /  \     |\  __   /  /   
   /  \/    \    | |/ /  /   ‾‾\ 
  /          \   |   (  |  (‾)  |
 / __________ \  |_|\_\  \_____/ 


     execution: local
        script: /scripts/scenario.js
        output: -

     scenarios: (100.00%) 1 scenario, 1000 max VUs, 2m30s max duration (incl. graceful stop):
              * main: 20.00 iterations/s for 2m0s (maxVUs: 100-1000, gracefulStop: 30s)


running (0m01.0s), 0002/0100 VUs, 18 complete and 0 interrupted iterations
main   [   1% ] 0002/0100 VUs  0m01.0s/2m0s  20.00 iters/s

running (0m02.0s), 0002/0100 VUs, 38 complete and 0 interrupted iterations
main   [   2% ] 0002/0100 VUs  0m02.0s/2m0s  20.00 iters/s

running (0m03.0s), 0002/0100 VUs, 58 complete and 0 interrupted iterations
main   [   2% ] 0002/0100 VUs  0m03.0s/2m0s  20.00 iters/s

running (0m04.0s), 0002/0100 VUs, 78 complete and 0 interrupted iterations
main   [   3% ] 0002/0100 VUs  0m04.0s/2m0s  20.00 iters/s

running (0m05.0s), 0002/0100 VUs, 98 complete and 0 interrupted iterations
main   [   4% ] 0002/0100 VUs  0m05.0s/2m0s  20.00 iters/s

running (0m06.0s), 0002/0100 VUs, 118 complete and 0 interrupted iterations
main   [   5% ] 0002/0100 VUs  0m06.0s/2m0s  20.00 iters/s

running (0m07.0s), 0001/0100 VUs, 139 complete and 0 interrupted iterations
main   [   6% ] 0001/0100 VUs  0m07.0s/2m0s  20.00 iters/s

running (0m08.0s), 0002/0100 VUs, 158 complete and 0 interrupted iterations
main   [   7% ] 0002/0100 VUs  0m08.0s/2m0s  20.00 iters/s

running (0m09.0s), 0002/0100 VUs, 178 complete and 0 interrupted iterations
main   [   7% ] 0002/0100 VUs  0m09.0s/2m0s  20.00 iters/s

running (0m10.0s), 0002/0100 VUs, 198 complete and 0 interrupted iterations
main   [   8% ] 0002/0100 VUs  0m10.0s/2m0s  20.00 iters/s

running (0m11.0s), 0002/0100 VUs, 218 complete and 0 interrupted iterations
main   [   9% ] 0002/0100 VUs  0m11.0s/2m0s  20.00 iters/s

running (0m12.0s), 0001/0100 VUs, 239 complete and 0 interrupted iterations
main   [  10% ] 0001/0100 VUs  0m12.0s/2m0s  20.00 iters/s

running (0m13.0s), 0002/0100 VUs, 258 complete and 0 interrupted iterations
main   [  11% ] 0002/0100 VUs  0m13.0s/2m0s  20.00 iters/s

running (0m14.0s), 0002/0100 VUs, 278 complete and 0 interrupted iterations
main   [  12% ] 0002/0100 VUs  0m14.0s/2m0s  20.00 iters/s

running (0m15.0s), 0001/0100 VUs, 299 complete and 0 interrupted iterations
main   [  12% ] 0001/0100 VUs  0m15.0s/2m0s  20.00 iters/s

running (0m16.0s), 0001/0100 VUs, 319 complete and 0 interrupted iterations
main   [  13% ] 0001/0100 VUs  0m16.0s/2m0s  20.00 iters/s

running (0m17.0s), 0002/0100 VUs, 338 complete and 0 interrupted iterations
main   [  14% ] 0002/0100 VUs  0m17.0s/2m0s  20.00 iters/s

running (0m18.0s), 0002/0100 VUs, 358 complete and 0 interrupted iterations
main   [  15% ] 0002/0100 VUs  0m18.0s/2m0s  20.00 iters/s

running (0m19.0s), 0002/0100 VUs, 378 complete and 0 interrupted iterations
main   [  16% ] 0002/0100 VUs  0m19.0s/2m0s  20.00 iters/s

running (0m20.0s), 0002/0100 VUs, 398 complete and 0 interrupted iterations
main   [  17% ] 0002/0100 VUs  0m20.0s/2m0s  20.00 iters/s

running (0m21.0s), 0002/0100 VUs, 418 complete and 0 interrupted iterations
main   [  17% ] 0002/0100 VUs  0m21.0s/2m0s  20.00 iters/s

running (0m22.0s), 0002/0100 VUs, 438 complete and 0 interrupted iterations
main   [  18% ] 0002/0100 VUs  0m22.0s/2m0s  20.00 iters/s

running (0m23.0s), 0002/0100 VUs, 458 complete and 0 interrupted iterations
main   [  19% ] 0002/0100 VUs  0m23.0s/2m0s  20.00 iters/s

running (0m24.0s), 0001/0100 VUs, 479 complete and 0 interrupted iterations
main   [  20% ] 0001/0100 VUs  0m24.0s/2m0s  20.00 iters/s

running (0m25.0s), 0001/0100 VUs, 499 complete and 0 interrupted iterations
main   [  21% ] 0001/0100 VUs  0m25.0s/2m0s  20.00 iters/s

running (0m26.0s), 0002/0100 VUs, 518 complete and 0 interrupted iterations
main   [  22% ] 0002/0100 VUs  0m26.0s/2m0s  20.00 iters/s

running (0m27.0s), 0002/0100 VUs, 538 complete and 0 interrupted iterations
main   [  22% ] 0002/0100 VUs  0m27.0s/2m0s  20.00 iters/s

running (0m28.0s), 0002/0100 VUs, 558 complete and 0 interrupted iterations
main   [  23% ] 0002/0100 VUs  0m28.0s/2m0s  20.00 iters/s

running (0m29.0s), 0001/0100 VUs, 579 complete and 0 interrupted iterations
main   [  24% ] 0001/0100 VUs  0m29.0s/2m0s  20.00 iters/s

running (0m30.0s), 0002/0100 VUs, 598 complete and 0 interrupted iterations
main   [  25% ] 0002/0100 VUs  0m30.0s/2m0s  20.00 iters/s

running (0m31.0s), 0001/0100 VUs, 619 complete and 0 interrupted iterations
main   [  26% ] 0001/0100 VUs  0m31.0s/2m0s  20.00 iters/s

running (0m32.0s), 0001/0100 VUs, 639 complete and 0 interrupted iterations
main   [  27% ] 0001/0100 VUs  0m32.0s/2m0s  20.00 iters/s

running (0m33.0s), 0002/0100 VUs, 658 complete and 0 interrupted iterations
main   [  27% ] 0002/0100 VUs  0m33.0s/2m0s  20.00 iters/s

running (0m34.0s), 0001/0100 VUs, 679 complete and 0 interrupted iterations
main   [  28% ] 0001/0100 VUs  0m34.0s/2m0s  20.00 iters/s

running (0m35.0s), 0002/0100 VUs, 698 complete and 0 interrupted iterations
main   [  29% ] 0002/0100 VUs  0m35.0s/2m0s  20.00 iters/s

running (0m36.0s), 0001/0100 VUs, 719 complete and 0 interrupted iterations
main   [  30% ] 0001/0100 VUs  0m36.0s/2m0s  20.00 iters/s

running (0m37.0s), 0001/0100 VUs, 739 complete and 0 interrupted iterations
main   [  31% ] 0001/0100 VUs  0m37.0s/2m0s  20.00 iters/s

running (0m38.0s), 0002/0100 VUs, 758 complete and 0 interrupted iterations
main   [  32% ] 0002/0100 VUs  0m38.0s/2m0s  20.00 iters/s

running (0m39.0s), 0002/0100 VUs, 778 complete and 0 interrupted iterations
main   [  32% ] 0002/0100 VUs  0m39.0s/2m0s  20.00 iters/s

running (0m40.0s), 0001/0100 VUs, 799 complete and 0 interrupted iterations
main   [  33% ] 0001/0100 VUs  0m40.0s/2m0s  20.00 iters/s

running (0m41.0s), 0001/0100 VUs, 819 complete and 0 interrupted iterations
main   [  34% ] 0001/0100 VUs  0m41.0s/2m0s  20.00 iters/s

running (0m42.0s), 0001/0100 VUs, 839 complete and 0 interrupted iterations
main   [  35% ] 0001/0100 VUs  0m42.0s/2m0s  20.00 iters/s

running (0m43.0s), 0002/0100 VUs, 858 complete and 0 interrupted iterations
main   [  36% ] 0002/0100 VUs  0m43.0s/2m0s  20.00 iters/s

running (0m44.0s), 0001/0100 VUs, 879 complete and 0 interrupted iterations
main   [  37% ] 0001/0100 VUs  0m44.0s/2m0s  20.00 iters/s

running (0m45.0s), 0001/0100 VUs, 899 complete and 0 interrupted iterations
main   [  37% ] 0001/0100 VUs  0m45.0s/2m0s  20.00 iters/s

running (0m46.0s), 0001/0100 VUs, 919 complete and 0 interrupted iterations
main   [  38% ] 0001/0100 VUs  0m46.0s/2m0s  20.00 iters/s

running (0m47.0s), 0002/0100 VUs, 938 complete and 0 interrupted iterations
main   [  39% ] 0002/0100 VUs  0m47.0s/2m0s  20.00 iters/s

running (0m48.0s), 0002/0100 VUs, 958 complete and 0 interrupted iterations
main   [  40% ] 0002/0100 VUs  0m48.0s/2m0s  20.00 iters/s

running (0m49.0s), 0001/0100 VUs, 979 complete and 0 interrupted iterations
main   [  41% ] 0001/0100 VUs  0m49.0s/2m0s  20.00 iters/s

running (0m50.0s), 0002/0100 VUs, 998 complete and 0 interrupted iterations
main   [  42% ] 0002/0100 VUs  0m50.0s/2m0s  20.00 iters/s

running (0m51.0s), 0002/0100 VUs, 1018 complete and 0 interrupted iterations
main   [  42% ] 0002/0100 VUs  0m51.0s/2m0s  20.00 iters/s

running (0m52.0s), 0001/0100 VUs, 1039 complete and 0 interrupted iterations
main   [  43% ] 0001/0100 VUs  0m52.0s/2m0s  20.00 iters/s

running (0m53.0s), 0002/0100 VUs, 1058 complete and 0 interrupted iterations
main   [  44% ] 0002/0100 VUs  0m53.0s/2m0s  20.00 iters/s

running (0m54.0s), 0001/0100 VUs, 1079 complete and 0 interrupted iterations
main   [  45% ] 0001/0100 VUs  0m54.0s/2m0s  20.00 iters/s

running (0m55.0s), 0001/0100 VUs, 1099 complete and 0 interrupted iterations
main   [  46% ] 0001/0100 VUs  0m55.0s/2m0s  20.00 iters/s

running (0m56.0s), 0001/0100 VUs, 1119 complete and 0 interrupted iterations
main   [  47% ] 0001/0100 VUs  0m56.0s/2m0s  20.00 iters/s

running (0m57.0s), 0001/0100 VUs, 1139 complete and 0 interrupted iterations
main   [  47% ] 0001/0100 VUs  0m57.0s/2m0s  20.00 iters/s

running (0m58.0s), 0002/0100 VUs, 1158 complete and 0 interrupted iterations
main   [  48% ] 0002/0100 VUs  0m58.0s/2m0s  20.00 iters/s

running (0m59.0s), 0002/0100 VUs, 1178 complete and 0 interrupted iterations
main   [  49% ] 0002/0100 VUs  0m59.0s/2m0s  20.00 iters/s

running (1m00.0s), 0001/0100 VUs, 1199 complete and 0 interrupted iterations
main   [  50% ] 0001/0100 VUs  1m00.0s/2m0s  20.00 iters/s

running (1m01.0s), 0002/0100 VUs, 1218 complete and 0 interrupted iterations
main   [  51% ] 0002/0100 VUs  1m01.0s/2m0s  20.00 iters/s

running (1m02.0s), 0001/0100 VUs, 1239 complete and 0 interrupted iterations
main   [  52% ] 0001/0100 VUs  1m02.0s/2m0s  20.00 iters/s

running (1m03.0s), 0002/0100 VUs, 1258 complete and 0 interrupted iterations
main   [  52% ] 0002/0100 VUs  1m03.0s/2m0s  20.00 iters/s

running (1m04.0s), 0001/0100 VUs, 1279 complete and 0 interrupted iterations
main   [  53% ] 0001/0100 VUs  1m04.0s/2m0s  20.00 iters/s

running (1m05.0s), 0002/0100 VUs, 1298 complete and 0 interrupted iterations
main   [  54% ] 0002/0100 VUs  1m05.0s/2m0s  20.00 iters/s

running (1m06.0s), 0002/0100 VUs, 1318 complete and 0 interrupted iterations
main   [  55% ] 0002/0100 VUs  1m06.0s/2m0s  20.00 iters/s

running (1m07.0s), 0002/0100 VUs, 1338 complete and 0 interrupted iterations
main   [  56% ] 0002/0100 VUs  1m07.0s/2m0s  20.00 iters/s

running (1m08.0s), 0002/0100 VUs, 1358 complete and 0 interrupted iterations
main   [  57% ] 0001/0100 VUs  1m08.0s/2m0s  20.00 iters/s

running (1m09.0s), 0002/0100 VUs, 1378 complete and 0 interrupted iterations
main   [  57% ] 0002/0100 VUs  1m09.0s/2m0s  20.00 iters/s

running (1m10.0s), 0002/0100 VUs, 1398 complete and 0 interrupted iterations
main   [  58% ] 0002/0100 VUs  1m10.0s/2m0s  20.00 iters/s

running (1m11.0s), 0002/0100 VUs, 1418 complete and 0 interrupted iterations
main   [  59% ] 0002/0100 VUs  1m11.0s/2m0s  20.00 iters/s

running (1m12.0s), 0002/0100 VUs, 1438 complete and 0 interrupted iterations
main   [  60% ] 0002/0100 VUs  1m12.0s/2m0s  20.00 iters/s

running (1m13.0s), 0001/0100 VUs, 1459 complete and 0 interrupted iterations
main   [  61% ] 0001/0100 VUs  1m13.0s/2m0s  20.00 iters/s

running (1m14.0s), 0002/0100 VUs, 1478 complete and 0 interrupted iterations
main   [  62% ] 0002/0100 VUs  1m14.0s/2m0s  20.00 iters/s

running (1m15.0s), 0002/0100 VUs, 1498 complete and 0 interrupted iterations
main   [  62% ] 0002/0100 VUs  1m15.0s/2m0s  20.00 iters/s

running (1m16.0s), 0002/0100 VUs, 1518 complete and 0 interrupted iterations
main   [  63% ] 0002/0100 VUs  1m16.0s/2m0s  20.00 iters/s

running (1m17.0s), 0001/0100 VUs, 1539 complete and 0 interrupted iterations
main   [  64% ] 0001/0100 VUs  1m17.0s/2m0s  20.00 iters/s

running (1m18.0s), 0002/0100 VUs, 1558 complete and 0 interrupted iterations
main   [  65% ] 0002/0100 VUs  1m18.0s/2m0s  20.00 iters/s

running (1m19.0s), 0002/0100 VUs, 1578 complete and 0 interrupted iterations
main   [  66% ] 0002/0100 VUs  1m19.0s/2m0s  20.00 iters/s

running (1m20.0s), 0002/0100 VUs, 1598 complete and 0 interrupted iterations
main   [  67% ] 0002/0100 VUs  1m20.0s/2m0s  20.00 iters/s

running (1m21.0s), 0002/0100 VUs, 1618 complete and 0 interrupted iterations
main   [  67% ] 0002/0100 VUs  1m21.0s/2m0s  20.00 iters/s

running (1m22.0s), 0002/0100 VUs, 1638 complete and 0 interrupted iterations
main   [  68% ] 0002/0100 VUs  1m22.0s/2m0s  20.00 iters/s

running (1m23.0s), 0001/0100 VUs, 1659 complete and 0 interrupted iterations
main   [  69% ] 0001/0100 VUs  1m23.0s/2m0s  20.00 iters/s

running (1m24.0s), 0002/0100 VUs, 1678 complete and 0 interrupted iterations
main   [  70% ] 0002/0100 VUs  1m24.0s/2m0s  20.00 iters/s

running (1m25.0s), 0002/0100 VUs, 1698 complete and 0 interrupted iterations
main   [  71% ] 0002/0100 VUs  1m25.0s/2m0s  20.00 iters/s

running (1m26.0s), 0002/0100 VUs, 1718 complete and 0 interrupted iterations
main   [  72% ] 0002/0100 VUs  1m26.0s/2m0s  20.00 iters/s

running (1m27.0s), 0002/0100 VUs, 1738 complete and 0 interrupted iterations
main   [  72% ] 0002/0100 VUs  1m27.0s/2m0s  20.00 iters/s

running (1m28.0s), 0001/0100 VUs, 1759 complete and 0 interrupted iterations
main   [  73% ] 0001/0100 VUs  1m28.0s/2m0s  20.00 iters/s

running (1m29.0s), 0002/0100 VUs, 1778 complete and 0 interrupted iterations
main   [  74% ] 0002/0100 VUs  1m29.0s/2m0s  20.00 iters/s

running (1m30.0s), 0002/0100 VUs, 1798 complete and 0 interrupted iterations
main   [  75% ] 0002/0100 VUs  1m30.0s/2m0s  20.00 iters/s

running (1m31.0s), 0002/0100 VUs, 1818 complete and 0 interrupted iterations
main   [  76% ] 0002/0100 VUs  1m31.0s/2m0s  20.00 iters/s

running (1m32.0s), 0002/0100 VUs, 1838 complete and 0 interrupted iterations
main   [  77% ] 0002/0100 VUs  1m32.0s/2m0s  20.00 iters/s

running (1m33.0s), 0002/0100 VUs, 1858 complete and 0 interrupted iterations
main   [  77% ] 0002/0100 VUs  1m33.0s/2m0s  20.00 iters/s

running (1m34.0s), 0001/0100 VUs, 1879 complete and 0 interrupted iterations
main   [  78% ] 0001/0100 VUs  1m34.0s/2m0s  20.00 iters/s

running (1m35.0s), 0002/0100 VUs, 1898 complete and 0 interrupted iterations
main   [  79% ] 0002/0100 VUs  1m35.0s/2m0s  20.00 iters/s

running (1m36.0s), 0002/0100 VUs, 1918 complete and 0 interrupted iterations
main   [  80% ] 0002/0100 VUs  1m36.0s/2m0s  20.00 iters/s

running (1m37.0s), 0002/0100 VUs, 1938 complete and 0 interrupted iterations
main   [  81% ] 0002/0100 VUs  1m37.0s/2m0s  20.00 iters/s

running (1m38.0s), 0002/0100 VUs, 1958 complete and 0 interrupted iterations
main   [  82% ] 0002/0100 VUs  1m38.0s/2m0s  20.00 iters/s

running (1m39.0s), 0002/0100 VUs, 1978 complete and 0 interrupted iterations
main   [  82% ] 0002/0100 VUs  1m39.0s/2m0s  20.00 iters/s

running (1m40.0s), 0002/0100 VUs, 1998 complete and 0 interrupted iterations
main   [  83% ] 0002/0100 VUs  1m40.0s/2m0s  20.00 iters/s

running (1m41.0s), 0001/0100 VUs, 2019 complete and 0 interrupted iterations
main   [  84% ] 0001/0100 VUs  1m41.0s/2m0s  20.00 iters/s

running (1m42.0s), 0002/0100 VUs, 2038 complete and 0 interrupted iterations
main   [  85% ] 0002/0100 VUs  1m42.0s/2m0s  20.00 iters/s

running (1m43.0s), 0002/0100 VUs, 2058 complete and 0 interrupted iterations
main   [  86% ] 0002/0100 VUs  1m43.0s/2m0s  20.00 iters/s

running (1m44.0s), 0001/0100 VUs, 2079 complete and 0 interrupted iterations
main   [  87% ] 0001/0100 VUs  1m44.0s/2m0s  20.00 iters/s

running (1m45.0s), 0002/0100 VUs, 2098 complete and 0 interrupted iterations
main   [  87% ] 0002/0100 VUs  1m45.0s/2m0s  20.00 iters/s

running (1m46.0s), 0002/0100 VUs, 2118 complete and 0 interrupted iterations
main   [  88% ] 0002/0100 VUs  1m46.0s/2m0s  20.00 iters/s

running (1m47.0s), 0002/0100 VUs, 2138 complete and 0 interrupted iterations
main   [  89% ] 0002/0100 VUs  1m47.0s/2m0s  20.00 iters/s

running (1m48.0s), 0002/0100 VUs, 2158 complete and 0 interrupted iterations
main   [  90% ] 0002/0100 VUs  1m48.0s/2m0s  20.00 iters/s

running (1m49.0s), 0002/0100 VUs, 2178 complete and 0 interrupted iterations
main   [  91% ] 0002/0100 VUs  1m49.0s/2m0s  20.00 iters/s

running (1m50.0s), 0002/0100 VUs, 2198 complete and 0 interrupted iterations
main   [  92% ] 0002/0100 VUs  1m50.0s/2m0s  20.00 iters/s

running (1m51.0s), 0002/0100 VUs, 2218 complete and 0 interrupted iterations
main   [  92% ] 0002/0100 VUs  1m51.0s/2m0s  20.00 iters/s

running (1m52.0s), 0002/0100 VUs, 2238 complete and 0 interrupted iterations
main   [  93% ] 0002/0100 VUs  1m52.0s/2m0s  20.00 iters/s

running (1m53.0s), 0002/0100 VUs, 2258 complete and 0 interrupted iterations
main   [  94% ] 0002/0100 VUs  1m53.0s/2m0s  20.00 iters/s

running (1m54.0s), 0002/0100 VUs, 2278 complete and 0 interrupted iterations
main   [  95% ] 0002/0100 VUs  1m54.0s/2m0s  20.00 iters/s

running (1m55.0s), 0002/0100 VUs, 2298 complete and 0 interrupted iterations
main   [  96% ] 0002/0100 VUs  1m55.0s/2m0s  20.00 iters/s

running (1m56.0s), 0002/0100 VUs, 2318 complete and 0 interrupted iterations
main   [  97% ] 0002/0100 VUs  1m56.0s/2m0s  20.00 iters/s

running (1m57.0s), 0002/0100 VUs, 2338 complete and 0 interrupted iterations
main   [  97% ] 0002/0100 VUs  1m57.0s/2m0s  20.00 iters/s

running (1m58.0s), 0002/0100 VUs, 2358 complete and 0 interrupted iterations
main   [  98% ] 0002/0100 VUs  1m58.0s/2m0s  20.00 iters/s

running (1m59.0s), 0001/0100 VUs, 2379 complete and 0 interrupted iterations
main   [  99% ] 0001/0100 VUs  1m59.0s/2m0s  20.00 iters/s

running (2m00.0s), 0002/0100 VUs, 2398 complete and 0 interrupted iterations
main   [ 100% ] 0002/0100 VUs  2m00.0s/2m0s  20.00 iters/s

running (2m00.1s), 0000/0100 VUs, 2401 complete and 0 interrupted iterations
main ✓ [ 100% ] 0000/0100 VUs  2m0s  20.00 iters/s
  Repeat 1 complete. Results in results/b-batchfetch-rtt10000-r20-n500-rep1-1781220105.json
=== Cell complete: 1 repeat(s) for b/batchfetch rtt=10000us ===

[campaign] (17) cell: b|jdbc-join|10000|20|-|N=500,MAX_MEMBER_ID=2000
=== Cell: scenario=b style=jdbc-join rtt=10000us rate=20rps duration=2m scale=full maxMember=2000 repeats=1 ===
[1/4] Setting netem delay 10000us...
Setting netem delay 10000us on lab-mysql eth0...
time="2026-06-12T08:23:46+09:00" level=warning msg="/Users/rene/rdb-join-lab/docker-compose.yml: the attribute `version` is obsolete, it will be ignored, please remove it to avoid potential confusion"
Current qdisc:
time="2026-06-12T08:23:46+09:00" level=warning msg="/Users/rene/rdb-join-lab/docker-compose.yml: the attribute `version` is obsolete, it will be ignored, please remove it to avoid potential confusion"
qdisc netem 8016: root refcnt 7 limit 1000 delay 10ms seed 8477296631577650522
[2/4] Warming InnoDB buffer pool...
=== Step 1: Warm-up queries (priming buffer pool, ~10% of full scale) ===
COUNT(*)
3400211
COUNT(*)
1000000
COUNT(*)
8679702
COUNT(*)
10000
Warm-up queries complete.
=== Step 2: Triggering InnoDB buffer pool dump ===
time="2026-06-12T08:23:48+09:00" level=warning msg="/Users/rene/rdb-join-lab/docker-compose.yml: the attribute `version` is obsolete, it will be ignored, please remove it to avoid potential confusion"
mysql: [Warning] Using a password on the command line interface can be insecure.
Polling dump status (timeout 300s)...
  [0s] Dump status: Buffer pool(s) dump completed at 260611 23:23:48
Buffer pool dump completed.
=== Step 3: Triggering InnoDB buffer pool load ===
time="2026-06-12T08:23:48+09:00" level=warning msg="/Users/rene/rdb-join-lab/docker-compose.yml: the attribute `version` is obsolete, it will be ignored, please remove it to avoid potential confusion"
mysql: [Warning] Using a password on the command line interface can be insecure.
Polling load status (timeout 300s)...
  [0s] Load status: Loaded 145409/188400 pages
  [5s] Load status: Buffer pool(s) load completed at 260611 23:23:48
Buffer pool load completed.
=== Step 3b: Capturing post-load snapshot for warm-state gate ===
COUNT(*)
1210060
COUNT(*)
8679702
COUNT(*)
10000
Re-verification queries complete.
=== Step 4: Warm-state gate (physical reads < 0.01, post-load window) ===
  Post-load reverify window: physical reads delta: 0 / 22886 = 0.0
  (Pre-warmup baseline: 28646 / 4037330191, for reference)
  Warm-state gate PASSED.
=== Step 5: ANALYZE TABLE ===
Table	Op	Msg_type	Msg_text
lab.coupon_policy	analyze	status	OK
lab.member	analyze	status	OK
lab.coupon_issue	analyze	status	OK
ANALYZE TABLE complete.
=== Step 5b: Capturing InnoDB engine status (AHI verification) ===
  InnoDB status captured: results/innodb-status-1781220236.txt
  AHI indicator: INSERT BUFFER AND ADAPTIVE HASH INDEX
0.00 hash searches/s, 22054.58 non-hash searches/s
=== Step 5c: EXPLAIN Scenario B ORDER BY id ASC (filesort check) ===
  WARNING: EXPLAIN shows 'Using filesort' for Scenario B ORDER BY id ASC query.
  Expected idx_issue_member_id to cover ORDER BY — check index creation in schema.sql.
  EXPLAIN output:
1	SIMPLE	coupon_issue	NULL	ref	idx_issue_member_status,idx_issue_member_id	idx_issue_member_status	8	const	1206	100.00	Using filesort
[3/4] Dual calibration (nominal=10000us)...
  [held conn] calibrate n=10000...
{
    "n": 2000,
    "min": 10124,
    "p50": 11377,
    "p95": 12706,
    "p99": 12824,
    "max": 13761
}
  [per checkout] calibrate/loaded n=10000...
{
    "n": 2000,
    "min": 10080,
    "p50": 11326,
    "p95": 12683,
    "p99": 12800,
    "max": 23103
}
Running dual calibration probe (n=10000 held + n=10000 loaded)...
