[campaign] Resume detected (ledger has DONE entries) and app container kept running: skipping full JVM priming.

[campaign] (1) cell: b|inbatch-nodup|300|20|-|N=200,MAX_MEMBER_ID=2000
=== Cell: scenario=b style=inbatch-nodup rtt=300us rate=20rps duration=5m scale=full maxMember=2000 repeats=3 ===
[1/4] Setting netem delay 300us...
Setting netem delay 300us on lab-mysql eth0...
time="2026-06-13T19:10:56+09:00" level=warning msg="/Users/rene/rdb-join-lab/docker-compose.yml: the attribute `version` is obsolete, it will be ignored, please remove it to avoid potential confusion"
Current qdisc:
time="2026-06-13T19:10:56+09:00" level=warning msg="/Users/rene/rdb-join-lab/docker-compose.yml: the attribute `version` is obsolete, it will be ignored, please remove it to avoid potential confusion"
qdisc netem 8002: root refcnt 7 limit 1000 delay 300us seed 4493911646364444254
[2/4] Warming InnoDB buffer pool...
=== Step 1: Warm-up queries (priming buffer pool, ~10% of full scale) ===
COUNT(*)
3400211
COUNT(*)
1000000
COUNT(*)
8679702
COUNT(*)
10000
Warm-up queries complete.
=== Step 2: Triggering InnoDB buffer pool dump ===
time="2026-06-13T19:10:57+09:00" level=warning msg="/Users/rene/rdb-join-lab/docker-compose.yml: the attribute `version` is obsolete, it will be ignored, please remove it to avoid potential confusion"
mysql: [Warning] Using a password on the command line interface can be insecure.
Polling dump status (timeout 300s)...
  [0s] Dump status: Buffer pool(s) dump completed at 260613 10:10:57
Buffer pool dump completed.
=== Step 3: Triggering InnoDB buffer pool load ===
time="2026-06-13T19:10:58+09:00" level=warning msg="/Users/rene/rdb-join-lab/docker-compose.yml: the attribute `version` is obsolete, it will be ignored, please remove it to avoid potential confusion"
mysql: [Warning] Using a password on the command line interface can be insecure.
Polling load status (timeout 300s)...
  [0s] Load status: Buffer pool(s) load completed at 260613 10:10:58
Buffer pool load completed.
=== Step 3b: Capturing post-load snapshot for warm-state gate ===
COUNT(*)
1210060
COUNT(*)
8679702
COUNT(*)
10000
Re-verification queries complete.
=== Step 4: Warm-state gate (physical reads < 0.01, post-load window) ===
  Post-load reverify window: physical reads delta: 0 / 22447 = 0.0
  (Pre-warmup baseline: 110375 / 2360687535, for reference)
  Warm-state gate PASSED.
=== Step 5: ANALYZE TABLE ===
Table	Op	Msg_type	Msg_text
lab.coupon_policy	analyze	status	OK
lab.member	analyze	status	OK
lab.coupon_issue	analyze	status	OK
ANALYZE TABLE complete.
=== Step 5b: Capturing InnoDB engine status (AHI verification) ===
  InnoDB status captured: results/innodb-status-1781345459.txt
  AHI indicator: INSERT BUFFER AND ADAPTIVE HASH INDEX
0.00 hash searches/s, 18466.04 non-hash searches/s
=== Step 5c: EXPLAIN Scenario B ORDER BY id ASC (filesort check) ===
  WARNING: EXPLAIN shows 'Using filesort' for Scenario B ORDER BY id ASC query.
  Expected idx_issue_member_id to cover ORDER BY — check index creation in schema.sql.
  EXPLAIN output:
1	SIMPLE	coupon_issue	NULL	ref	idx_issue_member_status,idx_issue_member_id	idx_issue_member_status	8	const	1206	100.00	Using filesort
[3/4] Dual calibration (nominal=300us)...
  [held conn] calibrate n=10000...
{
    "n": 10000,
    "min": 350,
    "p50": 463,
    "p95": 506,
    "p99": 525,
    "max": 6039
}
  [per checkout] calibrate/loaded n=10000...
{
    "n": 10000,
    "min": 349,
    "p50": 449,
    "p95": 521,
    "p99": 563,
    "max": 1474
}
Running dual calibration probe (n=10000 held + n=10000 loaded)...
=== held (pure wire RTT) ===
{
    "n": 10000,
    "min": 345,
    "p50": 456,
    "p95": 537,
    "p99": 619,
    "max": 898
}
=== loaded (wire RTT + pool checkout) ===
{
    "n": 10000,
    "min": 349,
    "p50": 469,
    "p95": 511,
    "p99": 539,
    "max": 2373
}

Appended dual record to results/calibration.jsonl: {"held": {"n": 10000, "min": 345, "p50": 456, "p95": 537, "p99": 619, "max": 898}, "loaded": {"n": 10000, "min": 349, "p50": 469, "p95": 511, "p99": 539, "max": 2373}, "timestamp": "2026-06-13T10:11:18Z", "nominal_delay_us": 300}
[4/3] Running k6 repeat 1/3 (output -> results/b-inbatch-nodup-rtt300-r20-n200-rep1-1781345478.json)...
time="2026-06-13T19:11:18+09:00" level=warning msg="/Users/rene/rdb-join-lab/docker-compose.yml: the attribute `version` is obsolete, it will be ignored, please remove it to avoid potential confusion"

         /\      Grafana   /‾‾/  
    /\  /  \     |\  __   /  /   
   /  \/    \    | |/ /  /   ‾‾\ 
  /          \   |   (  |  (‾)  |
 / __________ \  |_|\_\  \_____/ 


     execution: local
        script: /scripts/scenario.js
        output: -

     scenarios: (100.00%) 1 scenario, 1000 max VUs, 5m30s max duration (incl. graceful stop):
              * main: 20.00 iterations/s for 5m0s (maxVUs: 100-1000, gracefulStop: 30s)


running (0m01.0s), 0000/0100 VUs, 20 complete and 0 interrupted iterations
main   [   0% ] 0000/0100 VUs  0m01.0s/5m0s  20.00 iters/s

running (0m02.0s), 0000/0100 VUs, 40 complete and 0 interrupted iterations
main   [   1% ] 0000/0100 VUs  0m02.0s/5m0s  20.00 iters/s

running (0m03.0s), 0000/0100 VUs, 60 complete and 0 interrupted iterations
main   [   1% ] 0000/0100 VUs  0m03.0s/5m0s  20.00 iters/s

running (0m04.0s), 0000/0100 VUs, 80 complete and 0 interrupted iterations
main   [   1% ] 0000/0100 VUs  0m04.0s/5m0s  20.00 iters/s

running (0m05.0s), 0000/0100 VUs, 100 complete and 0 interrupted iterations
main   [   2% ] 0000/0100 VUs  0m05.0s/5m0s  20.00 iters/s

running (0m06.0s), 0000/0100 VUs, 120 complete and 0 interrupted iterations
main   [   2% ] 0000/0100 VUs  0m06.0s/5m0s  20.00 iters/s

running (0m07.0s), 0000/0100 VUs, 140 complete and 0 interrupted iterations
main   [   2% ] 0000/0100 VUs  0m07.0s/5m0s  20.00 iters/s

running (0m08.0s), 0000/0100 VUs, 160 complete and 0 interrupted iterations
main   [   3% ] 0000/0100 VUs  0m08.0s/5m0s  20.00 iters/s

running (0m09.0s), 0000/0100 VUs, 180 complete and 0 interrupted iterations
main   [   3% ] 0000/0100 VUs  0m09.0s/5m0s  20.00 iters/s

running (0m10.0s), 0000/0100 VUs, 200 complete and 0 interrupted iterations
main   [   3% ] 0000/0100 VUs  0m10.0s/5m0s  20.00 iters/s

running (0m11.0s), 0000/0100 VUs, 220 complete and 0 interrupted iterations
main   [   4% ] 0000/0100 VUs  0m11.0s/5m0s  20.00 iters/s

running (0m12.0s), 0000/0100 VUs, 240 complete and 0 interrupted iterations
main   [   4% ] 0000/0100 VUs  0m12.0s/5m0s  20.00 iters/s

running (0m13.0s), 0000/0100 VUs, 260 complete and 0 interrupted iterations
main   [   4% ] 0000/0100 VUs  0m13.0s/5m0s  20.00 iters/s

running (0m14.0s), 0000/0100 VUs, 280 complete and 0 interrupted iterations
main   [   5% ] 0000/0100 VUs  0m14.0s/5m0s  20.00 iters/s

running (0m15.0s), 0000/0100 VUs, 300 complete and 0 interrupted iterations
main   [   5% ] 0000/0100 VUs  0m15.0s/5m0s  20.00 iters/s

running (0m16.0s), 0000/0100 VUs, 320 complete and 0 interrupted iterations
main   [   5% ] 0000/0100 VUs  0m16.0s/5m0s  20.00 iters/s

running (0m17.0s), 0000/0100 VUs, 340 complete and 0 interrupted iterations
main   [   6% ] 0000/0100 VUs  0m17.0s/5m0s  20.00 iters/s

running (0m18.0s), 0000/0100 VUs, 360 complete and 0 interrupted iterations
main   [   6% ] 0000/0100 VUs  0m18.0s/5m0s  20.00 iters/s

running (0m19.0s), 0000/0100 VUs, 380 complete and 0 interrupted iterations
main   [   6% ] 0000/0100 VUs  0m19.0s/5m0s  20.00 iters/s

running (0m20.0s), 0000/0100 VUs, 400 complete and 0 interrupted iterations
main   [   7% ] 0000/0100 VUs  0m20.0s/5m0s  20.00 iters/s

running (0m21.0s), 0000/0100 VUs, 420 complete and 0 interrupted iterations
main   [   7% ] 0000/0100 VUs  0m21.0s/5m0s  20.00 iters/s

running (0m22.0s), 0000/0100 VUs, 440 complete and 0 interrupted iterations
main   [   7% ] 0000/0100 VUs  0m22.0s/5m0s  20.00 iters/s

running (0m23.0s), 0000/0100 VUs, 460 complete and 0 interrupted iterations
main   [   8% ] 0000/0100 VUs  0m23.0s/5m0s  20.00 iters/s

running (0m24.0s), 0000/0100 VUs, 480 complete and 0 interrupted iterations
main   [   8% ] 0000/0100 VUs  0m24.0s/5m0s  20.00 iters/s

running (0m25.0s), 0000/0100 VUs, 500 complete and 0 interrupted iterations
main   [   8% ] 0000/0100 VUs  0m25.0s/5m0s  20.00 iters/s

running (0m26.0s), 0000/0100 VUs, 520 complete and 0 interrupted iterations
main   [   9% ] 0000/0100 VUs  0m26.0s/5m0s  20.00 iters/s

running (0m27.0s), 0000/0100 VUs, 540 complete and 0 interrupted iterations
main   [   9% ] 0000/0100 VUs  0m27.0s/5m0s  20.00 iters/s

running (0m28.0s), 0000/0100 VUs, 560 complete and 0 interrupted iterations
main   [   9% ] 0000/0100 VUs  0m28.0s/5m0s  20.00 iters/s

running (0m29.0s), 0000/0100 VUs, 580 complete and 0 interrupted iterations
main   [  10% ] 0000/0100 VUs  0m29.0s/5m0s  20.00 iters/s

running (0m30.0s), 0000/0100 VUs, 600 complete and 0 interrupted iterations
main   [  10% ] 0000/0100 VUs  0m30.0s/5m0s  20.00 iters/s

running (0m31.0s), 0000/0100 VUs, 620 complete and 0 interrupted iterations
main   [  10% ] 0000/0100 VUs  0m31.0s/5m0s  20.00 iters/s

running (0m32.0s), 0000/0100 VUs, 640 complete and 0 interrupted iterations
main   [  11% ] 0000/0100 VUs  0m32.0s/5m0s  20.00 iters/s

running (0m33.0s), 0000/0100 VUs, 660 complete and 0 interrupted iterations
main   [  11% ] 0000/0100 VUs  0m33.0s/5m0s  20.00 iters/s

running (0m34.0s), 0000/0100 VUs, 680 complete and 0 interrupted iterations
main   [  11% ] 0000/0100 VUs  0m34.0s/5m0s  20.00 iters/s

running (0m35.0s), 0000/0100 VUs, 700 complete and 0 interrupted iterations
main   [  12% ] 0000/0100 VUs  0m35.0s/5m0s  20.00 iters/s

running (0m36.0s), 0000/0100 VUs, 720 complete and 0 interrupted iterations
main   [  12% ] 0000/0100 VUs  0m36.0s/5m0s  20.00 iters/s

running (0m37.0s), 0000/0100 VUs, 740 complete and 0 interrupted iterations
main   [  12% ] 0000/0100 VUs  0m37.0s/5m0s  20.00 iters/s

running (0m38.0s), 0000/0100 VUs, 760 complete and 0 interrupted iterations
main   [  13% ] 0000/0100 VUs  0m38.0s/5m0s  20.00 iters/s

running (0m39.0s), 0000/0100 VUs, 780 complete and 0 interrupted iterations
main   [  13% ] 0000/0100 VUs  0m39.0s/5m0s  20.00 iters/s

running (0m40.0s), 0000/0100 VUs, 800 complete and 0 interrupted iterations
main   [  13% ] 0000/0100 VUs  0m40.0s/5m0s  20.00 iters/s

running (0m41.0s), 0000/0100 VUs, 820 complete and 0 interrupted iterations
main   [  14% ] 0000/0100 VUs  0m41.0s/5m0s  20.00 iters/s

running (0m42.0s), 0000/0100 VUs, 840 complete and 0 interrupted iterations
main   [  14% ] 0000/0100 VUs  0m42.0s/5m0s  20.00 iters/s

running (0m43.0s), 0000/0100 VUs, 860 complete and 0 interrupted iterations
main   [  14% ] 0000/0100 VUs  0m43.0s/5m0s  20.00 iters/s

running (0m44.0s), 0000/0100 VUs, 880 complete and 0 interrupted iterations
main   [  15% ] 0000/0100 VUs  0m44.0s/5m0s  20.00 iters/s

running (0m45.0s), 0000/0100 VUs, 900 complete and 0 interrupted iterations
main   [  15% ] 0000/0100 VUs  0m45.0s/5m0s  20.00 iters/s

running (0m46.0s), 0000/0100 VUs, 920 complete and 0 interrupted iterations
main   [  15% ] 0000/0100 VUs  0m46.0s/5m0s  20.00 iters/s

running (0m47.0s), 0000/0100 VUs, 940 complete and 0 interrupted iterations
main   [  16% ] 0000/0100 VUs  0m47.0s/5m0s  20.00 iters/s

running (0m48.0s), 0000/0100 VUs, 960 complete and 0 interrupted iterations
main   [  16% ] 0000/0100 VUs  0m48.0s/5m0s  20.00 iters/s

running (0m49.0s), 0000/0100 VUs, 980 complete and 0 interrupted iterations
main   [  16% ] 0000/0100 VUs  0m49.0s/5m0s  20.00 iters/s

running (0m50.0s), 0000/0100 VUs, 1000 complete and 0 interrupted iterations
main   [  17% ] 0000/0100 VUs  0m50.0s/5m0s  20.00 iters/s

running (0m51.0s), 0000/0100 VUs, 1020 complete and 0 interrupted iterations
main   [  17% ] 0000/0100 VUs  0m51.0s/5m0s  20.00 iters/s

running (0m52.0s), 0000/0100 VUs, 1040 complete and 0 interrupted iterations
main   [  17% ] 0000/0100 VUs  0m52.0s/5m0s  20.00 iters/s

running (0m53.0s), 0000/0100 VUs, 1060 complete and 0 interrupted iterations
main   [  18% ] 0000/0100 VUs  0m53.0s/5m0s  20.00 iters/s

running (0m54.0s), 0000/0100 VUs, 1080 complete and 0 interrupted iterations
main   [  18% ] 0000/0100 VUs  0m54.0s/5m0s  20.00 iters/s

running (0m55.0s), 0000/0100 VUs, 1100 complete and 0 interrupted iterations
main   [  18% ] 0000/0100 VUs  0m55.0s/5m0s  20.00 iters/s

running (0m56.0s), 0000/0100 VUs, 1120 complete and 0 interrupted iterations
main   [  19% ] 0000/0100 VUs  0m56.0s/5m0s  20.00 iters/s

running (0m57.0s), 0000/0100 VUs, 1140 complete and 0 interrupted iterations
main   [  19% ] 0000/0100 VUs  0m57.0s/5m0s  20.00 iters/s

running (0m58.0s), 0000/0100 VUs, 1160 complete and 0 interrupted iterations
main   [  19% ] 0000/0100 VUs  0m58.0s/5m0s  20.00 iters/s

running (0m59.0s), 0000/0100 VUs, 1180 complete and 0 interrupted iterations
main   [  20% ] 0000/0100 VUs  0m59.0s/5m0s  20.00 iters/s

running (1m00.0s), 0000/0100 VUs, 1200 complete and 0 interrupted iterations
main   [  20% ] 0000/0100 VUs  1m00.0s/5m0s  20.00 iters/s

running (1m01.0s), 0000/0100 VUs, 1220 complete and 0 interrupted iterations
main   [  20% ] 0000/0100 VUs  1m01.0s/5m0s  20.00 iters/s

running (1m02.0s), 0000/0100 VUs, 1240 complete and 0 interrupted iterations
main   [  21% ] 0000/0100 VUs  1m02.0s/5m0s  20.00 iters/s

running (1m03.0s), 0000/0100 VUs, 1260 complete and 0 interrupted iterations
main   [  21% ] 0000/0100 VUs  1m03.0s/5m0s  20.00 iters/s

running (1m04.0s), 0000/0100 VUs, 1280 complete and 0 interrupted iterations
main   [  21% ] 0000/0100 VUs  1m04.0s/5m0s  20.00 iters/s

running (1m05.0s), 0000/0100 VUs, 1300 complete and 0 interrupted iterations
main   [  22% ] 0000/0100 VUs  1m05.0s/5m0s  20.00 iters/s

running (1m06.0s), 0000/0100 VUs, 1320 complete and 0 interrupted iterations
main   [  22% ] 0000/0100 VUs  1m06.0s/5m0s  20.00 iters/s

running (1m07.0s), 0000/0100 VUs, 1340 complete and 0 interrupted iterations
main   [  22% ] 0000/0100 VUs  1m07.0s/5m0s  20.00 iters/s

running (1m08.0s), 0000/0100 VUs, 1360 complete and 0 interrupted iterations
main   [  23% ] 0000/0100 VUs  1m08.0s/5m0s  20.00 iters/s

running (1m09.0s), 0000/0100 VUs, 1380 complete and 0 interrupted iterations
main   [  23% ] 0000/0100 VUs  1m09.0s/5m0s  20.00 iters/s

running (1m10.0s), 0000/0100 VUs, 1400 complete and 0 interrupted iterations
main   [  23% ] 0000/0100 VUs  1m10.0s/5m0s  20.00 iters/s

running (1m11.0s), 0000/0100 VUs, 1420 complete and 0 interrupted iterations
main   [  24% ] 0000/0100 VUs  1m11.0s/5m0s  20.00 iters/s

running (1m12.0s), 0000/0100 VUs, 1440 complete and 0 interrupted iterations
main   [  24% ] 0000/0100 VUs  1m12.0s/5m0s  20.00 iters/s

running (1m13.0s), 0000/0100 VUs, 1460 complete and 0 interrupted iterations
main   [  24% ] 0000/0100 VUs  1m13.0s/5m0s  20.00 iters/s

running (1m14.0s), 0000/0100 VUs, 1480 complete and 0 interrupted iterations
main   [  25% ] 0000/0100 VUs  1m14.0s/5m0s  20.00 iters/s

running (1m15.0s), 0000/0100 VUs, 1500 complete and 0 interrupted iterations
main   [  25% ] 0000/0100 VUs  1m15.0s/5m0s  20.00 iters/s

running (1m16.0s), 0000/0100 VUs, 1520 complete and 0 interrupted iterations
main   [  25% ] 0000/0100 VUs  1m16.0s/5m0s  20.00 iters/s

running (1m17.0s), 0000/0100 VUs, 1540 complete and 0 interrupted iterations
main   [  26% ] 0000/0100 VUs  1m17.0s/5m0s  20.00 iters/s

running (1m18.0s), 0000/0100 VUs, 1560 complete and 0 interrupted iterations
main   [  26% ] 0000/0100 VUs  1m18.0s/5m0s  20.00 iters/s

running (1m19.0s), 0000/0100 VUs, 1580 complete and 0 interrupted iterations
main   [  26% ] 0000/0100 VUs  1m19.0s/5m0s  20.00 iters/s

running (1m20.0s), 0000/0100 VUs, 1600 complete and 0 interrupted iterations
main   [  27% ] 0000/0100 VUs  1m20.0s/5m0s  20.00 iters/s

running (1m21.0s), 0000/0100 VUs, 1620 complete and 0 interrupted iterations
main   [  27% ] 0000/0100 VUs  1m21.0s/5m0s  20.00 iters/s

running (1m22.0s), 0000/0100 VUs, 1640 complete and 0 interrupted iterations
main   [  27% ] 0000/0100 VUs  1m22.0s/5m0s  20.00 iters/s

running (1m23.0s), 0000/0100 VUs, 1660 complete and 0 interrupted iterations
main   [  28% ] 0000/0100 VUs  1m23.0s/5m0s  20.00 iters/s

running (1m24.0s), 0000/0100 VUs, 1680 complete and 0 interrupted iterations
main   [  28% ] 0000/0100 VUs  1m24.0s/5m0s  20.00 iters/s

running (1m25.0s), 0000/0100 VUs, 1700 complete and 0 interrupted iterations
main   [  28% ] 0000/0100 VUs  1m25.0s/5m0s  20.00 iters/s

running (1m26.0s), 0000/0100 VUs, 1720 complete and 0 interrupted iterations
main   [  29% ] 0000/0100 VUs  1m26.0s/5m0s  20.00 iters/s

running (1m27.0s), 0000/0100 VUs, 1740 complete and 0 interrupted iterations
main   [  29% ] 0000/0100 VUs  1m27.0s/5m0s  20.00 iters/s

running (1m28.0s), 0000/0100 VUs, 1760 complete and 0 interrupted iterations
main   [  29% ] 0000/0100 VUs  1m28.0s/5m0s  20.00 iters/s

running (1m29.0s), 0000/0100 VUs, 1780 complete and 0 interrupted iterations
main   [  30% ] 0000/0100 VUs  1m29.0s/5m0s  20.00 iters/s

running (1m30.0s), 0000/0100 VUs, 1800 complete and 0 interrupted iterations
main   [  30% ] 0000/0100 VUs  1m30.0s/5m0s  20.00 iters/s

running (1m31.0s), 0000/0100 VUs, 1820 complete and 0 interrupted iterations
main   [  30% ] 0000/0100 VUs  1m31.0s/5m0s  20.00 iters/s

running (1m32.0s), 0000/0100 VUs, 1840 complete and 0 interrupted iterations
main   [  31% ] 0000/0100 VUs  1m32.0s/5m0s  20.00 iters/s

running (1m33.0s), 0000/0100 VUs, 1860 complete and 0 interrupted iterations
main   [  31% ] 0000/0100 VUs  1m33.0s/5m0s  20.00 iters/s

running (1m34.0s), 0000/0100 VUs, 1880 complete and 0 interrupted iterations
main   [  31% ] 0000/0100 VUs  1m34.0s/5m0s  20.00 iters/s

running (1m35.0s), 0000/0100 VUs, 1900 complete and 0 interrupted iterations
main   [  32% ] 0000/0100 VUs  1m35.0s/5m0s  20.00 iters/s

running (1m36.0s), 0000/0100 VUs, 1920 complete and 0 interrupted iterations
main   [  32% ] 0000/0100 VUs  1m36.0s/5m0s  20.00 iters/s

running (1m37.0s), 0000/0100 VUs, 1940 complete and 0 interrupted iterations
main   [  32% ] 0000/0100 VUs  1m37.0s/5m0s  20.00 iters/s

running (1m38.0s), 0000/0100 VUs, 1960 complete and 0 interrupted iterations
main   [  33% ] 0000/0100 VUs  1m38.0s/5m0s  20.00 iters/s

running (1m39.0s), 0000/0100 VUs, 1980 complete and 0 interrupted iterations
main   [  33% ] 0000/0100 VUs  1m39.0s/5m0s  20.00 iters/s

running (1m40.0s), 0000/0100 VUs, 2000 complete and 0 interrupted iterations
main   [  33% ] 0000/0100 VUs  1m40.0s/5m0s  20.00 iters/s

running (1m41.0s), 0000/0100 VUs, 2020 complete and 0 interrupted iterations
main   [  34% ] 0000/0100 VUs  1m41.0s/5m0s  20.00 iters/s

running (1m42.0s), 0000/0100 VUs, 2040 complete and 0 interrupted iterations
main   [  34% ] 0000/0100 VUs  1m42.0s/5m0s  20.00 iters/s

running (1m43.0s), 0000/0100 VUs, 2060 complete and 0 interrupted iterations
main   [  34% ] 0000/0100 VUs  1m43.0s/5m0s  20.00 iters/s

running (1m44.0s), 0000/0100 VUs, 2080 complete and 0 interrupted iterations
main   [  35% ] 0000/0100 VUs  1m44.0s/5m0s  20.00 iters/s

running (1m45.0s), 0000/0100 VUs, 2100 complete and 0 interrupted iterations
main   [  35% ] 0000/0100 VUs  1m45.0s/5m0s  20.00 iters/s

running (1m46.0s), 0000/0100 VUs, 2120 complete and 0 interrupted iterations
main   [  35% ] 0000/0100 VUs  1m46.0s/5m0s  20.00 iters/s

running (1m47.0s), 0000/0100 VUs, 2140 complete and 0 interrupted iterations
main   [  36% ] 0000/0100 VUs  1m47.0s/5m0s  20.00 iters/s

running (1m48.0s), 0000/0100 VUs, 2160 complete and 0 interrupted iterations
main   [  36% ] 0000/0100 VUs  1m48.0s/5m0s  20.00 iters/s

running (1m49.0s), 0000/0100 VUs, 2180 complete and 0 interrupted iterations
main   [  36% ] 0000/0100 VUs  1m49.0s/5m0s  20.00 iters/s

running (1m50.0s), 0000/0100 VUs, 2200 complete and 0 interrupted iterations
main   [  37% ] 0000/0100 VUs  1m50.0s/5m0s  20.00 iters/s

running (1m51.0s), 0000/0100 VUs, 2220 complete and 0 interrupted iterations
main   [  37% ] 0000/0100 VUs  1m51.0s/5m0s  20.00 iters/s

running (1m52.0s), 0000/0100 VUs, 2240 complete and 0 interrupted iterations
main   [  37% ] 0000/0100 VUs  1m52.0s/5m0s  20.00 iters/s

running (1m53.0s), 0000/0100 VUs, 2260 complete and 0 interrupted iterations
main   [  38% ] 0000/0100 VUs  1m53.0s/5m0s  20.00 iters/s

running (1m54.0s), 0000/0100 VUs, 2280 complete and 0 interrupted iterations
main   [  38% ] 0000/0100 VUs  1m54.0s/5m0s  20.00 iters/s

running (1m55.0s), 0000/0100 VUs, 2300 complete and 0 interrupted iterations
main   [  38% ] 0000/0100 VUs  1m55.0s/5m0s  20.00 iters/s

running (1m56.0s), 0000/0100 VUs, 2320 complete and 0 interrupted iterations
main   [  39% ] 0000/0100 VUs  1m56.0s/5m0s  20.00 iters/s

running (1m57.0s), 0000/0100 VUs, 2340 complete and 0 interrupted iterations
main   [  39% ] 0000/0100 VUs  1m57.0s/5m0s  20.00 iters/s

running (1m58.0s), 0000/0100 VUs, 2360 complete and 0 interrupted iterations
main   [  39% ] 0000/0100 VUs  1m58.0s/5m0s  20.00 iters/s

running (1m59.0s), 0000/0100 VUs, 2380 complete and 0 interrupted iterations
main   [  40% ] 0000/0100 VUs  1m59.0s/5m0s  20.00 iters/s

running (2m00.0s), 0000/0100 VUs, 2400 complete and 0 interrupted iterations
main   [  40% ] 0000/0100 VUs  2m00.0s/5m0s  20.00 iters/s

running (2m01.0s), 0000/0100 VUs, 2420 complete and 0 interrupted iterations
main   [  40% ] 0000/0100 VUs  2m01.0s/5m0s  20.00 iters/s

running (2m02.0s), 0000/0100 VUs, 2440 complete and 0 interrupted iterations
main   [  41% ] 0000/0100 VUs  2m02.0s/5m0s  20.00 iters/s

running (2m03.0s), 0000/0100 VUs, 2460 complete and 0 interrupted iterations
main   [  41% ] 0000/0100 VUs  2m03.0s/5m0s  20.00 iters/s

running (2m04.0s), 0000/0100 VUs, 2480 complete and 0 interrupted iterations
main   [  41% ] 0000/0100 VUs  2m04.0s/5m0s  20.00 iters/s

running (2m05.0s), 0000/0100 VUs, 2500 complete and 0 interrupted iterations
main   [  42% ] 0000/0100 VUs  2m05.0s/5m0s  20.00 iters/s

running (2m06.0s), 0000/0100 VUs, 2520 complete and 0 interrupted iterations
main   [  42% ] 0000/0100 VUs  2m06.0s/5m0s  20.00 iters/s

running (2m07.0s), 0000/0100 VUs, 2540 complete and 0 interrupted iterations
main   [  42% ] 0000/0100 VUs  2m07.0s/5m0s  20.00 iters/s

running (2m08.0s), 0000/0100 VUs, 2560 complete and 0 interrupted iterations
main   [  43% ] 0000/0100 VUs  2m08.0s/5m0s  20.00 iters/s

running (2m09.0s), 0000/0100 VUs, 2580 complete and 0 interrupted iterations
main   [  43% ] 0000/0100 VUs  2m09.0s/5m0s  20.00 iters/s

running (2m10.0s), 0000/0100 VUs, 2600 complete and 0 interrupted iterations
main   [  43% ] 0000/0100 VUs  2m10.0s/5m0s  20.00 iters/s

running (2m11.0s), 0000/0100 VUs, 2620 complete and 0 interrupted iterations
main   [  44% ] 0000/0100 VUs  2m11.0s/5m0s  20.00 iters/s

running (2m12.0s), 0000/0100 VUs, 2640 complete and 0 interrupted iterations
main   [  44% ] 0000/0100 VUs  2m12.0s/5m0s  20.00 iters/s

running (2m13.0s), 0000/0100 VUs, 2660 complete and 0 interrupted iterations
main   [  44% ] 0000/0100 VUs  2m13.0s/5m0s  20.00 iters/s

running (2m14.0s), 0000/0100 VUs, 2680 complete and 0 interrupted iterations
main   [  45% ] 0000/0100 VUs  2m14.0s/5m0s  20.00 iters/s

running (2m15.0s), 0000/0100 VUs, 2700 complete and 0 interrupted iterations
main   [  45% ] 0000/0100 VUs  2m15.0s/5m0s  20.00 iters/s

running (2m16.0s), 0000/0100 VUs, 2720 complete and 0 interrupted iterations
main   [  45% ] 0000/0100 VUs  2m16.0s/5m0s  20.00 iters/s

running (2m17.0s), 0000/0100 VUs, 2740 complete and 0 interrupted iterations
main   [  46% ] 0000/0100 VUs  2m17.0s/5m0s  20.00 iters/s

running (2m18.0s), 0000/0100 VUs, 2760 complete and 0 interrupted iterations
main   [  46% ] 0000/0100 VUs  2m18.0s/5m0s  20.00 iters/s

running (2m19.0s), 0000/0100 VUs, 2780 complete and 0 interrupted iterations
main   [  46% ] 0000/0100 VUs  2m19.0s/5m0s  20.00 iters/s

running (2m20.0s), 0000/0100 VUs, 2800 complete and 0 interrupted iterations
main   [  47% ] 0000/0100 VUs  2m20.0s/5m0s  20.00 iters/s

running (2m21.0s), 0000/0100 VUs, 2820 complete and 0 interrupted iterations
main   [  47% ] 0000/0100 VUs  2m21.0s/5m0s  20.00 iters/s

running (2m22.0s), 0000/0100 VUs, 2840 complete and 0 interrupted iterations
main   [  47% ] 0000/0100 VUs  2m22.0s/5m0s  20.00 iters/s

running (2m23.0s), 0000/0100 VUs, 2860 complete and 0 interrupted iterations
main   [  48% ] 0000/0100 VUs  2m23.0s/5m0s  20.00 iters/s

running (2m24.0s), 0000/0100 VUs, 2880 complete and 0 interrupted iterations
main   [  48% ] 0000/0100 VUs  2m24.0s/5m0s  20.00 iters/s

running (2m25.0s), 0000/0100 VUs, 2900 complete and 0 interrupted iterations
main   [  48% ] 0000/0100 VUs  2m25.0s/5m0s  20.00 iters/s

running (2m26.0s), 0000/0100 VUs, 2920 complete and 0 interrupted iterations
main   [  49% ] 0000/0100 VUs  2m26.0s/5m0s  20.00 iters/s

running (2m27.0s), 0000/0100 VUs, 2940 complete and 0 interrupted iterations
main   [  49% ] 0000/0100 VUs  2m27.0s/5m0s  20.00 iters/s

running (2m28.0s), 0000/0100 VUs, 2960 complete and 0 interrupted iterations
main   [  49% ] 0000/0100 VUs  2m28.0s/5m0s  20.00 iters/s

running (2m29.0s), 0000/0100 VUs, 2980 complete and 0 interrupted iterations
main   [  50% ] 0000/0100 VUs  2m29.0s/5m0s  20.00 iters/s

running (2m30.0s), 0000/0100 VUs, 3000 complete and 0 interrupted iterations
main   [  50% ] 0000/0100 VUs  2m30.0s/5m0s  20.00 iters/s

running (2m31.0s), 0000/0100 VUs, 3020 complete and 0 interrupted iterations
main   [  50% ] 0000/0100 VUs  2m31.0s/5m0s  20.00 iters/s

running (2m32.0s), 0000/0100 VUs, 3040 complete and 0 interrupted iterations
main   [  51% ] 0000/0100 VUs  2m32.0s/5m0s  20.00 iters/s

running (2m33.0s), 0000/0100 VUs, 3060 complete and 0 interrupted iterations
main   [  51% ] 0000/0100 VUs  2m33.0s/5m0s  20.00 iters/s

running (2m34.0s), 0000/0100 VUs, 3080 complete and 0 interrupted iterations
main   [  51% ] 0000/0100 VUs  2m34.0s/5m0s  20.00 iters/s

running (2m35.0s), 0000/0100 VUs, 3100 complete and 0 interrupted iterations
main   [  52% ] 0000/0100 VUs  2m35.0s/5m0s  20.00 iters/s

running (2m36.0s), 0000/0100 VUs, 3120 complete and 0 interrupted iterations
main   [  52% ] 0000/0100 VUs  2m36.0s/5m0s  20.00 iters/s

running (2m37.0s), 0000/0100 VUs, 3140 complete and 0 interrupted iterations
main   [  52% ] 0000/0100 VUs  2m37.0s/5m0s  20.00 iters/s

running (2m38.0s), 0000/0100 VUs, 3160 complete and 0 interrupted iterations
main   [  53% ] 0000/0100 VUs  2m38.0s/5m0s  20.00 iters/s

running (2m39.0s), 0000/0100 VUs, 3180 complete and 0 interrupted iterations
main   [  53% ] 0000/0100 VUs  2m39.0s/5m0s  20.00 iters/s

running (2m40.0s), 0000/0100 VUs, 3200 complete and 0 interrupted iterations
main   [  53% ] 0000/0100 VUs  2m40.0s/5m0s  20.00 iters/s

running (2m41.0s), 0000/0100 VUs, 3220 complete and 0 interrupted iterations
main   [  54% ] 0000/0100 VUs  2m41.0s/5m0s  20.00 iters/s

running (2m42.0s), 0000/0100 VUs, 3240 complete and 0 interrupted iterations
main   [  54% ] 0000/0100 VUs  2m42.0s/5m0s  20.00 iters/s

running (2m43.0s), 0000/0100 VUs, 3260 complete and 0 interrupted iterations
main   [  54% ] 0000/0100 VUs  2m43.0s/5m0s  20.00 iters/s

running (2m44.0s), 0000/0100 VUs, 3280 complete and 0 interrupted iterations
main   [  55% ] 0000/0100 VUs  2m44.0s/5m0s  20.00 iters/s

running (2m45.0s), 0000/0100 VUs, 3300 complete and 0 interrupted iterations
main   [  55% ] 0000/0100 VUs  2m45.0s/5m0s  20.00 iters/s

running (2m46.0s), 0000/0100 VUs, 3320 complete and 0 interrupted iterations
main   [  55% ] 0000/0100 VUs  2m46.0s/5m0s  20.00 iters/s

running (2m47.0s), 0000/0100 VUs, 3340 complete and 0 interrupted iterations
main   [  56% ] 0000/0100 VUs  2m47.0s/5m0s  20.00 iters/s

running (2m48.0s), 0000/0100 VUs, 3360 complete and 0 interrupted iterations
main   [  56% ] 0000/0100 VUs  2m48.0s/5m0s  20.00 iters/s

running (2m49.0s), 0000/0100 VUs, 3380 complete and 0 interrupted iterations
main   [  56% ] 0000/0100 VUs  2m49.0s/5m0s  20.00 iters/s

running (2m50.0s), 0000/0100 VUs, 3400 complete and 0 interrupted iterations
main   [  57% ] 0000/0100 VUs  2m50.0s/5m0s  20.00 iters/s

running (2m51.0s), 0000/0100 VUs, 3420 complete and 0 interrupted iterations
main   [  57% ] 0000/0100 VUs  2m51.0s/5m0s  20.00 iters/s

running (2m52.0s), 0000/0100 VUs, 3440 complete and 0 interrupted iterations
main   [  57% ] 0000/0100 VUs  2m52.0s/5m0s  20.00 iters/s

running (2m53.0s), 0000/0100 VUs, 3460 complete and 0 interrupted iterations
main   [  58% ] 0000/0100 VUs  2m53.0s/5m0s  20.00 iters/s

running (2m54.0s), 0000/0100 VUs, 3480 complete and 0 interrupted iterations
main   [  58% ] 0000/0100 VUs  2m54.0s/5m0s  20.00 iters/s

running (2m55.0s), 0000/0100 VUs, 3500 complete and 0 interrupted iterations
main   [  58% ] 0000/0100 VUs  2m55.0s/5m0s  20.00 iters/s

running (2m56.0s), 0000/0100 VUs, 3520 complete and 0 interrupted iterations
main   [  59% ] 0000/0100 VUs  2m56.0s/5m0s  20.00 iters/s

running (2m57.0s), 0000/0100 VUs, 3540 complete and 0 interrupted iterations
main   [  59% ] 0000/0100 VUs  2m57.0s/5m0s  20.00 iters/s

running (2m58.0s), 0000/0100 VUs, 3560 complete and 0 interrupted iterations
main   [  59% ] 0000/0100 VUs  2m58.0s/5m0s  20.00 iters/s

running (2m59.0s), 0000/0100 VUs, 3580 complete and 0 interrupted iterations
main   [  60% ] 0000/0100 VUs  2m59.0s/5m0s  20.00 iters/s

running (3m00.0s), 0000/0100 VUs, 3600 complete and 0 interrupted iterations
main   [  60% ] 0000/0100 VUs  3m00.0s/5m0s  20.00 iters/s

running (3m01.0s), 0000/0100 VUs, 3620 complete and 0 interrupted iterations
main   [  60% ] 0000/0100 VUs  3m01.0s/5m0s  20.00 iters/s

running (3m02.0s), 0000/0100 VUs, 3640 complete and 0 interrupted iterations
main   [  61% ] 0000/0100 VUs  3m02.0s/5m0s  20.00 iters/s

running (3m03.0s), 0000/0100 VUs, 3660 complete and 0 interrupted iterations
main   [  61% ] 0000/0100 VUs  3m03.0s/5m0s  20.00 iters/s

running (3m04.0s), 0000/0100 VUs, 3680 complete and 0 interrupted iterations
main   [  61% ] 0000/0100 VUs  3m04.0s/5m0s  20.00 iters/s

running (3m05.0s), 0000/0100 VUs, 3700 complete and 0 interrupted iterations
main   [  62% ] 0000/0100 VUs  3m05.0s/5m0s  20.00 iters/s

running (3m06.0s), 0000/0100 VUs, 3720 complete and 0 interrupted iterations
main   [  62% ] 0000/0100 VUs  3m06.0s/5m0s  20.00 iters/s

running (3m07.0s), 0000/0100 VUs, 3740 complete and 0 interrupted iterations
main   [  62% ] 0000/0100 VUs  3m07.0s/5m0s  20.00 iters/s

running (3m08.0s), 0000/0100 VUs, 3760 complete and 0 interrupted iterations
main   [  63% ] 0000/0100 VUs  3m08.0s/5m0s  20.00 iters/s

running (3m09.0s), 0000/0100 VUs, 3780 complete and 0 interrupted iterations
main   [  63% ] 0000/0100 VUs  3m09.0s/5m0s  20.00 iters/s

running (3m10.0s), 0000/0100 VUs, 3800 complete and 0 interrupted iterations
main   [  63% ] 0000/0100 VUs  3m10.0s/5m0s  20.00 iters/s

running (3m11.0s), 0000/0100 VUs, 3820 complete and 0 interrupted iterations
main   [  64% ] 0000/0100 VUs  3m11.0s/5m0s  20.00 iters/s

running (3m12.0s), 0000/0100 VUs, 3840 complete and 0 interrupted iterations
main   [  64% ] 0000/0100 VUs  3m12.0s/5m0s  20.00 iters/s

running (3m13.0s), 0000/0100 VUs, 3860 complete and 0 interrupted iterations
main   [  64% ] 0000/0100 VUs  3m13.0s/5m0s  20.00 iters/s

running (3m14.0s), 0000/0100 VUs, 3880 complete and 0 interrupted iterations
main   [  65% ] 0000/0100 VUs  3m14.0s/5m0s  20.00 iters/s

running (3m15.0s), 0000/0100 VUs, 3900 complete and 0 interrupted iterations
main   [  65% ] 0000/0100 VUs  3m15.0s/5m0s  20.00 iters/s

running (3m16.0s), 0000/0100 VUs, 3920 complete and 0 interrupted iterations
main   [  65% ] 0000/0100 VUs  3m16.0s/5m0s  20.00 iters/s

running (3m17.0s), 0000/0100 VUs, 3940 complete and 0 interrupted iterations
main   [  66% ] 0000/0100 VUs  3m17.0s/5m0s  20.00 iters/s

running (3m18.0s), 0000/0100 VUs, 3960 complete and 0 interrupted iterations
main   [  66% ] 0000/0100 VUs  3m18.0s/5m0s  20.00 iters/s

running (3m19.0s), 0000/0100 VUs, 3980 complete and 0 interrupted iterations
main   [  66% ] 0000/0100 VUs  3m19.0s/5m0s  20.00 iters/s

running (3m20.0s), 0000/0100 VUs, 4000 complete and 0 interrupted iterations
main   [  67% ] 0000/0100 VUs  3m20.0s/5m0s  20.00 iters/s

running (3m21.0s), 0000/0100 VUs, 4020 complete and 0 interrupted iterations
main   [  67% ] 0000/0100 VUs  3m21.0s/5m0s  20.00 iters/s

running (3m22.0s), 0000/0100 VUs, 4040 complete and 0 interrupted iterations
main   [  67% ] 0000/0100 VUs  3m22.0s/5m0s  20.00 iters/s

running (3m23.0s), 0000/0100 VUs, 4060 complete and 0 interrupted iterations
main   [  68% ] 0000/0100 VUs  3m23.0s/5m0s  20.00 iters/s

running (3m24.0s), 0000/0100 VUs, 4080 complete and 0 interrupted iterations
main   [  68% ] 0000/0100 VUs  3m24.0s/5m0s  20.00 iters/s

running (3m25.0s), 0000/0100 VUs, 4100 complete and 0 interrupted iterations
main   [  68% ] 0000/0100 VUs  3m25.0s/5m0s  20.00 iters/s

running (3m26.0s), 0000/0100 VUs, 4120 complete and 0 interrupted iterations
main   [  69% ] 0000/0100 VUs  3m26.0s/5m0s  20.00 iters/s

running (3m27.0s), 0000/0100 VUs, 4140 complete and 0 interrupted iterations
main   [  69% ] 0000/0100 VUs  3m27.0s/5m0s  20.00 iters/s

running (3m28.0s), 0000/0100 VUs, 4160 complete and 0 interrupted iterations
main   [  69% ] 0000/0100 VUs  3m28.0s/5m0s  20.00 iters/s

running (3m29.0s), 0000/0100 VUs, 4180 complete and 0 interrupted iterations
main   [  70% ] 0000/0100 VUs  3m29.0s/5m0s  20.00 iters/s

running (3m30.0s), 0000/0100 VUs, 4200 complete and 0 interrupted iterations
main   [  70% ] 0000/0100 VUs  3m30.0s/5m0s  20.00 iters/s

running (3m31.0s), 0000/0100 VUs, 4220 complete and 0 interrupted iterations
main   [  70% ] 0000/0100 VUs  3m31.0s/5m0s  20.00 iters/s

running (3m32.0s), 0000/0100 VUs, 4240 complete and 0 interrupted iterations
main   [  71% ] 0000/0100 VUs  3m32.0s/5m0s  20.00 iters/s

running (3m33.0s), 0000/0100 VUs, 4260 complete and 0 interrupted iterations
main   [  71% ] 0000/0100 VUs  3m33.0s/5m0s  20.00 iters/s

running (3m34.0s), 0000/0100 VUs, 4280 complete and 0 interrupted iterations
main   [  71% ] 0000/0100 VUs  3m34.0s/5m0s  20.00 iters/s

running (3m35.0s), 0000/0100 VUs, 4300 complete and 0 interrupted iterations
main   [  72% ] 0000/0100 VUs  3m35.0s/5m0s  20.00 iters/s

running (3m36.0s), 0000/0100 VUs, 4320 complete and 0 interrupted iterations
main   [  72% ] 0000/0100 VUs  3m36.0s/5m0s  20.00 iters/s

running (3m37.0s), 0000/0100 VUs, 4340 complete and 0 interrupted iterations
main   [  72% ] 0000/0100 VUs  3m37.0s/5m0s  20.00 iters/s

running (3m38.0s), 0000/0100 VUs, 4360 complete and 0 interrupted iterations
main   [  73% ] 0000/0100 VUs  3m38.0s/5m0s  20.00 iters/s

running (3m39.0s), 0000/0100 VUs, 4380 complete and 0 interrupted iterations
main   [  73% ] 0000/0100 VUs  3m39.0s/5m0s  20.00 iters/s

running (3m40.0s), 0000/0100 VUs, 4400 complete and 0 interrupted iterations
main   [  73% ] 0000/0100 VUs  3m40.0s/5m0s  20.00 iters/s

running (3m41.0s), 0000/0100 VUs, 4420 complete and 0 interrupted iterations
main   [  74% ] 0000/0100 VUs  3m41.0s/5m0s  20.00 iters/s

running (3m42.0s), 0000/0100 VUs, 4440 complete and 0 interrupted iterations
main   [  74% ] 0000/0100 VUs  3m42.0s/5m0s  20.00 iters/s

running (3m43.0s), 0000/0100 VUs, 4460 complete and 0 interrupted iterations
main   [  74% ] 0000/0100 VUs  3m43.0s/5m0s  20.00 iters/s

running (3m44.0s), 0000/0100 VUs, 4480 complete and 0 interrupted iterations
main   [  75% ] 0000/0100 VUs  3m44.0s/5m0s  20.00 iters/s

running (3m45.0s), 0000/0100 VUs, 4500 complete and 0 interrupted iterations
main   [  75% ] 0000/0100 VUs  3m45.0s/5m0s  20.00 iters/s

running (3m46.0s), 0000/0100 VUs, 4520 complete and 0 interrupted iterations
main   [  75% ] 0000/0100 VUs  3m46.0s/5m0s  20.00 iters/s

running (3m47.0s), 0000/0100 VUs, 4540 complete and 0 interrupted iterations
main   [  76% ] 0000/0100 VUs  3m47.0s/5m0s  20.00 iters/s

running (3m48.0s), 0000/0100 VUs, 4560 complete and 0 interrupted iterations
main   [  76% ] 0000/0100 VUs  3m48.0s/5m0s  20.00 iters/s

running (3m49.0s), 0000/0100 VUs, 4580 complete and 0 interrupted iterations
main   [  76% ] 0000/0100 VUs  3m49.0s/5m0s  20.00 iters/s

running (3m50.0s), 0000/0100 VUs, 4600 complete and 0 interrupted iterations
main   [  77% ] 0000/0100 VUs  3m50.0s/5m0s  20.00 iters/s

running (3m51.0s), 0000/0100 VUs, 4620 complete and 0 interrupted iterations
main   [  77% ] 0000/0100 VUs  3m51.0s/5m0s  20.00 iters/s

running (3m52.0s), 0000/0100 VUs, 4640 complete and 0 interrupted iterations
main   [  77% ] 0000/0100 VUs  3m52.0s/5m0s  20.00 iters/s

running (3m53.0s), 0000/0100 VUs, 4660 complete and 0 interrupted iterations
main   [  78% ] 0000/0100 VUs  3m53.0s/5m0s  20.00 iters/s

running (3m54.0s), 0000/0100 VUs, 4680 complete and 0 interrupted iterations
main   [  78% ] 0000/0100 VUs  3m54.0s/5m0s  20.00 iters/s

running (3m55.0s), 0000/0100 VUs, 4700 complete and 0 interrupted iterations
main   [  78% ] 0000/0100 VUs  3m55.0s/5m0s  20.00 iters/s

running (3m56.0s), 0000/0100 VUs, 4720 complete and 0 interrupted iterations
main   [  79% ] 0000/0100 VUs  3m56.0s/5m0s  20.00 iters/s

running (3m57.0s), 0000/0100 VUs, 4740 complete and 0 interrupted iterations
main   [  79% ] 0000/0100 VUs  3m57.0s/5m0s  20.00 iters/s

running (3m58.0s), 0000/0100 VUs, 4760 complete and 0 interrupted iterations
main   [  79% ] 0000/0100 VUs  3m58.0s/5m0s  20.00 iters/s

running (3m59.0s), 0000/0100 VUs, 4780 complete and 0 interrupted iterations
main   [  80% ] 0000/0100 VUs  3m59.0s/5m0s  20.00 iters/s

running (4m00.0s), 0000/0100 VUs, 4800 complete and 0 interrupted iterations
main   [  80% ] 0000/0100 VUs  4m00.0s/5m0s  20.00 iters/s

running (4m01.0s), 0000/0100 VUs, 4820 complete and 0 interrupted iterations
main   [  80% ] 0000/0100 VUs  4m01.0s/5m0s  20.00 iters/s

running (4m02.0s), 0000/0100 VUs, 4840 complete and 0 interrupted iterations
main   [  81% ] 0000/0100 VUs  4m02.0s/5m0s  20.00 iters/s

running (4m03.0s), 0000/0100 VUs, 4860 complete and 0 interrupted iterations
main   [  81% ] 0000/0100 VUs  4m03.0s/5m0s  20.00 iters/s

running (4m04.0s), 0000/0100 VUs, 4880 complete and 0 interrupted iterations
main   [  81% ] 0000/0100 VUs  4m04.0s/5m0s  20.00 iters/s

running (4m05.0s), 0000/0100 VUs, 4900 complete and 0 interrupted iterations
main   [  82% ] 0000/0100 VUs  4m05.0s/5m0s  20.00 iters/s

running (4m06.0s), 0000/0100 VUs, 4920 complete and 0 interrupted iterations
main   [  82% ] 0000/0100 VUs  4m06.0s/5m0s  20.00 iters/s

running (4m07.0s), 0000/0100 VUs, 4940 complete and 0 interrupted iterations
main   [  82% ] 0000/0100 VUs  4m07.0s/5m0s  20.00 iters/s

running (4m08.0s), 0000/0100 VUs, 4960 complete and 0 interrupted iterations
main   [  83% ] 0000/0100 VUs  4m08.0s/5m0s  20.00 iters/s

running (4m09.0s), 0000/0100 VUs, 4980 complete and 0 interrupted iterations
main   [  83% ] 0000/0100 VUs  4m09.0s/5m0s  20.00 iters/s

running (4m10.0s), 0000/0100 VUs, 5000 complete and 0 interrupted iterations
main   [  83% ] 0000/0100 VUs  4m10.0s/5m0s  20.00 iters/s

running (4m11.0s), 0000/0100 VUs, 5020 complete and 0 interrupted iterations
main   [  84% ] 0000/0100 VUs  4m11.0s/5m0s  20.00 iters/s

running (4m12.0s), 0000/0100 VUs, 5040 complete and 0 interrupted iterations
main   [  84% ] 0000/0100 VUs  4m12.0s/5m0s  20.00 iters/s

running (4m13.0s), 0000/0100 VUs, 5060 complete and 0 interrupted iterations
main   [  84% ] 0000/0100 VUs  4m13.0s/5m0s  20.00 iters/s

running (4m14.0s), 0000/0100 VUs, 5080 complete and 0 interrupted iterations
main   [  85% ] 0000/0100 VUs  4m14.0s/5m0s  20.00 iters/s

running (4m15.0s), 0000/0100 VUs, 5100 complete and 0 interrupted iterations
main   [  85% ] 0000/0100 VUs  4m15.0s/5m0s  20.00 iters/s

running (4m16.0s), 0000/0100 VUs, 5120 complete and 0 interrupted iterations
main   [  85% ] 0000/0100 VUs  4m16.0s/5m0s  20.00 iters/s

running (4m17.0s), 0000/0100 VUs, 5140 complete and 0 interrupted iterations
main   [  86% ] 0000/0100 VUs  4m17.0s/5m0s  20.00 iters/s

running (4m18.0s), 0000/0100 VUs, 5160 complete and 0 interrupted iterations
main   [  86% ] 0000/0100 VUs  4m18.0s/5m0s  20.00 iters/s

running (4m19.0s), 0000/0100 VUs, 5180 complete and 0 interrupted iterations
main   [  86% ] 0000/0100 VUs  4m19.0s/5m0s  20.00 iters/s

running (4m20.0s), 0000/0100 VUs, 5200 complete and 0 interrupted iterations
main   [  87% ] 0000/0100 VUs  4m20.0s/5m0s  20.00 iters/s

running (4m21.0s), 0000/0100 VUs, 5220 complete and 0 interrupted iterations
main   [  87% ] 0000/0100 VUs  4m21.0s/5m0s  20.00 iters/s

running (4m22.0s), 0000/0100 VUs, 5240 complete and 0 interrupted iterations
main   [  87% ] 0000/0100 VUs  4m22.0s/5m0s  20.00 iters/s

running (4m23.0s), 0000/0100 VUs, 5260 complete and 0 interrupted iterations
main   [  88% ] 0000/0100 VUs  4m23.0s/5m0s  20.00 iters/s

running (4m24.0s), 0000/0100 VUs, 5280 complete and 0 interrupted iterations
main   [  88% ] 0000/0100 VUs  4m24.0s/5m0s  20.00 iters/s

running (4m25.0s), 0000/0100 VUs, 5300 complete and 0 interrupted iterations
main   [  88% ] 0000/0100 VUs  4m25.0s/5m0s  20.00 iters/s

running (4m26.0s), 0000/0100 VUs, 5320 complete and 0 interrupted iterations
main   [  89% ] 0000/0100 VUs  4m26.0s/5m0s  20.00 iters/s

running (4m27.0s), 0000/0100 VUs, 5340 complete and 0 interrupted iterations
main   [  89% ] 0000/0100 VUs  4m27.0s/5m0s  20.00 iters/s

running (4m28.0s), 0000/0100 VUs, 5360 complete and 0 interrupted iterations
main   [  89% ] 0000/0100 VUs  4m28.0s/5m0s  20.00 iters/s

running (4m29.0s), 0000/0100 VUs, 5380 complete and 0 interrupted iterations
main   [  90% ] 0000/0100 VUs  4m29.0s/5m0s  20.00 iters/s

running (4m30.0s), 0000/0100 VUs, 5400 complete and 0 interrupted iterations
main   [  90% ] 0000/0100 VUs  4m30.0s/5m0s  20.00 iters/s

running (4m31.0s), 0000/0100 VUs, 5420 complete and 0 interrupted iterations
main   [  90% ] 0000/0100 VUs  4m31.0s/5m0s  20.00 iters/s

running (4m32.0s), 0000/0100 VUs, 5440 complete and 0 interrupted iterations
main   [  91% ] 0000/0100 VUs  4m32.0s/5m0s  20.00 iters/s

running (4m33.0s), 0000/0100 VUs, 5460 complete and 0 interrupted iterations
main   [  91% ] 0000/0100 VUs  4m33.0s/5m0s  20.00 iters/s

running (4m34.0s), 0000/0100 VUs, 5480 complete and 0 interrupted iterations
main   [  91% ] 0000/0100 VUs  4m34.0s/5m0s  20.00 iters/s

running (4m35.0s), 0000/0100 VUs, 5500 complete and 0 interrupted iterations
main   [  92% ] 0000/0100 VUs  4m35.0s/5m0s  20.00 iters/s

running (4m36.0s), 0000/0100 VUs, 5520 complete and 0 interrupted iterations
main   [  92% ] 0000/0100 VUs  4m36.0s/5m0s  20.00 iters/s

running (4m37.0s), 0000/0100 VUs, 5540 complete and 0 interrupted iterations
main   [  92% ] 0000/0100 VUs  4m37.0s/5m0s  20.00 iters/s

running (4m38.0s), 0000/0100 VUs, 5560 complete and 0 interrupted iterations
main   [  93% ] 0000/0100 VUs  4m38.0s/5m0s  20.00 iters/s

running (4m39.0s), 0000/0100 VUs, 5580 complete and 0 interrupted iterations
main   [  93% ] 0000/0100 VUs  4m39.0s/5m0s  20.00 iters/s

running (4m40.0s), 0000/0100 VUs, 5600 complete and 0 interrupted iterations
main   [  93% ] 0000/0100 VUs  4m40.0s/5m0s  20.00 iters/s

running (4m41.0s), 0000/0100 VUs, 5620 complete and 0 interrupted iterations
main   [  94% ] 0000/0100 VUs  4m41.0s/5m0s  20.00 iters/s

running (4m42.0s), 0000/0100 VUs, 5640 complete and 0 interrupted iterations
main   [  94% ] 0000/0100 VUs  4m42.0s/5m0s  20.00 iters/s

running (4m43.0s), 0000/0100 VUs, 5660 complete and 0 interrupted iterations
main   [  94% ] 0000/0100 VUs  4m43.0s/5m0s  20.00 iters/s

running (4m44.0s), 0000/0100 VUs, 5680 complete and 0 interrupted iterations
main   [  95% ] 0000/0100 VUs  4m44.0s/5m0s  20.00 iters/s

running (4m45.0s), 0000/0100 VUs, 5700 complete and 0 interrupted iterations
main   [  95% ] 0000/0100 VUs  4m45.0s/5m0s  20.00 iters/s

running (4m46.0s), 0000/0100 VUs, 5720 complete and 0 interrupted iterations
main   [  95% ] 0000/0100 VUs  4m46.0s/5m0s  20.00 iters/s

running (4m47.0s), 0000/0100 VUs, 5740 complete and 0 interrupted iterations
main   [  96% ] 0000/0100 VUs  4m47.0s/5m0s  20.00 iters/s

running (4m48.0s), 0000/0100 VUs, 5760 complete and 0 interrupted iterations
main   [  96% ] 0000/0100 VUs  4m48.0s/5m0s  20.00 iters/s

running (4m49.0s), 0000/0100 VUs, 5780 complete and 0 interrupted iterations
main   [  96% ] 0000/0100 VUs  4m49.0s/5m0s  20.00 iters/s

running (4m50.0s), 0000/0100 VUs, 5800 complete and 0 interrupted iterations
main   [  97% ] 0000/0100 VUs  4m50.0s/5m0s  20.00 iters/s

running (4m51.0s), 0000/0100 VUs, 5820 complete and 0 interrupted iterations
main   [  97% ] 0000/0100 VUs  4m51.0s/5m0s  20.00 iters/s

running (4m52.0s), 0000/0100 VUs, 5840 complete and 0 interrupted iterations
main   [  97% ] 0000/0100 VUs  4m52.0s/5m0s  20.00 iters/s

running (4m53.0s), 0000/0100 VUs, 5860 complete and 0 interrupted iterations
main   [  98% ] 0000/0100 VUs  4m53.0s/5m0s  20.00 iters/s

running (4m54.0s), 0000/0100 VUs, 5880 complete and 0 interrupted iterations
main   [  98% ] 0000/0100 VUs  4m54.0s/5m0s  20.00 iters/s

running (4m55.0s), 0000/0100 VUs, 5900 complete and 0 interrupted iterations
main   [  98% ] 0000/0100 VUs  4m55.0s/5m0s  20.00 iters/s

running (4m56.0s), 0000/0100 VUs, 5920 complete and 0 interrupted iterations
main   [  99% ] 0000/0100 VUs  4m56.0s/5m0s  20.00 iters/s

running (4m57.0s), 0000/0100 VUs, 5940 complete and 0 interrupted iterations
main   [  99% ] 0000/0100 VUs  4m57.0s/5m0s  20.00 iters/s

running (4m58.0s), 0000/0100 VUs, 5960 complete and 0 interrupted iterations
main   [  99% ] 0000/0100 VUs  4m58.0s/5m0s  20.00 iters/s

running (4m59.0s), 0000/0100 VUs, 5980 complete and 0 interrupted iterations
main   [ 100% ] 0000/0100 VUs  4m59.0s/5m0s  20.00 iters/s

running (5m00.0s), 0000/0100 VUs, 6000 complete and 0 interrupted iterations
main   [ 100% ] 0000/0100 VUs  5m00.0s/5m0s  20.00 iters/s

running (5m00.0s), 0000/0100 VUs, 6001 complete and 0 interrupted iterations
main ✓ [ 100% ] 0000/0100 VUs  5m0s  20.00 iters/s
  Repeat 1 complete. Results in results/b-inbatch-nodup-rtt300-r20-n200-rep1-1781345478.json
[4/3] Running k6 repeat 2/3 (output -> results/b-inbatch-nodup-rtt300-r20-n200-rep2-1781345778.json)...
time="2026-06-13T19:16:18+09:00" level=warning msg="/Users/rene/rdb-join-lab/docker-compose.yml: the attribute `version` is obsolete, it will be ignored, please remove it to avoid potential confusion"

         /\      Grafana   /‾‾/  
    /\  /  \     |\  __   /  /   
   /  \/    \    | |/ /  /   ‾‾\ 
  /          \   |   (  |  (‾)  |
 / __________ \  |_|\_\  \_____/ 


     execution: local
        script: /scripts/scenario.js
        output: -

     scenarios: (100.00%) 1 scenario, 1000 max VUs, 5m30s max duration (incl. graceful stop):
              * main: 20.00 iterations/s for 5m0s (maxVUs: 100-1000, gracefulStop: 30s)


running (0m01.0s), 0000/0100 VUs, 20 complete and 0 interrupted iterations
main   [   0% ] 0000/0100 VUs  0m01.0s/5m0s  20.00 iters/s

running (0m02.0s), 0000/0100 VUs, 40 complete and 0 interrupted iterations
main   [   1% ] 0000/0100 VUs  0m02.0s/5m0s  20.00 iters/s

running (0m03.0s), 0000/0100 VUs, 60 complete and 0 interrupted iterations
main   [   1% ] 0000/0100 VUs  0m03.0s/5m0s  20.00 iters/s

running (0m04.0s), 0000/0100 VUs, 80 complete and 0 interrupted iterations
main   [   1% ] 0000/0100 VUs  0m04.0s/5m0s  20.00 iters/s

running (0m05.0s), 0000/0100 VUs, 100 complete and 0 interrupted iterations
main   [   2% ] 0000/0100 VUs  0m05.0s/5m0s  20.00 iters/s

running (0m06.0s), 0000/0100 VUs, 120 complete and 0 interrupted iterations
main   [   2% ] 0000/0100 VUs  0m06.0s/5m0s  20.00 iters/s

running (0m07.0s), 0000/0100 VUs, 140 complete and 0 interrupted iterations
main   [   2% ] 0000/0100 VUs  0m07.0s/5m0s  20.00 iters/s

running (0m08.0s), 0000/0100 VUs, 160 complete and 0 interrupted iterations
main   [   3% ] 0000/0100 VUs  0m08.0s/5m0s  20.00 iters/s

running (0m09.0s), 0000/0100 VUs, 180 complete and 0 interrupted iterations
main   [   3% ] 0000/0100 VUs  0m09.0s/5m0s  20.00 iters/s

running (0m10.0s), 0000/0100 VUs, 200 complete and 0 interrupted iterations
main   [   3% ] 0000/0100 VUs  0m10.0s/5m0s  20.00 iters/s

running (0m11.0s), 0000/0100 VUs, 220 complete and 0 interrupted iterations
main   [   4% ] 0000/0100 VUs  0m11.0s/5m0s  20.00 iters/s

running (0m12.0s), 0000/0100 VUs, 240 complete and 0 interrupted iterations
main   [   4% ] 0000/0100 VUs  0m12.0s/5m0s  20.00 iters/s

running (0m13.0s), 0000/0100 VUs, 260 complete and 0 interrupted iterations
main   [   4% ] 0000/0100 VUs  0m13.0s/5m0s  20.00 iters/s

running (0m14.0s), 0000/0100 VUs, 280 complete and 0 interrupted iterations
main   [   5% ] 0000/0100 VUs  0m14.0s/5m0s  20.00 iters/s

running (0m15.0s), 0000/0100 VUs, 300 complete and 0 interrupted iterations
main   [   5% ] 0000/0100 VUs  0m15.0s/5m0s  20.00 iters/s

running (0m16.0s), 0000/0100 VUs, 320 complete and 0 interrupted iterations
main   [   5% ] 0000/0100 VUs  0m16.0s/5m0s  20.00 iters/s

running (0m17.0s), 0000/0100 VUs, 340 complete and 0 interrupted iterations
main   [   6% ] 0000/0100 VUs  0m17.0s/5m0s  20.00 iters/s

running (0m18.0s), 0000/0100 VUs, 360 complete and 0 interrupted iterations
main   [   6% ] 0000/0100 VUs  0m18.0s/5m0s  20.00 iters/s

running (0m19.0s), 0000/0100 VUs, 380 complete and 0 interrupted iterations
main   [   6% ] 0000/0100 VUs  0m19.0s/5m0s  20.00 iters/s

running (0m20.0s), 0000/0100 VUs, 400 complete and 0 interrupted iterations
main   [   7% ] 0000/0100 VUs  0m20.0s/5m0s  20.00 iters/s

running (0m21.0s), 0000/0100 VUs, 420 complete and 0 interrupted iterations
main   [   7% ] 0000/0100 VUs  0m21.0s/5m0s  20.00 iters/s

running (0m22.0s), 0000/0100 VUs, 440 complete and 0 interrupted iterations
main   [   7% ] 0000/0100 VUs  0m22.0s/5m0s  20.00 iters/s

running (0m23.0s), 0000/0100 VUs, 460 complete and 0 interrupted iterations
main   [   8% ] 0000/0100 VUs  0m23.0s/5m0s  20.00 iters/s

running (0m24.0s), 0000/0100 VUs, 480 complete and 0 interrupted iterations
main   [   8% ] 0000/0100 VUs  0m24.0s/5m0s  20.00 iters/s

running (0m25.0s), 0000/0100 VUs, 500 complete and 0 interrupted iterations
main   [   8% ] 0000/0100 VUs  0m25.0s/5m0s  20.00 iters/s

running (0m26.0s), 0000/0100 VUs, 520 complete and 0 interrupted iterations
main   [   9% ] 0000/0100 VUs  0m26.0s/5m0s  20.00 iters/s

running (0m27.0s), 0000/0100 VUs, 540 complete and 0 interrupted iterations
main   [   9% ] 0000/0100 VUs  0m27.0s/5m0s  20.00 iters/s

running (0m28.0s), 0000/0100 VUs, 560 complete and 0 interrupted iterations
main   [   9% ] 0000/0100 VUs  0m28.0s/5m0s  20.00 iters/s

running (0m29.0s), 0000/0100 VUs, 580 complete and 0 interrupted iterations
main   [  10% ] 0000/0100 VUs  0m29.0s/5m0s  20.00 iters/s

running (0m30.0s), 0000/0100 VUs, 600 complete and 0 interrupted iterations
main   [  10% ] 0000/0100 VUs  0m30.0s/5m0s  20.00 iters/s

running (0m31.0s), 0000/0100 VUs, 620 complete and 0 interrupted iterations
main   [  10% ] 0000/0100 VUs  0m31.0s/5m0s  20.00 iters/s

running (0m32.0s), 0000/0100 VUs, 640 complete and 0 interrupted iterations
main   [  11% ] 0000/0100 VUs  0m32.0s/5m0s  20.00 iters/s

running (0m33.0s), 0000/0100 VUs, 660 complete and 0 interrupted iterations
main   [  11% ] 0000/0100 VUs  0m33.0s/5m0s  20.00 iters/s

running (0m34.0s), 0000/0100 VUs, 680 complete and 0 interrupted iterations
main   [  11% ] 0000/0100 VUs  0m34.0s/5m0s  20.00 iters/s

running (0m35.0s), 0000/0100 VUs, 700 complete and 0 interrupted iterations
main   [  12% ] 0000/0100 VUs  0m35.0s/5m0s  20.00 iters/s

running (0m36.0s), 0000/0100 VUs, 720 complete and 0 interrupted iterations
main   [  12% ] 0000/0100 VUs  0m36.0s/5m0s  20.00 iters/s

running (0m37.0s), 0000/0100 VUs, 740 complete and 0 interrupted iterations
main   [  12% ] 0000/0100 VUs  0m37.0s/5m0s  20.00 iters/s

running (0m38.0s), 0000/0100 VUs, 760 complete and 0 interrupted iterations
main   [  13% ] 0000/0100 VUs  0m38.0s/5m0s  20.00 iters/s

running (0m39.0s), 0000/0100 VUs, 780 complete and 0 interrupted iterations
main   [  13% ] 0000/0100 VUs  0m39.0s/5m0s  20.00 iters/s

running (0m40.0s), 0000/0100 VUs, 800 complete and 0 interrupted iterations
main   [  13% ] 0000/0100 VUs  0m40.0s/5m0s  20.00 iters/s

running (0m41.0s), 0000/0100 VUs, 820 complete and 0 interrupted iterations
main   [  14% ] 0000/0100 VUs  0m41.0s/5m0s  20.00 iters/s

running (0m42.0s), 0000/0100 VUs, 840 complete and 0 interrupted iterations
main   [  14% ] 0000/0100 VUs  0m42.0s/5m0s  20.00 iters/s

running (0m43.0s), 0000/0100 VUs, 860 complete and 0 interrupted iterations
main   [  14% ] 0000/0100 VUs  0m43.0s/5m0s  20.00 iters/s

running (0m44.0s), 0000/0100 VUs, 880 complete and 0 interrupted iterations
main   [  15% ] 0000/0100 VUs  0m44.0s/5m0s  20.00 iters/s

running (0m45.0s), 0000/0100 VUs, 900 complete and 0 interrupted iterations
main   [  15% ] 0000/0100 VUs  0m45.0s/5m0s  20.00 iters/s

running (0m46.0s), 0000/0100 VUs, 920 complete and 0 interrupted iterations
main   [  15% ] 0000/0100 VUs  0m46.0s/5m0s  20.00 iters/s

running (0m47.0s), 0000/0100 VUs, 940 complete and 0 interrupted iterations
main   [  16% ] 0000/0100 VUs  0m47.0s/5m0s  20.00 iters/s

running (0m48.0s), 0000/0100 VUs, 960 complete and 0 interrupted iterations
main   [  16% ] 0000/0100 VUs  0m48.0s/5m0s  20.00 iters/s

running (0m49.0s), 0000/0100 VUs, 980 complete and 0 interrupted iterations
main   [  16% ] 0000/0100 VUs  0m49.0s/5m0s  20.00 iters/s

running (0m50.0s), 0000/0100 VUs, 1000 complete and 0 interrupted iterations
main   [  17% ] 0000/0100 VUs  0m50.0s/5m0s  20.00 iters/s

running (0m51.0s), 0000/0100 VUs, 1020 complete and 0 interrupted iterations
main   [  17% ] 0000/0100 VUs  0m51.0s/5m0s  20.00 iters/s

running (0m52.0s), 0000/0100 VUs, 1040 complete and 0 interrupted iterations
main   [  17% ] 0000/0100 VUs  0m52.0s/5m0s  20.00 iters/s

running (0m53.0s), 0000/0100 VUs, 1060 complete and 0 interrupted iterations
main   [  18% ] 0000/0100 VUs  0m53.0s/5m0s  20.00 iters/s

running (0m54.0s), 0000/0100 VUs, 1080 complete and 0 interrupted iterations
main   [  18% ] 0000/0100 VUs  0m54.0s/5m0s  20.00 iters/s

running (0m55.0s), 0000/0100 VUs, 1100 complete and 0 interrupted iterations
main   [  18% ] 0000/0100 VUs  0m55.0s/5m0s  20.00 iters/s

running (0m56.0s), 0000/0100 VUs, 1120 complete and 0 interrupted iterations
main   [  19% ] 0000/0100 VUs  0m56.0s/5m0s  20.00 iters/s

running (0m57.0s), 0000/0100 VUs, 1140 complete and 0 interrupted iterations
main   [  19% ] 0000/0100 VUs  0m57.0s/5m0s  20.00 iters/s

running (0m58.0s), 0000/0100 VUs, 1160 complete and 0 interrupted iterations
main   [  19% ] 0000/0100 VUs  0m58.0s/5m0s  20.00 iters/s

running (0m59.0s), 0000/0100 VUs, 1180 complete and 0 interrupted iterations
main   [  20% ] 0000/0100 VUs  0m59.0s/5m0s  20.00 iters/s

running (1m00.0s), 0000/0100 VUs, 1200 complete and 0 interrupted iterations
main   [  20% ] 0000/0100 VUs  1m00.0s/5m0s  20.00 iters/s

running (1m01.0s), 0000/0100 VUs, 1220 complete and 0 interrupted iterations
main   [  20% ] 0000/0100 VUs  1m01.0s/5m0s  20.00 iters/s

running (1m02.0s), 0000/0100 VUs, 1240 complete and 0 interrupted iterations
main   [  21% ] 0000/0100 VUs  1m02.0s/5m0s  20.00 iters/s

running (1m03.0s), 0000/0100 VUs, 1260 complete and 0 interrupted iterations
main   [  21% ] 0000/0100 VUs  1m03.0s/5m0s  20.00 iters/s

running (1m04.0s), 0000/0100 VUs, 1280 complete and 0 interrupted iterations
main   [  21% ] 0000/0100 VUs  1m04.0s/5m0s  20.00 iters/s

running (1m05.0s), 0000/0100 VUs, 1300 complete and 0 interrupted iterations
main   [  22% ] 0000/0100 VUs  1m05.0s/5m0s  20.00 iters/s

running (1m06.0s), 0000/0100 VUs, 1320 complete and 0 interrupted iterations
main   [  22% ] 0000/0100 VUs  1m06.0s/5m0s  20.00 iters/s

running (1m07.0s), 0000/0100 VUs, 1340 complete and 0 interrupted iterations
main   [  22% ] 0000/0100 VUs  1m07.0s/5m0s  20.00 iters/s

running (1m08.0s), 0000/0100 VUs, 1360 complete and 0 interrupted iterations
main   [  23% ] 0000/0100 VUs  1m08.0s/5m0s  20.00 iters/s

running (1m09.0s), 0000/0100 VUs, 1380 complete and 0 interrupted iterations
main   [  23% ] 0000/0100 VUs  1m09.0s/5m0s  20.00 iters/s

running (1m10.0s), 0000/0100 VUs, 1400 complete and 0 interrupted iterations
main   [  23% ] 0000/0100 VUs  1m10.0s/5m0s  20.00 iters/s

running (1m11.0s), 0000/0100 VUs, 1420 complete and 0 interrupted iterations
main   [  24% ] 0000/0100 VUs  1m11.0s/5m0s  20.00 iters/s

running (1m12.0s), 0000/0100 VUs, 1440 complete and 0 interrupted iterations
main   [  24% ] 0000/0100 VUs  1m12.0s/5m0s  20.00 iters/s

running (1m13.0s), 0000/0100 VUs, 1460 complete and 0 interrupted iterations
main   [  24% ] 0000/0100 VUs  1m13.0s/5m0s  20.00 iters/s

running (1m14.0s), 0000/0100 VUs, 1480 complete and 0 interrupted iterations
main   [  25% ] 0000/0100 VUs  1m14.0s/5m0s  20.00 iters/s

running (1m15.0s), 0000/0100 VUs, 1500 complete and 0 interrupted iterations
main   [  25% ] 0000/0100 VUs  1m15.0s/5m0s  20.00 iters/s

running (1m16.0s), 0000/0100 VUs, 1520 complete and 0 interrupted iterations
main   [  25% ] 0000/0100 VUs  1m16.0s/5m0s  20.00 iters/s

running (1m17.0s), 0000/0100 VUs, 1540 complete and 0 interrupted iterations
main   [  26% ] 0000/0100 VUs  1m17.0s/5m0s  20.00 iters/s

running (1m18.0s), 0000/0100 VUs, 1560 complete and 0 interrupted iterations
main   [  26% ] 0000/0100 VUs  1m18.0s/5m0s  20.00 iters/s

running (1m19.0s), 0000/0100 VUs, 1580 complete and 0 interrupted iterations
main   [  26% ] 0000/0100 VUs  1m19.0s/5m0s  20.00 iters/s

running (1m20.0s), 0000/0100 VUs, 1600 complete and 0 interrupted iterations
main   [  27% ] 0000/0100 VUs  1m20.0s/5m0s  20.00 iters/s

running (1m21.0s), 0000/0100 VUs, 1620 complete and 0 interrupted iterations
main   [  27% ] 0000/0100 VUs  1m21.0s/5m0s  20.00 iters/s

running (1m22.0s), 0000/0100 VUs, 1640 complete and 0 interrupted iterations
main   [  27% ] 0000/0100 VUs  1m22.0s/5m0s  20.00 iters/s

running (1m23.0s), 0000/0100 VUs, 1660 complete and 0 interrupted iterations
main   [  28% ] 0000/0100 VUs  1m23.0s/5m0s  20.00 iters/s

running (1m24.0s), 0000/0100 VUs, 1680 complete and 0 interrupted iterations
main   [  28% ] 0000/0100 VUs  1m24.0s/5m0s  20.00 iters/s

running (1m25.0s), 0000/0100 VUs, 1700 complete and 0 interrupted iterations
main   [  28% ] 0000/0100 VUs  1m25.0s/5m0s  20.00 iters/s

running (1m26.0s), 0000/0100 VUs, 1720 complete and 0 interrupted iterations
main   [  29% ] 0000/0100 VUs  1m26.0s/5m0s  20.00 iters/s

running (1m27.0s), 0000/0100 VUs, 1740 complete and 0 interrupted iterations
main   [  29% ] 0000/0100 VUs  1m27.0s/5m0s  20.00 iters/s

running (1m28.0s), 0000/0100 VUs, 1760 complete and 0 interrupted iterations
main   [  29% ] 0000/0100 VUs  1m28.0s/5m0s  20.00 iters/s

running (1m29.0s), 0000/0100 VUs, 1780 complete and 0 interrupted iterations
main   [  30% ] 0000/0100 VUs  1m29.0s/5m0s  20.00 iters/s

running (1m30.0s), 0000/0100 VUs, 1800 complete and 0 interrupted iterations
main   [  30% ] 0000/0100 VUs  1m30.0s/5m0s  20.00 iters/s

running (1m31.0s), 0000/0100 VUs, 1820 complete and 0 interrupted iterations
main   [  30% ] 0000/0100 VUs  1m31.0s/5m0s  20.00 iters/s

running (1m32.0s), 0000/0100 VUs, 1840 complete and 0 interrupted iterations
main   [  31% ] 0000/0100 VUs  1m32.0s/5m0s  20.00 iters/s

running (1m33.0s), 0000/0100 VUs, 1860 complete and 0 interrupted iterations
main   [  31% ] 0000/0100 VUs  1m33.0s/5m0s  20.00 iters/s

running (1m34.0s), 0000/0100 VUs, 1880 complete and 0 interrupted iterations
main   [  31% ] 0000/0100 VUs  1m34.0s/5m0s  20.00 iters/s

running (1m35.0s), 0000/0100 VUs, 1900 complete and 0 interrupted iterations
main   [  32% ] 0000/0100 VUs  1m35.0s/5m0s  20.00 iters/s

running (1m36.0s), 0000/0100 VUs, 1920 complete and 0 interrupted iterations
main   [  32% ] 0000/0100 VUs  1m36.0s/5m0s  20.00 iters/s

running (1m37.0s), 0000/0100 VUs, 1940 complete and 0 interrupted iterations
main   [  32% ] 0000/0100 VUs  1m37.0s/5m0s  20.00 iters/s

running (1m38.0s), 0000/0100 VUs, 1960 complete and 0 interrupted iterations
main   [  33% ] 0000/0100 VUs  1m38.0s/5m0s  20.00 iters/s

running (1m39.0s), 0000/0100 VUs, 1980 complete and 0 interrupted iterations
main   [  33% ] 0000/0100 VUs  1m39.0s/5m0s  20.00 iters/s

running (1m40.0s), 0000/0100 VUs, 2000 complete and 0 interrupted iterations
main   [  33% ] 0000/0100 VUs  1m40.0s/5m0s  20.00 iters/s

running (1m41.0s), 0000/0100 VUs, 2020 complete and 0 interrupted iterations
main   [  34% ] 0000/0100 VUs  1m41.0s/5m0s  20.00 iters/s

running (1m42.0s), 0000/0100 VUs, 2040 complete and 0 interrupted iterations
main   [  34% ] 0000/0100 VUs  1m42.0s/5m0s  20.00 iters/s

running (1m43.0s), 0000/0100 VUs, 2060 complete and 0 interrupted iterations
main   [  34% ] 0000/0100 VUs  1m43.0s/5m0s  20.00 iters/s

running (1m44.0s), 0000/0100 VUs, 2080 complete and 0 interrupted iterations
main   [  35% ] 0000/0100 VUs  1m44.0s/5m0s  20.00 iters/s

running (1m45.0s), 0000/0100 VUs, 2100 complete and 0 interrupted iterations
main   [  35% ] 0000/0100 VUs  1m45.0s/5m0s  20.00 iters/s

running (1m46.0s), 0000/0100 VUs, 2120 complete and 0 interrupted iterations
main   [  35% ] 0000/0100 VUs  1m46.0s/5m0s  20.00 iters/s

running (1m47.0s), 0000/0100 VUs, 2140 complete and 0 interrupted iterations
main   [  36% ] 0000/0100 VUs  1m47.0s/5m0s  20.00 iters/s

running (1m48.0s), 0000/0100 VUs, 2160 complete and 0 interrupted iterations
main   [  36% ] 0000/0100 VUs  1m48.0s/5m0s  20.00 iters/s

running (1m49.0s), 0000/0100 VUs, 2180 complete and 0 interrupted iterations
main   [  36% ] 0000/0100 VUs  1m49.0s/5m0s  20.00 iters/s

running (1m50.0s), 0000/0100 VUs, 2200 complete and 0 interrupted iterations
main   [  37% ] 0000/0100 VUs  1m50.0s/5m0s  20.00 iters/s

running (1m51.0s), 0000/0100 VUs, 2220 complete and 0 interrupted iterations
main   [  37% ] 0000/0100 VUs  1m51.0s/5m0s  20.00 iters/s

running (1m52.0s), 0000/0100 VUs, 2240 complete and 0 interrupted iterations
main   [  37% ] 0000/0100 VUs  1m52.0s/5m0s  20.00 iters/s

running (1m53.0s), 0000/0100 VUs, 2260 complete and 0 interrupted iterations
main   [  38% ] 0000/0100 VUs  1m53.0s/5m0s  20.00 iters/s

running (1m54.0s), 0000/0100 VUs, 2280 complete and 0 interrupted iterations
main   [  38% ] 0000/0100 VUs  1m54.0s/5m0s  20.00 iters/s

running (1m55.0s), 0000/0100 VUs, 2300 complete and 0 interrupted iterations
main   [  38% ] 0000/0100 VUs  1m55.0s/5m0s  20.00 iters/s

running (1m56.0s), 0000/0100 VUs, 2320 complete and 0 interrupted iterations
main   [  39% ] 0000/0100 VUs  1m56.0s/5m0s  20.00 iters/s

running (1m57.0s), 0000/0100 VUs, 2340 complete and 0 interrupted iterations
main   [  39% ] 0000/0100 VUs  1m57.0s/5m0s  20.00 iters/s

running (1m58.0s), 0000/0100 VUs, 2360 complete and 0 interrupted iterations
main   [  39% ] 0000/0100 VUs  1m58.0s/5m0s  20.00 iters/s

running (1m59.0s), 0000/0100 VUs, 2380 complete and 0 interrupted iterations
main   [  40% ] 0000/0100 VUs  1m59.0s/5m0s  20.00 iters/s

running (2m00.0s), 0000/0100 VUs, 2400 complete and 0 interrupted iterations
main   [  40% ] 0000/0100 VUs  2m00.0s/5m0s  20.00 iters/s

running (2m01.0s), 0000/0100 VUs, 2420 complete and 0 interrupted iterations
main   [  40% ] 0000/0100 VUs  2m01.0s/5m0s  20.00 iters/s

running (2m02.0s), 0000/0100 VUs, 2440 complete and 0 interrupted iterations
main   [  41% ] 0000/0100 VUs  2m02.0s/5m0s  20.00 iters/s

running (2m03.0s), 0000/0100 VUs, 2460 complete and 0 interrupted iterations
main   [  41% ] 0000/0100 VUs  2m03.0s/5m0s  20.00 iters/s

running (2m04.0s), 0000/0100 VUs, 2480 complete and 0 interrupted iterations
main   [  41% ] 0000/0100 VUs  2m04.0s/5m0s  20.00 iters/s

running (2m05.0s), 0000/0100 VUs, 2500 complete and 0 interrupted iterations
main   [  42% ] 0000/0100 VUs  2m05.0s/5m0s  20.00 iters/s

running (2m06.0s), 0000/0100 VUs, 2520 complete and 0 interrupted iterations
main   [  42% ] 0000/0100 VUs  2m06.0s/5m0s  20.00 iters/s

running (2m07.0s), 0000/0100 VUs, 2540 complete and 0 interrupted iterations
main   [  42% ] 0000/0100 VUs  2m07.0s/5m0s  20.00 iters/s

running (2m08.0s), 0000/0100 VUs, 2560 complete and 0 interrupted iterations
main   [  43% ] 0000/0100 VUs  2m08.0s/5m0s  20.00 iters/s

running (2m09.0s), 0000/0100 VUs, 2580 complete and 0 interrupted iterations
main   [  43% ] 0000/0100 VUs  2m09.0s/5m0s  20.00 iters/s

running (2m10.0s), 0000/0100 VUs, 2600 complete and 0 interrupted iterations
main   [  43% ] 0000/0100 VUs  2m10.0s/5m0s  20.00 iters/s

running (2m11.0s), 0000/0100 VUs, 2620 complete and 0 interrupted iterations
main   [  44% ] 0000/0100 VUs  2m11.0s/5m0s  20.00 iters/s

running (2m12.0s), 0000/0100 VUs, 2640 complete and 0 interrupted iterations
main   [  44% ] 0000/0100 VUs  2m12.0s/5m0s  20.00 iters/s

running (2m13.0s), 0000/0100 VUs, 2660 complete and 0 interrupted iterations
main   [  44% ] 0000/0100 VUs  2m13.0s/5m0s  20.00 iters/s

running (2m14.0s), 0000/0100 VUs, 2680 complete and 0 interrupted iterations
main   [  45% ] 0000/0100 VUs  2m14.0s/5m0s  20.00 iters/s

running (2m15.0s), 0000/0100 VUs, 2700 complete and 0 interrupted iterations
main   [  45% ] 0000/0100 VUs  2m15.0s/5m0s  20.00 iters/s

running (2m16.0s), 0000/0100 VUs, 2720 complete and 0 interrupted iterations
main   [  45% ] 0000/0100 VUs  2m16.0s/5m0s  20.00 iters/s

running (2m17.0s), 0000/0100 VUs, 2740 complete and 0 interrupted iterations
main   [  46% ] 0000/0100 VUs  2m17.0s/5m0s  20.00 iters/s

running (2m18.0s), 0000/0100 VUs, 2760 complete and 0 interrupted iterations
main   [  46% ] 0000/0100 VUs  2m18.0s/5m0s  20.00 iters/s

running (2m19.0s), 0000/0100 VUs, 2780 complete and 0 interrupted iterations
main   [  46% ] 0000/0100 VUs  2m19.0s/5m0s  20.00 iters/s

running (2m20.0s), 0000/0100 VUs, 2800 complete and 0 interrupted iterations
main   [  47% ] 0000/0100 VUs  2m20.0s/5m0s  20.00 iters/s

running (2m21.0s), 0000/0100 VUs, 2820 complete and 0 interrupted iterations
main   [  47% ] 0000/0100 VUs  2m21.0s/5m0s  20.00 iters/s

running (2m22.0s), 0000/0100 VUs, 2840 complete and 0 interrupted iterations
main   [  47% ] 0000/0100 VUs  2m22.0s/5m0s  20.00 iters/s

running (2m23.0s), 0000/0100 VUs, 2860 complete and 0 interrupted iterations
main   [  48% ] 0000/0100 VUs  2m23.0s/5m0s  20.00 iters/s

running (2m24.0s), 0000/0100 VUs, 2880 complete and 0 interrupted iterations
main   [  48% ] 0000/0100 VUs  2m24.0s/5m0s  20.00 iters/s

running (2m25.0s), 0000/0100 VUs, 2900 complete and 0 interrupted iterations
main   [  48% ] 0000/0100 VUs  2m25.0s/5m0s  20.00 iters/s

running (2m26.0s), 0000/0100 VUs, 2920 complete and 0 interrupted iterations
main   [  49% ] 0000/0100 VUs  2m26.0s/5m0s  20.00 iters/s

running (2m27.0s), 0000/0100 VUs, 2940 complete and 0 interrupted iterations
main   [  49% ] 0000/0100 VUs  2m27.0s/5m0s  20.00 iters/s

running (2m28.0s), 0000/0100 VUs, 2960 complete and 0 interrupted iterations
main   [  49% ] 0000/0100 VUs  2m28.0s/5m0s  20.00 iters/s

running (2m29.0s), 0000/0100 VUs, 2980 complete and 0 interrupted iterations
main   [  50% ] 0000/0100 VUs  2m29.0s/5m0s  20.00 iters/s

running (2m30.0s), 0000/0100 VUs, 3000 complete and 0 interrupted iterations
main   [  50% ] 0000/0100 VUs  2m30.0s/5m0s  20.00 iters/s

running (2m31.0s), 0000/0100 VUs, 3020 complete and 0 interrupted iterations
main   [  50% ] 0000/0100 VUs  2m31.0s/5m0s  20.00 iters/s

running (2m32.0s), 0000/0100 VUs, 3040 complete and 0 interrupted iterations
main   [  51% ] 0000/0100 VUs  2m32.0s/5m0s  20.00 iters/s

running (2m33.0s), 0000/0100 VUs, 3060 complete and 0 interrupted iterations
main   [  51% ] 0000/0100 VUs  2m33.0s/5m0s  20.00 iters/s

running (2m34.0s), 0000/0100 VUs, 3080 complete and 0 interrupted iterations
main   [  51% ] 0000/0100 VUs  2m34.0s/5m0s  20.00 iters/s

running (2m35.0s), 0000/0100 VUs, 3100 complete and 0 interrupted iterations
main   [  52% ] 0000/0100 VUs  2m35.0s/5m0s  20.00 iters/s

running (2m36.0s), 0000/0100 VUs, 3120 complete and 0 interrupted iterations
main   [  52% ] 0000/0100 VUs  2m36.0s/5m0s  20.00 iters/s

running (2m37.0s), 0000/0100 VUs, 3140 complete and 0 interrupted iterations
main   [  52% ] 0000/0100 VUs  2m37.0s/5m0s  20.00 iters/s

running (2m38.0s), 0000/0100 VUs, 3160 complete and 0 interrupted iterations
main   [  53% ] 0000/0100 VUs  2m38.0s/5m0s  20.00 iters/s

running (2m39.0s), 0000/0100 VUs, 3180 complete and 0 interrupted iterations
main   [  53% ] 0000/0100 VUs  2m39.0s/5m0s  20.00 iters/s

running (2m40.0s), 0000/0100 VUs, 3200 complete and 0 interrupted iterations
main   [  53% ] 0000/0100 VUs  2m40.0s/5m0s  20.00 iters/s

running (2m41.0s), 0000/0100 VUs, 3220 complete and 0 interrupted iterations
main   [  54% ] 0000/0100 VUs  2m41.0s/5m0s  20.00 iters/s

running (2m42.0s), 0000/0100 VUs, 3240 complete and 0 interrupted iterations
main   [  54% ] 0000/0100 VUs  2m42.0s/5m0s  20.00 iters/s

running (2m43.0s), 0000/0100 VUs, 3260 complete and 0 interrupted iterations
main   [  54% ] 0000/0100 VUs  2m43.0s/5m0s  20.00 iters/s

running (2m44.0s), 0000/0100 VUs, 3280 complete and 0 interrupted iterations
main   [  55% ] 0000/0100 VUs  2m44.0s/5m0s  20.00 iters/s

running (2m45.0s), 0000/0100 VUs, 3300 complete and 0 interrupted iterations
main   [  55% ] 0000/0100 VUs  2m45.0s/5m0s  20.00 iters/s

running (2m46.0s), 0000/0100 VUs, 3320 complete and 0 interrupted iterations
main   [  55% ] 0000/0100 VUs  2m46.0s/5m0s  20.00 iters/s

running (2m47.0s), 0000/0100 VUs, 3340 complete and 0 interrupted iterations
main   [  56% ] 0000/0100 VUs  2m47.0s/5m0s  20.00 iters/s

running (2m48.0s), 0000/0100 VUs, 3360 complete and 0 interrupted iterations
main   [  56% ] 0000/0100 VUs  2m48.0s/5m0s  20.00 iters/s

running (2m49.0s), 0000/0100 VUs, 3380 complete and 0 interrupted iterations
main   [  56% ] 0000/0100 VUs  2m49.0s/5m0s  20.00 iters/s

running (2m50.0s), 0000/0100 VUs, 3400 complete and 0 interrupted iterations
main   [  57% ] 0000/0100 VUs  2m50.0s/5m0s  20.00 iters/s

running (2m51.0s), 0000/0100 VUs, 3420 complete and 0 interrupted iterations
main   [  57% ] 0000/0100 VUs  2m51.0s/5m0s  20.00 iters/s

running (2m52.0s), 0000/0100 VUs, 3440 complete and 0 interrupted iterations
main   [  57% ] 0000/0100 VUs  2m52.0s/5m0s  20.00 iters/s

running (2m53.0s), 0000/0100 VUs, 3460 complete and 0 interrupted iterations
main   [  58% ] 0000/0100 VUs  2m53.0s/5m0s  20.00 iters/s

running (2m54.0s), 0000/0100 VUs, 3480 complete and 0 interrupted iterations
main   [  58% ] 0000/0100 VUs  2m54.0s/5m0s  20.00 iters/s

running (2m55.0s), 0000/0100 VUs, 3500 complete and 0 interrupted iterations
main   [  58% ] 0000/0100 VUs  2m55.0s/5m0s  20.00 iters/s

running (2m56.0s), 0000/0100 VUs, 3520 complete and 0 interrupted iterations
main   [  59% ] 0000/0100 VUs  2m56.0s/5m0s  20.00 iters/s

running (2m57.0s), 0000/0100 VUs, 3540 complete and 0 interrupted iterations
main   [  59% ] 0000/0100 VUs  2m57.0s/5m0s  20.00 iters/s

running (2m58.0s), 0000/0100 VUs, 3560 complete and 0 interrupted iterations
main   [  59% ] 0000/0100 VUs  2m58.0s/5m0s  20.00 iters/s

running (2m59.0s), 0000/0100 VUs, 3580 complete and 0 interrupted iterations
main   [  60% ] 0000/0100 VUs  2m59.0s/5m0s  20.00 iters/s

running (3m00.0s), 0000/0100 VUs, 3600 complete and 0 interrupted iterations
main   [  60% ] 0000/0100 VUs  3m00.0s/5m0s  20.00 iters/s

running (3m01.0s), 0000/0100 VUs, 3620 complete and 0 interrupted iterations
main   [  60% ] 0000/0100 VUs  3m01.0s/5m0s  20.00 iters/s

running (3m02.0s), 0000/0100 VUs, 3640 complete and 0 interrupted iterations
main   [  61% ] 0000/0100 VUs  3m02.0s/5m0s  20.00 iters/s

running (3m03.0s), 0000/0100 VUs, 3660 complete and 0 interrupted iterations
main   [  61% ] 0000/0100 VUs  3m03.0s/5m0s  20.00 iters/s

running (3m04.0s), 0000/0100 VUs, 3680 complete and 0 interrupted iterations
main   [  61% ] 0000/0100 VUs  3m04.0s/5m0s  20.00 iters/s

running (3m05.0s), 0000/0100 VUs, 3700 complete and 0 interrupted iterations
main   [  62% ] 0000/0100 VUs  3m05.0s/5m0s  20.00 iters/s

running (3m06.0s), 0000/0100 VUs, 3720 complete and 0 interrupted iterations
main   [  62% ] 0000/0100 VUs  3m06.0s/5m0s  20.00 iters/s

running (3m07.0s), 0000/0100 VUs, 3740 complete and 0 interrupted iterations
main   [  62% ] 0000/0100 VUs  3m07.0s/5m0s  20.00 iters/s

running (3m08.0s), 0000/0100 VUs, 3760 complete and 0 interrupted iterations
main   [  63% ] 0000/0100 VUs  3m08.0s/5m0s  20.00 iters/s

running (3m09.0s), 0000/0100 VUs, 3780 complete and 0 interrupted iterations
main   [  63% ] 0000/0100 VUs  3m09.0s/5m0s  20.00 iters/s

running (3m10.0s), 0000/0100 VUs, 3800 complete and 0 interrupted iterations
main   [  63% ] 0000/0100 VUs  3m10.0s/5m0s  20.00 iters/s

running (3m11.0s), 0000/0100 VUs, 3820 complete and 0 interrupted iterations
main   [  64% ] 0000/0100 VUs  3m11.0s/5m0s  20.00 iters/s

running (3m12.0s), 0000/0100 VUs, 3840 complete and 0 interrupted iterations
main   [  64% ] 0000/0100 VUs  3m12.0s/5m0s  20.00 iters/s

running (3m13.0s), 0000/0100 VUs, 3860 complete and 0 interrupted iterations
main   [  64% ] 0000/0100 VUs  3m13.0s/5m0s  20.00 iters/s

running (3m14.0s), 0000/0100 VUs, 3880 complete and 0 interrupted iterations
main   [  65% ] 0000/0100 VUs  3m14.0s/5m0s  20.00 iters/s

running (3m15.0s), 0000/0100 VUs, 3900 complete and 0 interrupted iterations
main   [  65% ] 0000/0100 VUs  3m15.0s/5m0s  20.00 iters/s

running (3m16.0s), 0000/0100 VUs, 3920 complete and 0 interrupted iterations
main   [  65% ] 0000/0100 VUs  3m16.0s/5m0s  20.00 iters/s

running (3m17.0s), 0000/0100 VUs, 3940 complete and 0 interrupted iterations
main   [  66% ] 0000/0100 VUs  3m17.0s/5m0s  20.00 iters/s

running (3m18.0s), 0000/0100 VUs, 3960 complete and 0 interrupted iterations
main   [  66% ] 0000/0100 VUs  3m18.0s/5m0s  20.00 iters/s

running (3m19.0s), 0000/0100 VUs, 3980 complete and 0 interrupted iterations
main   [  66% ] 0000/0100 VUs  3m19.0s/5m0s  20.00 iters/s

running (3m20.0s), 0000/0100 VUs, 4000 complete and 0 interrupted iterations
main   [  67% ] 0000/0100 VUs  3m20.0s/5m0s  20.00 iters/s

running (3m21.0s), 0000/0100 VUs, 4020 complete and 0 interrupted iterations
main   [  67% ] 0000/0100 VUs  3m21.0s/5m0s  20.00 iters/s

running (3m22.0s), 0000/0100 VUs, 4040 complete and 0 interrupted iterations
main   [  67% ] 0000/0100 VUs  3m22.0s/5m0s  20.00 iters/s

running (3m23.0s), 0000/0100 VUs, 4060 complete and 0 interrupted iterations
main   [  68% ] 0000/0100 VUs  3m23.0s/5m0s  20.00 iters/s

running (3m24.0s), 0000/0100 VUs, 4080 complete and 0 interrupted iterations
main   [  68% ] 0000/0100 VUs  3m24.0s/5m0s  20.00 iters/s

running (3m25.0s), 0000/0100 VUs, 4100 complete and 0 interrupted iterations
main   [  68% ] 0000/0100 VUs  3m25.0s/5m0s  20.00 iters/s

running (3m26.0s), 0000/0100 VUs, 4120 complete and 0 interrupted iterations
main   [  69% ] 0000/0100 VUs  3m26.0s/5m0s  20.00 iters/s

running (3m27.0s), 0000/0100 VUs, 4140 complete and 0 interrupted iterations
main   [  69% ] 0000/0100 VUs  3m27.0s/5m0s  20.00 iters/s

running (3m28.0s), 0000/0100 VUs, 4160 complete and 0 interrupted iterations
main   [  69% ] 0000/0100 VUs  3m28.0s/5m0s  20.00 iters/s

running (3m29.0s), 0000/0100 VUs, 4180 complete and 0 interrupted iterations
main   [  70% ] 0000/0100 VUs  3m29.0s/5m0s  20.00 iters/s

running (3m30.0s), 0000/0100 VUs, 4200 complete and 0 interrupted iterations
main   [  70% ] 0000/0100 VUs  3m30.0s/5m0s  20.00 iters/s

running (3m31.0s), 0000/0100 VUs, 4220 complete and 0 interrupted iterations
main   [  70% ] 0000/0100 VUs  3m31.0s/5m0s  20.00 iters/s

running (3m32.0s), 0000/0100 VUs, 4240 complete and 0 interrupted iterations
main   [  71% ] 0000/0100 VUs  3m32.0s/5m0s  20.00 iters/s

running (3m33.0s), 0000/0100 VUs, 4260 complete and 0 interrupted iterations
main   [  71% ] 0000/0100 VUs  3m33.0s/5m0s  20.00 iters/s

running (3m34.0s), 0000/0100 VUs, 4280 complete and 0 interrupted iterations
main   [  71% ] 0000/0100 VUs  3m34.0s/5m0s  20.00 iters/s

running (3m35.0s), 0000/0100 VUs, 4300 complete and 0 interrupted iterations
main   [  72% ] 0000/0100 VUs  3m35.0s/5m0s  20.00 iters/s

running (3m36.0s), 0000/0100 VUs, 4320 complete and 0 interrupted iterations
main   [  72% ] 0000/0100 VUs  3m36.0s/5m0s  20.00 iters/s

running (3m37.0s), 0000/0100 VUs, 4340 complete and 0 interrupted iterations
main   [  72% ] 0000/0100 VUs  3m37.0s/5m0s  20.00 iters/s

running (3m38.0s), 0000/0100 VUs, 4360 complete and 0 interrupted iterations
main   [  73% ] 0000/0100 VUs  3m38.0s/5m0s  20.00 iters/s

running (3m39.0s), 0000/0100 VUs, 4380 complete and 0 interrupted iterations
main   [  73% ] 0000/0100 VUs  3m39.0s/5m0s  20.00 iters/s

running (3m40.0s), 0000/0100 VUs, 4400 complete and 0 interrupted iterations
main   [  73% ] 0000/0100 VUs  3m40.0s/5m0s  20.00 iters/s

running (3m41.0s), 0000/0100 VUs, 4420 complete and 0 interrupted iterations
main   [  74% ] 0000/0100 VUs  3m41.0s/5m0s  20.00 iters/s

running (3m42.0s), 0000/0100 VUs, 4440 complete and 0 interrupted iterations
main   [  74% ] 0000/0100 VUs  3m42.0s/5m0s  20.00 iters/s

running (3m43.0s), 0000/0100 VUs, 4460 complete and 0 interrupted iterations
main   [  74% ] 0000/0100 VUs  3m43.0s/5m0s  20.00 iters/s

running (3m44.0s), 0000/0100 VUs, 4480 complete and 0 interrupted iterations
main   [  75% ] 0000/0100 VUs  3m44.0s/5m0s  20.00 iters/s

running (3m45.0s), 0000/0100 VUs, 4500 complete and 0 interrupted iterations
main   [  75% ] 0000/0100 VUs  3m45.0s/5m0s  20.00 iters/s

running (3m46.0s), 0000/0100 VUs, 4520 complete and 0 interrupted iterations
main   [  75% ] 0000/0100 VUs  3m46.0s/5m0s  20.00 iters/s

running (3m47.0s), 0000/0100 VUs, 4540 complete and 0 interrupted iterations
main   [  76% ] 0000/0100 VUs  3m47.0s/5m0s  20.00 iters/s

running (3m48.0s), 0000/0100 VUs, 4560 complete and 0 interrupted iterations
main   [  76% ] 0000/0100 VUs  3m48.0s/5m0s  20.00 iters/s

running (3m49.0s), 0000/0100 VUs, 4580 complete and 0 interrupted iterations
main   [  76% ] 0000/0100 VUs  3m49.0s/5m0s  20.00 iters/s

running (3m50.0s), 0000/0100 VUs, 4600 complete and 0 interrupted iterations
main   [  77% ] 0000/0100 VUs  3m50.0s/5m0s  20.00 iters/s

running (3m51.0s), 0000/0100 VUs, 4620 complete and 0 interrupted iterations
main   [  77% ] 0000/0100 VUs  3m51.0s/5m0s  20.00 iters/s

running (3m52.0s), 0000/0100 VUs, 4640 complete and 0 interrupted iterations
main   [  77% ] 0000/0100 VUs  3m52.0s/5m0s  20.00 iters/s

running (3m53.0s), 0000/0100 VUs, 4660 complete and 0 interrupted iterations
main   [  78% ] 0000/0100 VUs  3m53.0s/5m0s  20.00 iters/s

running (3m54.0s), 0000/0100 VUs, 4680 complete and 0 interrupted iterations
main   [  78% ] 0000/0100 VUs  3m54.0s/5m0s  20.00 iters/s

running (3m55.0s), 0000/0100 VUs, 4700 complete and 0 interrupted iterations
main   [  78% ] 0000/0100 VUs  3m55.0s/5m0s  20.00 iters/s

running (3m56.0s), 0000/0100 VUs, 4720 complete and 0 interrupted iterations
main   [  79% ] 0000/0100 VUs  3m56.0s/5m0s  20.00 iters/s

running (3m57.0s), 0000/0100 VUs, 4740 complete and 0 interrupted iterations
main   [  79% ] 0000/0100 VUs  3m57.0s/5m0s  20.00 iters/s

running (3m58.0s), 0000/0100 VUs, 4760 complete and 0 interrupted iterations
main   [  79% ] 0000/0100 VUs  3m58.0s/5m0s  20.00 iters/s

running (3m59.0s), 0000/0100 VUs, 4780 complete and 0 interrupted iterations
main   [  80% ] 0000/0100 VUs  3m59.0s/5m0s  20.00 iters/s

running (4m00.0s), 0000/0100 VUs, 4800 complete and 0 interrupted iterations
main   [  80% ] 0000/0100 VUs  4m00.0s/5m0s  20.00 iters/s

running (4m01.0s), 0000/0100 VUs, 4820 complete and 0 interrupted iterations
main   [  80% ] 0000/0100 VUs  4m01.0s/5m0s  20.00 iters/s

running (4m02.0s), 0000/0100 VUs, 4840 complete and 0 interrupted iterations
main   [  81% ] 0000/0100 VUs  4m02.0s/5m0s  20.00 iters/s

running (4m03.0s), 0000/0100 VUs, 4860 complete and 0 interrupted iterations
main   [  81% ] 0000/0100 VUs  4m03.0s/5m0s  20.00 iters/s

running (4m04.0s), 0000/0100 VUs, 4880 complete and 0 interrupted iterations
main   [  81% ] 0000/0100 VUs  4m04.0s/5m0s  20.00 iters/s

running (4m05.0s), 0000/0100 VUs, 4900 complete and 0 interrupted iterations
main   [  82% ] 0000/0100 VUs  4m05.0s/5m0s  20.00 iters/s

running (4m06.0s), 0000/0100 VUs, 4920 complete and 0 interrupted iterations
main   [  82% ] 0000/0100 VUs  4m06.0s/5m0s  20.00 iters/s

running (4m07.0s), 0000/0100 VUs, 4940 complete and 0 interrupted iterations
main   [  82% ] 0000/0100 VUs  4m07.0s/5m0s  20.00 iters/s

running (4m08.0s), 0000/0100 VUs, 4960 complete and 0 interrupted iterations
main   [  83% ] 0000/0100 VUs  4m08.0s/5m0s  20.00 iters/s

running (4m09.0s), 0000/0100 VUs, 4980 complete and 0 interrupted iterations
main   [  83% ] 0000/0100 VUs  4m09.0s/5m0s  20.00 iters/s

running (4m10.0s), 0000/0100 VUs, 5000 complete and 0 interrupted iterations
main   [  83% ] 0000/0100 VUs  4m10.0s/5m0s  20.00 iters/s

running (4m11.0s), 0000/0100 VUs, 5020 complete and 0 interrupted iterations
main   [  84% ] 0000/0100 VUs  4m11.0s/5m0s  20.00 iters/s

running (4m12.0s), 0000/0100 VUs, 5040 complete and 0 interrupted iterations
main   [  84% ] 0000/0100 VUs  4m12.0s/5m0s  20.00 iters/s

running (4m13.0s), 0000/0100 VUs, 5060 complete and 0 interrupted iterations
main   [  84% ] 0000/0100 VUs  4m13.0s/5m0s  20.00 iters/s

running (4m14.0s), 0000/0100 VUs, 5080 complete and 0 interrupted iterations
main   [  85% ] 0000/0100 VUs  4m14.0s/5m0s  20.00 iters/s

running (4m15.0s), 0000/0100 VUs, 5100 complete and 0 interrupted iterations
main   [  85% ] 0000/0100 VUs  4m15.0s/5m0s  20.00 iters/s

running (4m16.0s), 0000/0100 VUs, 5120 complete and 0 interrupted iterations
main   [  85% ] 0000/0100 VUs  4m16.0s/5m0s  20.00 iters/s

running (4m17.0s), 0000/0100 VUs, 5140 complete and 0 interrupted iterations
main   [  86% ] 0000/0100 VUs  4m17.0s/5m0s  20.00 iters/s

running (4m18.0s), 0000/0100 VUs, 5160 complete and 0 interrupted iterations
main   [  86% ] 0000/0100 VUs  4m18.0s/5m0s  20.00 iters/s

running (4m19.0s), 0000/0100 VUs, 5180 complete and 0 interrupted iterations
main   [  86% ] 0000/0100 VUs  4m19.0s/5m0s  20.00 iters/s

running (4m20.0s), 0000/0100 VUs, 5200 complete and 0 interrupted iterations
main   [  87% ] 0000/0100 VUs  4m20.0s/5m0s  20.00 iters/s

running (4m21.0s), 0000/0100 VUs, 5220 complete and 0 interrupted iterations
main   [  87% ] 0000/0100 VUs  4m21.0s/5m0s  20.00 iters/s

running (4m22.0s), 0000/0100 VUs, 5240 complete and 0 interrupted iterations
main   [  87% ] 0000/0100 VUs  4m22.0s/5m0s  20.00 iters/s

running (4m23.0s), 0000/0100 VUs, 5260 complete and 0 interrupted iterations
main   [  88% ] 0000/0100 VUs  4m23.0s/5m0s  20.00 iters/s

running (4m24.0s), 0000/0100 VUs, 5280 complete and 0 interrupted iterations
main   [  88% ] 0000/0100 VUs  4m24.0s/5m0s  20.00 iters/s

running (4m25.0s), 0000/0100 VUs, 5300 complete and 0 interrupted iterations
main   [  88% ] 0000/0100 VUs  4m25.0s/5m0s  20.00 iters/s

running (4m26.0s), 0000/0100 VUs, 5320 complete and 0 interrupted iterations
main   [  89% ] 0000/0100 VUs  4m26.0s/5m0s  20.00 iters/s

running (4m27.0s), 0000/0100 VUs, 5340 complete and 0 interrupted iterations
main   [  89% ] 0000/0100 VUs  4m27.0s/5m0s  20.00 iters/s

running (4m28.0s), 0000/0100 VUs, 5360 complete and 0 interrupted iterations
main   [  89% ] 0000/0100 VUs  4m28.0s/5m0s  20.00 iters/s

running (4m29.0s), 0000/0100 VUs, 5380 complete and 0 interrupted iterations
main   [  90% ] 0000/0100 VUs  4m29.0s/5m0s  20.00 iters/s

running (4m30.0s), 0000/0100 VUs, 5400 complete and 0 interrupted iterations
main   [  90% ] 0000/0100 VUs  4m30.0s/5m0s  20.00 iters/s

running (4m31.0s), 0000/0100 VUs, 5420 complete and 0 interrupted iterations
main   [  90% ] 0000/0100 VUs  4m31.0s/5m0s  20.00 iters/s

running (4m32.0s), 0000/0100 VUs, 5440 complete and 0 interrupted iterations
main   [  91% ] 0000/0100 VUs  4m32.0s/5m0s  20.00 iters/s

running (4m33.0s), 0000/0100 VUs, 5460 complete and 0 interrupted iterations
main   [  91% ] 0000/0100 VUs  4m33.0s/5m0s  20.00 iters/s

running (4m34.0s), 0000/0100 VUs, 5480 complete and 0 interrupted iterations
main   [  91% ] 0000/0100 VUs  4m34.0s/5m0s  20.00 iters/s

running (4m35.0s), 0000/0100 VUs, 5500 complete and 0 interrupted iterations
main   [  92% ] 0000/0100 VUs  4m35.0s/5m0s  20.00 iters/s

running (4m36.0s), 0000/0100 VUs, 5520 complete and 0 interrupted iterations
main   [  92% ] 0000/0100 VUs  4m36.0s/5m0s  20.00 iters/s

running (4m37.0s), 0000/0100 VUs, 5540 complete and 0 interrupted iterations
main   [  92% ] 0000/0100 VUs  4m37.0s/5m0s  20.00 iters/s

running (4m38.0s), 0000/0100 VUs, 5560 complete and 0 interrupted iterations
main   [  93% ] 0000/0100 VUs  4m38.0s/5m0s  20.00 iters/s

running (4m39.0s), 0000/0100 VUs, 5580 complete and 0 interrupted iterations
main   [  93% ] 0000/0100 VUs  4m39.0s/5m0s  20.00 iters/s

running (4m40.0s), 0000/0100 VUs, 5600 complete and 0 interrupted iterations
main   [  93% ] 0000/0100 VUs  4m40.0s/5m0s  20.00 iters/s

running (4m41.0s), 0000/0100 VUs, 5620 complete and 0 interrupted iterations
main   [  94% ] 0000/0100 VUs  4m41.0s/5m0s  20.00 iters/s

running (4m42.0s), 0000/0100 VUs, 5640 complete and 0 interrupted iterations
main   [  94% ] 0000/0100 VUs  4m42.0s/5m0s  20.00 iters/s

running (4m43.0s), 0000/0100 VUs, 5660 complete and 0 interrupted iterations
main   [  94% ] 0000/0100 VUs  4m43.0s/5m0s  20.00 iters/s

running (4m44.0s), 0000/0100 VUs, 5680 complete and 0 interrupted iterations
main   [  95% ] 0000/0100 VUs  4m44.0s/5m0s  20.00 iters/s

running (4m45.0s), 0000/0100 VUs, 5700 complete and 0 interrupted iterations
main   [  95% ] 0000/0100 VUs  4m45.0s/5m0s  20.00 iters/s

running (4m46.0s), 0000/0100 VUs, 5720 complete and 0 interrupted iterations
main   [  95% ] 0000/0100 VUs  4m46.0s/5m0s  20.00 iters/s

running (4m47.0s), 0000/0100 VUs, 5740 complete and 0 interrupted iterations
main   [  96% ] 0000/0100 VUs  4m47.0s/5m0s  20.00 iters/s

running (4m48.0s), 0000/0100 VUs, 5760 complete and 0 interrupted iterations
main   [  96% ] 0000/0100 VUs  4m48.0s/5m0s  20.00 iters/s

running (4m49.0s), 0000/0100 VUs, 5780 complete and 0 interrupted iterations
main   [  96% ] 0000/0100 VUs  4m49.0s/5m0s  20.00 iters/s

running (4m50.0s), 0000/0100 VUs, 5800 complete and 0 interrupted iterations
main   [  97% ] 0000/0100 VUs  4m50.0s/5m0s  20.00 iters/s

running (4m51.0s), 0000/0100 VUs, 5820 complete and 0 interrupted iterations
main   [  97% ] 0000/0100 VUs  4m51.0s/5m0s  20.00 iters/s

running (4m52.0s), 0000/0100 VUs, 5840 complete and 0 interrupted iterations
main   [  97% ] 0000/0100 VUs  4m52.0s/5m0s  20.00 iters/s

running (4m53.0s), 0000/0100 VUs, 5860 complete and 0 interrupted iterations
main   [  98% ] 0000/0100 VUs  4m53.0s/5m0s  20.00 iters/s

running (4m54.0s), 0000/0100 VUs, 5880 complete and 0 interrupted iterations
main   [  98% ] 0000/0100 VUs  4m54.0s/5m0s  20.00 iters/s

running (4m55.0s), 0000/0100 VUs, 5900 complete and 0 interrupted iterations
main   [  98% ] 0000/0100 VUs  4m55.0s/5m0s  20.00 iters/s

running (4m56.0s), 0000/0100 VUs, 5920 complete and 0 interrupted iterations
main   [  99% ] 0000/0100 VUs  4m56.0s/5m0s  20.00 iters/s

running (4m57.0s), 0000/0100 VUs, 5940 complete and 0 interrupted iterations
main   [  99% ] 0000/0100 VUs  4m57.0s/5m0s  20.00 iters/s

running (4m58.0s), 0000/0100 VUs, 5960 complete and 0 interrupted iterations
main   [  99% ] 0000/0100 VUs  4m58.0s/5m0s  20.00 iters/s

running (4m59.0s), 0000/0100 VUs, 5980 complete and 0 interrupted iterations
main   [ 100% ] 0000/0100 VUs  4m59.0s/5m0s  20.00 iters/s

running (5m00.0s), 0000/0100 VUs, 6000 complete and 0 interrupted iterations
main   [ 100% ] 0000/0100 VUs  5m00.0s/5m0s  20.00 iters/s

running (5m00.0s), 0000/0100 VUs, 6000 complete and 0 interrupted iterations
main ✓ [ 100% ] 0000/0100 VUs  5m0s  20.00 iters/s
  Repeat 2 complete. Results in results/b-inbatch-nodup-rtt300-r20-n200-rep2-1781345778.json
[4/3] Running k6 repeat 3/3 (output -> results/b-inbatch-nodup-rtt300-r20-n200-rep3-1781346079.json)...
time="2026-06-13T19:21:19+09:00" level=warning msg="/Users/rene/rdb-join-lab/docker-compose.yml: the attribute `version` is obsolete, it will be ignored, please remove it to avoid potential confusion"

         /\      Grafana   /‾‾/  
    /\  /  \     |\  __   /  /   
   /  \/    \    | |/ /  /   ‾‾\ 
  /          \   |   (  |  (‾)  |
 / __________ \  |_|\_\  \_____/ 


     execution: local
        script: /scripts/scenario.js
        output: -

     scenarios: (100.00%) 1 scenario, 1000 max VUs, 5m30s max duration (incl. graceful stop):
              * main: 20.00 iterations/s for 5m0s (maxVUs: 100-1000, gracefulStop: 30s)


running (0m01.0s), 0000/0100 VUs, 20 complete and 0 interrupted iterations
main   [   0% ] 0000/0100 VUs  0m01.0s/5m0s  20.00 iters/s

running (0m02.0s), 0000/0100 VUs, 40 complete and 0 interrupted iterations
main   [   1% ] 0000/0100 VUs  0m02.0s/5m0s  20.00 iters/s

running (0m03.0s), 0000/0100 VUs, 60 complete and 0 interrupted iterations
main   [   1% ] 0000/0100 VUs  0m03.0s/5m0s  20.00 iters/s

running (0m04.0s), 0000/0100 VUs, 80 complete and 0 interrupted iterations
main   [   1% ] 0000/0100 VUs  0m04.0s/5m0s  20.00 iters/s

running (0m05.0s), 0000/0100 VUs, 100 complete and 0 interrupted iterations
main   [   2% ] 0000/0100 VUs  0m05.0s/5m0s  20.00 iters/s

running (0m06.0s), 0000/0100 VUs, 120 complete and 0 interrupted iterations
main   [   2% ] 0000/0100 VUs  0m06.0s/5m0s  20.00 iters/s

running (0m07.0s), 0000/0100 VUs, 140 complete and 0 interrupted iterations
main   [   2% ] 0000/0100 VUs  0m07.0s/5m0s  20.00 iters/s

running (0m08.0s), 0000/0100 VUs, 160 complete and 0 interrupted iterations
main   [   3% ] 0000/0100 VUs  0m08.0s/5m0s  20.00 iters/s

running (0m09.0s), 0000/0100 VUs, 180 complete and 0 interrupted iterations
main   [   3% ] 0000/0100 VUs  0m09.0s/5m0s  20.00 iters/s

running (0m10.0s), 0000/0100 VUs, 200 complete and 0 interrupted iterations
main   [   3% ] 0000/0100 VUs  0m10.0s/5m0s  20.00 iters/s

running (0m11.0s), 0000/0100 VUs, 220 complete and 0 interrupted iterations
main   [   4% ] 0000/0100 VUs  0m11.0s/5m0s  20.00 iters/s

running (0m12.0s), 0000/0100 VUs, 240 complete and 0 interrupted iterations
main   [   4% ] 0000/0100 VUs  0m12.0s/5m0s  20.00 iters/s

running (0m13.0s), 0000/0100 VUs, 260 complete and 0 interrupted iterations
main   [   4% ] 0000/0100 VUs  0m13.0s/5m0s  20.00 iters/s

running (0m14.0s), 0000/0100 VUs, 280 complete and 0 interrupted iterations
main   [   5% ] 0000/0100 VUs  0m14.0s/5m0s  20.00 iters/s

running (0m15.0s), 0000/0100 VUs, 300 complete and 0 interrupted iterations
main   [   5% ] 0000/0100 VUs  0m15.0s/5m0s  20.00 iters/s

running (0m16.0s), 0000/0100 VUs, 320 complete and 0 interrupted iterations
main   [   5% ] 0000/0100 VUs  0m16.0s/5m0s  20.00 iters/s

running (0m17.0s), 0000/0100 VUs, 340 complete and 0 interrupted iterations
main   [   6% ] 0000/0100 VUs  0m17.0s/5m0s  20.00 iters/s

running (0m18.0s), 0000/0100 VUs, 360 complete and 0 interrupted iterations
main   [   6% ] 0000/0100 VUs  0m18.0s/5m0s  20.00 iters/s

running (0m19.0s), 0000/0100 VUs, 380 complete and 0 interrupted iterations
main   [   6% ] 0000/0100 VUs  0m19.0s/5m0s  20.00 iters/s

running (0m20.0s), 0000/0100 VUs, 400 complete and 0 interrupted iterations
main   [   7% ] 0000/0100 VUs  0m20.0s/5m0s  20.00 iters/s

running (0m21.0s), 0000/0100 VUs, 420 complete and 0 interrupted iterations
main   [   7% ] 0000/0100 VUs  0m21.0s/5m0s  20.00 iters/s

running (0m22.0s), 0000/0100 VUs, 440 complete and 0 interrupted iterations
main   [   7% ] 0000/0100 VUs  0m22.0s/5m0s  20.00 iters/s

running (0m23.0s), 0000/0100 VUs, 460 complete and 0 interrupted iterations
main   [   8% ] 0000/0100 VUs  0m23.0s/5m0s  20.00 iters/s

running (0m24.0s), 0000/0100 VUs, 480 complete and 0 interrupted iterations
main   [   8% ] 0000/0100 VUs  0m24.0s/5m0s  20.00 iters/s

running (0m25.0s), 0000/0100 VUs, 500 complete and 0 interrupted iterations
main   [   8% ] 0000/0100 VUs  0m25.0s/5m0s  20.00 iters/s

running (0m26.0s), 0000/0100 VUs, 520 complete and 0 interrupted iterations
main   [   9% ] 0000/0100 VUs  0m26.0s/5m0s  20.00 iters/s

running (0m27.0s), 0000/0100 VUs, 540 complete and 0 interrupted iterations
main   [   9% ] 0000/0100 VUs  0m27.0s/5m0s  20.00 iters/s

running (0m28.0s), 0000/0100 VUs, 560 complete and 0 interrupted iterations
main   [   9% ] 0000/0100 VUs  0m28.0s/5m0s  20.00 iters/s

running (0m29.0s), 0000/0100 VUs, 580 complete and 0 interrupted iterations
main   [  10% ] 0000/0100 VUs  0m29.0s/5m0s  20.00 iters/s

running (0m30.0s), 0000/0100 VUs, 600 complete and 0 interrupted iterations
main   [  10% ] 0000/0100 VUs  0m30.0s/5m0s  20.00 iters/s

running (0m31.0s), 0000/0100 VUs, 620 complete and 0 interrupted iterations
main   [  10% ] 0000/0100 VUs  0m31.0s/5m0s  20.00 iters/s

running (0m32.0s), 0000/0100 VUs, 640 complete and 0 interrupted iterations
main   [  11% ] 0000/0100 VUs  0m32.0s/5m0s  20.00 iters/s

running (0m33.0s), 0000/0100 VUs, 660 complete and 0 interrupted iterations
main   [  11% ] 0000/0100 VUs  0m33.0s/5m0s  20.00 iters/s

running (0m34.0s), 0000/0100 VUs, 680 complete and 0 interrupted iterations
main   [  11% ] 0000/0100 VUs  0m34.0s/5m0s  20.00 iters/s

running (0m35.0s), 0000/0100 VUs, 700 complete and 0 interrupted iterations
main   [  12% ] 0000/0100 VUs  0m35.0s/5m0s  20.00 iters/s

running (0m36.0s), 0000/0100 VUs, 720 complete and 0 interrupted iterations
main   [  12% ] 0000/0100 VUs  0m36.0s/5m0s  20.00 iters/s

running (0m37.0s), 0000/0100 VUs, 740 complete and 0 interrupted iterations
main   [  12% ] 0000/0100 VUs  0m37.0s/5m0s  20.00 iters/s

running (0m38.0s), 0000/0100 VUs, 760 complete and 0 interrupted iterations
main   [  13% ] 0000/0100 VUs  0m38.0s/5m0s  20.00 iters/s

running (0m39.0s), 0000/0100 VUs, 780 complete and 0 interrupted iterations
main   [  13% ] 0000/0100 VUs  0m39.0s/5m0s  20.00 iters/s

running (0m40.0s), 0000/0100 VUs, 800 complete and 0 interrupted iterations
main   [  13% ] 0000/0100 VUs  0m40.0s/5m0s  20.00 iters/s

running (0m41.0s), 0000/0100 VUs, 820 complete and 0 interrupted iterations
main   [  14% ] 0000/0100 VUs  0m41.0s/5m0s  20.00 iters/s

running (0m42.0s), 0000/0100 VUs, 840 complete and 0 interrupted iterations
main   [  14% ] 0000/0100 VUs  0m42.0s/5m0s  20.00 iters/s

running (0m43.0s), 0000/0100 VUs, 860 complete and 0 interrupted iterations
main   [  14% ] 0000/0100 VUs  0m43.0s/5m0s  20.00 iters/s

running (0m44.0s), 0000/0100 VUs, 880 complete and 0 interrupted iterations
main   [  15% ] 0000/0100 VUs  0m44.0s/5m0s  20.00 iters/s

running (0m45.0s), 0000/0100 VUs, 900 complete and 0 interrupted iterations
main   [  15% ] 0000/0100 VUs  0m45.0s/5m0s  20.00 iters/s

running (0m46.0s), 0000/0100 VUs, 920 complete and 0 interrupted iterations
main   [  15% ] 0000/0100 VUs  0m46.0s/5m0s  20.00 iters/s

running (0m47.0s), 0000/0100 VUs, 940 complete and 0 interrupted iterations
main   [  16% ] 0000/0100 VUs  0m47.0s/5m0s  20.00 iters/s

running (0m48.0s), 0000/0100 VUs, 960 complete and 0 interrupted iterations
main   [  16% ] 0000/0100 VUs  0m48.0s/5m0s  20.00 iters/s

running (0m49.0s), 0000/0100 VUs, 980 complete and 0 interrupted iterations
main   [  16% ] 0000/0100 VUs  0m49.0s/5m0s  20.00 iters/s

running (0m50.0s), 0000/0100 VUs, 1000 complete and 0 interrupted iterations
main   [  17% ] 0000/0100 VUs  0m50.0s/5m0s  20.00 iters/s

running (0m51.0s), 0000/0100 VUs, 1020 complete and 0 interrupted iterations
main   [  17% ] 0000/0100 VUs  0m51.0s/5m0s  20.00 iters/s

running (0m52.0s), 0000/0100 VUs, 1040 complete and 0 interrupted iterations
main   [  17% ] 0000/0100 VUs  0m52.0s/5m0s  20.00 iters/s

running (0m53.0s), 0000/0100 VUs, 1060 complete and 0 interrupted iterations
main   [  18% ] 0000/0100 VUs  0m53.0s/5m0s  20.00 iters/s

running (0m54.0s), 0000/0100 VUs, 1080 complete and 0 interrupted iterations
main   [  18% ] 0000/0100 VUs  0m54.0s/5m0s  20.00 iters/s

running (0m55.0s), 0000/0100 VUs, 1100 complete and 0 interrupted iterations
main   [  18% ] 0000/0100 VUs  0m55.0s/5m0s  20.00 iters/s

running (0m56.0s), 0000/0100 VUs, 1120 complete and 0 interrupted iterations
main   [  19% ] 0000/0100 VUs  0m56.0s/5m0s  20.00 iters/s

running (0m57.0s), 0000/0100 VUs, 1140 complete and 0 interrupted iterations
main   [  19% ] 0000/0100 VUs  0m57.0s/5m0s  20.00 iters/s

running (0m58.0s), 0000/0100 VUs, 1160 complete and 0 interrupted iterations
main   [  19% ] 0000/0100 VUs  0m58.0s/5m0s  20.00 iters/s

running (0m59.0s), 0000/0100 VUs, 1180 complete and 0 interrupted iterations
main   [  20% ] 0000/0100 VUs  0m59.0s/5m0s  20.00 iters/s

running (1m00.0s), 0000/0100 VUs, 1200 complete and 0 interrupted iterations
main   [  20% ] 0000/0100 VUs  1m00.0s/5m0s  20.00 iters/s

running (1m01.0s), 0000/0100 VUs, 1220 complete and 0 interrupted iterations
main   [  20% ] 0000/0100 VUs  1m01.0s/5m0s  20.00 iters/s

running (1m02.0s), 0000/0100 VUs, 1240 complete and 0 interrupted iterations
main   [  21% ] 0000/0100 VUs  1m02.0s/5m0s  20.00 iters/s

running (1m03.0s), 0000/0100 VUs, 1260 complete and 0 interrupted iterations
main   [  21% ] 0000/0100 VUs  1m03.0s/5m0s  20.00 iters/s

running (1m04.0s), 0000/0100 VUs, 1280 complete and 0 interrupted iterations
main   [  21% ] 0000/0100 VUs  1m04.0s/5m0s  20.00 iters/s

running (1m05.0s), 0000/0100 VUs, 1300 complete and 0 interrupted iterations
main   [  22% ] 0000/0100 VUs  1m05.0s/5m0s  20.00 iters/s

running (1m06.0s), 0000/0100 VUs, 1320 complete and 0 interrupted iterations
main   [  22% ] 0000/0100 VUs  1m06.0s/5m0s  20.00 iters/s

running (1m07.0s), 0000/0100 VUs, 1340 complete and 0 interrupted iterations
main   [  22% ] 0000/0100 VUs  1m07.0s/5m0s  20.00 iters/s

running (1m08.0s), 0000/0100 VUs, 1360 complete and 0 interrupted iterations
main   [  23% ] 0000/0100 VUs  1m08.0s/5m0s  20.00 iters/s

running (1m09.0s), 0000/0100 VUs, 1380 complete and 0 interrupted iterations
main   [  23% ] 0000/0100 VUs  1m09.0s/5m0s  20.00 iters/s

running (1m10.0s), 0000/0100 VUs, 1400 complete and 0 interrupted iterations
main   [  23% ] 0000/0100 VUs  1m10.0s/5m0s  20.00 iters/s

running (1m11.0s), 0000/0100 VUs, 1420 complete and 0 interrupted iterations
main   [  24% ] 0000/0100 VUs  1m11.0s/5m0s  20.00 iters/s

running (1m12.0s), 0000/0100 VUs, 1440 complete and 0 interrupted iterations
main   [  24% ] 0000/0100 VUs  1m12.0s/5m0s  20.00 iters/s

running (1m13.0s), 0000/0100 VUs, 1460 complete and 0 interrupted iterations
main   [  24% ] 0000/0100 VUs  1m13.0s/5m0s  20.00 iters/s

running (1m14.0s), 0000/0100 VUs, 1480 complete and 0 interrupted iterations
main   [  25% ] 0000/0100 VUs  1m14.0s/5m0s  20.00 iters/s

running (1m15.0s), 0000/0100 VUs, 1500 complete and 0 interrupted iterations
main   [  25% ] 0000/0100 VUs  1m15.0s/5m0s  20.00 iters/s

running (1m16.0s), 0000/0100 VUs, 1520 complete and 0 interrupted iterations
main   [  25% ] 0000/0100 VUs  1m16.0s/5m0s  20.00 iters/s

running (1m17.0s), 0000/0100 VUs, 1540 complete and 0 interrupted iterations
main   [  26% ] 0000/0100 VUs  1m17.0s/5m0s  20.00 iters/s

running (1m18.0s), 0000/0100 VUs, 1560 complete and 0 interrupted iterations
main   [  26% ] 0000/0100 VUs  1m18.0s/5m0s  20.00 iters/s

running (1m19.0s), 0000/0100 VUs, 1580 complete and 0 interrupted iterations
main   [  26% ] 0000/0100 VUs  1m19.0s/5m0s  20.00 iters/s

running (1m20.0s), 0000/0100 VUs, 1600 complete and 0 interrupted iterations
main   [  27% ] 0000/0100 VUs  1m20.0s/5m0s  20.00 iters/s

running (1m21.0s), 0000/0100 VUs, 1620 complete and 0 interrupted iterations
main   [  27% ] 0000/0100 VUs  1m21.0s/5m0s  20.00 iters/s

running (1m22.0s), 0000/0100 VUs, 1640 complete and 0 interrupted iterations
main   [  27% ] 0000/0100 VUs  1m22.0s/5m0s  20.00 iters/s

running (1m23.0s), 0000/0100 VUs, 1660 complete and 0 interrupted iterations
main   [  28% ] 0000/0100 VUs  1m23.0s/5m0s  20.00 iters/s

running (1m24.0s), 0000/0100 VUs, 1680 complete and 0 interrupted iterations
main   [  28% ] 0000/0100 VUs  1m24.0s/5m0s  20.00 iters/s

running (1m25.0s), 0000/0100 VUs, 1700 complete and 0 interrupted iterations
main   [  28% ] 0000/0100 VUs  1m25.0s/5m0s  20.00 iters/s

running (1m26.0s), 0000/0100 VUs, 1720 complete and 0 interrupted iterations
main   [  29% ] 0000/0100 VUs  1m26.0s/5m0s  20.00 iters/s

running (1m27.0s), 0000/0100 VUs, 1740 complete and 0 interrupted iterations
main   [  29% ] 0000/0100 VUs  1m27.0s/5m0s  20.00 iters/s

running (1m28.0s), 0000/0100 VUs, 1760 complete and 0 interrupted iterations
main   [  29% ] 0000/0100 VUs  1m28.0s/5m0s  20.00 iters/s

running (1m29.0s), 0000/0100 VUs, 1780 complete and 0 interrupted iterations
main   [  30% ] 0000/0100 VUs  1m29.0s/5m0s  20.00 iters/s

running (1m30.0s), 0000/0100 VUs, 1800 complete and 0 interrupted iterations
main   [  30% ] 0000/0100 VUs  1m30.0s/5m0s  20.00 iters/s

running (1m31.0s), 0000/0100 VUs, 1820 complete and 0 interrupted iterations
main   [  30% ] 0000/0100 VUs  1m31.0s/5m0s  20.00 iters/s

running (1m32.0s), 0000/0100 VUs, 1840 complete and 0 interrupted iterations
main   [  31% ] 0000/0100 VUs  1m32.0s/5m0s  20.00 iters/s

running (1m33.0s), 0000/0100 VUs, 1860 complete and 0 interrupted iterations
main   [  31% ] 0000/0100 VUs  1m33.0s/5m0s  20.00 iters/s

running (1m34.0s), 0000/0100 VUs, 1880 complete and 0 interrupted iterations
main   [  31% ] 0000/0100 VUs  1m34.0s/5m0s  20.00 iters/s

running (1m35.0s), 0000/0100 VUs, 1900 complete and 0 interrupted iterations
main   [  32% ] 0000/0100 VUs  1m35.0s/5m0s  20.00 iters/s

running (1m36.0s), 0000/0100 VUs, 1920 complete and 0 interrupted iterations
main   [  32% ] 0000/0100 VUs  1m36.0s/5m0s  20.00 iters/s

running (1m37.0s), 0000/0100 VUs, 1940 complete and 0 interrupted iterations
main   [  32% ] 0000/0100 VUs  1m37.0s/5m0s  20.00 iters/s

running (1m38.0s), 0000/0100 VUs, 1960 complete and 0 interrupted iterations
main   [  33% ] 0000/0100 VUs  1m38.0s/5m0s  20.00 iters/s

running (1m39.0s), 0000/0100 VUs, 1980 complete and 0 interrupted iterations
main   [  33% ] 0000/0100 VUs  1m39.0s/5m0s  20.00 iters/s

running (1m40.0s), 0000/0100 VUs, 2000 complete and 0 interrupted iterations
main   [  33% ] 0000/0100 VUs  1m40.0s/5m0s  20.00 iters/s

running (1m41.0s), 0000/0100 VUs, 2020 complete and 0 interrupted iterations
main   [  34% ] 0000/0100 VUs  1m41.0s/5m0s  20.00 iters/s

running (1m42.0s), 0000/0100 VUs, 2040 complete and 0 interrupted iterations
main   [  34% ] 0000/0100 VUs  1m42.0s/5m0s  20.00 iters/s

running (1m43.0s), 0000/0100 VUs, 2060 complete and 0 interrupted iterations
main   [  34% ] 0000/0100 VUs  1m43.0s/5m0s  20.00 iters/s

running (1m44.0s), 0000/0100 VUs, 2080 complete and 0 interrupted iterations
main   [  35% ] 0000/0100 VUs  1m44.0s/5m0s  20.00 iters/s

running (1m45.0s), 0000/0100 VUs, 2100 complete and 0 interrupted iterations
main   [  35% ] 0000/0100 VUs  1m45.0s/5m0s  20.00 iters/s

running (1m46.0s), 0000/0100 VUs, 2120 complete and 0 interrupted iterations
main   [  35% ] 0000/0100 VUs  1m46.0s/5m0s  20.00 iters/s

running (1m47.0s), 0000/0100 VUs, 2140 complete and 0 interrupted iterations
main   [  36% ] 0000/0100 VUs  1m47.0s/5m0s  20.00 iters/s

running (1m48.0s), 0000/0100 VUs, 2160 complete and 0 interrupted iterations
main   [  36% ] 0000/0100 VUs  1m48.0s/5m0s  20.00 iters/s

running (1m49.0s), 0000/0100 VUs, 2180 complete and 0 interrupted iterations
main   [  36% ] 0000/0100 VUs  1m49.0s/5m0s  20.00 iters/s

running (1m50.0s), 0000/0100 VUs, 2200 complete and 0 interrupted iterations
main   [  37% ] 0000/0100 VUs  1m50.0s/5m0s  20.00 iters/s

running (1m51.0s), 0000/0100 VUs, 2220 complete and 0 interrupted iterations
main   [  37% ] 0000/0100 VUs  1m51.0s/5m0s  20.00 iters/s

running (1m52.0s), 0000/0100 VUs, 2240 complete and 0 interrupted iterations
main   [  37% ] 0000/0100 VUs  1m52.0s/5m0s  20.00 iters/s

running (1m53.0s), 0000/0100 VUs, 2260 complete and 0 interrupted iterations
main   [  38% ] 0000/0100 VUs  1m53.0s/5m0s  20.00 iters/s

running (1m54.0s), 0000/0100 VUs, 2280 complete and 0 interrupted iterations
main   [  38% ] 0000/0100 VUs  1m54.0s/5m0s  20.00 iters/s

running (1m55.0s), 0000/0100 VUs, 2300 complete and 0 interrupted iterations
main   [  38% ] 0000/0100 VUs  1m55.0s/5m0s  20.00 iters/s

running (1m56.0s), 0000/0100 VUs, 2320 complete and 0 interrupted iterations
main   [  39% ] 0000/0100 VUs  1m56.0s/5m0s  20.00 iters/s

running (1m57.0s), 0000/0100 VUs, 2340 complete and 0 interrupted iterations
main   [  39% ] 0000/0100 VUs  1m57.0s/5m0s  20.00 iters/s

running (1m58.0s), 0000/0100 VUs, 2360 complete and 0 interrupted iterations
main   [  39% ] 0000/0100 VUs  1m58.0s/5m0s  20.00 iters/s

running (1m59.0s), 0000/0100 VUs, 2380 complete and 0 interrupted iterations
main   [  40% ] 0000/0100 VUs  1m59.0s/5m0s  20.00 iters/s

running (2m00.0s), 0000/0100 VUs, 2400 complete and 0 interrupted iterations
main   [  40% ] 0000/0100 VUs  2m00.0s/5m0s  20.00 iters/s

running (2m01.0s), 0000/0100 VUs, 2420 complete and 0 interrupted iterations
main   [  40% ] 0000/0100 VUs  2m01.0s/5m0s  20.00 iters/s

running (2m02.0s), 0000/0100 VUs, 2440 complete and 0 interrupted iterations
main   [  41% ] 0000/0100 VUs  2m02.0s/5m0s  20.00 iters/s

running (2m03.0s), 0000/0100 VUs, 2460 complete and 0 interrupted iterations
main   [  41% ] 0000/0100 VUs  2m03.0s/5m0s  20.00 iters/s

running (2m04.0s), 0000/0100 VUs, 2480 complete and 0 interrupted iterations
main   [  41% ] 0000/0100 VUs  2m04.0s/5m0s  20.00 iters/s

running (2m05.0s), 0000/0100 VUs, 2500 complete and 0 interrupted iterations
main   [  42% ] 0000/0100 VUs  2m05.0s/5m0s  20.00 iters/s

running (2m06.0s), 0000/0100 VUs, 2520 complete and 0 interrupted iterations
main   [  42% ] 0000/0100 VUs  2m06.0s/5m0s  20.00 iters/s

running (2m07.0s), 0000/0100 VUs, 2540 complete and 0 interrupted iterations
main   [  42% ] 0000/0100 VUs  2m07.0s/5m0s  20.00 iters/s

running (2m08.0s), 0000/0100 VUs, 2560 complete and 0 interrupted iterations
main   [  43% ] 0000/0100 VUs  2m08.0s/5m0s  20.00 iters/s

running (2m09.0s), 0000/0100 VUs, 2580 complete and 0 interrupted iterations
main   [  43% ] 0000/0100 VUs  2m09.0s/5m0s  20.00 iters/s

running (2m10.0s), 0000/0100 VUs, 2600 complete and 0 interrupted iterations
main   [  43% ] 0000/0100 VUs  2m10.0s/5m0s  20.00 iters/s

running (2m11.0s), 0000/0100 VUs, 2620 complete and 0 interrupted iterations
main   [  44% ] 0000/0100 VUs  2m11.0s/5m0s  20.00 iters/s

running (2m12.0s), 0000/0100 VUs, 2640 complete and 0 interrupted iterations
main   [  44% ] 0000/0100 VUs  2m12.0s/5m0s  20.00 iters/s

running (2m13.0s), 0000/0100 VUs, 2660 complete and 0 interrupted iterations
main   [  44% ] 0000/0100 VUs  2m13.0s/5m0s  20.00 iters/s

running (2m14.0s), 0000/0100 VUs, 2680 complete and 0 interrupted iterations
main   [  45% ] 0000/0100 VUs  2m14.0s/5m0s  20.00 iters/s

running (2m15.0s), 0000/0100 VUs, 2700 complete and 0 interrupted iterations
main   [  45% ] 0000/0100 VUs  2m15.0s/5m0s  20.00 iters/s

running (2m16.0s), 0000/0100 VUs, 2720 complete and 0 interrupted iterations
main   [  45% ] 0000/0100 VUs  2m16.0s/5m0s  20.00 iters/s

running (2m17.0s), 0000/0100 VUs, 2740 complete and 0 interrupted iterations
main   [  46% ] 0000/0100 VUs  2m17.0s/5m0s  20.00 iters/s

running (2m18.0s), 0000/0100 VUs, 2760 complete and 0 interrupted iterations
main   [  46% ] 0000/0100 VUs  2m18.0s/5m0s  20.00 iters/s

running (2m19.0s), 0000/0100 VUs, 2780 complete and 0 interrupted iterations
main   [  46% ] 0000/0100 VUs  2m19.0s/5m0s  20.00 iters/s

running (2m20.0s), 0000/0100 VUs, 2800 complete and 0 interrupted iterations
main   [  47% ] 0000/0100 VUs  2m20.0s/5m0s  20.00 iters/s

running (2m21.0s), 0000/0100 VUs, 2820 complete and 0 interrupted iterations
main   [  47% ] 0000/0100 VUs  2m21.0s/5m0s  20.00 iters/s

running (2m22.0s), 0000/0100 VUs, 2840 complete and 0 interrupted iterations
main   [  47% ] 0000/0100 VUs  2m22.0s/5m0s  20.00 iters/s

running (2m23.0s), 0000/0100 VUs, 2860 complete and 0 interrupted iterations
main   [  48% ] 0000/0100 VUs  2m23.0s/5m0s  20.00 iters/s

running (2m24.0s), 0000/0100 VUs, 2880 complete and 0 interrupted iterations
main   [  48% ] 0000/0100 VUs  2m24.0s/5m0s  20.00 iters/s

running (2m25.0s), 0000/0100 VUs, 2900 complete and 0 interrupted iterations
main   [  48% ] 0000/0100 VUs  2m25.0s/5m0s  20.00 iters/s

running (2m26.0s), 0000/0100 VUs, 2920 complete and 0 interrupted iterations
main   [  49% ] 0000/0100 VUs  2m26.0s/5m0s  20.00 iters/s

running (2m27.0s), 0000/0100 VUs, 2940 complete and 0 interrupted iterations
main   [  49% ] 0000/0100 VUs  2m27.0s/5m0s  20.00 iters/s

running (2m28.0s), 0000/0100 VUs, 2960 complete and 0 interrupted iterations
main   [  49% ] 0000/0100 VUs  2m28.0s/5m0s  20.00 iters/s

running (2m29.0s), 0000/0100 VUs, 2980 complete and 0 interrupted iterations
main   [  50% ] 0000/0100 VUs  2m29.0s/5m0s  20.00 iters/s

running (2m30.0s), 0000/0100 VUs, 3000 complete and 0 interrupted iterations
main   [  50% ] 0000/0100 VUs  2m30.0s/5m0s  20.00 iters/s

running (2m31.0s), 0000/0100 VUs, 3020 complete and 0 interrupted iterations
main   [  50% ] 0000/0100 VUs  2m31.0s/5m0s  20.00 iters/s

running (2m32.0s), 0000/0100 VUs, 3040 complete and 0 interrupted iterations
main   [  51% ] 0000/0100 VUs  2m32.0s/5m0s  20.00 iters/s

running (2m33.0s), 0000/0100 VUs, 3060 complete and 0 interrupted iterations
main   [  51% ] 0000/0100 VUs  2m33.0s/5m0s  20.00 iters/s

running (2m34.0s), 0000/0100 VUs, 3080 complete and 0 interrupted iterations
main   [  51% ] 0000/0100 VUs  2m34.0s/5m0s  20.00 iters/s

running (2m35.0s), 0000/0100 VUs, 3100 complete and 0 interrupted iterations
main   [  52% ] 0000/0100 VUs  2m35.0s/5m0s  20.00 iters/s

running (2m36.0s), 0000/0100 VUs, 3120 complete and 0 interrupted iterations
main   [  52% ] 0000/0100 VUs  2m36.0s/5m0s  20.00 iters/s

running (2m37.0s), 0000/0100 VUs, 3140 complete and 0 interrupted iterations
main   [  52% ] 0000/0100 VUs  2m37.0s/5m0s  20.00 iters/s

running (2m38.0s), 0000/0100 VUs, 3160 complete and 0 interrupted iterations
main   [  53% ] 0000/0100 VUs  2m38.0s/5m0s  20.00 iters/s

running (2m39.0s), 0000/0100 VUs, 3180 complete and 0 interrupted iterations
main   [  53% ] 0000/0100 VUs  2m39.0s/5m0s  20.00 iters/s

running (2m40.0s), 0000/0100 VUs, 3200 complete and 0 interrupted iterations
main   [  53% ] 0000/0100 VUs  2m40.0s/5m0s  20.00 iters/s

running (2m41.0s), 0000/0100 VUs, 3220 complete and 0 interrupted iterations
main   [  54% ] 0000/0100 VUs  2m41.0s/5m0s  20.00 iters/s

running (2m42.0s), 0000/0100 VUs, 3240 complete and 0 interrupted iterations
main   [  54% ] 0000/0100 VUs  2m42.0s/5m0s  20.00 iters/s

running (2m43.0s), 0000/0100 VUs, 3260 complete and 0 interrupted iterations
main   [  54% ] 0000/0100 VUs  2m43.0s/5m0s  20.00 iters/s

running (2m44.0s), 0000/0100 VUs, 3280 complete and 0 interrupted iterations
main   [  55% ] 0000/0100 VUs  2m44.0s/5m0s  20.00 iters/s

running (2m45.0s), 0000/0100 VUs, 3300 complete and 0 interrupted iterations
main   [  55% ] 0000/0100 VUs  2m45.0s/5m0s  20.00 iters/s

running (2m46.0s), 0000/0100 VUs, 3320 complete and 0 interrupted iterations
main   [  55% ] 0000/0100 VUs  2m46.0s/5m0s  20.00 iters/s

running (2m47.0s), 0000/0100 VUs, 3340 complete and 0 interrupted iterations
main   [  56% ] 0000/0100 VUs  2m47.0s/5m0s  20.00 iters/s

running (2m48.0s), 0000/0100 VUs, 3360 complete and 0 interrupted iterations
main   [  56% ] 0000/0100 VUs  2m48.0s/5m0s  20.00 iters/s

running (2m49.0s), 0000/0100 VUs, 3380 complete and 0 interrupted iterations
main   [  56% ] 0000/0100 VUs  2m49.0s/5m0s  20.00 iters/s

running (2m50.0s), 0000/0100 VUs, 3400 complete and 0 interrupted iterations
main   [  57% ] 0000/0100 VUs  2m50.0s/5m0s  20.00 iters/s

running (2m51.0s), 0000/0100 VUs, 3420 complete and 0 interrupted iterations
main   [  57% ] 0000/0100 VUs  2m51.0s/5m0s  20.00 iters/s

running (2m52.0s), 0000/0100 VUs, 3440 complete and 0 interrupted iterations
main   [  57% ] 0000/0100 VUs  2m52.0s/5m0s  20.00 iters/s

running (2m53.0s), 0000/0100 VUs, 3460 complete and 0 interrupted iterations
main   [  58% ] 0000/0100 VUs  2m53.0s/5m0s  20.00 iters/s

running (2m54.0s), 0000/0100 VUs, 3480 complete and 0 interrupted iterations
main   [  58% ] 0000/0100 VUs  2m54.0s/5m0s  20.00 iters/s

running (2m55.0s), 0000/0100 VUs, 3500 complete and 0 interrupted iterations
main   [  58% ] 0000/0100 VUs  2m55.0s/5m0s  20.00 iters/s

running (2m56.0s), 0000/0100 VUs, 3520 complete and 0 interrupted iterations
main   [  59% ] 0000/0100 VUs  2m56.0s/5m0s  20.00 iters/s

running (2m57.0s), 0000/0100 VUs, 3540 complete and 0 interrupted iterations
main   [  59% ] 0000/0100 VUs  2m57.0s/5m0s  20.00 iters/s

running (2m58.0s), 0000/0100 VUs, 3560 complete and 0 interrupted iterations
main   [  59% ] 0000/0100 VUs  2m58.0s/5m0s  20.00 iters/s

running (2m59.0s), 0000/0100 VUs, 3580 complete and 0 interrupted iterations
main   [  60% ] 0000/0100 VUs  2m59.0s/5m0s  20.00 iters/s

running (3m00.0s), 0000/0100 VUs, 3600 complete and 0 interrupted iterations
main   [  60% ] 0000/0100 VUs  3m00.0s/5m0s  20.00 iters/s

running (3m01.0s), 0000/0100 VUs, 3620 complete and 0 interrupted iterations
main   [  60% ] 0000/0100 VUs  3m01.0s/5m0s  20.00 iters/s

running (3m02.0s), 0000/0100 VUs, 3640 complete and 0 interrupted iterations
main   [  61% ] 0000/0100 VUs  3m02.0s/5m0s  20.00 iters/s

running (3m03.0s), 0000/0100 VUs, 3660 complete and 0 interrupted iterations
main   [  61% ] 0000/0100 VUs  3m03.0s/5m0s  20.00 iters/s

running (3m04.0s), 0000/0100 VUs, 3680 complete and 0 interrupted iterations
main   [  61% ] 0000/0100 VUs  3m04.0s/5m0s  20.00 iters/s

running (3m05.0s), 0000/0100 VUs, 3700 complete and 0 interrupted iterations
main   [  62% ] 0000/0100 VUs  3m05.0s/5m0s  20.00 iters/s

running (3m06.0s), 0000/0100 VUs, 3720 complete and 0 interrupted iterations
main   [  62% ] 0000/0100 VUs  3m06.0s/5m0s  20.00 iters/s

running (3m07.0s), 0000/0100 VUs, 3740 complete and 0 interrupted iterations
main   [  62% ] 0000/0100 VUs  3m07.0s/5m0s  20.00 iters/s

running (3m08.0s), 0000/0100 VUs, 3760 complete and 0 interrupted iterations
main   [  63% ] 0000/0100 VUs  3m08.0s/5m0s  20.00 iters/s

running (3m09.0s), 0000/0100 VUs, 3780 complete and 0 interrupted iterations
main   [  63% ] 0000/0100 VUs  3m09.0s/5m0s  20.00 iters/s

running (3m10.0s), 0000/0100 VUs, 3800 complete and 0 interrupted iterations
main   [  63% ] 0000/0100 VUs  3m10.0s/5m0s  20.00 iters/s

running (3m11.0s), 0000/0100 VUs, 3820 complete and 0 interrupted iterations
main   [  64% ] 0000/0100 VUs  3m11.0s/5m0s  20.00 iters/s

running (3m12.0s), 0000/0100 VUs, 3840 complete and 0 interrupted iterations
main   [  64% ] 0000/0100 VUs  3m12.0s/5m0s  20.00 iters/s

running (3m13.0s), 0000/0100 VUs, 3860 complete and 0 interrupted iterations
main   [  64% ] 0000/0100 VUs  3m13.0s/5m0s  20.00 iters/s

running (3m14.0s), 0000/0100 VUs, 3880 complete and 0 interrupted iterations
main   [  65% ] 0000/0100 VUs  3m14.0s/5m0s  20.00 iters/s

running (3m15.0s), 0000/0100 VUs, 3900 complete and 0 interrupted iterations
main   [  65% ] 0000/0100 VUs  3m15.0s/5m0s  20.00 iters/s

running (3m16.0s), 0000/0100 VUs, 3920 complete and 0 interrupted iterations
main   [  65% ] 0000/0100 VUs  3m16.0s/5m0s  20.00 iters/s

running (3m17.0s), 0000/0100 VUs, 3940 complete and 0 interrupted iterations
main   [  66% ] 0000/0100 VUs  3m17.0s/5m0s  20.00 iters/s

running (3m18.0s), 0000/0100 VUs, 3960 complete and 0 interrupted iterations
main   [  66% ] 0000/0100 VUs  3m18.0s/5m0s  20.00 iters/s

running (3m19.0s), 0000/0100 VUs, 3980 complete and 0 interrupted iterations
main   [  66% ] 0000/0100 VUs  3m19.0s/5m0s  20.00 iters/s

running (3m20.0s), 0000/0100 VUs, 4000 complete and 0 interrupted iterations
main   [  67% ] 0000/0100 VUs  3m20.0s/5m0s  20.00 iters/s

running (3m21.0s), 0000/0100 VUs, 4020 complete and 0 interrupted iterations
main   [  67% ] 0000/0100 VUs  3m21.0s/5m0s  20.00 iters/s

running (3m22.0s), 0000/0100 VUs, 4040 complete and 0 interrupted iterations
main   [  67% ] 0000/0100 VUs  3m22.0s/5m0s  20.00 iters/s

running (3m23.0s), 0000/0100 VUs, 4060 complete and 0 interrupted iterations
main   [  68% ] 0000/0100 VUs  3m23.0s/5m0s  20.00 iters/s

running (3m24.0s), 0000/0100 VUs, 4080 complete and 0 interrupted iterations
main   [  68% ] 0000/0100 VUs  3m24.0s/5m0s  20.00 iters/s

running (3m25.0s), 0000/0100 VUs, 4100 complete and 0 interrupted iterations
main   [  68% ] 0000/0100 VUs  3m25.0s/5m0s  20.00 iters/s

running (3m26.0s), 0000/0100 VUs, 4120 complete and 0 interrupted iterations
main   [  69% ] 0000/0100 VUs  3m26.0s/5m0s  20.00 iters/s

running (3m27.0s), 0000/0100 VUs, 4140 complete and 0 interrupted iterations
main   [  69% ] 0000/0100 VUs  3m27.0s/5m0s  20.00 iters/s

running (3m28.0s), 0000/0100 VUs, 4160 complete and 0 interrupted iterations
main   [  69% ] 0000/0100 VUs  3m28.0s/5m0s  20.00 iters/s

running (3m29.0s), 0000/0100 VUs, 4180 complete and 0 interrupted iterations
main   [  70% ] 0000/0100 VUs  3m29.0s/5m0s  20.00 iters/s

running (3m30.0s), 0000/0100 VUs, 4200 complete and 0 interrupted iterations
main   [  70% ] 0000/0100 VUs  3m30.0s/5m0s  20.00 iters/s

running (3m31.0s), 0000/0100 VUs, 4220 complete and 0 interrupted iterations
main   [  70% ] 0000/0100 VUs  3m31.0s/5m0s  20.00 iters/s

running (3m32.0s), 0000/0100 VUs, 4240 complete and 0 interrupted iterations
main   [  71% ] 0000/0100 VUs  3m32.0s/5m0s  20.00 iters/s

running (3m33.0s), 0000/0100 VUs, 4260 complete and 0 interrupted iterations
main   [  71% ] 0000/0100 VUs  3m33.0s/5m0s  20.00 iters/s

running (3m34.0s), 0000/0100 VUs, 4280 complete and 0 interrupted iterations
main   [  71% ] 0000/0100 VUs  3m34.0s/5m0s  20.00 iters/s

running (3m35.0s), 0000/0100 VUs, 4300 complete and 0 interrupted iterations
main   [  72% ] 0000/0100 VUs  3m35.0s/5m0s  20.00 iters/s

running (3m36.0s), 0000/0100 VUs, 4320 complete and 0 interrupted iterations
main   [  72% ] 0000/0100 VUs  3m36.0s/5m0s  20.00 iters/s

running (3m37.0s), 0000/0100 VUs, 4340 complete and 0 interrupted iterations
main   [  72% ] 0000/0100 VUs  3m37.0s/5m0s  20.00 iters/s

running (3m38.0s), 0000/0100 VUs, 4360 complete and 0 interrupted iterations
main   [  73% ] 0000/0100 VUs  3m38.0s/5m0s  20.00 iters/s

running (3m39.0s), 0000/0100 VUs, 4380 complete and 0 interrupted iterations
main   [  73% ] 0000/0100 VUs  3m39.0s/5m0s  20.00 iters/s

running (3m40.0s), 0000/0100 VUs, 4400 complete and 0 interrupted iterations
main   [  73% ] 0000/0100 VUs  3m40.0s/5m0s  20.00 iters/s

running (3m41.0s), 0000/0100 VUs, 4420 complete and 0 interrupted iterations
main   [  74% ] 0000/0100 VUs  3m41.0s/5m0s  20.00 iters/s

running (3m42.0s), 0000/0100 VUs, 4440 complete and 0 interrupted iterations
main   [  74% ] 0000/0100 VUs  3m42.0s/5m0s  20.00 iters/s

running (3m43.0s), 0000/0100 VUs, 4460 complete and 0 interrupted iterations
main   [  74% ] 0000/0100 VUs  3m43.0s/5m0s  20.00 iters/s

running (3m44.0s), 0000/0100 VUs, 4480 complete and 0 interrupted iterations
main   [  75% ] 0000/0100 VUs  3m44.0s/5m0s  20.00 iters/s

running (3m45.0s), 0000/0100 VUs, 4500 complete and 0 interrupted iterations
main   [  75% ] 0000/0100 VUs  3m45.0s/5m0s  20.00 iters/s

running (3m46.0s), 0000/0100 VUs, 4520 complete and 0 interrupted iterations
main   [  75% ] 0000/0100 VUs  3m46.0s/5m0s  20.00 iters/s

running (3m47.0s), 0000/0100 VUs, 4540 complete and 0 interrupted iterations
main   [  76% ] 0000/0100 VUs  3m47.0s/5m0s  20.00 iters/s

running (3m48.0s), 0000/0100 VUs, 4560 complete and 0 interrupted iterations
main   [  76% ] 0000/0100 VUs  3m48.0s/5m0s  20.00 iters/s

running (3m49.0s), 0000/0100 VUs, 4580 complete and 0 interrupted iterations
main   [  76% ] 0000/0100 VUs  3m49.0s/5m0s  20.00 iters/s

running (3m50.0s), 0000/0100 VUs, 4600 complete and 0 interrupted iterations
main   [  77% ] 0000/0100 VUs  3m50.0s/5m0s  20.00 iters/s

running (3m51.0s), 0000/0100 VUs, 4620 complete and 0 interrupted iterations
main   [  77% ] 0000/0100 VUs  3m51.0s/5m0s  20.00 iters/s

running (3m52.0s), 0000/0100 VUs, 4640 complete and 0 interrupted iterations
main   [  77% ] 0000/0100 VUs  3m52.0s/5m0s  20.00 iters/s

running (3m53.0s), 0000/0100 VUs, 4660 complete and 0 interrupted iterations
main   [  78% ] 0000/0100 VUs  3m53.0s/5m0s  20.00 iters/s

running (3m54.0s), 0000/0100 VUs, 4680 complete and 0 interrupted iterations
main   [  78% ] 0000/0100 VUs  3m54.0s/5m0s  20.00 iters/s

running (3m55.0s), 0000/0100 VUs, 4700 complete and 0 interrupted iterations
main   [  78% ] 0000/0100 VUs  3m55.0s/5m0s  20.00 iters/s

running (3m56.0s), 0000/0100 VUs, 4720 complete and 0 interrupted iterations
main   [  79% ] 0000/0100 VUs  3m56.0s/5m0s  20.00 iters/s

running (3m57.0s), 0000/0100 VUs, 4740 complete and 0 interrupted iterations
main   [  79% ] 0000/0100 VUs  3m57.0s/5m0s  20.00 iters/s

running (3m58.0s), 0000/0100 VUs, 4760 complete and 0 interrupted iterations
main   [  79% ] 0000/0100 VUs  3m58.0s/5m0s  20.00 iters/s

running (3m59.0s), 0000/0100 VUs, 4780 complete and 0 interrupted iterations
main   [  80% ] 0000/0100 VUs  3m59.0s/5m0s  20.00 iters/s

running (4m00.0s), 0000/0100 VUs, 4800 complete and 0 interrupted iterations
main   [  80% ] 0000/0100 VUs  4m00.0s/5m0s  20.00 iters/s

running (4m01.0s), 0000/0100 VUs, 4820 complete and 0 interrupted iterations
main   [  80% ] 0000/0100 VUs  4m01.0s/5m0s  20.00 iters/s

running (4m02.0s), 0000/0100 VUs, 4840 complete and 0 interrupted iterations
main   [  81% ] 0000/0100 VUs  4m02.0s/5m0s  20.00 iters/s

running (4m03.0s), 0000/0100 VUs, 4860 complete and 0 interrupted iterations
main   [  81% ] 0000/0100 VUs  4m03.0s/5m0s  20.00 iters/s

running (4m04.0s), 0000/0100 VUs, 4880 complete and 0 interrupted iterations
main   [  81% ] 0000/0100 VUs  4m04.0s/5m0s  20.00 iters/s

running (4m05.0s), 0000/0100 VUs, 4900 complete and 0 interrupted iterations
main   [  82% ] 0000/0100 VUs  4m05.0s/5m0s  20.00 iters/s

running (4m06.0s), 0000/0100 VUs, 4920 complete and 0 interrupted iterations
main   [  82% ] 0000/0100 VUs  4m06.0s/5m0s  20.00 iters/s

running (4m07.0s), 0000/0100 VUs, 4940 complete and 0 interrupted iterations
main   [  82% ] 0000/0100 VUs  4m07.0s/5m0s  20.00 iters/s

running (4m08.0s), 0000/0100 VUs, 4960 complete and 0 interrupted iterations
main   [  83% ] 0000/0100 VUs  4m08.0s/5m0s  20.00 iters/s

running (4m09.0s), 0000/0100 VUs, 4980 complete and 0 interrupted iterations
main   [  83% ] 0000/0100 VUs  4m09.0s/5m0s  20.00 iters/s

running (4m10.0s), 0000/0100 VUs, 5000 complete and 0 interrupted iterations
main   [  83% ] 0000/0100 VUs  4m10.0s/5m0s  20.00 iters/s

running (4m11.0s), 0000/0100 VUs, 5020 complete and 0 interrupted iterations
main   [  84% ] 0000/0100 VUs  4m11.0s/5m0s  20.00 iters/s

running (4m12.0s), 0000/0100 VUs, 5040 complete and 0 interrupted iterations
main   [  84% ] 0000/0100 VUs  4m12.0s/5m0s  20.00 iters/s

running (4m13.0s), 0000/0100 VUs, 5060 complete and 0 interrupted iterations
main   [  84% ] 0000/0100 VUs  4m13.0s/5m0s  20.00 iters/s

running (4m14.0s), 0000/0100 VUs, 5080 complete and 0 interrupted iterations
main   [  85% ] 0000/0100 VUs  4m14.0s/5m0s  20.00 iters/s

running (4m15.0s), 0000/0100 VUs, 5100 complete and 0 interrupted iterations
main   [  85% ] 0000/0100 VUs  4m15.0s/5m0s  20.00 iters/s

running (4m16.0s), 0000/0100 VUs, 5120 complete and 0 interrupted iterations
main   [  85% ] 0000/0100 VUs  4m16.0s/5m0s  20.00 iters/s

running (4m17.0s), 0000/0100 VUs, 5140 complete and 0 interrupted iterations
main   [  86% ] 0000/0100 VUs  4m17.0s/5m0s  20.00 iters/s

running (4m18.0s), 0000/0100 VUs, 5160 complete and 0 interrupted iterations
main   [  86% ] 0000/0100 VUs  4m18.0s/5m0s  20.00 iters/s

running (4m19.0s), 0000/0100 VUs, 5180 complete and 0 interrupted iterations
main   [  86% ] 0000/0100 VUs  4m19.0s/5m0s  20.00 iters/s

running (4m20.0s), 0000/0100 VUs, 5200 complete and 0 interrupted iterations
main   [  87% ] 0000/0100 VUs  4m20.0s/5m0s  20.00 iters/s

running (4m21.0s), 0000/0100 VUs, 5220 complete and 0 interrupted iterations
main   [  87% ] 0000/0100 VUs  4m21.0s/5m0s  20.00 iters/s

running (4m22.0s), 0000/0100 VUs, 5240 complete and 0 interrupted iterations
main   [  87% ] 0000/0100 VUs  4m22.0s/5m0s  20.00 iters/s

running (4m23.0s), 0000/0100 VUs, 5260 complete and 0 interrupted iterations
main   [  88% ] 0000/0100 VUs  4m23.0s/5m0s  20.00 iters/s

running (4m24.0s), 0000/0100 VUs, 5280 complete and 0 interrupted iterations
main   [  88% ] 0000/0100 VUs  4m24.0s/5m0s  20.00 iters/s

running (4m25.0s), 0000/0100 VUs, 5300 complete and 0 interrupted iterations
main   [  88% ] 0000/0100 VUs  4m25.0s/5m0s  20.00 iters/s

running (4m26.0s), 0000/0100 VUs, 5320 complete and 0 interrupted iterations
main   [  89% ] 0000/0100 VUs  4m26.0s/5m0s  20.00 iters/s

running (4m27.0s), 0000/0100 VUs, 5340 complete and 0 interrupted iterations
main   [  89% ] 0000/0100 VUs  4m27.0s/5m0s  20.00 iters/s

running (4m28.0s), 0000/0100 VUs, 5360 complete and 0 interrupted iterations
main   [  89% ] 0000/0100 VUs  4m28.0s/5m0s  20.00 iters/s

running (4m29.0s), 0000/0100 VUs, 5380 complete and 0 interrupted iterations
main   [  90% ] 0000/0100 VUs  4m29.0s/5m0s  20.00 iters/s

running (4m30.0s), 0000/0100 VUs, 5400 complete and 0 interrupted iterations
main   [  90% ] 0000/0100 VUs  4m30.0s/5m0s  20.00 iters/s

running (4m31.0s), 0000/0100 VUs, 5420 complete and 0 interrupted iterations
main   [  90% ] 0000/0100 VUs  4m31.0s/5m0s  20.00 iters/s

running (4m32.0s), 0000/0100 VUs, 5440 complete and 0 interrupted iterations
main   [  91% ] 0000/0100 VUs  4m32.0s/5m0s  20.00 iters/s

running (4m33.0s), 0000/0100 VUs, 5460 complete and 0 interrupted iterations
main   [  91% ] 0000/0100 VUs  4m33.0s/5m0s  20.00 iters/s

running (4m34.0s), 0000/0100 VUs, 5480 complete and 0 interrupted iterations
main   [  91% ] 0000/0100 VUs  4m34.0s/5m0s  20.00 iters/s

running (4m35.0s), 0000/0100 VUs, 5500 complete and 0 interrupted iterations
main   [  92% ] 0000/0100 VUs  4m35.0s/5m0s  20.00 iters/s

running (4m36.0s), 0000/0100 VUs, 5520 complete and 0 interrupted iterations
main   [  92% ] 0000/0100 VUs  4m36.0s/5m0s  20.00 iters/s

running (4m37.0s), 0000/0100 VUs, 5540 complete and 0 interrupted iterations
main   [  92% ] 0000/0100 VUs  4m37.0s/5m0s  20.00 iters/s

running (4m38.0s), 0000/0100 VUs, 5560 complete and 0 interrupted iterations
main   [  93% ] 0000/0100 VUs  4m38.0s/5m0s  20.00 iters/s

running (4m39.0s), 0000/0100 VUs, 5580 complete and 0 interrupted iterations
main   [  93% ] 0000/0100 VUs  4m39.0s/5m0s  20.00 iters/s

running (4m40.0s), 0000/0100 VUs, 5600 complete and 0 interrupted iterations
main   [  93% ] 0000/0100 VUs  4m40.0s/5m0s  20.00 iters/s

running (4m41.0s), 0000/0100 VUs, 5620 complete and 0 interrupted iterations
main   [  94% ] 0000/0100 VUs  4m41.0s/5m0s  20.00 iters/s

running (4m42.0s), 0000/0100 VUs, 5640 complete and 0 interrupted iterations
main   [  94% ] 0000/0100 VUs  4m42.0s/5m0s  20.00 iters/s

running (4m43.0s), 0000/0100 VUs, 5660 complete and 0 interrupted iterations
main   [  94% ] 0000/0100 VUs  4m43.0s/5m0s  20.00 iters/s

running (4m44.0s), 0000/0100 VUs, 5680 complete and 0 interrupted iterations
main   [  95% ] 0000/0100 VUs  4m44.0s/5m0s  20.00 iters/s

running (4m45.0s), 0000/0100 VUs, 5700 complete and 0 interrupted iterations
main   [  95% ] 0000/0100 VUs  4m45.0s/5m0s  20.00 iters/s

running (4m46.0s), 0000/0100 VUs, 5720 complete and 0 interrupted iterations
main   [  95% ] 0000/0100 VUs  4m46.0s/5m0s  20.00 iters/s

running (4m47.0s), 0000/0100 VUs, 5740 complete and 0 interrupted iterations
main   [  96% ] 0000/0100 VUs  4m47.0s/5m0s  20.00 iters/s

running (4m48.0s), 0000/0100 VUs, 5760 complete and 0 interrupted iterations
main   [  96% ] 0000/0100 VUs  4m48.0s/5m0s  20.00 iters/s

running (4m49.0s), 0000/0100 VUs, 5780 complete and 0 interrupted iterations
main   [  96% ] 0000/0100 VUs  4m49.0s/5m0s  20.00 iters/s

running (4m50.0s), 0000/0100 VUs, 5800 complete and 0 interrupted iterations
main   [  97% ] 0000/0100 VUs  4m50.0s/5m0s  20.00 iters/s

running (4m51.0s), 0000/0100 VUs, 5820 complete and 0 interrupted iterations
main   [  97% ] 0000/0100 VUs  4m51.0s/5m0s  20.00 iters/s

running (4m52.0s), 0000/0100 VUs, 5840 complete and 0 interrupted iterations
main   [  97% ] 0000/0100 VUs  4m52.0s/5m0s  20.00 iters/s

running (4m53.0s), 0000/0100 VUs, 5860 complete and 0 interrupted iterations
main   [  98% ] 0000/0100 VUs  4m53.0s/5m0s  20.00 iters/s

running (4m54.0s), 0000/0100 VUs, 5880 complete and 0 interrupted iterations
main   [  98% ] 0000/0100 VUs  4m54.0s/5m0s  20.00 iters/s

running (4m55.0s), 0000/0100 VUs, 5900 complete and 0 interrupted iterations
main   [  98% ] 0000/0100 VUs  4m55.0s/5m0s  20.00 iters/s

running (4m56.0s), 0000/0100 VUs, 5920 complete and 0 interrupted iterations
main   [  99% ] 0000/0100 VUs  4m56.0s/5m0s  20.00 iters/s

running (4m57.0s), 0000/0100 VUs, 5940 complete and 0 interrupted iterations
main   [  99% ] 0000/0100 VUs  4m57.0s/5m0s  20.00 iters/s

running (4m58.0s), 0000/0100 VUs, 5960 complete and 0 interrupted iterations
main   [  99% ] 0000/0100 VUs  4m58.0s/5m0s  20.00 iters/s

running (4m59.0s), 0000/0100 VUs, 5980 complete and 0 interrupted iterations
main   [ 100% ] 0000/0100 VUs  4m59.0s/5m0s  20.00 iters/s

running (5m00.0s), 0000/0100 VUs, 6000 complete and 0 interrupted iterations
main   [ 100% ] 0000/0100 VUs  5m00.0s/5m0s  20.00 iters/s

running (5m00.0s), 0000/0100 VUs, 6000 complete and 0 interrupted iterations
main ✓ [ 100% ] 0000/0100 VUs  5m0s  20.00 iters/s
  Repeat 3 complete. Results in results/b-inbatch-nodup-rtt300-r20-n200-rep3-1781346079.json
=== Cell complete: 3 repeat(s) for b/inbatch-nodup rtt=300us ===

[campaign] (2) cell: b|inbatch|300|20|-|N=250,MAX_MEMBER_ID=2000
=== Cell: scenario=b style=inbatch rtt=300us rate=20rps duration=5m scale=full maxMember=2000 repeats=3 ===
[1/4] Setting netem delay 300us...
Setting netem delay 300us on lab-mysql eth0...
time="2026-06-13T19:26:19+09:00" level=warning msg="/Users/rene/rdb-join-lab/docker-compose.yml: the attribute `version` is obsolete, it will be ignored, please remove it to avoid potential confusion"
Current qdisc:
time="2026-06-13T19:26:19+09:00" level=warning msg="/Users/rene/rdb-join-lab/docker-compose.yml: the attribute `version` is obsolete, it will be ignored, please remove it to avoid potential confusion"
qdisc netem 8002: root refcnt 7 limit 1000 delay 300us seed 6802769613898362132
[2/4] Warming InnoDB buffer pool...
=== Step 1: Warm-up queries (priming buffer pool, ~10% of full scale) ===
COUNT(*)
3400211
COUNT(*)
1000000
COUNT(*)
8679702
COUNT(*)
10000
Warm-up queries complete.
=== Step 2: Triggering InnoDB buffer pool dump ===
time="2026-06-13T19:26:21+09:00" level=warning msg="/Users/rene/rdb-join-lab/docker-compose.yml: the attribute `version` is obsolete, it will be ignored, please remove it to avoid potential confusion"
mysql: [Warning] Using a password on the command line interface can be insecure.
Polling dump status (timeout 300s)...
  [0s] Dump status: Buffer pool(s) dump completed at 260613 10:26:21
Buffer pool dump completed.
=== Step 3: Triggering InnoDB buffer pool load ===
time="2026-06-13T19:26:21+09:00" level=warning msg="/Users/rene/rdb-join-lab/docker-compose.yml: the attribute `version` is obsolete, it will be ignored, please remove it to avoid potential confusion"
mysql: [Warning] Using a password on the command line interface can be insecure.
Polling load status (timeout 300s)...
  [0s] Load status: Buffer pool(s) load completed at 260613 10:26:21
Buffer pool load completed.
=== Step 3b: Capturing post-load snapshot for warm-state gate ===
COUNT(*)
1210060
COUNT(*)
8679702
COUNT(*)
10000
Re-verification queries complete.
=== Step 4: Warm-state gate (physical reads < 0.01, post-load window) ===
  Post-load reverify window: physical reads delta: 0 / 22886 = 0.0
  (Pre-warmup baseline: 111351 / 2454892020, for reference)
  Warm-state gate PASSED.
=== Step 5: ANALYZE TABLE ===
Table	Op	Msg_type	Msg_text
lab.coupon_policy	analyze	status	OK
lab.member	analyze	status	OK
lab.coupon_issue	analyze	status	OK
ANALYZE TABLE complete.
=== Step 5b: Capturing InnoDB engine status (AHI verification) ===
  InnoDB status captured: results/innodb-status-1781346382.txt
  AHI indicator: INSERT BUFFER AND ADAPTIVE HASH INDEX
0.00 hash searches/s, 24162.49 non-hash searches/s
=== Step 5c: EXPLAIN Scenario B ORDER BY id ASC (filesort check) ===
  WARNING: EXPLAIN shows 'Using filesort' for Scenario B ORDER BY id ASC query.
  Expected idx_issue_member_id to cover ORDER BY — check index creation in schema.sql.
  EXPLAIN output:
1	SIMPLE	coupon_issue	NULL	ref	idx_issue_member_status,idx_issue_member_id	idx_issue_member_status	8	const	1206	100.00	Using filesort
[3/4] Dual calibration (nominal=300us)...
  [held conn] calibrate n=10000...
{
    "n": 10000,
    "min": 346,
    "p50": 536,
    "p95": 585,
    "p99": 623,
    "max": 3686
}
  [per checkout] calibrate/loaded n=10000...
{
    "n": 10000,
    "min": 357,
    "p50": 535,
    "p95": 591,
    "p99": 652,
    "max": 1017
}
Running dual calibration probe (n=10000 held + n=10000 loaded)...
=== held (pure wire RTT) ===
{
    "n": 10000,
    "min": 348,
    "p50": 525,
    "p95": 629,
    "p99": 703,
    "max": 1799
}
=== loaded (wire RTT + pool checkout) ===
{
    "n": 10000,
    "min": 359,
    "p50": 547,
    "p95": 595,
    "p99": 647,
    "max": 3330
}

Appended dual record to results/calibration.jsonl: {"held": {"n": 10000, "min": 348, "p50": 525, "p95": 629, "p99": 703, "max": 1799}, "loaded": {"n": 10000, "min": 359, "p50": 547, "p95": 595, "p99": 647, "max": 3330}, "timestamp": "2026-06-13T10:26:44Z", "nominal_delay_us": 300}
[4/3] Running k6 repeat 1/3 (output -> results/b-inbatch-rtt300-r20-n250-rep1-1781346404.json)...
time="2026-06-13T19:26:44+09:00" level=warning msg="/Users/rene/rdb-join-lab/docker-compose.yml: the attribute `version` is obsolete, it will be ignored, please remove it to avoid potential confusion"

         /\      Grafana   /‾‾/  
    /\  /  \     |\  __   /  /   
   /  \/    \    | |/ /  /   ‾‾\ 
  /          \   |   (  |  (‾)  |
 / __________ \  |_|\_\  \_____/ 


     execution: local
        script: /scripts/scenario.js
        output: -

     scenarios: (100.00%) 1 scenario, 1000 max VUs, 5m30s max duration (incl. graceful stop):
              * main: 20.00 iterations/s for 5m0s (maxVUs: 100-1000, gracefulStop: 30s)


running (0m01.0s), 0000/0100 VUs, 20 complete and 0 interrupted iterations
main   [   0% ] 0000/0100 VUs  0m01.0s/5m0s  20.00 iters/s

running (0m02.0s), 0000/0100 VUs, 40 complete and 0 interrupted iterations
main   [   1% ] 0000/0100 VUs  0m02.0s/5m0s  20.00 iters/s

running (0m03.0s), 0000/0100 VUs, 60 complete and 0 interrupted iterations
main   [   1% ] 0000/0100 VUs  0m03.0s/5m0s  20.00 iters/s

running (0m04.0s), 0000/0100 VUs, 80 complete and 0 interrupted iterations
main   [   1% ] 0000/0100 VUs  0m04.0s/5m0s  20.00 iters/s

running (0m05.0s), 0000/0100 VUs, 100 complete and 0 interrupted iterations
main   [   2% ] 0000/0100 VUs  0m05.0s/5m0s  20.00 iters/s

running (0m06.0s), 0000/0100 VUs, 120 complete and 0 interrupted iterations
main   [   2% ] 0000/0100 VUs  0m06.0s/5m0s  20.00 iters/s

running (0m07.0s), 0000/0100 VUs, 140 complete and 0 interrupted iterations
main   [   2% ] 0000/0100 VUs  0m07.0s/5m0s  20.00 iters/s

running (0m08.0s), 0000/0100 VUs, 160 complete and 0 interrupted iterations
main   [   3% ] 0000/0100 VUs  0m08.0s/5m0s  20.00 iters/s

running (0m09.0s), 0000/0100 VUs, 180 complete and 0 interrupted iterations
main   [   3% ] 0000/0100 VUs  0m09.0s/5m0s  20.00 iters/s

running (0m10.0s), 0000/0100 VUs, 200 complete and 0 interrupted iterations
main   [   3% ] 0000/0100 VUs  0m10.0s/5m0s  20.00 iters/s

running (0m11.0s), 0000/0100 VUs, 220 complete and 0 interrupted iterations
main   [   4% ] 0000/0100 VUs  0m11.0s/5m0s  20.00 iters/s

running (0m12.0s), 0000/0100 VUs, 240 complete and 0 interrupted iterations
main   [   4% ] 0000/0100 VUs  0m12.0s/5m0s  20.00 iters/s

running (0m13.0s), 0000/0100 VUs, 260 complete and 0 interrupted iterations
main   [   4% ] 0000/0100 VUs  0m13.0s/5m0s  20.00 iters/s

running (0m14.0s), 0000/0100 VUs, 280 complete and 0 interrupted iterations
main   [   5% ] 0000/0100 VUs  0m14.0s/5m0s  20.00 iters/s

running (0m15.0s), 0000/0100 VUs, 300 complete and 0 interrupted iterations
main   [   5% ] 0000/0100 VUs  0m15.0s/5m0s  20.00 iters/s

running (0m16.0s), 0000/0100 VUs, 320 complete and 0 interrupted iterations
main   [   5% ] 0000/0100 VUs  0m16.0s/5m0s  20.00 iters/s

running (0m17.0s), 0000/0100 VUs, 340 complete and 0 interrupted iterations
main   [   6% ] 0000/0100 VUs  0m17.0s/5m0s  20.00 iters/s

running (0m18.0s), 0000/0100 VUs, 360 complete and 0 interrupted iterations
main   [   6% ] 0000/0100 VUs  0m18.0s/5m0s  20.00 iters/s

running (0m19.0s), 0000/0100 VUs, 380 complete and 0 interrupted iterations
main   [   6% ] 0000/0100 VUs  0m19.0s/5m0s  20.00 iters/s

running (0m20.0s), 0000/0100 VUs, 400 complete and 0 interrupted iterations
main   [   7% ] 0000/0100 VUs  0m20.0s/5m0s  20.00 iters/s

running (0m21.0s), 0000/0100 VUs, 420 complete and 0 interrupted iterations
main   [   7% ] 0000/0100 VUs  0m21.0s/5m0s  20.00 iters/s

running (0m22.0s), 0000/0100 VUs, 440 complete and 0 interrupted iterations
main   [   7% ] 0000/0100 VUs  0m22.0s/5m0s  20.00 iters/s

running (0m23.0s), 0000/0100 VUs, 460 complete and 0 interrupted iterations
main   [   8% ] 0000/0100 VUs  0m23.0s/5m0s  20.00 iters/s

running (0m24.0s), 0000/0100 VUs, 480 complete and 0 interrupted iterations
main   [   8% ] 0000/0100 VUs  0m24.0s/5m0s  20.00 iters/s

running (0m25.0s), 0000/0100 VUs, 500 complete and 0 interrupted iterations
main   [   8% ] 0000/0100 VUs  0m25.0s/5m0s  20.00 iters/s

running (0m26.0s), 0000/0100 VUs, 520 complete and 0 interrupted iterations
main   [   9% ] 0000/0100 VUs  0m26.0s/5m0s  20.00 iters/s

running (0m27.0s), 0000/0100 VUs, 540 complete and 0 interrupted iterations
main   [   9% ] 0000/0100 VUs  0m27.0s/5m0s  20.00 iters/s

running (0m28.0s), 0000/0100 VUs, 560 complete and 0 interrupted iterations
main   [   9% ] 0000/0100 VUs  0m28.0s/5m0s  20.00 iters/s

running (0m29.0s), 0000/0100 VUs, 580 complete and 0 interrupted iterations
main   [  10% ] 0000/0100 VUs  0m29.0s/5m0s  20.00 iters/s

running (0m30.0s), 0000/0100 VUs, 600 complete and 0 interrupted iterations
main   [  10% ] 0000/0100 VUs  0m30.0s/5m0s  20.00 iters/s

running (0m31.0s), 0000/0100 VUs, 620 complete and 0 interrupted iterations
main   [  10% ] 0000/0100 VUs  0m31.0s/5m0s  20.00 iters/s

running (0m32.0s), 0000/0100 VUs, 640 complete and 0 interrupted iterations
main   [  11% ] 0000/0100 VUs  0m32.0s/5m0s  20.00 iters/s

running (0m33.0s), 0000/0100 VUs, 660 complete and 0 interrupted iterations
main   [  11% ] 0000/0100 VUs  0m33.0s/5m0s  20.00 iters/s

running (0m34.0s), 0000/0100 VUs, 680 complete and 0 interrupted iterations
main   [  11% ] 0000/0100 VUs  0m34.0s/5m0s  20.00 iters/s

running (0m35.0s), 0000/0100 VUs, 700 complete and 0 interrupted iterations
main   [  12% ] 0000/0100 VUs  0m35.0s/5m0s  20.00 iters/s

running (0m36.0s), 0000/0100 VUs, 720 complete and 0 interrupted iterations
main   [  12% ] 0000/0100 VUs  0m36.0s/5m0s  20.00 iters/s

running (0m37.0s), 0000/0100 VUs, 740 complete and 0 interrupted iterations
main   [  12% ] 0000/0100 VUs  0m37.0s/5m0s  20.00 iters/s

running (0m38.0s), 0000/0100 VUs, 760 complete and 0 interrupted iterations
main   [  13% ] 0000/0100 VUs  0m38.0s/5m0s  20.00 iters/s

running (0m39.0s), 0000/0100 VUs, 780 complete and 0 interrupted iterations
main   [  13% ] 0000/0100 VUs  0m39.0s/5m0s  20.00 iters/s

running (0m40.0s), 0000/0100 VUs, 800 complete and 0 interrupted iterations
main   [  13% ] 0000/0100 VUs  0m40.0s/5m0s  20.00 iters/s

running (0m41.0s), 0000/0100 VUs, 820 complete and 0 interrupted iterations
main   [  14% ] 0000/0100 VUs  0m41.0s/5m0s  20.00 iters/s

running (0m42.0s), 0000/0100 VUs, 840 complete and 0 interrupted iterations
main   [  14% ] 0000/0100 VUs  0m42.0s/5m0s  20.00 iters/s

running (0m43.0s), 0000/0100 VUs, 860 complete and 0 interrupted iterations
main   [  14% ] 0000/0100 VUs  0m43.0s/5m0s  20.00 iters/s

running (0m44.0s), 0000/0100 VUs, 880 complete and 0 interrupted iterations
main   [  15% ] 0000/0100 VUs  0m44.0s/5m0s  20.00 iters/s

running (0m45.0s), 0000/0100 VUs, 900 complete and 0 interrupted iterations
main   [  15% ] 0000/0100 VUs  0m45.0s/5m0s  20.00 iters/s

running (0m46.0s), 0000/0100 VUs, 920 complete and 0 interrupted iterations
main   [  15% ] 0000/0100 VUs  0m46.0s/5m0s  20.00 iters/s

running (0m47.0s), 0000/0100 VUs, 940 complete and 0 interrupted iterations
main   [  16% ] 0000/0100 VUs  0m47.0s/5m0s  20.00 iters/s

running (0m48.0s), 0000/0100 VUs, 960 complete and 0 interrupted iterations
main   [  16% ] 0000/0100 VUs  0m48.0s/5m0s  20.00 iters/s

running (0m49.0s), 0000/0100 VUs, 980 complete and 0 interrupted iterations
main   [  16% ] 0000/0100 VUs  0m49.0s/5m0s  20.00 iters/s

running (0m50.0s), 0000/0100 VUs, 1000 complete and 0 interrupted iterations
main   [  17% ] 0000/0100 VUs  0m50.0s/5m0s  20.00 iters/s

running (0m51.0s), 0000/0100 VUs, 1020 complete and 0 interrupted iterations
main   [  17% ] 0000/0100 VUs  0m51.0s/5m0s  20.00 iters/s

running (0m52.0s), 0000/0100 VUs, 1040 complete and 0 interrupted iterations
main   [  17% ] 0000/0100 VUs  0m52.0s/5m0s  20.00 iters/s

running (0m53.0s), 0000/0100 VUs, 1060 complete and 0 interrupted iterations
main   [  18% ] 0000/0100 VUs  0m53.0s/5m0s  20.00 iters/s

running (0m54.0s), 0000/0100 VUs, 1080 complete and 0 interrupted iterations
main   [  18% ] 0000/0100 VUs  0m54.0s/5m0s  20.00 iters/s

running (0m55.0s), 0000/0100 VUs, 1100 complete and 0 interrupted iterations
main   [  18% ] 0000/0100 VUs  0m55.0s/5m0s  20.00 iters/s

running (0m56.0s), 0000/0100 VUs, 1120 complete and 0 interrupted iterations
main   [  19% ] 0000/0100 VUs  0m56.0s/5m0s  20.00 iters/s

running (0m57.0s), 0000/0100 VUs, 1140 complete and 0 interrupted iterations
main   [  19% ] 0000/0100 VUs  0m57.0s/5m0s  20.00 iters/s

running (0m58.0s), 0000/0100 VUs, 1160 complete and 0 interrupted iterations
main   [  19% ] 0000/0100 VUs  0m58.0s/5m0s  20.00 iters/s

running (0m59.0s), 0000/0100 VUs, 1180 complete and 0 interrupted iterations
main   [  20% ] 0000/0100 VUs  0m59.0s/5m0s  20.00 iters/s

running (1m00.0s), 0000/0100 VUs, 1200 complete and 0 interrupted iterations
main   [  20% ] 0000/0100 VUs  1m00.0s/5m0s  20.00 iters/s

running (1m01.0s), 0000/0100 VUs, 1220 complete and 0 interrupted iterations
main   [  20% ] 0000/0100 VUs  1m01.0s/5m0s  20.00 iters/s

running (1m02.0s), 0000/0100 VUs, 1240 complete and 0 interrupted iterations
main   [  21% ] 0000/0100 VUs  1m02.0s/5m0s  20.00 iters/s

running (1m03.0s), 0000/0100 VUs, 1260 complete and 0 interrupted iterations
main   [  21% ] 0000/0100 VUs  1m03.0s/5m0s  20.00 iters/s

running (1m04.0s), 0000/0100 VUs, 1280 complete and 0 interrupted iterations
main   [  21% ] 0000/0100 VUs  1m04.0s/5m0s  20.00 iters/s

running (1m05.0s), 0000/0100 VUs, 1300 complete and 0 interrupted iterations
main   [  22% ] 0000/0100 VUs  1m05.0s/5m0s  20.00 iters/s

running (1m06.0s), 0000/0100 VUs, 1320 complete and 0 interrupted iterations
main   [  22% ] 0000/0100 VUs  1m06.0s/5m0s  20.00 iters/s

running (1m07.0s), 0000/0100 VUs, 1340 complete and 0 interrupted iterations
main   [  22% ] 0000/0100 VUs  1m07.0s/5m0s  20.00 iters/s

running (1m08.0s), 0000/0100 VUs, 1360 complete and 0 interrupted iterations
main   [  23% ] 0000/0100 VUs  1m08.0s/5m0s  20.00 iters/s

running (1m09.0s), 0000/0100 VUs, 1380 complete and 0 interrupted iterations
main   [  23% ] 0000/0100 VUs  1m09.0s/5m0s  20.00 iters/s

running (1m10.0s), 0000/0100 VUs, 1400 complete and 0 interrupted iterations
main   [  23% ] 0000/0100 VUs  1m10.0s/5m0s  20.00 iters/s

running (1m11.0s), 0000/0100 VUs, 1420 complete and 0 interrupted iterations
main   [  24% ] 0000/0100 VUs  1m11.0s/5m0s  20.00 iters/s

running (1m12.0s), 0000/0100 VUs, 1440 complete and 0 interrupted iterations
main   [  24% ] 0000/0100 VUs  1m12.0s/5m0s  20.00 iters/s

running (1m13.0s), 0000/0100 VUs, 1460 complete and 0 interrupted iterations
main   [  24% ] 0000/0100 VUs  1m13.0s/5m0s  20.00 iters/s

running (1m14.0s), 0000/0100 VUs, 1480 complete and 0 interrupted iterations
main   [  25% ] 0000/0100 VUs  1m14.0s/5m0s  20.00 iters/s

running (1m15.0s), 0000/0100 VUs, 1500 complete and 0 interrupted iterations
main   [  25% ] 0000/0100 VUs  1m15.0s/5m0s  20.00 iters/s

running (1m16.0s), 0000/0100 VUs, 1520 complete and 0 interrupted iterations
main   [  25% ] 0000/0100 VUs  1m16.0s/5m0s  20.00 iters/s

running (1m17.0s), 0000/0100 VUs, 1540 complete and 0 interrupted iterations
main   [  26% ] 0000/0100 VUs  1m17.0s/5m0s  20.00 iters/s

running (1m18.0s), 0000/0100 VUs, 1560 complete and 0 interrupted iterations
main   [  26% ] 0000/0100 VUs  1m18.0s/5m0s  20.00 iters/s

running (1m19.0s), 0000/0100 VUs, 1580 complete and 0 interrupted iterations
main   [  26% ] 0000/0100 VUs  1m19.0s/5m0s  20.00 iters/s

running (1m20.0s), 0000/0100 VUs, 1600 complete and 0 interrupted iterations
main   [  27% ] 0000/0100 VUs  1m20.0s/5m0s  20.00 iters/s

running (1m21.0s), 0000/0100 VUs, 1620 complete and 0 interrupted iterations
main   [  27% ] 0000/0100 VUs  1m21.0s/5m0s  20.00 iters/s

running (1m22.0s), 0000/0100 VUs, 1640 complete and 0 interrupted iterations
main   [  27% ] 0000/0100 VUs  1m22.0s/5m0s  20.00 iters/s

running (1m23.0s), 0000/0100 VUs, 1660 complete and 0 interrupted iterations
main   [  28% ] 0000/0100 VUs  1m23.0s/5m0s  20.00 iters/s

running (1m24.0s), 0000/0100 VUs, 1680 complete and 0 interrupted iterations
main   [  28% ] 0000/0100 VUs  1m24.0s/5m0s  20.00 iters/s

running (1m25.0s), 0000/0100 VUs, 1700 complete and 0 interrupted iterations
main   [  28% ] 0000/0100 VUs  1m25.0s/5m0s  20.00 iters/s

running (1m26.0s), 0000/0100 VUs, 1720 complete and 0 interrupted iterations
main   [  29% ] 0000/0100 VUs  1m26.0s/5m0s  20.00 iters/s

running (1m27.0s), 0000/0100 VUs, 1740 complete and 0 interrupted iterations
main   [  29% ] 0000/0100 VUs  1m27.0s/5m0s  20.00 iters/s

running (1m28.0s), 0000/0100 VUs, 1760 complete and 0 interrupted iterations
main   [  29% ] 0000/0100 VUs  1m28.0s/5m0s  20.00 iters/s

running (1m29.0s), 0000/0100 VUs, 1780 complete and 0 interrupted iterations
main   [  30% ] 0000/0100 VUs  1m29.0s/5m0s  20.00 iters/s

running (1m30.0s), 0000/0100 VUs, 1800 complete and 0 interrupted iterations
main   [  30% ] 0000/0100 VUs  1m30.0s/5m0s  20.00 iters/s

running (1m31.0s), 0000/0100 VUs, 1820 complete and 0 interrupted iterations
main   [  30% ] 0000/0100 VUs  1m31.0s/5m0s  20.00 iters/s

running (1m32.0s), 0000/0100 VUs, 1840 complete and 0 interrupted iterations
main   [  31% ] 0000/0100 VUs  1m32.0s/5m0s  20.00 iters/s

running (1m33.0s), 0000/0100 VUs, 1860 complete and 0 interrupted iterations
main   [  31% ] 0000/0100 VUs  1m33.0s/5m0s  20.00 iters/s

running (1m34.0s), 0000/0100 VUs, 1880 complete and 0 interrupted iterations
main   [  31% ] 0000/0100 VUs  1m34.0s/5m0s  20.00 iters/s

running (1m35.0s), 0000/0100 VUs, 1900 complete and 0 interrupted iterations
main   [  32% ] 0000/0100 VUs  1m35.0s/5m0s  20.00 iters/s

running (1m36.0s), 0000/0100 VUs, 1920 complete and 0 interrupted iterations
main   [  32% ] 0000/0100 VUs  1m36.0s/5m0s  20.00 iters/s

running (1m37.0s), 0000/0100 VUs, 1940 complete and 0 interrupted iterations
main   [  32% ] 0000/0100 VUs  1m37.0s/5m0s  20.00 iters/s

running (1m38.0s), 0000/0100 VUs, 1960 complete and 0 interrupted iterations
main   [  33% ] 0000/0100 VUs  1m38.0s/5m0s  20.00 iters/s

running (1m39.0s), 0000/0100 VUs, 1980 complete and 0 interrupted iterations
main   [  33% ] 0000/0100 VUs  1m39.0s/5m0s  20.00 iters/s

running (1m40.0s), 0000/0100 VUs, 2000 complete and 0 interrupted iterations
main   [  33% ] 0000/0100 VUs  1m40.0s/5m0s  20.00 iters/s

running (1m41.0s), 0000/0100 VUs, 2020 complete and 0 interrupted iterations
main   [  34% ] 0000/0100 VUs  1m41.0s/5m0s  20.00 iters/s

running (1m42.0s), 0000/0100 VUs, 2040 complete and 0 interrupted iterations
main   [  34% ] 0000/0100 VUs  1m42.0s/5m0s  20.00 iters/s

running (1m43.0s), 0000/0100 VUs, 2060 complete and 0 interrupted iterations
main   [  34% ] 0000/0100 VUs  1m43.0s/5m0s  20.00 iters/s

running (1m44.0s), 0000/0100 VUs, 2080 complete and 0 interrupted iterations
main   [  35% ] 0000/0100 VUs  1m44.0s/5m0s  20.00 iters/s

running (1m45.0s), 0000/0100 VUs, 2100 complete and 0 interrupted iterations
main   [  35% ] 0000/0100 VUs  1m45.0s/5m0s  20.00 iters/s

running (1m46.0s), 0000/0100 VUs, 2120 complete and 0 interrupted iterations
main   [  35% ] 0000/0100 VUs  1m46.0s/5m0s  20.00 iters/s

running (1m47.0s), 0000/0100 VUs, 2140 complete and 0 interrupted iterations
main   [  36% ] 0000/0100 VUs  1m47.0s/5m0s  20.00 iters/s

running (1m48.0s), 0000/0100 VUs, 2160 complete and 0 interrupted iterations
main   [  36% ] 0000/0100 VUs  1m48.0s/5m0s  20.00 iters/s

running (1m49.0s), 0000/0100 VUs, 2180 complete and 0 interrupted iterations
main   [  36% ] 0000/0100 VUs  1m49.0s/5m0s  20.00 iters/s

running (1m50.0s), 0000/0100 VUs, 2200 complete and 0 interrupted iterations
main   [  37% ] 0000/0100 VUs  1m50.0s/5m0s  20.00 iters/s

running (1m51.0s), 0000/0100 VUs, 2220 complete and 0 interrupted iterations
main   [  37% ] 0000/0100 VUs  1m51.0s/5m0s  20.00 iters/s

running (1m52.0s), 0000/0100 VUs, 2240 complete and 0 interrupted iterations
main   [  37% ] 0000/0100 VUs  1m52.0s/5m0s  20.00 iters/s

running (1m53.0s), 0000/0100 VUs, 2260 complete and 0 interrupted iterations
main   [  38% ] 0000/0100 VUs  1m53.0s/5m0s  20.00 iters/s

running (1m54.0s), 0000/0100 VUs, 2280 complete and 0 interrupted iterations
main   [  38% ] 0000/0100 VUs  1m54.0s/5m0s  20.00 iters/s

running (1m55.0s), 0000/0100 VUs, 2300 complete and 0 interrupted iterations
main   [  38% ] 0000/0100 VUs  1m55.0s/5m0s  20.00 iters/s

running (1m56.0s), 0000/0100 VUs, 2320 complete and 0 interrupted iterations
main   [  39% ] 0000/0100 VUs  1m56.0s/5m0s  20.00 iters/s

running (1m57.0s), 0000/0100 VUs, 2340 complete and 0 interrupted iterations
main   [  39% ] 0000/0100 VUs  1m57.0s/5m0s  20.00 iters/s

running (1m58.0s), 0000/0100 VUs, 2360 complete and 0 interrupted iterations
main   [  39% ] 0000/0100 VUs  1m58.0s/5m0s  20.00 iters/s

running (1m59.0s), 0000/0100 VUs, 2380 complete and 0 interrupted iterations
main   [  40% ] 0000/0100 VUs  1m59.0s/5m0s  20.00 iters/s

running (2m00.0s), 0000/0100 VUs, 2400 complete and 0 interrupted iterations
main   [  40% ] 0000/0100 VUs  2m00.0s/5m0s  20.00 iters/s

running (2m01.0s), 0000/0100 VUs, 2420 complete and 0 interrupted iterations
main   [  40% ] 0000/0100 VUs  2m01.0s/5m0s  20.00 iters/s

running (2m02.0s), 0000/0100 VUs, 2440 complete and 0 interrupted iterations
main   [  41% ] 0000/0100 VUs  2m02.0s/5m0s  20.00 iters/s

running (2m03.0s), 0000/0100 VUs, 2460 complete and 0 interrupted iterations
main   [  41% ] 0000/0100 VUs  2m03.0s/5m0s  20.00 iters/s

running (2m04.0s), 0000/0100 VUs, 2480 complete and 0 interrupted iterations
main   [  41% ] 0000/0100 VUs  2m04.0s/5m0s  20.00 iters/s

running (2m05.0s), 0000/0100 VUs, 2500 complete and 0 interrupted iterations
main   [  42% ] 0000/0100 VUs  2m05.0s/5m0s  20.00 iters/s

running (2m06.0s), 0000/0100 VUs, 2520 complete and 0 interrupted iterations
main   [  42% ] 0000/0100 VUs  2m06.0s/5m0s  20.00 iters/s

running (2m07.0s), 0000/0100 VUs, 2540 complete and 0 interrupted iterations
main   [  42% ] 0000/0100 VUs  2m07.0s/5m0s  20.00 iters/s

running (2m08.0s), 0000/0100 VUs, 2560 complete and 0 interrupted iterations
main   [  43% ] 0000/0100 VUs  2m08.0s/5m0s  20.00 iters/s

running (2m09.0s), 0000/0100 VUs, 2580 complete and 0 interrupted iterations
main   [  43% ] 0000/0100 VUs  2m09.0s/5m0s  20.00 iters/s

running (2m10.0s), 0000/0100 VUs, 2600 complete and 0 interrupted iterations
main   [  43% ] 0000/0100 VUs  2m10.0s/5m0s  20.00 iters/s

running (2m11.0s), 0000/0100 VUs, 2620 complete and 0 interrupted iterations
main   [  44% ] 0000/0100 VUs  2m11.0s/5m0s  20.00 iters/s

running (2m12.0s), 0000/0100 VUs, 2640 complete and 0 interrupted iterations
main   [  44% ] 0000/0100 VUs  2m12.0s/5m0s  20.00 iters/s

running (2m13.0s), 0000/0100 VUs, 2660 complete and 0 interrupted iterations
main   [  44% ] 0000/0100 VUs  2m13.0s/5m0s  20.00 iters/s

running (2m14.0s), 0000/0100 VUs, 2680 complete and 0 interrupted iterations
main   [  45% ] 0000/0100 VUs  2m14.0s/5m0s  20.00 iters/s

running (2m15.0s), 0000/0100 VUs, 2700 complete and 0 interrupted iterations
main   [  45% ] 0000/0100 VUs  2m15.0s/5m0s  20.00 iters/s

running (2m16.0s), 0000/0100 VUs, 2720 complete and 0 interrupted iterations
main   [  45% ] 0000/0100 VUs  2m16.0s/5m0s  20.00 iters/s

running (2m17.0s), 0000/0100 VUs, 2740 complete and 0 interrupted iterations
main   [  46% ] 0000/0100 VUs  2m17.0s/5m0s  20.00 iters/s

running (2m18.0s), 0000/0100 VUs, 2760 complete and 0 interrupted iterations
main   [  46% ] 0000/0100 VUs  2m18.0s/5m0s  20.00 iters/s

running (2m19.0s), 0000/0100 VUs, 2780 complete and 0 interrupted iterations
main   [  46% ] 0000/0100 VUs  2m19.0s/5m0s  20.00 iters/s

running (2m20.0s), 0000/0100 VUs, 2800 complete and 0 interrupted iterations
main   [  47% ] 0000/0100 VUs  2m20.0s/5m0s  20.00 iters/s

running (2m21.0s), 0000/0100 VUs, 2820 complete and 0 interrupted iterations
main   [  47% ] 0000/0100 VUs  2m21.0s/5m0s  20.00 iters/s

running (2m22.0s), 0000/0100 VUs, 2840 complete and 0 interrupted iterations
main   [  47% ] 0000/0100 VUs  2m22.0s/5m0s  20.00 iters/s

running (2m23.0s), 0000/0100 VUs, 2860 complete and 0 interrupted iterations
main   [  48% ] 0000/0100 VUs  2m23.0s/5m0s  20.00 iters/s

running (2m24.0s), 0000/0100 VUs, 2880 complete and 0 interrupted iterations
main   [  48% ] 0000/0100 VUs  2m24.0s/5m0s  20.00 iters/s

running (2m25.0s), 0000/0100 VUs, 2900 complete and 0 interrupted iterations
main   [  48% ] 0000/0100 VUs  2m25.0s/5m0s  20.00 iters/s

running (2m26.0s), 0000/0100 VUs, 2920 complete and 0 interrupted iterations
main   [  49% ] 0000/0100 VUs  2m26.0s/5m0s  20.00 iters/s

running (2m27.0s), 0000/0100 VUs, 2940 complete and 0 interrupted iterations
main   [  49% ] 0000/0100 VUs  2m27.0s/5m0s  20.00 iters/s

running (2m28.0s), 0000/0100 VUs, 2960 complete and 0 interrupted iterations
main   [  49% ] 0000/0100 VUs  2m28.0s/5m0s  20.00 iters/s

running (2m29.0s), 0000/0100 VUs, 2980 complete and 0 interrupted iterations
main   [  50% ] 0000/0100 VUs  2m29.0s/5m0s  20.00 iters/s

running (2m30.0s), 0000/0100 VUs, 3000 complete and 0 interrupted iterations
main   [  50% ] 0000/0100 VUs  2m30.0s/5m0s  20.00 iters/s

running (2m31.0s), 0000/0100 VUs, 3020 complete and 0 interrupted iterations
main   [  50% ] 0000/0100 VUs  2m31.0s/5m0s  20.00 iters/s

running (2m32.0s), 0000/0100 VUs, 3040 complete and 0 interrupted iterations
main   [  51% ] 0000/0100 VUs  2m32.0s/5m0s  20.00 iters/s

running (2m33.0s), 0000/0100 VUs, 3060 complete and 0 interrupted iterations
main   [  51% ] 0000/0100 VUs  2m33.0s/5m0s  20.00 iters/s

running (2m34.0s), 0000/0100 VUs, 3080 complete and 0 interrupted iterations
main   [  51% ] 0000/0100 VUs  2m34.0s/5m0s  20.00 iters/s

running (2m35.0s), 0000/0100 VUs, 3100 complete and 0 interrupted iterations
main   [  52% ] 0000/0100 VUs  2m35.0s/5m0s  20.00 iters/s

running (2m36.0s), 0000/0100 VUs, 3120 complete and 0 interrupted iterations
main   [  52% ] 0000/0100 VUs  2m36.0s/5m0s  20.00 iters/s

running (2m37.0s), 0000/0100 VUs, 3140 complete and 0 interrupted iterations
main   [  52% ] 0000/0100 VUs  2m37.0s/5m0s  20.00 iters/s

running (2m38.0s), 0000/0100 VUs, 3160 complete and 0 interrupted iterations
main   [  53% ] 0000/0100 VUs  2m38.0s/5m0s  20.00 iters/s

running (2m39.0s), 0000/0100 VUs, 3180 complete and 0 interrupted iterations
main   [  53% ] 0000/0100 VUs  2m39.0s/5m0s  20.00 iters/s

running (2m40.0s), 0000/0100 VUs, 3200 complete and 0 interrupted iterations
main   [  53% ] 0000/0100 VUs  2m40.0s/5m0s  20.00 iters/s

running (2m41.0s), 0000/0100 VUs, 3220 complete and 0 interrupted iterations
main   [  54% ] 0000/0100 VUs  2m41.0s/5m0s  20.00 iters/s

running (2m42.0s), 0000/0100 VUs, 3240 complete and 0 interrupted iterations
main   [  54% ] 0000/0100 VUs  2m42.0s/5m0s  20.00 iters/s

running (2m43.0s), 0000/0100 VUs, 3260 complete and 0 interrupted iterations
main   [  54% ] 0000/0100 VUs  2m43.0s/5m0s  20.00 iters/s

running (2m44.0s), 0000/0100 VUs, 3280 complete and 0 interrupted iterations
main   [  55% ] 0000/0100 VUs  2m44.0s/5m0s  20.00 iters/s

running (2m45.0s), 0000/0100 VUs, 3300 complete and 0 interrupted iterations
main   [  55% ] 0000/0100 VUs  2m45.0s/5m0s  20.00 iters/s

running (2m46.0s), 0000/0100 VUs, 3320 complete and 0 interrupted iterations
main   [  55% ] 0000/0100 VUs  2m46.0s/5m0s  20.00 iters/s

running (2m47.0s), 0000/0100 VUs, 3340 complete and 0 interrupted iterations
main   [  56% ] 0000/0100 VUs  2m47.0s/5m0s  20.00 iters/s

running (2m48.0s), 0000/0100 VUs, 3360 complete and 0 interrupted iterations
main   [  56% ] 0000/0100 VUs  2m48.0s/5m0s  20.00 iters/s

running (2m49.0s), 0000/0100 VUs, 3380 complete and 0 interrupted iterations
main   [  56% ] 0000/0100 VUs  2m49.0s/5m0s  20.00 iters/s

running (2m50.0s), 0000/0100 VUs, 3400 complete and 0 interrupted iterations
main   [  57% ] 0000/0100 VUs  2m50.0s/5m0s  20.00 iters/s

running (2m51.0s), 0000/0100 VUs, 3420 complete and 0 interrupted iterations
main   [  57% ] 0000/0100 VUs  2m51.0s/5m0s  20.00 iters/s

running (2m52.0s), 0000/0100 VUs, 3440 complete and 0 interrupted iterations
main   [  57% ] 0000/0100 VUs  2m52.0s/5m0s  20.00 iters/s

running (2m53.0s), 0000/0100 VUs, 3460 complete and 0 interrupted iterations
main   [  58% ] 0000/0100 VUs  2m53.0s/5m0s  20.00 iters/s

running (2m54.0s), 0000/0100 VUs, 3480 complete and 0 interrupted iterations
main   [  58% ] 0000/0100 VUs  2m54.0s/5m0s  20.00 iters/s

running (2m55.0s), 0000/0100 VUs, 3500 complete and 0 interrupted iterations
main   [  58% ] 0000/0100 VUs  2m55.0s/5m0s  20.00 iters/s

running (2m56.0s), 0000/0100 VUs, 3520 complete and 0 interrupted iterations
main   [  59% ] 0000/0100 VUs  2m56.0s/5m0s  20.00 iters/s

running (2m57.0s), 0000/0100 VUs, 3540 complete and 0 interrupted iterations
main   [  59% ] 0000/0100 VUs  2m57.0s/5m0s  20.00 iters/s

running (2m58.0s), 0000/0100 VUs, 3560 complete and 0 interrupted iterations
main   [  59% ] 0000/0100 VUs  2m58.0s/5m0s  20.00 iters/s

running (2m59.0s), 0000/0100 VUs, 3580 complete and 0 interrupted iterations
main   [  60% ] 0000/0100 VUs  2m59.0s/5m0s  20.00 iters/s

running (3m00.0s), 0000/0100 VUs, 3600 complete and 0 interrupted iterations
main   [  60% ] 0000/0100 VUs  3m00.0s/5m0s  20.00 iters/s

running (3m01.0s), 0000/0100 VUs, 3620 complete and 0 interrupted iterations
main   [  60% ] 0000/0100 VUs  3m01.0s/5m0s  20.00 iters/s

running (3m02.0s), 0000/0100 VUs, 3640 complete and 0 interrupted iterations
main   [  61% ] 0000/0100 VUs  3m02.0s/5m0s  20.00 iters/s

running (3m03.0s), 0000/0100 VUs, 3660 complete and 0 interrupted iterations
main   [  61% ] 0000/0100 VUs  3m03.0s/5m0s  20.00 iters/s

running (3m04.0s), 0000/0100 VUs, 3680 complete and 0 interrupted iterations
main   [  61% ] 0000/0100 VUs  3m04.0s/5m0s  20.00 iters/s

running (3m05.0s), 0000/0100 VUs, 3700 complete and 0 interrupted iterations
main   [  62% ] 0000/0100 VUs  3m05.0s/5m0s  20.00 iters/s

running (3m06.0s), 0000/0100 VUs, 3720 complete and 0 interrupted iterations
main   [  62% ] 0000/0100 VUs  3m06.0s/5m0s  20.00 iters/s

running (3m07.0s), 0000/0100 VUs, 3740 complete and 0 interrupted iterations
main   [  62% ] 0000/0100 VUs  3m07.0s/5m0s  20.00 iters/s

running (3m08.0s), 0000/0100 VUs, 3760 complete and 0 interrupted iterations
main   [  63% ] 0000/0100 VUs  3m08.0s/5m0s  20.00 iters/s

running (3m09.0s), 0000/0100 VUs, 3780 complete and 0 interrupted iterations
main   [  63% ] 0000/0100 VUs  3m09.0s/5m0s  20.00 iters/s

running (3m10.0s), 0000/0100 VUs, 3800 complete and 0 interrupted iterations
main   [  63% ] 0000/0100 VUs  3m10.0s/5m0s  20.00 iters/s

running (3m11.0s), 0000/0100 VUs, 3820 complete and 0 interrupted iterations
main   [  64% ] 0000/0100 VUs  3m11.0s/5m0s  20.00 iters/s

running (3m12.0s), 0000/0100 VUs, 3840 complete and 0 interrupted iterations
main   [  64% ] 0000/0100 VUs  3m12.0s/5m0s  20.00 iters/s

running (3m13.0s), 0000/0100 VUs, 3860 complete and 0 interrupted iterations
main   [  64% ] 0000/0100 VUs  3m13.0s/5m0s  20.00 iters/s

running (3m14.0s), 0000/0100 VUs, 3880 complete and 0 interrupted iterations
main   [  65% ] 0000/0100 VUs  3m14.0s/5m0s  20.00 iters/s

running (3m15.0s), 0000/0100 VUs, 3900 complete and 0 interrupted iterations
main   [  65% ] 0000/0100 VUs  3m15.0s/5m0s  20.00 iters/s

running (3m16.0s), 0000/0100 VUs, 3920 complete and 0 interrupted iterations
main   [  65% ] 0000/0100 VUs  3m16.0s/5m0s  20.00 iters/s

running (3m17.0s), 0000/0100 VUs, 3940 complete and 0 interrupted iterations
main   [  66% ] 0000/0100 VUs  3m17.0s/5m0s  20.00 iters/s

running (3m18.0s), 0000/0100 VUs, 3960 complete and 0 interrupted iterations
main   [  66% ] 0000/0100 VUs  3m18.0s/5m0s  20.00 iters/s

running (3m19.0s), 0000/0100 VUs, 3980 complete and 0 interrupted iterations
main   [  66% ] 0000/0100 VUs  3m19.0s/5m0s  20.00 iters/s

running (3m20.0s), 0000/0100 VUs, 4000 complete and 0 interrupted iterations
main   [  67% ] 0000/0100 VUs  3m20.0s/5m0s  20.00 iters/s

running (3m21.0s), 0000/0100 VUs, 4020 complete and 0 interrupted iterations
main   [  67% ] 0000/0100 VUs  3m21.0s/5m0s  20.00 iters/s

running (3m22.0s), 0000/0100 VUs, 4040 complete and 0 interrupted iterations
main   [  67% ] 0000/0100 VUs  3m22.0s/5m0s  20.00 iters/s

running (3m23.0s), 0000/0100 VUs, 4060 complete and 0 interrupted iterations
main   [  68% ] 0000/0100 VUs  3m23.0s/5m0s  20.00 iters/s

running (3m24.0s), 0000/0100 VUs, 4080 complete and 0 interrupted iterations
main   [  68% ] 0000/0100 VUs  3m24.0s/5m0s  20.00 iters/s

running (3m25.0s), 0000/0100 VUs, 4100 complete and 0 interrupted iterations
main   [  68% ] 0000/0100 VUs  3m25.0s/5m0s  20.00 iters/s

running (3m26.0s), 0000/0100 VUs, 4120 complete and 0 interrupted iterations
main   [  69% ] 0000/0100 VUs  3m26.0s/5m0s  20.00 iters/s

running (3m27.0s), 0000/0100 VUs, 4140 complete and 0 interrupted iterations
main   [  69% ] 0000/0100 VUs  3m27.0s/5m0s  20.00 iters/s

running (3m28.0s), 0000/0100 VUs, 4160 complete and 0 interrupted iterations
main   [  69% ] 0000/0100 VUs  3m28.0s/5m0s  20.00 iters/s

running (3m29.0s), 0000/0100 VUs, 4180 complete and 0 interrupted iterations
main   [  70% ] 0000/0100 VUs  3m29.0s/5m0s  20.00 iters/s

running (3m30.0s), 0000/0100 VUs, 4200 complete and 0 interrupted iterations
main   [  70% ] 0000/0100 VUs  3m30.0s/5m0s  20.00 iters/s

running (3m31.0s), 0000/0100 VUs, 4220 complete and 0 interrupted iterations
main   [  70% ] 0000/0100 VUs  3m31.0s/5m0s  20.00 iters/s

running (3m32.0s), 0000/0100 VUs, 4240 complete and 0 interrupted iterations
main   [  71% ] 0000/0100 VUs  3m32.0s/5m0s  20.00 iters/s

running (3m33.0s), 0000/0100 VUs, 4260 complete and 0 interrupted iterations
main   [  71% ] 0000/0100 VUs  3m33.0s/5m0s  20.00 iters/s

running (3m34.0s), 0000/0100 VUs, 4280 complete and 0 interrupted iterations
main   [  71% ] 0000/0100 VUs  3m34.0s/5m0s  20.00 iters/s

running (3m35.0s), 0000/0100 VUs, 4300 complete and 0 interrupted iterations
main   [  72% ] 0000/0100 VUs  3m35.0s/5m0s  20.00 iters/s

running (3m36.0s), 0000/0100 VUs, 4320 complete and 0 interrupted iterations
main   [  72% ] 0000/0100 VUs  3m36.0s/5m0s  20.00 iters/s

running (3m37.0s), 0000/0100 VUs, 4340 complete and 0 interrupted iterations
main   [  72% ] 0000/0100 VUs  3m37.0s/5m0s  20.00 iters/s

running (3m38.0s), 0000/0100 VUs, 4360 complete and 0 interrupted iterations
main   [  73% ] 0000/0100 VUs  3m38.0s/5m0s  20.00 iters/s

running (3m39.0s), 0000/0100 VUs, 4380 complete and 0 interrupted iterations
main   [  73% ] 0000/0100 VUs  3m39.0s/5m0s  20.00 iters/s

running (3m40.0s), 0000/0100 VUs, 4400 complete and 0 interrupted iterations
main   [  73% ] 0000/0100 VUs  3m40.0s/5m0s  20.00 iters/s

running (3m41.0s), 0000/0100 VUs, 4420 complete and 0 interrupted iterations
main   [  74% ] 0000/0100 VUs  3m41.0s/5m0s  20.00 iters/s

running (3m42.0s), 0000/0100 VUs, 4440 complete and 0 interrupted iterations
main   [  74% ] 0000/0100 VUs  3m42.0s/5m0s  20.00 iters/s

running (3m43.0s), 0000/0100 VUs, 4460 complete and 0 interrupted iterations
main   [  74% ] 0000/0100 VUs  3m43.0s/5m0s  20.00 iters/s

running (3m44.0s), 0000/0100 VUs, 4480 complete and 0 interrupted iterations
main   [  75% ] 0000/0100 VUs  3m44.0s/5m0s  20.00 iters/s

running (3m45.0s), 0000/0100 VUs, 4500 complete and 0 interrupted iterations
main   [  75% ] 0000/0100 VUs  3m45.0s/5m0s  20.00 iters/s

running (3m46.0s), 0000/0100 VUs, 4520 complete and 0 interrupted iterations
main   [  75% ] 0000/0100 VUs  3m46.0s/5m0s  20.00 iters/s

running (3m47.0s), 0000/0100 VUs, 4540 complete and 0 interrupted iterations
main   [  76% ] 0000/0100 VUs  3m47.0s/5m0s  20.00 iters/s

running (3m48.0s), 0000/0100 VUs, 4560 complete and 0 interrupted iterations
main   [  76% ] 0000/0100 VUs  3m48.0s/5m0s  20.00 iters/s

running (3m49.0s), 0000/0100 VUs, 4580 complete and 0 interrupted iterations
main   [  76% ] 0000/0100 VUs  3m49.0s/5m0s  20.00 iters/s

running (3m50.0s), 0000/0100 VUs, 4600 complete and 0 interrupted iterations
main   [  77% ] 0000/0100 VUs  3m50.0s/5m0s  20.00 iters/s

running (3m51.0s), 0000/0100 VUs, 4620 complete and 0 interrupted iterations
main   [  77% ] 0000/0100 VUs  3m51.0s/5m0s  20.00 iters/s

running (3m52.0s), 0000/0100 VUs, 4640 complete and 0 interrupted iterations
main   [  77% ] 0000/0100 VUs  3m52.0s/5m0s  20.00 iters/s

running (3m53.0s), 0000/0100 VUs, 4660 complete and 0 interrupted iterations
main   [  78% ] 0000/0100 VUs  3m53.0s/5m0s  20.00 iters/s

running (3m54.0s), 0000/0100 VUs, 4680 complete and 0 interrupted iterations
main   [  78% ] 0000/0100 VUs  3m54.0s/5m0s  20.00 iters/s

running (3m55.0s), 0000/0100 VUs, 4700 complete and 0 interrupted iterations
main   [  78% ] 0000/0100 VUs  3m55.0s/5m0s  20.00 iters/s

running (3m56.0s), 0000/0100 VUs, 4720 complete and 0 interrupted iterations
main   [  79% ] 0000/0100 VUs  3m56.0s/5m0s  20.00 iters/s

running (3m57.0s), 0000/0100 VUs, 4740 complete and 0 interrupted iterations
main   [  79% ] 0000/0100 VUs  3m57.0s/5m0s  20.00 iters/s

running (3m58.0s), 0000/0100 VUs, 4760 complete and 0 interrupted iterations
main   [  79% ] 0000/0100 VUs  3m58.0s/5m0s  20.00 iters/s

running (3m59.0s), 0000/0100 VUs, 4780 complete and 0 interrupted iterations
main   [  80% ] 0000/0100 VUs  3m59.0s/5m0s  20.00 iters/s

running (4m00.0s), 0000/0100 VUs, 4800 complete and 0 interrupted iterations
main   [  80% ] 0000/0100 VUs  4m00.0s/5m0s  20.00 iters/s

running (4m01.0s), 0000/0100 VUs, 4820 complete and 0 interrupted iterations
main   [  80% ] 0000/0100 VUs  4m01.0s/5m0s  20.00 iters/s

running (4m02.0s), 0000/0100 VUs, 4840 complete and 0 interrupted iterations
main   [  81% ] 0000/0100 VUs  4m02.0s/5m0s  20.00 iters/s

running (4m03.0s), 0000/0100 VUs, 4860 complete and 0 interrupted iterations
main   [  81% ] 0000/0100 VUs  4m03.0s/5m0s  20.00 iters/s

running (4m04.0s), 0000/0100 VUs, 4880 complete and 0 interrupted iterations
main   [  81% ] 0000/0100 VUs  4m04.0s/5m0s  20.00 iters/s

running (4m05.0s), 0000/0100 VUs, 4900 complete and 0 interrupted iterations
main   [  82% ] 0000/0100 VUs  4m05.0s/5m0s  20.00 iters/s

running (4m06.0s), 0000/0100 VUs, 4920 complete and 0 interrupted iterations
main   [  82% ] 0000/0100 VUs  4m06.0s/5m0s  20.00 iters/s

running (4m07.0s), 0000/0100 VUs, 4940 complete and 0 interrupted iterations
main   [  82% ] 0000/0100 VUs  4m07.0s/5m0s  20.00 iters/s

running (4m08.0s), 0000/0100 VUs, 4960 complete and 0 interrupted iterations
main   [  83% ] 0000/0100 VUs  4m08.0s/5m0s  20.00 iters/s

running (4m09.0s), 0000/0100 VUs, 4980 complete and 0 interrupted iterations
main   [  83% ] 0000/0100 VUs  4m09.0s/5m0s  20.00 iters/s

running (4m10.0s), 0000/0100 VUs, 5000 complete and 0 interrupted iterations
main   [  83% ] 0000/0100 VUs  4m10.0s/5m0s  20.00 iters/s

running (4m11.0s), 0000/0100 VUs, 5020 complete and 0 interrupted iterations
main   [  84% ] 0000/0100 VUs  4m11.0s/5m0s  20.00 iters/s

running (4m12.0s), 0000/0100 VUs, 5040 complete and 0 interrupted iterations
main   [  84% ] 0000/0100 VUs  4m12.0s/5m0s  20.00 iters/s

running (4m13.0s), 0000/0100 VUs, 5060 complete and 0 interrupted iterations
main   [  84% ] 0000/0100 VUs  4m13.0s/5m0s  20.00 iters/s

running (4m14.0s), 0000/0100 VUs, 5080 complete and 0 interrupted iterations
main   [  85% ] 0000/0100 VUs  4m14.0s/5m0s  20.00 iters/s

running (4m15.0s), 0000/0100 VUs, 5100 complete and 0 interrupted iterations
main   [  85% ] 0000/0100 VUs  4m15.0s/5m0s  20.00 iters/s

running (4m16.0s), 0000/0100 VUs, 5120 complete and 0 interrupted iterations
main   [  85% ] 0000/0100 VUs  4m16.0s/5m0s  20.00 iters/s

running (4m17.0s), 0000/0100 VUs, 5140 complete and 0 interrupted iterations
main   [  86% ] 0000/0100 VUs  4m17.0s/5m0s  20.00 iters/s

running (4m18.0s), 0000/0100 VUs, 5160 complete and 0 interrupted iterations
main   [  86% ] 0000/0100 VUs  4m18.0s/5m0s  20.00 iters/s

running (4m19.0s), 0000/0100 VUs, 5180 complete and 0 interrupted iterations
main   [  86% ] 0000/0100 VUs  4m19.0s/5m0s  20.00 iters/s

running (4m20.0s), 0000/0100 VUs, 5200 complete and 0 interrupted iterations
main   [  87% ] 0000/0100 VUs  4m20.0s/5m0s  20.00 iters/s

running (4m21.0s), 0000/0100 VUs, 5220 complete and 0 interrupted iterations
main   [  87% ] 0000/0100 VUs  4m21.0s/5m0s  20.00 iters/s

running (4m22.0s), 0000/0100 VUs, 5240 complete and 0 interrupted iterations
main   [  87% ] 0000/0100 VUs  4m22.0s/5m0s  20.00 iters/s

running (4m23.0s), 0000/0100 VUs, 5260 complete and 0 interrupted iterations
main   [  88% ] 0000/0100 VUs  4m23.0s/5m0s  20.00 iters/s

running (4m24.0s), 0000/0100 VUs, 5280 complete and 0 interrupted iterations
main   [  88% ] 0000/0100 VUs  4m24.0s/5m0s  20.00 iters/s

running (4m25.0s), 0000/0100 VUs, 5300 complete and 0 interrupted iterations
main   [  88% ] 0000/0100 VUs  4m25.0s/5m0s  20.00 iters/s

running (4m26.0s), 0000/0100 VUs, 5320 complete and 0 interrupted iterations
main   [  89% ] 0000/0100 VUs  4m26.0s/5m0s  20.00 iters/s

running (4m27.0s), 0000/0100 VUs, 5340 complete and 0 interrupted iterations
main   [  89% ] 0000/0100 VUs  4m27.0s/5m0s  20.00 iters/s

running (4m28.0s), 0000/0100 VUs, 5360 complete and 0 interrupted iterations
main   [  89% ] 0000/0100 VUs  4m28.0s/5m0s  20.00 iters/s

running (4m29.0s), 0000/0100 VUs, 5380 complete and 0 interrupted iterations
main   [  90% ] 0000/0100 VUs  4m29.0s/5m0s  20.00 iters/s

running (4m30.0s), 0000/0100 VUs, 5400 complete and 0 interrupted iterations
main   [  90% ] 0000/0100 VUs  4m30.0s/5m0s  20.00 iters/s

running (4m31.0s), 0000/0100 VUs, 5420 complete and 0 interrupted iterations
main   [  90% ] 0000/0100 VUs  4m31.0s/5m0s  20.00 iters/s

running (4m32.0s), 0000/0100 VUs, 5440 complete and 0 interrupted iterations
main   [  91% ] 0000/0100 VUs  4m32.0s/5m0s  20.00 iters/s

running (4m33.0s), 0000/0100 VUs, 5460 complete and 0 interrupted iterations
main   [  91% ] 0000/0100 VUs  4m33.0s/5m0s  20.00 iters/s

running (4m34.0s), 0000/0100 VUs, 5480 complete and 0 interrupted iterations
main   [  91% ] 0000/0100 VUs  4m34.0s/5m0s  20.00 iters/s

running (4m35.0s), 0000/0100 VUs, 5500 complete and 0 interrupted iterations
main   [  92% ] 0000/0100 VUs  4m35.0s/5m0s  20.00 iters/s

running (4m36.0s), 0000/0100 VUs, 5520 complete and 0 interrupted iterations
main   [  92% ] 0000/0100 VUs  4m36.0s/5m0s  20.00 iters/s

running (4m37.0s), 0000/0100 VUs, 5540 complete and 0 interrupted iterations
main   [  92% ] 0000/0100 VUs  4m37.0s/5m0s  20.00 iters/s

running (4m38.0s), 0000/0100 VUs, 5560 complete and 0 interrupted iterations
main   [  93% ] 0000/0100 VUs  4m38.0s/5m0s  20.00 iters/s

running (4m39.0s), 0000/0100 VUs, 5580 complete and 0 interrupted iterations
main   [  93% ] 0000/0100 VUs  4m39.0s/5m0s  20.00 iters/s

running (4m40.0s), 0000/0100 VUs, 5600 complete and 0 interrupted iterations
main   [  93% ] 0000/0100 VUs  4m40.0s/5m0s  20.00 iters/s

running (4m41.0s), 0000/0100 VUs, 5620 complete and 0 interrupted iterations
main   [  94% ] 0000/0100 VUs  4m41.0s/5m0s  20.00 iters/s

running (4m42.0s), 0000/0100 VUs, 5640 complete and 0 interrupted iterations
main   [  94% ] 0000/0100 VUs  4m42.0s/5m0s  20.00 iters/s

running (4m43.0s), 0000/0100 VUs, 5660 complete and 0 interrupted iterations
main   [  94% ] 0000/0100 VUs  4m43.0s/5m0s  20.00 iters/s

running (4m44.0s), 0000/0100 VUs, 5680 complete and 0 interrupted iterations
main   [  95% ] 0000/0100 VUs  4m44.0s/5m0s  20.00 iters/s

running (4m45.0s), 0000/0100 VUs, 5700 complete and 0 interrupted iterations
main   [  95% ] 0000/0100 VUs  4m45.0s/5m0s  20.00 iters/s

running (4m46.0s), 0000/0100 VUs, 5720 complete and 0 interrupted iterations
main   [  95% ] 0000/0100 VUs  4m46.0s/5m0s  20.00 iters/s

running (4m47.0s), 0000/0100 VUs, 5740 complete and 0 interrupted iterations
main   [  96% ] 0000/0100 VUs  4m47.0s/5m0s  20.00 iters/s

running (4m48.0s), 0000/0100 VUs, 5760 complete and 0 interrupted iterations
main   [  96% ] 0000/0100 VUs  4m48.0s/5m0s  20.00 iters/s

running (4m49.0s), 0000/0100 VUs, 5780 complete and 0 interrupted iterations
main   [  96% ] 0000/0100 VUs  4m49.0s/5m0s  20.00 iters/s

running (4m50.0s), 0000/0100 VUs, 5800 complete and 0 interrupted iterations
main   [  97% ] 0000/0100 VUs  4m50.0s/5m0s  20.00 iters/s

running (4m51.0s), 0000/0100 VUs, 5820 complete and 0 interrupted iterations
main   [  97% ] 0000/0100 VUs  4m51.0s/5m0s  20.00 iters/s

running (4m52.0s), 0000/0100 VUs, 5840 complete and 0 interrupted iterations
main   [  97% ] 0000/0100 VUs  4m52.0s/5m0s  20.00 iters/s

running (4m53.0s), 0000/0100 VUs, 5860 complete and 0 interrupted iterations
main   [  98% ] 0000/0100 VUs  4m53.0s/5m0s  20.00 iters/s

running (4m54.0s), 0000/0100 VUs, 5880 complete and 0 interrupted iterations
main   [  98% ] 0000/0100 VUs  4m54.0s/5m0s  20.00 iters/s

running (4m55.0s), 0000/0100 VUs, 5900 complete and 0 interrupted iterations
main   [  98% ] 0000/0100 VUs  4m55.0s/5m0s  20.00 iters/s

running (4m56.0s), 0000/0100 VUs, 5920 complete and 0 interrupted iterations
main   [  99% ] 0000/0100 VUs  4m56.0s/5m0s  20.00 iters/s

running (4m57.0s), 0000/0100 VUs, 5940 complete and 0 interrupted iterations
main   [  99% ] 0000/0100 VUs  4m57.0s/5m0s  20.00 iters/s

running (4m58.0s), 0000/0100 VUs, 5960 complete and 0 interrupted iterations
main   [  99% ] 0000/0100 VUs  4m58.0s/5m0s  20.00 iters/s

running (4m59.0s), 0000/0100 VUs, 5980 complete and 0 interrupted iterations
main   [ 100% ] 0000/0100 VUs  4m59.0s/5m0s  20.00 iters/s

running (5m00.0s), 0000/0100 VUs, 6000 complete and 0 interrupted iterations
main   [ 100% ] 0000/0100 VUs  5m00.0s/5m0s  20.00 iters/s

running (5m00.0s), 0000/0100 VUs, 6000 complete and 0 interrupted iterations
main ✓ [ 100% ] 0000/0100 VUs  5m0s  20.00 iters/s
  Repeat 1 complete. Results in results/b-inbatch-rtt300-r20-n250-rep1-1781346404.json
[4/3] Running k6 repeat 2/3 (output -> results/b-inbatch-rtt300-r20-n250-rep2-1781346704.json)...
time="2026-06-13T19:31:44+09:00" level=warning msg="/Users/rene/rdb-join-lab/docker-compose.yml: the attribute `version` is obsolete, it will be ignored, please remove it to avoid potential confusion"

         /\      Grafana   /‾‾/  
    /\  /  \     |\  __   /  /   
   /  \/    \    | |/ /  /   ‾‾\ 
  /          \   |   (  |  (‾)  |
 / __________ \  |_|\_\  \_____/ 


     execution: local
        script: /scripts/scenario.js
        output: -

     scenarios: (100.00%) 1 scenario, 1000 max VUs, 5m30s max duration (incl. graceful stop):
              * main: 20.00 iterations/s for 5m0s (maxVUs: 100-1000, gracefulStop: 30s)


running (0m01.0s), 0000/0100 VUs, 20 complete and 0 interrupted iterations
main   [   0% ] 0000/0100 VUs  0m01.0s/5m0s  20.00 iters/s

running (0m02.0s), 0000/0100 VUs, 40 complete and 0 interrupted iterations
main   [   1% ] 0000/0100 VUs  0m02.0s/5m0s  20.00 iters/s

running (0m03.0s), 0000/0100 VUs, 60 complete and 0 interrupted iterations
main   [   1% ] 0000/0100 VUs  0m03.0s/5m0s  20.00 iters/s

running (0m04.0s), 0000/0100 VUs, 80 complete and 0 interrupted iterations
main   [   1% ] 0000/0100 VUs  0m04.0s/5m0s  20.00 iters/s

running (0m05.0s), 0000/0100 VUs, 100 complete and 0 interrupted iterations
main   [   2% ] 0000/0100 VUs  0m05.0s/5m0s  20.00 iters/s

running (0m06.0s), 0000/0100 VUs, 120 complete and 0 interrupted iterations
main   [   2% ] 0000/0100 VUs  0m06.0s/5m0s  20.00 iters/s

running (0m07.0s), 0000/0100 VUs, 140 complete and 0 interrupted iterations
main   [   2% ] 0000/0100 VUs  0m07.0s/5m0s  20.00 iters/s

running (0m08.0s), 0000/0100 VUs, 160 complete and 0 interrupted iterations
main   [   3% ] 0000/0100 VUs  0m08.0s/5m0s  20.00 iters/s

running (0m09.0s), 0000/0100 VUs, 180 complete and 0 interrupted iterations
main   [   3% ] 0000/0100 VUs  0m09.0s/5m0s  20.00 iters/s

running (0m10.0s), 0000/0100 VUs, 200 complete and 0 interrupted iterations
main   [   3% ] 0000/0100 VUs  0m10.0s/5m0s  20.00 iters/s

running (0m11.0s), 0000/0100 VUs, 220 complete and 0 interrupted iterations
main   [   4% ] 0000/0100 VUs  0m11.0s/5m0s  20.00 iters/s

running (0m12.0s), 0000/0100 VUs, 240 complete and 0 interrupted iterations
main   [   4% ] 0000/0100 VUs  0m12.0s/5m0s  20.00 iters/s

running (0m13.0s), 0000/0100 VUs, 260 complete and 0 interrupted iterations
main   [   4% ] 0000/0100 VUs  0m13.0s/5m0s  20.00 iters/s

running (0m14.0s), 0000/0100 VUs, 280 complete and 0 interrupted iterations
main   [   5% ] 0000/0100 VUs  0m14.0s/5m0s  20.00 iters/s

running (0m15.0s), 0000/0100 VUs, 300 complete and 0 interrupted iterations
main   [   5% ] 0000/0100 VUs  0m15.0s/5m0s  20.00 iters/s

running (0m16.0s), 0000/0100 VUs, 320 complete and 0 interrupted iterations
main   [   5% ] 0000/0100 VUs  0m16.0s/5m0s  20.00 iters/s

running (0m17.0s), 0000/0100 VUs, 340 complete and 0 interrupted iterations
main   [   6% ] 0000/0100 VUs  0m17.0s/5m0s  20.00 iters/s

running (0m18.0s), 0000/0100 VUs, 360 complete and 0 interrupted iterations
main   [   6% ] 0000/0100 VUs  0m18.0s/5m0s  20.00 iters/s

running (0m19.0s), 0000/0100 VUs, 380 complete and 0 interrupted iterations
main   [   6% ] 0000/0100 VUs  0m19.0s/5m0s  20.00 iters/s

running (0m20.0s), 0000/0100 VUs, 400 complete and 0 interrupted iterations
main   [   7% ] 0000/0100 VUs  0m20.0s/5m0s  20.00 iters/s

running (0m21.0s), 0000/0100 VUs, 420 complete and 0 interrupted iterations
main   [   7% ] 0000/0100 VUs  0m21.0s/5m0s  20.00 iters/s

running (0m22.0s), 0000/0100 VUs, 440 complete and 0 interrupted iterations
main   [   7% ] 0000/0100 VUs  0m22.0s/5m0s  20.00 iters/s

running (0m23.0s), 0000/0100 VUs, 460 complete and 0 interrupted iterations
main   [   8% ] 0000/0100 VUs  0m23.0s/5m0s  20.00 iters/s

running (0m24.0s), 0000/0100 VUs, 480 complete and 0 interrupted iterations
main   [   8% ] 0000/0100 VUs  0m24.0s/5m0s  20.00 iters/s

running (0m25.0s), 0000/0100 VUs, 500 complete and 0 interrupted iterations
main   [   8% ] 0000/0100 VUs  0m25.0s/5m0s  20.00 iters/s

running (0m26.0s), 0000/0100 VUs, 520 complete and 0 interrupted iterations
main   [   9% ] 0000/0100 VUs  0m26.0s/5m0s  20.00 iters/s

running (0m27.0s), 0000/0100 VUs, 540 complete and 0 interrupted iterations
main   [   9% ] 0000/0100 VUs  0m27.0s/5m0s  20.00 iters/s

running (0m28.0s), 0000/0100 VUs, 560 complete and 0 interrupted iterations
main   [   9% ] 0000/0100 VUs  0m28.0s/5m0s  20.00 iters/s

running (0m29.0s), 0000/0100 VUs, 580 complete and 0 interrupted iterations
main   [  10% ] 0000/0100 VUs  0m29.0s/5m0s  20.00 iters/s

running (0m30.0s), 0000/0100 VUs, 600 complete and 0 interrupted iterations
main   [  10% ] 0000/0100 VUs  0m30.0s/5m0s  20.00 iters/s

running (0m31.0s), 0000/0100 VUs, 620 complete and 0 interrupted iterations
main   [  10% ] 0000/0100 VUs  0m31.0s/5m0s  20.00 iters/s

running (0m32.0s), 0000/0100 VUs, 640 complete and 0 interrupted iterations
main   [  11% ] 0000/0100 VUs  0m32.0s/5m0s  20.00 iters/s

running (0m33.0s), 0000/0100 VUs, 660 complete and 0 interrupted iterations
main   [  11% ] 0000/0100 VUs  0m33.0s/5m0s  20.00 iters/s

running (0m34.0s), 0000/0100 VUs, 680 complete and 0 interrupted iterations
main   [  11% ] 0000/0100 VUs  0m34.0s/5m0s  20.00 iters/s

running (0m35.0s), 0000/0100 VUs, 700 complete and 0 interrupted iterations
main   [  12% ] 0000/0100 VUs  0m35.0s/5m0s  20.00 iters/s

running (0m36.0s), 0000/0100 VUs, 720 complete and 0 interrupted iterations
main   [  12% ] 0000/0100 VUs  0m36.0s/5m0s  20.00 iters/s

running (0m37.0s), 0000/0100 VUs, 740 complete and 0 interrupted iterations
main   [  12% ] 0000/0100 VUs  0m37.0s/5m0s  20.00 iters/s

running (0m38.0s), 0000/0100 VUs, 760 complete and 0 interrupted iterations
main   [  13% ] 0000/0100 VUs  0m38.0s/5m0s  20.00 iters/s

running (0m39.0s), 0000/0100 VUs, 780 complete and 0 interrupted iterations
main   [  13% ] 0000/0100 VUs  0m39.0s/5m0s  20.00 iters/s

running (0m40.0s), 0000/0100 VUs, 800 complete and 0 interrupted iterations
main   [  13% ] 0000/0100 VUs  0m40.0s/5m0s  20.00 iters/s

running (0m41.0s), 0000/0100 VUs, 820 complete and 0 interrupted iterations
main   [  14% ] 0000/0100 VUs  0m41.0s/5m0s  20.00 iters/s

running (0m42.0s), 0000/0100 VUs, 840 complete and 0 interrupted iterations
main   [  14% ] 0000/0100 VUs  0m42.0s/5m0s  20.00 iters/s

running (0m43.0s), 0000/0100 VUs, 860 complete and 0 interrupted iterations
main   [  14% ] 0000/0100 VUs  0m43.0s/5m0s  20.00 iters/s

running (0m44.0s), 0000/0100 VUs, 880 complete and 0 interrupted iterations
main   [  15% ] 0000/0100 VUs  0m44.0s/5m0s  20.00 iters/s

running (0m45.0s), 0000/0100 VUs, 900 complete and 0 interrupted iterations
main   [  15% ] 0000/0100 VUs  0m45.0s/5m0s  20.00 iters/s

running (0m46.0s), 0000/0100 VUs, 920 complete and 0 interrupted iterations
main   [  15% ] 0000/0100 VUs  0m46.0s/5m0s  20.00 iters/s

running (0m47.0s), 0000/0100 VUs, 940 complete and 0 interrupted iterations
main   [  16% ] 0000/0100 VUs  0m47.0s/5m0s  20.00 iters/s

running (0m48.0s), 0000/0100 VUs, 960 complete and 0 interrupted iterations
main   [  16% ] 0000/0100 VUs  0m48.0s/5m0s  20.00 iters/s

running (0m49.0s), 0000/0100 VUs, 980 complete and 0 interrupted iterations
main   [  16% ] 0000/0100 VUs  0m49.0s/5m0s  20.00 iters/s

running (0m50.0s), 0000/0100 VUs, 1000 complete and 0 interrupted iterations
main   [  17% ] 0000/0100 VUs  0m50.0s/5m0s  20.00 iters/s

running (0m51.0s), 0000/0100 VUs, 1020 complete and 0 interrupted iterations
main   [  17% ] 0000/0100 VUs  0m51.0s/5m0s  20.00 iters/s

running (0m52.0s), 0000/0100 VUs, 1040 complete and 0 interrupted iterations
main   [  17% ] 0000/0100 VUs  0m52.0s/5m0s  20.00 iters/s

running (0m53.0s), 0000/0100 VUs, 1060 complete and 0 interrupted iterations
main   [  18% ] 0000/0100 VUs  0m53.0s/5m0s  20.00 iters/s

running (0m54.0s), 0000/0100 VUs, 1080 complete and 0 interrupted iterations
main   [  18% ] 0000/0100 VUs  0m54.0s/5m0s  20.00 iters/s

running (0m55.0s), 0000/0100 VUs, 1100 complete and 0 interrupted iterations
main   [  18% ] 0000/0100 VUs  0m55.0s/5m0s  20.00 iters/s

running (0m56.0s), 0000/0100 VUs, 1120 complete and 0 interrupted iterations
main   [  19% ] 0000/0100 VUs  0m56.0s/5m0s  20.00 iters/s

running (0m57.0s), 0000/0100 VUs, 1140 complete and 0 interrupted iterations
main   [  19% ] 0000/0100 VUs  0m57.0s/5m0s  20.00 iters/s

running (0m58.0s), 0000/0100 VUs, 1160 complete and 0 interrupted iterations
main   [  19% ] 0000/0100 VUs  0m58.0s/5m0s  20.00 iters/s

running (0m59.0s), 0000/0100 VUs, 1180 complete and 0 interrupted iterations
main   [  20% ] 0000/0100 VUs  0m59.0s/5m0s  20.00 iters/s

running (1m00.0s), 0000/0100 VUs, 1200 complete and 0 interrupted iterations
main   [  20% ] 0000/0100 VUs  1m00.0s/5m0s  20.00 iters/s

running (1m01.0s), 0000/0100 VUs, 1220 complete and 0 interrupted iterations
main   [  20% ] 0000/0100 VUs  1m01.0s/5m0s  20.00 iters/s

running (1m02.0s), 0000/0100 VUs, 1240 complete and 0 interrupted iterations
main   [  21% ] 0000/0100 VUs  1m02.0s/5m0s  20.00 iters/s

running (1m03.0s), 0000/0100 VUs, 1260 complete and 0 interrupted iterations
main   [  21% ] 0000/0100 VUs  1m03.0s/5m0s  20.00 iters/s

running (1m04.0s), 0000/0100 VUs, 1280 complete and 0 interrupted iterations
main   [  21% ] 0000/0100 VUs  1m04.0s/5m0s  20.00 iters/s

running (1m05.0s), 0000/0100 VUs, 1300 complete and 0 interrupted iterations
main   [  22% ] 0000/0100 VUs  1m05.0s/5m0s  20.00 iters/s

running (1m06.0s), 0000/0100 VUs, 1320 complete and 0 interrupted iterations
main   [  22% ] 0000/0100 VUs  1m06.0s/5m0s  20.00 iters/s

running (1m07.0s), 0000/0100 VUs, 1340 complete and 0 interrupted iterations
main   [  22% ] 0000/0100 VUs  1m07.0s/5m0s  20.00 iters/s

running (1m08.0s), 0000/0100 VUs, 1360 complete and 0 interrupted iterations
main   [  23% ] 0000/0100 VUs  1m08.0s/5m0s  20.00 iters/s

running (1m09.0s), 0000/0100 VUs, 1380 complete and 0 interrupted iterations
main   [  23% ] 0000/0100 VUs  1m09.0s/5m0s  20.00 iters/s

running (1m10.0s), 0000/0100 VUs, 1400 complete and 0 interrupted iterations
main   [  23% ] 0000/0100 VUs  1m10.0s/5m0s  20.00 iters/s

running (1m11.0s), 0000/0100 VUs, 1420 complete and 0 interrupted iterations
main   [  24% ] 0000/0100 VUs  1m11.0s/5m0s  20.00 iters/s

running (1m12.0s), 0000/0100 VUs, 1440 complete and 0 interrupted iterations
main   [  24% ] 0000/0100 VUs  1m12.0s/5m0s  20.00 iters/s

running (1m13.0s), 0000/0100 VUs, 1460 complete and 0 interrupted iterations
main   [  24% ] 0000/0100 VUs  1m13.0s/5m0s  20.00 iters/s

running (1m14.0s), 0000/0100 VUs, 1480 complete and 0 interrupted iterations
main   [  25% ] 0000/0100 VUs  1m14.0s/5m0s  20.00 iters/s

running (1m15.0s), 0000/0100 VUs, 1500 complete and 0 interrupted iterations
main   [  25% ] 0000/0100 VUs  1m15.0s/5m0s  20.00 iters/s

running (1m16.0s), 0000/0100 VUs, 1520 complete and 0 interrupted iterations
main   [  25% ] 0000/0100 VUs  1m16.0s/5m0s  20.00 iters/s

running (1m17.0s), 0000/0100 VUs, 1540 complete and 0 interrupted iterations
main   [  26% ] 0000/0100 VUs  1m17.0s/5m0s  20.00 iters/s

running (1m18.0s), 0000/0100 VUs, 1560 complete and 0 interrupted iterations
main   [  26% ] 0000/0100 VUs  1m18.0s/5m0s  20.00 iters/s

running (1m19.0s), 0000/0100 VUs, 1580 complete and 0 interrupted iterations
main   [  26% ] 0000/0100 VUs  1m19.0s/5m0s  20.00 iters/s

running (1m20.0s), 0000/0100 VUs, 1600 complete and 0 interrupted iterations
main   [  27% ] 0000/0100 VUs  1m20.0s/5m0s  20.00 iters/s

running (1m21.0s), 0000/0100 VUs, 1620 complete and 0 interrupted iterations
main   [  27% ] 0000/0100 VUs  1m21.0s/5m0s  20.00 iters/s

running (1m22.0s), 0000/0100 VUs, 1640 complete and 0 interrupted iterations
main   [  27% ] 0000/0100 VUs  1m22.0s/5m0s  20.00 iters/s

running (1m23.0s), 0000/0100 VUs, 1660 complete and 0 interrupted iterations
main   [  28% ] 0000/0100 VUs  1m23.0s/5m0s  20.00 iters/s

running (1m24.0s), 0000/0100 VUs, 1680 complete and 0 interrupted iterations
main   [  28% ] 0000/0100 VUs  1m24.0s/5m0s  20.00 iters/s

running (1m25.0s), 0000/0100 VUs, 1700 complete and 0 interrupted iterations
main   [  28% ] 0000/0100 VUs  1m25.0s/5m0s  20.00 iters/s

running (1m26.0s), 0000/0100 VUs, 1720 complete and 0 interrupted iterations
main   [  29% ] 0000/0100 VUs  1m26.0s/5m0s  20.00 iters/s

running (1m27.0s), 0000/0100 VUs, 1740 complete and 0 interrupted iterations
main   [  29% ] 0000/0100 VUs  1m27.0s/5m0s  20.00 iters/s

running (1m28.0s), 0000/0100 VUs, 1760 complete and 0 interrupted iterations
main   [  29% ] 0000/0100 VUs  1m28.0s/5m0s  20.00 iters/s

running (1m29.0s), 0000/0100 VUs, 1780 complete and 0 interrupted iterations
main   [  30% ] 0000/0100 VUs  1m29.0s/5m0s  20.00 iters/s

running (1m30.0s), 0000/0100 VUs, 1800 complete and 0 interrupted iterations
main   [  30% ] 0000/0100 VUs  1m30.0s/5m0s  20.00 iters/s

running (1m31.0s), 0000/0100 VUs, 1820 complete and 0 interrupted iterations
main   [  30% ] 0000/0100 VUs  1m31.0s/5m0s  20.00 iters/s

running (1m32.0s), 0000/0100 VUs, 1840 complete and 0 interrupted iterations
main   [  31% ] 0000/0100 VUs  1m32.0s/5m0s  20.00 iters/s

running (1m33.0s), 0000/0100 VUs, 1860 complete and 0 interrupted iterations
main   [  31% ] 0000/0100 VUs  1m33.0s/5m0s  20.00 iters/s

running (1m34.0s), 0000/0100 VUs, 1880 complete and 0 interrupted iterations
main   [  31% ] 0000/0100 VUs  1m34.0s/5m0s  20.00 iters/s

running (1m35.0s), 0000/0100 VUs, 1900 complete and 0 interrupted iterations
main   [  32% ] 0000/0100 VUs  1m35.0s/5m0s  20.00 iters/s

running (1m36.0s), 0000/0100 VUs, 1920 complete and 0 interrupted iterations
main   [  32% ] 0000/0100 VUs  1m36.0s/5m0s  20.00 iters/s

running (1m37.0s), 0000/0100 VUs, 1940 complete and 0 interrupted iterations
main   [  32% ] 0000/0100 VUs  1m37.0s/5m0s  20.00 iters/s

running (1m38.0s), 0000/0100 VUs, 1960 complete and 0 interrupted iterations
main   [  33% ] 0000/0100 VUs  1m38.0s/5m0s  20.00 iters/s

running (1m39.0s), 0000/0100 VUs, 1980 complete and 0 interrupted iterations
main   [  33% ] 0000/0100 VUs  1m39.0s/5m0s  20.00 iters/s

running (1m40.0s), 0000/0100 VUs, 2000 complete and 0 interrupted iterations
main   [  33% ] 0000/0100 VUs  1m40.0s/5m0s  20.00 iters/s

running (1m41.0s), 0000/0100 VUs, 2020 complete and 0 interrupted iterations
main   [  34% ] 0000/0100 VUs  1m41.0s/5m0s  20.00 iters/s

running (1m42.0s), 0000/0100 VUs, 2040 complete and 0 interrupted iterations
main   [  34% ] 0000/0100 VUs  1m42.0s/5m0s  20.00 iters/s

running (1m43.0s), 0000/0100 VUs, 2060 complete and 0 interrupted iterations
main   [  34% ] 0000/0100 VUs  1m43.0s/5m0s  20.00 iters/s

running (1m44.0s), 0000/0100 VUs, 2080 complete and 0 interrupted iterations
main   [  35% ] 0000/0100 VUs  1m44.0s/5m0s  20.00 iters/s

running (1m45.0s), 0000/0100 VUs, 2100 complete and 0 interrupted iterations
main   [  35% ] 0000/0100 VUs  1m45.0s/5m0s  20.00 iters/s

running (1m46.0s), 0000/0100 VUs, 2120 complete and 0 interrupted iterations
main   [  35% ] 0000/0100 VUs  1m46.0s/5m0s  20.00 iters/s

running (1m47.0s), 0000/0100 VUs, 2140 complete and 0 interrupted iterations
main   [  36% ] 0000/0100 VUs  1m47.0s/5m0s  20.00 iters/s

running (1m48.0s), 0000/0100 VUs, 2160 complete and 0 interrupted iterations
main   [  36% ] 0000/0100 VUs  1m48.0s/5m0s  20.00 iters/s

running (1m49.0s), 0000/0100 VUs, 2180 complete and 0 interrupted iterations
main   [  36% ] 0000/0100 VUs  1m49.0s/5m0s  20.00 iters/s

running (1m50.0s), 0000/0100 VUs, 2200 complete and 0 interrupted iterations
main   [  37% ] 0000/0100 VUs  1m50.0s/5m0s  20.00 iters/s

running (1m51.0s), 0000/0100 VUs, 2220 complete and 0 interrupted iterations
main   [  37% ] 0000/0100 VUs  1m51.0s/5m0s  20.00 iters/s

running (1m52.0s), 0000/0100 VUs, 2240 complete and 0 interrupted iterations
main   [  37% ] 0000/0100 VUs  1m52.0s/5m0s  20.00 iters/s

running (1m53.0s), 0000/0100 VUs, 2260 complete and 0 interrupted iterations
main   [  38% ] 0000/0100 VUs  1m53.0s/5m0s  20.00 iters/s

running (1m54.0s), 0000/0100 VUs, 2280 complete and 0 interrupted iterations
main   [  38% ] 0000/0100 VUs  1m54.0s/5m0s  20.00 iters/s

running (1m55.0s), 0000/0100 VUs, 2300 complete and 0 interrupted iterations
main   [  38% ] 0000/0100 VUs  1m55.0s/5m0s  20.00 iters/s

running (1m56.0s), 0000/0100 VUs, 2320 complete and 0 interrupted iterations
main   [  39% ] 0000/0100 VUs  1m56.0s/5m0s  20.00 iters/s

running (1m57.0s), 0000/0100 VUs, 2340 complete and 0 interrupted iterations
main   [  39% ] 0000/0100 VUs  1m57.0s/5m0s  20.00 iters/s

running (1m58.0s), 0000/0100 VUs, 2360 complete and 0 interrupted iterations
main   [  39% ] 0000/0100 VUs  1m58.0s/5m0s  20.00 iters/s

running (1m59.0s), 0000/0100 VUs, 2380 complete and 0 interrupted iterations
main   [  40% ] 0000/0100 VUs  1m59.0s/5m0s  20.00 iters/s

running (2m00.0s), 0000/0100 VUs, 2400 complete and 0 interrupted iterations
main   [  40% ] 0000/0100 VUs  2m00.0s/5m0s  20.00 iters/s

running (2m01.0s), 0000/0100 VUs, 2420 complete and 0 interrupted iterations
main   [  40% ] 0000/0100 VUs  2m01.0s/5m0s  20.00 iters/s

running (2m02.0s), 0000/0100 VUs, 2440 complete and 0 interrupted iterations
main   [  41% ] 0000/0100 VUs  2m02.0s/5m0s  20.00 iters/s

running (2m03.0s), 0000/0100 VUs, 2460 complete and 0 interrupted iterations
main   [  41% ] 0000/0100 VUs  2m03.0s/5m0s  20.00 iters/s

running (2m04.0s), 0000/0100 VUs, 2480 complete and 0 interrupted iterations
main   [  41% ] 0000/0100 VUs  2m04.0s/5m0s  20.00 iters/s

running (2m05.0s), 0000/0100 VUs, 2500 complete and 0 interrupted iterations
main   [  42% ] 0000/0100 VUs  2m05.0s/5m0s  20.00 iters/s

running (2m06.0s), 0000/0100 VUs, 2520 complete and 0 interrupted iterations
main   [  42% ] 0000/0100 VUs  2m06.0s/5m0s  20.00 iters/s

running (2m07.0s), 0000/0100 VUs, 2540 complete and 0 interrupted iterations
main   [  42% ] 0000/0100 VUs  2m07.0s/5m0s  20.00 iters/s

running (2m08.0s), 0000/0100 VUs, 2560 complete and 0 interrupted iterations
main   [  43% ] 0000/0100 VUs  2m08.0s/5m0s  20.00 iters/s

running (2m09.0s), 0000/0100 VUs, 2580 complete and 0 interrupted iterations
main   [  43% ] 0000/0100 VUs  2m09.0s/5m0s  20.00 iters/s

running (2m10.0s), 0000/0100 VUs, 2600 complete and 0 interrupted iterations
main   [  43% ] 0000/0100 VUs  2m10.0s/5m0s  20.00 iters/s

running (2m11.0s), 0000/0100 VUs, 2620 complete and 0 interrupted iterations
main   [  44% ] 0000/0100 VUs  2m11.0s/5m0s  20.00 iters/s

running (2m12.0s), 0000/0100 VUs, 2640 complete and 0 interrupted iterations
main   [  44% ] 0000/0100 VUs  2m12.0s/5m0s  20.00 iters/s

running (2m13.0s), 0000/0100 VUs, 2660 complete and 0 interrupted iterations
main   [  44% ] 0000/0100 VUs  2m13.0s/5m0s  20.00 iters/s

running (2m14.0s), 0000/0100 VUs, 2680 complete and 0 interrupted iterations
main   [  45% ] 0000/0100 VUs  2m14.0s/5m0s  20.00 iters/s

running (2m15.0s), 0000/0100 VUs, 2700 complete and 0 interrupted iterations
main   [  45% ] 0000/0100 VUs  2m15.0s/5m0s  20.00 iters/s

running (2m16.0s), 0000/0100 VUs, 2720 complete and 0 interrupted iterations
main   [  45% ] 0000/0100 VUs  2m16.0s/5m0s  20.00 iters/s

running (2m17.0s), 0000/0100 VUs, 2740 complete and 0 interrupted iterations
main   [  46% ] 0000/0100 VUs  2m17.0s/5m0s  20.00 iters/s

running (2m18.0s), 0000/0100 VUs, 2760 complete and 0 interrupted iterations
main   [  46% ] 0000/0100 VUs  2m18.0s/5m0s  20.00 iters/s

running (2m19.0s), 0000/0100 VUs, 2780 complete and 0 interrupted iterations
main   [  46% ] 0000/0100 VUs  2m19.0s/5m0s  20.00 iters/s

running (2m20.0s), 0000/0100 VUs, 2800 complete and 0 interrupted iterations
main   [  47% ] 0000/0100 VUs  2m20.0s/5m0s  20.00 iters/s

running (2m21.0s), 0000/0100 VUs, 2820 complete and 0 interrupted iterations
main   [  47% ] 0000/0100 VUs  2m21.0s/5m0s  20.00 iters/s

running (2m22.0s), 0000/0100 VUs, 2840 complete and 0 interrupted iterations
main   [  47% ] 0000/0100 VUs  2m22.0s/5m0s  20.00 iters/s

running (2m23.0s), 0000/0100 VUs, 2860 complete and 0 interrupted iterations
main   [  48% ] 0000/0100 VUs  2m23.0s/5m0s  20.00 iters/s

running (2m24.0s), 0000/0100 VUs, 2880 complete and 0 interrupted iterations
main   [  48% ] 0000/0100 VUs  2m24.0s/5m0s  20.00 iters/s

running (2m25.0s), 0000/0100 VUs, 2900 complete and 0 interrupted iterations
main   [  48% ] 0000/0100 VUs  2m25.0s/5m0s  20.00 iters/s

running (2m26.0s), 0000/0100 VUs, 2920 complete and 0 interrupted iterations
main   [  49% ] 0000/0100 VUs  2m26.0s/5m0s  20.00 iters/s

running (2m27.0s), 0000/0100 VUs, 2940 complete and 0 interrupted iterations
main   [  49% ] 0000/0100 VUs  2m27.0s/5m0s  20.00 iters/s

running (2m28.0s), 0000/0100 VUs, 2960 complete and 0 interrupted iterations
main   [  49% ] 0000/0100 VUs  2m28.0s/5m0s  20.00 iters/s

running (2m29.0s), 0000/0100 VUs, 2980 complete and 0 interrupted iterations
main   [  50% ] 0000/0100 VUs  2m29.0s/5m0s  20.00 iters/s

running (2m30.0s), 0000/0100 VUs, 3000 complete and 0 interrupted iterations
main   [  50% ] 0000/0100 VUs  2m30.0s/5m0s  20.00 iters/s

running (2m31.0s), 0000/0100 VUs, 3020 complete and 0 interrupted iterations
main   [  50% ] 0000/0100 VUs  2m31.0s/5m0s  20.00 iters/s

running (2m32.0s), 0000/0100 VUs, 3040 complete and 0 interrupted iterations
main   [  51% ] 0000/0100 VUs  2m32.0s/5m0s  20.00 iters/s

running (2m33.0s), 0000/0100 VUs, 3060 complete and 0 interrupted iterations
main   [  51% ] 0000/0100 VUs  2m33.0s/5m0s  20.00 iters/s

running (2m34.0s), 0000/0100 VUs, 3080 complete and 0 interrupted iterations
main   [  51% ] 0000/0100 VUs  2m34.0s/5m0s  20.00 iters/s

running (2m35.0s), 0000/0100 VUs, 3100 complete and 0 interrupted iterations
main   [  52% ] 0000/0100 VUs  2m35.0s/5m0s  20.00 iters/s

running (2m36.0s), 0000/0100 VUs, 3120 complete and 0 interrupted iterations
main   [  52% ] 0000/0100 VUs  2m36.0s/5m0s  20.00 iters/s

running (2m37.0s), 0000/0100 VUs, 3140 complete and 0 interrupted iterations
main   [  52% ] 0000/0100 VUs  2m37.0s/5m0s  20.00 iters/s

running (2m38.0s), 0000/0100 VUs, 3160 complete and 0 interrupted iterations
main   [  53% ] 0000/0100 VUs  2m38.0s/5m0s  20.00 iters/s

running (2m39.0s), 0000/0100 VUs, 3180 complete and 0 interrupted iterations
main   [  53% ] 0000/0100 VUs  2m39.0s/5m0s  20.00 iters/s

running (2m40.0s), 0000/0100 VUs, 3200 complete and 0 interrupted iterations
main   [  53% ] 0000/0100 VUs  2m40.0s/5m0s  20.00 iters/s

running (2m41.0s), 0000/0100 VUs, 3220 complete and 0 interrupted iterations
main   [  54% ] 0000/0100 VUs  2m41.0s/5m0s  20.00 iters/s

running (2m42.0s), 0000/0100 VUs, 3240 complete and 0 interrupted iterations
main   [  54% ] 0000/0100 VUs  2m42.0s/5m0s  20.00 iters/s

running (2m43.0s), 0000/0100 VUs, 3260 complete and 0 interrupted iterations
main   [  54% ] 0000/0100 VUs  2m43.0s/5m0s  20.00 iters/s

running (2m44.0s), 0000/0100 VUs, 3280 complete and 0 interrupted iterations
main   [  55% ] 0000/0100 VUs  2m44.0s/5m0s  20.00 iters/s

running (2m45.0s), 0000/0100 VUs, 3300 complete and 0 interrupted iterations
main   [  55% ] 0000/0100 VUs  2m45.0s/5m0s  20.00 iters/s

running (2m46.0s), 0000/0100 VUs, 3320 complete and 0 interrupted iterations
main   [  55% ] 0000/0100 VUs  2m46.0s/5m0s  20.00 iters/s

running (2m47.0s), 0000/0100 VUs, 3340 complete and 0 interrupted iterations
main   [  56% ] 0000/0100 VUs  2m47.0s/5m0s  20.00 iters/s

running (2m48.0s), 0000/0100 VUs, 3360 complete and 0 interrupted iterations
main   [  56% ] 0000/0100 VUs  2m48.0s/5m0s  20.00 iters/s

running (2m49.0s), 0000/0100 VUs, 3380 complete and 0 interrupted iterations
main   [  56% ] 0000/0100 VUs  2m49.0s/5m0s  20.00 iters/s

running (2m50.0s), 0000/0100 VUs, 3400 complete and 0 interrupted iterations
main   [  57% ] 0000/0100 VUs  2m50.0s/5m0s  20.00 iters/s

running (2m51.0s), 0000/0100 VUs, 3420 complete and 0 interrupted iterations
main   [  57% ] 0000/0100 VUs  2m51.0s/5m0s  20.00 iters/s

running (2m52.0s), 0000/0100 VUs, 3440 complete and 0 interrupted iterations
main   [  57% ] 0000/0100 VUs  2m52.0s/5m0s  20.00 iters/s

running (2m53.0s), 0000/0100 VUs, 3460 complete and 0 interrupted iterations
main   [  58% ] 0000/0100 VUs  2m53.0s/5m0s  20.00 iters/s

running (2m54.0s), 0000/0100 VUs, 3480 complete and 0 interrupted iterations
main   [  58% ] 0000/0100 VUs  2m54.0s/5m0s  20.00 iters/s

running (2m55.0s), 0000/0100 VUs, 3500 complete and 0 interrupted iterations
main   [  58% ] 0000/0100 VUs  2m55.0s/5m0s  20.00 iters/s

running (2m56.0s), 0000/0100 VUs, 3520 complete and 0 interrupted iterations
main   [  59% ] 0000/0100 VUs  2m56.0s/5m0s  20.00 iters/s

running (2m57.0s), 0000/0100 VUs, 3540 complete and 0 interrupted iterations
main   [  59% ] 0000/0100 VUs  2m57.0s/5m0s  20.00 iters/s

running (2m58.0s), 0000/0100 VUs, 3560 complete and 0 interrupted iterations
main   [  59% ] 0000/0100 VUs  2m58.0s/5m0s  20.00 iters/s

running (2m59.0s), 0000/0100 VUs, 3580 complete and 0 interrupted iterations
main   [  60% ] 0000/0100 VUs  2m59.0s/5m0s  20.00 iters/s

running (3m00.0s), 0000/0100 VUs, 3600 complete and 0 interrupted iterations
main   [  60% ] 0000/0100 VUs  3m00.0s/5m0s  20.00 iters/s

running (3m01.0s), 0000/0100 VUs, 3620 complete and 0 interrupted iterations
main   [  60% ] 0000/0100 VUs  3m01.0s/5m0s  20.00 iters/s

running (3m02.0s), 0000/0100 VUs, 3640 complete and 0 interrupted iterations
main   [  61% ] 0000/0100 VUs  3m02.0s/5m0s  20.00 iters/s

running (3m03.0s), 0000/0100 VUs, 3660 complete and 0 interrupted iterations
main   [  61% ] 0000/0100 VUs  3m03.0s/5m0s  20.00 iters/s

running (3m04.0s), 0000/0100 VUs, 3680 complete and 0 interrupted iterations
main   [  61% ] 0000/0100 VUs  3m04.0s/5m0s  20.00 iters/s

running (3m05.0s), 0000/0100 VUs, 3700 complete and 0 interrupted iterations
main   [  62% ] 0000/0100 VUs  3m05.0s/5m0s  20.00 iters/s

running (3m06.0s), 0000/0100 VUs, 3720 complete and 0 interrupted iterations
main   [  62% ] 0000/0100 VUs  3m06.0s/5m0s  20.00 iters/s

running (3m07.0s), 0000/0100 VUs, 3740 complete and 0 interrupted iterations
main   [  62% ] 0000/0100 VUs  3m07.0s/5m0s  20.00 iters/s

running (3m08.0s), 0000/0100 VUs, 3760 complete and 0 interrupted iterations
main   [  63% ] 0000/0100 VUs  3m08.0s/5m0s  20.00 iters/s

running (3m09.0s), 0000/0100 VUs, 3780 complete and 0 interrupted iterations
main   [  63% ] 0000/0100 VUs  3m09.0s/5m0s  20.00 iters/s

running (3m10.0s), 0000/0100 VUs, 3800 complete and 0 interrupted iterations
main   [  63% ] 0000/0100 VUs  3m10.0s/5m0s  20.00 iters/s

running (3m11.0s), 0000/0100 VUs, 3820 complete and 0 interrupted iterations
main   [  64% ] 0000/0100 VUs  3m11.0s/5m0s  20.00 iters/s

running (3m12.0s), 0000/0100 VUs, 3840 complete and 0 interrupted iterations
main   [  64% ] 0000/0100 VUs  3m12.0s/5m0s  20.00 iters/s

running (3m13.0s), 0000/0100 VUs, 3860 complete and 0 interrupted iterations
main   [  64% ] 0000/0100 VUs  3m13.0s/5m0s  20.00 iters/s

running (3m14.0s), 0000/0100 VUs, 3880 complete and 0 interrupted iterations
main   [  65% ] 0000/0100 VUs  3m14.0s/5m0s  20.00 iters/s

running (3m15.0s), 0000/0100 VUs, 3900 complete and 0 interrupted iterations
main   [  65% ] 0000/0100 VUs  3m15.0s/5m0s  20.00 iters/s

running (3m16.0s), 0000/0100 VUs, 3920 complete and 0 interrupted iterations
main   [  65% ] 0000/0100 VUs  3m16.0s/5m0s  20.00 iters/s

running (3m17.0s), 0000/0100 VUs, 3940 complete and 0 interrupted iterations
main   [  66% ] 0000/0100 VUs  3m17.0s/5m0s  20.00 iters/s

running (3m18.0s), 0000/0100 VUs, 3960 complete and 0 interrupted iterations
main   [  66% ] 0000/0100 VUs  3m18.0s/5m0s  20.00 iters/s

running (3m19.0s), 0000/0100 VUs, 3980 complete and 0 interrupted iterations
main   [  66% ] 0000/0100 VUs  3m19.0s/5m0s  20.00 iters/s

running (3m20.0s), 0000/0100 VUs, 4000 complete and 0 interrupted iterations
main   [  67% ] 0000/0100 VUs  3m20.0s/5m0s  20.00 iters/s

running (3m21.0s), 0000/0100 VUs, 4020 complete and 0 interrupted iterations
main   [  67% ] 0000/0100 VUs  3m21.0s/5m0s  20.00 iters/s

running (3m22.0s), 0000/0100 VUs, 4040 complete and 0 interrupted iterations
main   [  67% ] 0000/0100 VUs  3m22.0s/5m0s  20.00 iters/s

running (3m23.0s), 0000/0100 VUs, 4060 complete and 0 interrupted iterations
main   [  68% ] 0000/0100 VUs  3m23.0s/5m0s  20.00 iters/s

running (3m24.0s), 0000/0100 VUs, 4080 complete and 0 interrupted iterations
main   [  68% ] 0000/0100 VUs  3m24.0s/5m0s  20.00 iters/s

running (3m25.0s), 0000/0100 VUs, 4100 complete and 0 interrupted iterations
main   [  68% ] 0000/0100 VUs  3m25.0s/5m0s  20.00 iters/s

running (3m26.0s), 0000/0100 VUs, 4120 complete and 0 interrupted iterations
main   [  69% ] 0000/0100 VUs  3m26.0s/5m0s  20.00 iters/s

running (3m27.0s), 0000/0100 VUs, 4140 complete and 0 interrupted iterations
main   [  69% ] 0000/0100 VUs  3m27.0s/5m0s  20.00 iters/s

running (3m28.0s), 0000/0100 VUs, 4160 complete and 0 interrupted iterations
main   [  69% ] 0000/0100 VUs  3m28.0s/5m0s  20.00 iters/s

running (3m29.0s), 0000/0100 VUs, 4180 complete and 0 interrupted iterations
main   [  70% ] 0000/0100 VUs  3m29.0s/5m0s  20.00 iters/s

running (3m30.0s), 0000/0100 VUs, 4200 complete and 0 interrupted iterations
main   [  70% ] 0000/0100 VUs  3m30.0s/5m0s  20.00 iters/s

running (3m31.0s), 0000/0100 VUs, 4220 complete and 0 interrupted iterations
main   [  70% ] 0000/0100 VUs  3m31.0s/5m0s  20.00 iters/s

running (3m32.0s), 0000/0100 VUs, 4240 complete and 0 interrupted iterations
main   [  71% ] 0000/0100 VUs  3m32.0s/5m0s  20.00 iters/s

running (3m33.0s), 0000/0100 VUs, 4260 complete and 0 interrupted iterations
main   [  71% ] 0000/0100 VUs  3m33.0s/5m0s  20.00 iters/s

running (3m34.0s), 0000/0100 VUs, 4280 complete and 0 interrupted iterations
main   [  71% ] 0000/0100 VUs  3m34.0s/5m0s  20.00 iters/s

running (3m35.0s), 0000/0100 VUs, 4300 complete and 0 interrupted iterations
main   [  72% ] 0000/0100 VUs  3m35.0s/5m0s  20.00 iters/s

running (3m36.0s), 0000/0100 VUs, 4320 complete and 0 interrupted iterations
main   [  72% ] 0000/0100 VUs  3m36.0s/5m0s  20.00 iters/s

running (3m37.0s), 0000/0100 VUs, 4340 complete and 0 interrupted iterations
main   [  72% ] 0000/0100 VUs  3m37.0s/5m0s  20.00 iters/s

running (3m38.0s), 0000/0100 VUs, 4360 complete and 0 interrupted iterations
main   [  73% ] 0000/0100 VUs  3m38.0s/5m0s  20.00 iters/s

running (3m39.0s), 0000/0100 VUs, 4380 complete and 0 interrupted iterations
main   [  73% ] 0000/0100 VUs  3m39.0s/5m0s  20.00 iters/s

running (3m40.0s), 0000/0100 VUs, 4400 complete and 0 interrupted iterations
main   [  73% ] 0000/0100 VUs  3m40.0s/5m0s  20.00 iters/s

running (3m41.0s), 0000/0100 VUs, 4420 complete and 0 interrupted iterations
main   [  74% ] 0000/0100 VUs  3m41.0s/5m0s  20.00 iters/s

running (3m42.0s), 0000/0100 VUs, 4440 complete and 0 interrupted iterations
main   [  74% ] 0000/0100 VUs  3m42.0s/5m0s  20.00 iters/s

running (3m43.0s), 0000/0100 VUs, 4460 complete and 0 interrupted iterations
main   [  74% ] 0000/0100 VUs  3m43.0s/5m0s  20.00 iters/s

running (3m44.0s), 0000/0100 VUs, 4480 complete and 0 interrupted iterations
main   [  75% ] 0000/0100 VUs  3m44.0s/5m0s  20.00 iters/s

running (3m45.0s), 0000/0100 VUs, 4500 complete and 0 interrupted iterations
main   [  75% ] 0000/0100 VUs  3m45.0s/5m0s  20.00 iters/s

running (3m46.0s), 0000/0100 VUs, 4520 complete and 0 interrupted iterations
main   [  75% ] 0000/0100 VUs  3m46.0s/5m0s  20.00 iters/s

running (3m47.0s), 0000/0100 VUs, 4540 complete and 0 interrupted iterations
main   [  76% ] 0000/0100 VUs  3m47.0s/5m0s  20.00 iters/s

running (3m48.0s), 0000/0100 VUs, 4560 complete and 0 interrupted iterations
main   [  76% ] 0000/0100 VUs  3m48.0s/5m0s  20.00 iters/s

running (3m49.0s), 0000/0100 VUs, 4580 complete and 0 interrupted iterations
main   [  76% ] 0000/0100 VUs  3m49.0s/5m0s  20.00 iters/s

running (3m50.0s), 0000/0100 VUs, 4600 complete and 0 interrupted iterations
main   [  77% ] 0000/0100 VUs  3m50.0s/5m0s  20.00 iters/s

running (3m51.0s), 0000/0100 VUs, 4620 complete and 0 interrupted iterations
main   [  77% ] 0000/0100 VUs  3m51.0s/5m0s  20.00 iters/s

running (3m52.0s), 0000/0100 VUs, 4640 complete and 0 interrupted iterations
main   [  77% ] 0000/0100 VUs  3m52.0s/5m0s  20.00 iters/s

running (3m53.0s), 0000/0100 VUs, 4660 complete and 0 interrupted iterations
main   [  78% ] 0000/0100 VUs  3m53.0s/5m0s  20.00 iters/s

running (3m54.0s), 0000/0100 VUs, 4680 complete and 0 interrupted iterations
main   [  78% ] 0000/0100 VUs  3m54.0s/5m0s  20.00 iters/s

running (3m55.0s), 0000/0100 VUs, 4700 complete and 0 interrupted iterations
main   [  78% ] 0000/0100 VUs  3m55.0s/5m0s  20.00 iters/s

running (3m56.0s), 0000/0100 VUs, 4720 complete and 0 interrupted iterations
main   [  79% ] 0000/0100 VUs  3m56.0s/5m0s  20.00 iters/s

running (3m57.0s), 0000/0100 VUs, 4740 complete and 0 interrupted iterations
main   [  79% ] 0000/0100 VUs  3m57.0s/5m0s  20.00 iters/s

running (3m58.0s), 0000/0100 VUs, 4760 complete and 0 interrupted iterations
main   [  79% ] 0000/0100 VUs  3m58.0s/5m0s  20.00 iters/s

running (3m59.0s), 0000/0100 VUs, 4780 complete and 0 interrupted iterations
main   [  80% ] 0000/0100 VUs  3m59.0s/5m0s  20.00 iters/s

running (4m00.0s), 0000/0100 VUs, 4800 complete and 0 interrupted iterations
main   [  80% ] 0000/0100 VUs  4m00.0s/5m0s  20.00 iters/s

running (4m01.0s), 0000/0100 VUs, 4820 complete and 0 interrupted iterations
main   [  80% ] 0000/0100 VUs  4m01.0s/5m0s  20.00 iters/s

running (4m02.0s), 0000/0100 VUs, 4840 complete and 0 interrupted iterations
main   [  81% ] 0000/0100 VUs  4m02.0s/5m0s  20.00 iters/s

running (4m03.0s), 0000/0100 VUs, 4860 complete and 0 interrupted iterations
main   [  81% ] 0000/0100 VUs  4m03.0s/5m0s  20.00 iters/s

running (4m04.0s), 0000/0100 VUs, 4880 complete and 0 interrupted iterations
main   [  81% ] 0000/0100 VUs  4m04.0s/5m0s  20.00 iters/s

running (4m05.0s), 0000/0100 VUs, 4900 complete and 0 interrupted iterations
main   [  82% ] 0000/0100 VUs  4m05.0s/5m0s  20.00 iters/s

running (4m06.0s), 0000/0100 VUs, 4920 complete and 0 interrupted iterations
main   [  82% ] 0000/0100 VUs  4m06.0s/5m0s  20.00 iters/s

running (4m07.0s), 0000/0100 VUs, 4940 complete and 0 interrupted iterations
main   [  82% ] 0000/0100 VUs  4m07.0s/5m0s  20.00 iters/s

running (4m08.0s), 0000/0100 VUs, 4960 complete and 0 interrupted iterations
main   [  83% ] 0000/0100 VUs  4m08.0s/5m0s  20.00 iters/s

running (4m09.0s), 0000/0100 VUs, 4980 complete and 0 interrupted iterations
main   [  83% ] 0000/0100 VUs  4m09.0s/5m0s  20.00 iters/s

running (4m10.0s), 0000/0100 VUs, 5000 complete and 0 interrupted iterations
main   [  83% ] 0000/0100 VUs  4m10.0s/5m0s  20.00 iters/s

running (4m11.0s), 0000/0100 VUs, 5020 complete and 0 interrupted iterations
main   [  84% ] 0000/0100 VUs  4m11.0s/5m0s  20.00 iters/s

running (4m12.0s), 0000/0100 VUs, 5040 complete and 0 interrupted iterations
main   [  84% ] 0000/0100 VUs  4m12.0s/5m0s  20.00 iters/s

running (4m13.0s), 0000/0100 VUs, 5060 complete and 0 interrupted iterations
main   [  84% ] 0000/0100 VUs  4m13.0s/5m0s  20.00 iters/s

running (4m14.0s), 0000/0100 VUs, 5080 complete and 0 interrupted iterations
main   [  85% ] 0000/0100 VUs  4m14.0s/5m0s  20.00 iters/s

running (4m15.0s), 0000/0100 VUs, 5100 complete and 0 interrupted iterations
main   [  85% ] 0000/0100 VUs  4m15.0s/5m0s  20.00 iters/s

running (4m16.0s), 0000/0100 VUs, 5120 complete and 0 interrupted iterations
main   [  85% ] 0000/0100 VUs  4m16.0s/5m0s  20.00 iters/s

running (4m17.0s), 0000/0100 VUs, 5140 complete and 0 interrupted iterations
main   [  86% ] 0000/0100 VUs  4m17.0s/5m0s  20.00 iters/s

running (4m18.0s), 0000/0100 VUs, 5160 complete and 0 interrupted iterations
main   [  86% ] 0000/0100 VUs  4m18.0s/5m0s  20.00 iters/s

running (4m19.0s), 0000/0100 VUs, 5180 complete and 0 interrupted iterations
main   [  86% ] 0000/0100 VUs  4m19.0s/5m0s  20.00 iters/s

running (4m20.0s), 0000/0100 VUs, 5200 complete and 0 interrupted iterations
main   [  87% ] 0000/0100 VUs  4m20.0s/5m0s  20.00 iters/s

running (4m21.0s), 0000/0100 VUs, 5220 complete and 0 interrupted iterations
main   [  87% ] 0000/0100 VUs  4m21.0s/5m0s  20.00 iters/s

running (4m22.0s), 0000/0100 VUs, 5240 complete and 0 interrupted iterations
main   [  87% ] 0000/0100 VUs  4m22.0s/5m0s  20.00 iters/s

running (4m23.0s), 0000/0100 VUs, 5260 complete and 0 interrupted iterations
main   [  88% ] 0000/0100 VUs  4m23.0s/5m0s  20.00 iters/s

running (4m24.0s), 0000/0100 VUs, 5280 complete and 0 interrupted iterations
main   [  88% ] 0000/0100 VUs  4m24.0s/5m0s  20.00 iters/s

running (4m25.0s), 0000/0100 VUs, 5300 complete and 0 interrupted iterations
main   [  88% ] 0000/0100 VUs  4m25.0s/5m0s  20.00 iters/s

running (4m26.0s), 0000/0100 VUs, 5320 complete and 0 interrupted iterations
main   [  89% ] 0000/0100 VUs  4m26.0s/5m0s  20.00 iters/s

running (4m27.0s), 0000/0100 VUs, 5340 complete and 0 interrupted iterations
main   [  89% ] 0000/0100 VUs  4m27.0s/5m0s  20.00 iters/s

running (4m28.0s), 0000/0100 VUs, 5360 complete and 0 interrupted iterations
main   [  89% ] 0000/0100 VUs  4m28.0s/5m0s  20.00 iters/s

running (4m29.0s), 0000/0100 VUs, 5380 complete and 0 interrupted iterations
main   [  90% ] 0000/0100 VUs  4m29.0s/5m0s  20.00 iters/s

running (4m30.0s), 0000/0100 VUs, 5400 complete and 0 interrupted iterations
main   [  90% ] 0000/0100 VUs  4m30.0s/5m0s  20.00 iters/s

running (4m31.0s), 0000/0100 VUs, 5420 complete and 0 interrupted iterations
main   [  90% ] 0000/0100 VUs  4m31.0s/5m0s  20.00 iters/s

running (4m32.0s), 0000/0100 VUs, 5440 complete and 0 interrupted iterations
main   [  91% ] 0000/0100 VUs  4m32.0s/5m0s  20.00 iters/s

running (4m33.0s), 0000/0100 VUs, 5460 complete and 0 interrupted iterations
main   [  91% ] 0000/0100 VUs  4m33.0s/5m0s  20.00 iters/s

running (4m34.0s), 0000/0100 VUs, 5480 complete and 0 interrupted iterations
main   [  91% ] 0000/0100 VUs  4m34.0s/5m0s  20.00 iters/s

running (4m35.0s), 0000/0100 VUs, 5500 complete and 0 interrupted iterations
main   [  92% ] 0000/0100 VUs  4m35.0s/5m0s  20.00 iters/s

running (4m36.0s), 0000/0100 VUs, 5520 complete and 0 interrupted iterations
main   [  92% ] 0000/0100 VUs  4m36.0s/5m0s  20.00 iters/s

running (4m37.0s), 0000/0100 VUs, 5540 complete and 0 interrupted iterations
main   [  92% ] 0000/0100 VUs  4m37.0s/5m0s  20.00 iters/s

running (4m38.0s), 0000/0100 VUs, 5560 complete and 0 interrupted iterations
main   [  93% ] 0000/0100 VUs  4m38.0s/5m0s  20.00 iters/s

running (4m39.0s), 0000/0100 VUs, 5580 complete and 0 interrupted iterations
main   [  93% ] 0000/0100 VUs  4m39.0s/5m0s  20.00 iters/s

running (4m40.0s), 0000/0100 VUs, 5600 complete and 0 interrupted iterations
main   [  93% ] 0000/0100 VUs  4m40.0s/5m0s  20.00 iters/s

running (4m41.0s), 0000/0100 VUs, 5620 complete and 0 interrupted iterations
main   [  94% ] 0000/0100 VUs  4m41.0s/5m0s  20.00 iters/s

running (4m42.0s), 0000/0100 VUs, 5640 complete and 0 interrupted iterations
main   [  94% ] 0000/0100 VUs  4m42.0s/5m0s  20.00 iters/s

running (4m43.0s), 0000/0100 VUs, 5660 complete and 0 interrupted iterations
main   [  94% ] 0000/0100 VUs  4m43.0s/5m0s  20.00 iters/s

running (4m44.0s), 0000/0100 VUs, 5680 complete and 0 interrupted iterations
main   [  95% ] 0000/0100 VUs  4m44.0s/5m0s  20.00 iters/s

running (4m45.0s), 0000/0100 VUs, 5700 complete and 0 interrupted iterations
main   [  95% ] 0000/0100 VUs  4m45.0s/5m0s  20.00 iters/s

running (4m46.0s), 0000/0100 VUs, 5720 complete and 0 interrupted iterations
main   [  95% ] 0000/0100 VUs  4m46.0s/5m0s  20.00 iters/s

running (4m47.0s), 0000/0100 VUs, 5740 complete and 0 interrupted iterations
main   [  96% ] 0000/0100 VUs  4m47.0s/5m0s  20.00 iters/s

running (4m48.0s), 0000/0100 VUs, 5760 complete and 0 interrupted iterations
main   [  96% ] 0000/0100 VUs  4m48.0s/5m0s  20.00 iters/s

running (4m49.0s), 0000/0100 VUs, 5780 complete and 0 interrupted iterations
main   [  96% ] 0000/0100 VUs  4m49.0s/5m0s  20.00 iters/s

running (4m50.0s), 0000/0100 VUs, 5800 complete and 0 interrupted iterations
main   [  97% ] 0000/0100 VUs  4m50.0s/5m0s  20.00 iters/s

running (4m51.0s), 0000/0100 VUs, 5820 complete and 0 interrupted iterations
main   [  97% ] 0000/0100 VUs  4m51.0s/5m0s  20.00 iters/s

running (4m52.0s), 0000/0100 VUs, 5840 complete and 0 interrupted iterations
main   [  97% ] 0000/0100 VUs  4m52.0s/5m0s  20.00 iters/s

running (4m53.0s), 0000/0100 VUs, 5860 complete and 0 interrupted iterations
main   [  98% ] 0000/0100 VUs  4m53.0s/5m0s  20.00 iters/s

running (4m54.0s), 0000/0100 VUs, 5880 complete and 0 interrupted iterations
main   [  98% ] 0000/0100 VUs  4m54.0s/5m0s  20.00 iters/s

running (4m55.0s), 0000/0100 VUs, 5900 complete and 0 interrupted iterations
main   [  98% ] 0000/0100 VUs  4m55.0s/5m0s  20.00 iters/s

running (4m56.0s), 0000/0100 VUs, 5920 complete and 0 interrupted iterations
main   [  99% ] 0000/0100 VUs  4m56.0s/5m0s  20.00 iters/s

running (4m57.0s), 0000/0100 VUs, 5940 complete and 0 interrupted iterations
main   [  99% ] 0000/0100 VUs  4m57.0s/5m0s  20.00 iters/s

running (4m58.0s), 0000/0100 VUs, 5960 complete and 0 interrupted iterations
main   [  99% ] 0000/0100 VUs  4m58.0s/5m0s  20.00 iters/s

running (4m59.0s), 0000/0100 VUs, 5980 complete and 0 interrupted iterations
main   [ 100% ] 0000/0100 VUs  4m59.0s/5m0s  20.00 iters/s

running (5m00.0s), 0000/0100 VUs, 6000 complete and 0 interrupted iterations
main   [ 100% ] 0000/0100 VUs  5m00.0s/5m0s  20.00 iters/s

running (5m00.0s), 0000/0100 VUs, 6001 complete and 0 interrupted iterations
main ✓ [ 100% ] 0000/0100 VUs  5m0s  20.00 iters/s
  Repeat 2 complete. Results in results/b-inbatch-rtt300-r20-n250-rep2-1781346704.json
[4/3] Running k6 repeat 3/3 (output -> results/b-inbatch-rtt300-r20-n250-rep3-1781347005.json)...
time="2026-06-13T19:36:45+09:00" level=warning msg="/Users/rene/rdb-join-lab/docker-compose.yml: the attribute `version` is obsolete, it will be ignored, please remove it to avoid potential confusion"

         /\      Grafana   /‾‾/  
    /\  /  \     |\  __   /  /   
   /  \/    \    | |/ /  /   ‾‾\ 
  /          \   |   (  |  (‾)  |
 / __________ \  |_|\_\  \_____/ 


     execution: local
        script: /scripts/scenario.js
        output: -

     scenarios: (100.00%) 1 scenario, 1000 max VUs, 5m30s max duration (incl. graceful stop):
              * main: 20.00 iterations/s for 5m0s (maxVUs: 100-1000, gracefulStop: 30s)


running (0m01.0s), 0000/0100 VUs, 20 complete and 0 interrupted iterations
main   [   0% ] 0000/0100 VUs  0m01.0s/5m0s  20.00 iters/s

running (0m02.0s), 0000/0100 VUs, 40 complete and 0 interrupted iterations
main   [   1% ] 0000/0100 VUs  0m02.0s/5m0s  20.00 iters/s

running (0m03.0s), 0000/0100 VUs, 60 complete and 0 interrupted iterations
main   [   1% ] 0000/0100 VUs  0m03.0s/5m0s  20.00 iters/s

running (0m04.0s), 0000/0100 VUs, 80 complete and 0 interrupted iterations
main   [   1% ] 0000/0100 VUs  0m04.0s/5m0s  20.00 iters/s

running (0m05.0s), 0000/0100 VUs, 100 complete and 0 interrupted iterations
main   [   2% ] 0000/0100 VUs  0m05.0s/5m0s  20.00 iters/s

running (0m06.0s), 0000/0100 VUs, 120 complete and 0 interrupted iterations
main   [   2% ] 0000/0100 VUs  0m06.0s/5m0s  20.00 iters/s

running (0m07.0s), 0000/0100 VUs, 140 complete and 0 interrupted iterations
main   [   2% ] 0000/0100 VUs  0m07.0s/5m0s  20.00 iters/s

running (0m08.0s), 0000/0100 VUs, 160 complete and 0 interrupted iterations
main   [   3% ] 0000/0100 VUs  0m08.0s/5m0s  20.00 iters/s

running (0m09.0s), 0000/0100 VUs, 180 complete and 0 interrupted iterations
main   [   3% ] 0000/0100 VUs  0m09.0s/5m0s  20.00 iters/s

running (0m10.0s), 0000/0100 VUs, 200 complete and 0 interrupted iterations
main   [   3% ] 0000/0100 VUs  0m10.0s/5m0s  20.00 iters/s

running (0m11.0s), 0000/0100 VUs, 220 complete and 0 interrupted iterations
main   [   4% ] 0000/0100 VUs  0m11.0s/5m0s  20.00 iters/s

running (0m12.0s), 0000/0100 VUs, 240 complete and 0 interrupted iterations
main   [   4% ] 0000/0100 VUs  0m12.0s/5m0s  20.00 iters/s

running (0m13.0s), 0000/0100 VUs, 260 complete and 0 interrupted iterations
main   [   4% ] 0000/0100 VUs  0m13.0s/5m0s  20.00 iters/s

running (0m14.0s), 0000/0100 VUs, 280 complete and 0 interrupted iterations
main   [   5% ] 0000/0100 VUs  0m14.0s/5m0s  20.00 iters/s

running (0m15.0s), 0000/0100 VUs, 300 complete and 0 interrupted iterations
main   [   5% ] 0000/0100 VUs  0m15.0s/5m0s  20.00 iters/s

running (0m16.0s), 0000/0100 VUs, 320 complete and 0 interrupted iterations
main   [   5% ] 0000/0100 VUs  0m16.0s/5m0s  20.00 iters/s

running (0m17.0s), 0000/0100 VUs, 340 complete and 0 interrupted iterations
main   [   6% ] 0000/0100 VUs  0m17.0s/5m0s  20.00 iters/s

running (0m18.0s), 0000/0100 VUs, 360 complete and 0 interrupted iterations
main   [   6% ] 0000/0100 VUs  0m18.0s/5m0s  20.00 iters/s

running (0m19.0s), 0000/0100 VUs, 380 complete and 0 interrupted iterations
main   [   6% ] 0000/0100 VUs  0m19.0s/5m0s  20.00 iters/s

running (0m20.0s), 0000/0100 VUs, 400 complete and 0 interrupted iterations
main   [   7% ] 0000/0100 VUs  0m20.0s/5m0s  20.00 iters/s

running (0m21.0s), 0000/0100 VUs, 420 complete and 0 interrupted iterations
main   [   7% ] 0000/0100 VUs  0m21.0s/5m0s  20.00 iters/s

running (0m22.0s), 0000/0100 VUs, 440 complete and 0 interrupted iterations
main   [   7% ] 0000/0100 VUs  0m22.0s/5m0s  20.00 iters/s

running (0m23.0s), 0000/0100 VUs, 460 complete and 0 interrupted iterations
main   [   8% ] 0000/0100 VUs  0m23.0s/5m0s  20.00 iters/s

running (0m24.0s), 0000/0100 VUs, 480 complete and 0 interrupted iterations
main   [   8% ] 0000/0100 VUs  0m24.0s/5m0s  20.00 iters/s

running (0m25.0s), 0000/0100 VUs, 500 complete and 0 interrupted iterations
main   [   8% ] 0000/0100 VUs  0m25.0s/5m0s  20.00 iters/s

running (0m26.0s), 0000/0100 VUs, 520 complete and 0 interrupted iterations
main   [   9% ] 0000/0100 VUs  0m26.0s/5m0s  20.00 iters/s

running (0m27.0s), 0000/0100 VUs, 540 complete and 0 interrupted iterations
main   [   9% ] 0000/0100 VUs  0m27.0s/5m0s  20.00 iters/s

running (0m28.0s), 0000/0100 VUs, 560 complete and 0 interrupted iterations
main   [   9% ] 0000/0100 VUs  0m28.0s/5m0s  20.00 iters/s

running (0m29.0s), 0000/0100 VUs, 580 complete and 0 interrupted iterations
main   [  10% ] 0000/0100 VUs  0m29.0s/5m0s  20.00 iters/s

running (0m30.0s), 0000/0100 VUs, 600 complete and 0 interrupted iterations
main   [  10% ] 0000/0100 VUs  0m30.0s/5m0s  20.00 iters/s

running (0m31.0s), 0000/0100 VUs, 620 complete and 0 interrupted iterations
main   [  10% ] 0000/0100 VUs  0m31.0s/5m0s  20.00 iters/s

running (0m32.0s), 0000/0100 VUs, 640 complete and 0 interrupted iterations
main   [  11% ] 0000/0100 VUs  0m32.0s/5m0s  20.00 iters/s

running (0m33.0s), 0000/0100 VUs, 660 complete and 0 interrupted iterations
main   [  11% ] 0000/0100 VUs  0m33.0s/5m0s  20.00 iters/s

running (0m34.0s), 0000/0100 VUs, 680 complete and 0 interrupted iterations
main   [  11% ] 0000/0100 VUs  0m34.0s/5m0s  20.00 iters/s

running (0m35.0s), 0000/0100 VUs, 700 complete and 0 interrupted iterations
main   [  12% ] 0000/0100 VUs  0m35.0s/5m0s  20.00 iters/s

running (0m36.0s), 0000/0100 VUs, 720 complete and 0 interrupted iterations
main   [  12% ] 0000/0100 VUs  0m36.0s/5m0s  20.00 iters/s

running (0m37.0s), 0000/0100 VUs, 740 complete and 0 interrupted iterations
main   [  12% ] 0000/0100 VUs  0m37.0s/5m0s  20.00 iters/s

running (0m38.0s), 0000/0100 VUs, 760 complete and 0 interrupted iterations
main   [  13% ] 0000/0100 VUs  0m38.0s/5m0s  20.00 iters/s

running (0m39.0s), 0000/0100 VUs, 780 complete and 0 interrupted iterations
main   [  13% ] 0000/0100 VUs  0m39.0s/5m0s  20.00 iters/s

running (0m40.0s), 0000/0100 VUs, 800 complete and 0 interrupted iterations
main   [  13% ] 0000/0100 VUs  0m40.0s/5m0s  20.00 iters/s

running (0m41.0s), 0000/0100 VUs, 820 complete and 0 interrupted iterations
main   [  14% ] 0000/0100 VUs  0m41.0s/5m0s  20.00 iters/s

running (0m42.0s), 0000/0100 VUs, 840 complete and 0 interrupted iterations
main   [  14% ] 0000/0100 VUs  0m42.0s/5m0s  20.00 iters/s

running (0m43.0s), 0000/0100 VUs, 860 complete and 0 interrupted iterations
main   [  14% ] 0000/0100 VUs  0m43.0s/5m0s  20.00 iters/s

running (0m44.0s), 0000/0100 VUs, 880 complete and 0 interrupted iterations
main   [  15% ] 0000/0100 VUs  0m44.0s/5m0s  20.00 iters/s

running (0m45.0s), 0000/0100 VUs, 900 complete and 0 interrupted iterations
main   [  15% ] 0000/0100 VUs  0m45.0s/5m0s  20.00 iters/s

running (0m46.0s), 0000/0100 VUs, 920 complete and 0 interrupted iterations
main   [  15% ] 0000/0100 VUs  0m46.0s/5m0s  20.00 iters/s

running (0m47.0s), 0000/0100 VUs, 940 complete and 0 interrupted iterations
main   [  16% ] 0000/0100 VUs  0m47.0s/5m0s  20.00 iters/s

running (0m48.0s), 0000/0100 VUs, 960 complete and 0 interrupted iterations
main   [  16% ] 0000/0100 VUs  0m48.0s/5m0s  20.00 iters/s

running (0m49.0s), 0000/0100 VUs, 980 complete and 0 interrupted iterations
main   [  16% ] 0000/0100 VUs  0m49.0s/5m0s  20.00 iters/s

running (0m50.0s), 0000/0100 VUs, 1000 complete and 0 interrupted iterations
main   [  17% ] 0000/0100 VUs  0m50.0s/5m0s  20.00 iters/s

running (0m51.0s), 0000/0100 VUs, 1020 complete and 0 interrupted iterations
main   [  17% ] 0000/0100 VUs  0m51.0s/5m0s  20.00 iters/s

running (0m52.0s), 0000/0100 VUs, 1040 complete and 0 interrupted iterations
main   [  17% ] 0000/0100 VUs  0m52.0s/5m0s  20.00 iters/s

running (0m53.0s), 0000/0100 VUs, 1060 complete and 0 interrupted iterations
main   [  18% ] 0000/0100 VUs  0m53.0s/5m0s  20.00 iters/s

running (0m54.0s), 0000/0100 VUs, 1080 complete and 0 interrupted iterations
main   [  18% ] 0000/0100 VUs  0m54.0s/5m0s  20.00 iters/s

running (0m55.0s), 0000/0100 VUs, 1100 complete and 0 interrupted iterations
main   [  18% ] 0000/0100 VUs  0m55.0s/5m0s  20.00 iters/s

running (0m56.0s), 0000/0100 VUs, 1120 complete and 0 interrupted iterations
main   [  19% ] 0000/0100 VUs  0m56.0s/5m0s  20.00 iters/s

running (0m57.0s), 0000/0100 VUs, 1140 complete and 0 interrupted iterations
main   [  19% ] 0000/0100 VUs  0m57.0s/5m0s  20.00 iters/s

running (0m58.0s), 0000/0100 VUs, 1160 complete and 0 interrupted iterations
main   [  19% ] 0000/0100 VUs  0m58.0s/5m0s  20.00 iters/s

running (0m59.0s), 0000/0100 VUs, 1180 complete and 0 interrupted iterations
main   [  20% ] 0000/0100 VUs  0m59.0s/5m0s  20.00 iters/s

running (1m00.0s), 0000/0100 VUs, 1200 complete and 0 interrupted iterations
main   [  20% ] 0000/0100 VUs  1m00.0s/5m0s  20.00 iters/s

running (1m01.0s), 0000/0100 VUs, 1220 complete and 0 interrupted iterations
main   [  20% ] 0000/0100 VUs  1m01.0s/5m0s  20.00 iters/s

running (1m02.0s), 0000/0100 VUs, 1240 complete and 0 interrupted iterations
main   [  21% ] 0000/0100 VUs  1m02.0s/5m0s  20.00 iters/s

running (1m03.0s), 0000/0100 VUs, 1260 complete and 0 interrupted iterations
main   [  21% ] 0000/0100 VUs  1m03.0s/5m0s  20.00 iters/s

running (1m04.0s), 0000/0100 VUs, 1280 complete and 0 interrupted iterations
main   [  21% ] 0000/0100 VUs  1m04.0s/5m0s  20.00 iters/s

running (1m05.0s), 0000/0100 VUs, 1300 complete and 0 interrupted iterations
main   [  22% ] 0000/0100 VUs  1m05.0s/5m0s  20.00 iters/s

running (1m06.0s), 0000/0100 VUs, 1320 complete and 0 interrupted iterations
main   [  22% ] 0000/0100 VUs  1m06.0s/5m0s  20.00 iters/s

running (1m07.0s), 0000/0100 VUs, 1340 complete and 0 interrupted iterations
main   [  22% ] 0000/0100 VUs  1m07.0s/5m0s  20.00 iters/s

running (1m08.0s), 0000/0100 VUs, 1360 complete and 0 interrupted iterations
main   [  23% ] 0000/0100 VUs  1m08.0s/5m0s  20.00 iters/s

running (1m09.0s), 0000/0100 VUs, 1380 complete and 0 interrupted iterations
main   [  23% ] 0000/0100 VUs  1m09.0s/5m0s  20.00 iters/s

running (1m10.0s), 0000/0100 VUs, 1400 complete and 0 interrupted iterations
main   [  23% ] 0000/0100 VUs  1m10.0s/5m0s  20.00 iters/s

running (1m11.0s), 0000/0100 VUs, 1420 complete and 0 interrupted iterations
main   [  24% ] 0000/0100 VUs  1m11.0s/5m0s  20.00 iters/s

running (1m12.0s), 0000/0100 VUs, 1440 complete and 0 interrupted iterations
main   [  24% ] 0000/0100 VUs  1m12.0s/5m0s  20.00 iters/s

running (1m13.0s), 0000/0100 VUs, 1460 complete and 0 interrupted iterations
main   [  24% ] 0000/0100 VUs  1m13.0s/5m0s  20.00 iters/s

running (1m14.0s), 0000/0100 VUs, 1480 complete and 0 interrupted iterations
main   [  25% ] 0000/0100 VUs  1m14.0s/5m0s  20.00 iters/s

running (1m15.0s), 0000/0100 VUs, 1500 complete and 0 interrupted iterations
main   [  25% ] 0000/0100 VUs  1m15.0s/5m0s  20.00 iters/s

running (1m16.0s), 0000/0100 VUs, 1520 complete and 0 interrupted iterations
main   [  25% ] 0000/0100 VUs  1m16.0s/5m0s  20.00 iters/s

running (1m17.0s), 0000/0100 VUs, 1540 complete and 0 interrupted iterations
main   [  26% ] 0000/0100 VUs  1m17.0s/5m0s  20.00 iters/s

running (1m18.0s), 0000/0100 VUs, 1560 complete and 0 interrupted iterations
main   [  26% ] 0000/0100 VUs  1m18.0s/5m0s  20.00 iters/s

running (1m19.0s), 0000/0100 VUs, 1580 complete and 0 interrupted iterations
main   [  26% ] 0000/0100 VUs  1m19.0s/5m0s  20.00 iters/s

running (1m20.0s), 0000/0100 VUs, 1600 complete and 0 interrupted iterations
main   [  27% ] 0000/0100 VUs  1m20.0s/5m0s  20.00 iters/s

running (1m21.0s), 0000/0100 VUs, 1620 complete and 0 interrupted iterations
main   [  27% ] 0000/0100 VUs  1m21.0s/5m0s  20.00 iters/s

running (1m22.0s), 0000/0100 VUs, 1640 complete and 0 interrupted iterations
main   [  27% ] 0000/0100 VUs  1m22.0s/5m0s  20.00 iters/s

running (1m23.0s), 0000/0100 VUs, 1660 complete and 0 interrupted iterations
main   [  28% ] 0000/0100 VUs  1m23.0s/5m0s  20.00 iters/s

running (1m24.0s), 0000/0100 VUs, 1680 complete and 0 interrupted iterations
main   [  28% ] 0000/0100 VUs  1m24.0s/5m0s  20.00 iters/s

running (1m25.0s), 0000/0100 VUs, 1700 complete and 0 interrupted iterations
main   [  28% ] 0000/0100 VUs  1m25.0s/5m0s  20.00 iters/s

running (1m26.0s), 0000/0100 VUs, 1720 complete and 0 interrupted iterations
main   [  29% ] 0000/0100 VUs  1m26.0s/5m0s  20.00 iters/s

running (1m27.0s), 0000/0100 VUs, 1740 complete and 0 interrupted iterations
main   [  29% ] 0000/0100 VUs  1m27.0s/5m0s  20.00 iters/s

running (1m28.0s), 0000/0100 VUs, 1760 complete and 0 interrupted iterations
main   [  29% ] 0000/0100 VUs  1m28.0s/5m0s  20.00 iters/s

running (1m29.0s), 0000/0100 VUs, 1780 complete and 0 interrupted iterations
main   [  30% ] 0000/0100 VUs  1m29.0s/5m0s  20.00 iters/s

running (1m30.0s), 0000/0100 VUs, 1800 complete and 0 interrupted iterations
main   [  30% ] 0000/0100 VUs  1m30.0s/5m0s  20.00 iters/s

running (1m31.0s), 0000/0100 VUs, 1820 complete and 0 interrupted iterations
main   [  30% ] 0000/0100 VUs  1m31.0s/5m0s  20.00 iters/s

running (1m32.0s), 0000/0100 VUs, 1840 complete and 0 interrupted iterations
main   [  31% ] 0000/0100 VUs  1m32.0s/5m0s  20.00 iters/s

running (1m33.0s), 0000/0100 VUs, 1860 complete and 0 interrupted iterations
main   [  31% ] 0000/0100 VUs  1m33.0s/5m0s  20.00 iters/s

running (1m34.0s), 0000/0100 VUs, 1880 complete and 0 interrupted iterations
main   [  31% ] 0000/0100 VUs  1m34.0s/5m0s  20.00 iters/s

running (1m35.0s), 0000/0100 VUs, 1900 complete and 0 interrupted iterations
main   [  32% ] 0000/0100 VUs  1m35.0s/5m0s  20.00 iters/s

running (1m36.0s), 0000/0100 VUs, 1920 complete and 0 interrupted iterations
main   [  32% ] 0000/0100 VUs  1m36.0s/5m0s  20.00 iters/s

running (1m37.0s), 0000/0100 VUs, 1940 complete and 0 interrupted iterations
main   [  32% ] 0000/0100 VUs  1m37.0s/5m0s  20.00 iters/s

running (1m38.0s), 0000/0100 VUs, 1960 complete and 0 interrupted iterations
main   [  33% ] 0000/0100 VUs  1m38.0s/5m0s  20.00 iters/s

running (1m39.0s), 0000/0100 VUs, 1980 complete and 0 interrupted iterations
main   [  33% ] 0000/0100 VUs  1m39.0s/5m0s  20.00 iters/s

running (1m40.0s), 0000/0100 VUs, 2000 complete and 0 interrupted iterations
main   [  33% ] 0000/0100 VUs  1m40.0s/5m0s  20.00 iters/s

running (1m41.0s), 0000/0100 VUs, 2020 complete and 0 interrupted iterations
main   [  34% ] 0000/0100 VUs  1m41.0s/5m0s  20.00 iters/s

running (1m42.0s), 0000/0100 VUs, 2040 complete and 0 interrupted iterations
main   [  34% ] 0000/0100 VUs  1m42.0s/5m0s  20.00 iters/s

running (1m43.0s), 0000/0100 VUs, 2060 complete and 0 interrupted iterations
main   [  34% ] 0000/0100 VUs  1m43.0s/5m0s  20.00 iters/s

running (1m44.0s), 0000/0100 VUs, 2080 complete and 0 interrupted iterations
main   [  35% ] 0000/0100 VUs  1m44.0s/5m0s  20.00 iters/s

running (1m45.0s), 0000/0100 VUs, 2100 complete and 0 interrupted iterations
main   [  35% ] 0000/0100 VUs  1m45.0s/5m0s  20.00 iters/s

running (1m46.0s), 0000/0100 VUs, 2120 complete and 0 interrupted iterations
main   [  35% ] 0000/0100 VUs  1m46.0s/5m0s  20.00 iters/s

running (1m47.0s), 0000/0100 VUs, 2140 complete and 0 interrupted iterations
main   [  36% ] 0000/0100 VUs  1m47.0s/5m0s  20.00 iters/s

running (1m48.0s), 0000/0100 VUs, 2160 complete and 0 interrupted iterations
main   [  36% ] 0000/0100 VUs  1m48.0s/5m0s  20.00 iters/s

running (1m49.0s), 0000/0100 VUs, 2180 complete and 0 interrupted iterations
main   [  36% ] 0000/0100 VUs  1m49.0s/5m0s  20.00 iters/s

running (1m50.0s), 0000/0100 VUs, 2200 complete and 0 interrupted iterations
main   [  37% ] 0000/0100 VUs  1m50.0s/5m0s  20.00 iters/s

running (1m51.0s), 0000/0100 VUs, 2220 complete and 0 interrupted iterations
main   [  37% ] 0000/0100 VUs  1m51.0s/5m0s  20.00 iters/s

running (1m52.0s), 0000/0100 VUs, 2240 complete and 0 interrupted iterations
main   [  37% ] 0000/0100 VUs  1m52.0s/5m0s  20.00 iters/s

running (1m53.0s), 0000/0100 VUs, 2260 complete and 0 interrupted iterations
main   [  38% ] 0000/0100 VUs  1m53.0s/5m0s  20.00 iters/s

running (1m54.0s), 0000/0100 VUs, 2280 complete and 0 interrupted iterations
main   [  38% ] 0000/0100 VUs  1m54.0s/5m0s  20.00 iters/s

running (1m55.0s), 0000/0100 VUs, 2300 complete and 0 interrupted iterations
main   [  38% ] 0000/0100 VUs  1m55.0s/5m0s  20.00 iters/s

running (1m56.0s), 0000/0100 VUs, 2320 complete and 0 interrupted iterations
main   [  39% ] 0000/0100 VUs  1m56.0s/5m0s  20.00 iters/s

running (1m57.0s), 0000/0100 VUs, 2340 complete and 0 interrupted iterations
main   [  39% ] 0000/0100 VUs  1m57.0s/5m0s  20.00 iters/s

running (1m58.0s), 0000/0100 VUs, 2360 complete and 0 interrupted iterations
main   [  39% ] 0000/0100 VUs  1m58.0s/5m0s  20.00 iters/s

running (1m59.0s), 0000/0100 VUs, 2380 complete and 0 interrupted iterations
main   [  40% ] 0000/0100 VUs  1m59.0s/5m0s  20.00 iters/s

running (2m00.0s), 0000/0100 VUs, 2400 complete and 0 interrupted iterations
main   [  40% ] 0000/0100 VUs  2m00.0s/5m0s  20.00 iters/s

running (2m01.0s), 0000/0100 VUs, 2420 complete and 0 interrupted iterations
main   [  40% ] 0000/0100 VUs  2m01.0s/5m0s  20.00 iters/s

running (2m02.0s), 0000/0100 VUs, 2440 complete and 0 interrupted iterations
main   [  41% ] 0000/0100 VUs  2m02.0s/5m0s  20.00 iters/s

running (2m03.0s), 0000/0100 VUs, 2460 complete and 0 interrupted iterations
main   [  41% ] 0000/0100 VUs  2m03.0s/5m0s  20.00 iters/s

running (2m04.0s), 0000/0100 VUs, 2480 complete and 0 interrupted iterations
main   [  41% ] 0000/0100 VUs  2m04.0s/5m0s  20.00 iters/s

running (2m05.0s), 0000/0100 VUs, 2500 complete and 0 interrupted iterations
main   [  42% ] 0000/0100 VUs  2m05.0s/5m0s  20.00 iters/s

running (2m06.0s), 0000/0100 VUs, 2520 complete and 0 interrupted iterations
main   [  42% ] 0000/0100 VUs  2m06.0s/5m0s  20.00 iters/s

running (2m07.0s), 0000/0100 VUs, 2540 complete and 0 interrupted iterations
main   [  42% ] 0000/0100 VUs  2m07.0s/5m0s  20.00 iters/s

running (2m08.0s), 0000/0100 VUs, 2560 complete and 0 interrupted iterations
main   [  43% ] 0000/0100 VUs  2m08.0s/5m0s  20.00 iters/s

running (2m09.0s), 0000/0100 VUs, 2580 complete and 0 interrupted iterations
main   [  43% ] 0000/0100 VUs  2m09.0s/5m0s  20.00 iters/s

running (2m10.0s), 0000/0100 VUs, 2600 complete and 0 interrupted iterations
main   [  43% ] 0000/0100 VUs  2m10.0s/5m0s  20.00 iters/s

running (2m11.0s), 0000/0100 VUs, 2620 complete and 0 interrupted iterations
main   [  44% ] 0000/0100 VUs  2m11.0s/5m0s  20.00 iters/s

running (2m12.0s), 0000/0100 VUs, 2640 complete and 0 interrupted iterations
main   [  44% ] 0000/0100 VUs  2m12.0s/5m0s  20.00 iters/s

running (2m13.0s), 0000/0100 VUs, 2660 complete and 0 interrupted iterations
main   [  44% ] 0000/0100 VUs  2m13.0s/5m0s  20.00 iters/s

running (2m14.0s), 0000/0100 VUs, 2680 complete and 0 interrupted iterations
main   [  45% ] 0000/0100 VUs  2m14.0s/5m0s  20.00 iters/s

running (2m15.0s), 0000/0100 VUs, 2700 complete and 0 interrupted iterations
main   [  45% ] 0000/0100 VUs  2m15.0s/5m0s  20.00 iters/s

running (2m16.0s), 0000/0100 VUs, 2720 complete and 0 interrupted iterations
main   [  45% ] 0000/0100 VUs  2m16.0s/5m0s  20.00 iters/s

running (2m17.0s), 0000/0100 VUs, 2740 complete and 0 interrupted iterations
main   [  46% ] 0000/0100 VUs  2m17.0s/5m0s  20.00 iters/s

running (2m18.0s), 0000/0100 VUs, 2760 complete and 0 interrupted iterations
main   [  46% ] 0000/0100 VUs  2m18.0s/5m0s  20.00 iters/s

running (2m19.0s), 0000/0100 VUs, 2780 complete and 0 interrupted iterations
main   [  46% ] 0000/0100 VUs  2m19.0s/5m0s  20.00 iters/s

running (2m20.0s), 0000/0100 VUs, 2800 complete and 0 interrupted iterations
main   [  47% ] 0000/0100 VUs  2m20.0s/5m0s  20.00 iters/s

running (2m21.0s), 0000/0100 VUs, 2820 complete and 0 interrupted iterations
main   [  47% ] 0000/0100 VUs  2m21.0s/5m0s  20.00 iters/s

running (2m22.0s), 0000/0100 VUs, 2840 complete and 0 interrupted iterations
main   [  47% ] 0000/0100 VUs  2m22.0s/5m0s  20.00 iters/s

running (2m23.0s), 0000/0100 VUs, 2860 complete and 0 interrupted iterations
main   [  48% ] 0000/0100 VUs  2m23.0s/5m0s  20.00 iters/s

running (2m24.0s), 0000/0100 VUs, 2880 complete and 0 interrupted iterations
main   [  48% ] 0000/0100 VUs  2m24.0s/5m0s  20.00 iters/s

running (2m25.0s), 0000/0100 VUs, 2900 complete and 0 interrupted iterations
main   [  48% ] 0000/0100 VUs  2m25.0s/5m0s  20.00 iters/s

running (2m26.0s), 0000/0100 VUs, 2920 complete and 0 interrupted iterations
main   [  49% ] 0000/0100 VUs  2m26.0s/5m0s  20.00 iters/s

running (2m27.0s), 0000/0100 VUs, 2940 complete and 0 interrupted iterations
main   [  49% ] 0000/0100 VUs  2m27.0s/5m0s  20.00 iters/s

running (2m28.0s), 0000/0100 VUs, 2960 complete and 0 interrupted iterations
main   [  49% ] 0000/0100 VUs  2m28.0s/5m0s  20.00 iters/s

running (2m29.0s), 0000/0100 VUs, 2980 complete and 0 interrupted iterations
main   [  50% ] 0000/0100 VUs  2m29.0s/5m0s  20.00 iters/s

running (2m30.0s), 0000/0100 VUs, 3000 complete and 0 interrupted iterations
main   [  50% ] 0000/0100 VUs  2m30.0s/5m0s  20.00 iters/s

running (2m31.0s), 0000/0100 VUs, 3020 complete and 0 interrupted iterations
main   [  50% ] 0000/0100 VUs  2m31.0s/5m0s  20.00 iters/s

running (2m32.0s), 0000/0100 VUs, 3040 complete and 0 interrupted iterations
main   [  51% ] 0000/0100 VUs  2m32.0s/5m0s  20.00 iters/s

running (2m33.0s), 0000/0100 VUs, 3060 complete and 0 interrupted iterations
main   [  51% ] 0000/0100 VUs  2m33.0s/5m0s  20.00 iters/s

running (2m34.0s), 0000/0100 VUs, 3080 complete and 0 interrupted iterations
main   [  51% ] 0000/0100 VUs  2m34.0s/5m0s  20.00 iters/s

running (2m35.0s), 0000/0100 VUs, 3100 complete and 0 interrupted iterations
main   [  52% ] 0000/0100 VUs  2m35.0s/5m0s  20.00 iters/s

running (2m36.0s), 0000/0100 VUs, 3120 complete and 0 interrupted iterations
main   [  52% ] 0000/0100 VUs  2m36.0s/5m0s  20.00 iters/s

running (2m37.0s), 0000/0100 VUs, 3140 complete and 0 interrupted iterations
main   [  52% ] 0000/0100 VUs  2m37.0s/5m0s  20.00 iters/s

running (2m38.0s), 0000/0100 VUs, 3160 complete and 0 interrupted iterations
main   [  53% ] 0000/0100 VUs  2m38.0s/5m0s  20.00 iters/s

running (2m39.0s), 0000/0100 VUs, 3180 complete and 0 interrupted iterations
main   [  53% ] 0000/0100 VUs  2m39.0s/5m0s  20.00 iters/s

running (2m40.0s), 0000/0100 VUs, 3200 complete and 0 interrupted iterations
main   [  53% ] 0000/0100 VUs  2m40.0s/5m0s  20.00 iters/s

running (2m41.0s), 0000/0100 VUs, 3220 complete and 0 interrupted iterations
main   [  54% ] 0000/0100 VUs  2m41.0s/5m0s  20.00 iters/s

running (2m42.0s), 0000/0100 VUs, 3240 complete and 0 interrupted iterations
main   [  54% ] 0000/0100 VUs  2m42.0s/5m0s  20.00 iters/s

running (2m43.0s), 0000/0100 VUs, 3260 complete and 0 interrupted iterations
main   [  54% ] 0000/0100 VUs  2m43.0s/5m0s  20.00 iters/s

running (2m44.0s), 0000/0100 VUs, 3280 complete and 0 interrupted iterations
main   [  55% ] 0000/0100 VUs  2m44.0s/5m0s  20.00 iters/s

running (2m45.0s), 0000/0100 VUs, 3300 complete and 0 interrupted iterations
main   [  55% ] 0000/0100 VUs  2m45.0s/5m0s  20.00 iters/s

running (2m46.0s), 0000/0100 VUs, 3320 complete and 0 interrupted iterations
main   [  55% ] 0000/0100 VUs  2m46.0s/5m0s  20.00 iters/s

running (2m47.0s), 0000/0100 VUs, 3340 complete and 0 interrupted iterations
main   [  56% ] 0000/0100 VUs  2m47.0s/5m0s  20.00 iters/s

running (2m48.0s), 0000/0100 VUs, 3360 complete and 0 interrupted iterations
main   [  56% ] 0000/0100 VUs  2m48.0s/5m0s  20.00 iters/s

running (2m49.0s), 0000/0100 VUs, 3380 complete and 0 interrupted iterations
main   [  56% ] 0000/0100 VUs  2m49.0s/5m0s  20.00 iters/s

running (2m50.0s), 0000/0100 VUs, 3400 complete and 0 interrupted iterations
main   [  57% ] 0000/0100 VUs  2m50.0s/5m0s  20.00 iters/s

running (2m51.0s), 0000/0100 VUs, 3420 complete and 0 interrupted iterations
main   [  57% ] 0000/0100 VUs  2m51.0s/5m0s  20.00 iters/s

running (2m52.0s), 0000/0100 VUs, 3440 complete and 0 interrupted iterations
main   [  57% ] 0000/0100 VUs  2m52.0s/5m0s  20.00 iters/s

running (2m53.0s), 0000/0100 VUs, 3460 complete and 0 interrupted iterations
main   [  58% ] 0000/0100 VUs  2m53.0s/5m0s  20.00 iters/s

running (2m54.0s), 0000/0100 VUs, 3480 complete and 0 interrupted iterations
main   [  58% ] 0000/0100 VUs  2m54.0s/5m0s  20.00 iters/s

running (2m55.0s), 0000/0100 VUs, 3500 complete and 0 interrupted iterations
main   [  58% ] 0000/0100 VUs  2m55.0s/5m0s  20.00 iters/s

running (2m56.0s), 0000/0100 VUs, 3520 complete and 0 interrupted iterations
main   [  59% ] 0000/0100 VUs  2m56.0s/5m0s  20.00 iters/s

running (2m57.0s), 0000/0100 VUs, 3540 complete and 0 interrupted iterations
main   [  59% ] 0000/0100 VUs  2m57.0s/5m0s  20.00 iters/s

running (2m58.0s), 0000/0100 VUs, 3560 complete and 0 interrupted iterations
main   [  59% ] 0000/0100 VUs  2m58.0s/5m0s  20.00 iters/s

running (2m59.0s), 0000/0100 VUs, 3580 complete and 0 interrupted iterations
main   [  60% ] 0000/0100 VUs  2m59.0s/5m0s  20.00 iters/s

running (3m00.0s), 0000/0100 VUs, 3600 complete and 0 interrupted iterations
main   [  60% ] 0000/0100 VUs  3m00.0s/5m0s  20.00 iters/s

running (3m01.0s), 0000/0100 VUs, 3620 complete and 0 interrupted iterations
main   [  60% ] 0000/0100 VUs  3m01.0s/5m0s  20.00 iters/s

running (3m02.0s), 0000/0100 VUs, 3640 complete and 0 interrupted iterations
main   [  61% ] 0000/0100 VUs  3m02.0s/5m0s  20.00 iters/s

running (3m03.0s), 0000/0100 VUs, 3660 complete and 0 interrupted iterations
main   [  61% ] 0000/0100 VUs  3m03.0s/5m0s  20.00 iters/s

running (3m04.0s), 0000/0100 VUs, 3680 complete and 0 interrupted iterations
main   [  61% ] 0000/0100 VUs  3m04.0s/5m0s  20.00 iters/s

running (3m05.0s), 0000/0100 VUs, 3700 complete and 0 interrupted iterations
main   [  62% ] 0000/0100 VUs  3m05.0s/5m0s  20.00 iters/s

running (3m06.0s), 0000/0100 VUs, 3720 complete and 0 interrupted iterations
main   [  62% ] 0000/0100 VUs  3m06.0s/5m0s  20.00 iters/s

running (3m07.0s), 0000/0100 VUs, 3740 complete and 0 interrupted iterations
main   [  62% ] 0000/0100 VUs  3m07.0s/5m0s  20.00 iters/s

running (3m08.0s), 0000/0100 VUs, 3760 complete and 0 interrupted iterations
main   [  63% ] 0000/0100 VUs  3m08.0s/5m0s  20.00 iters/s

running (3m09.0s), 0000/0100 VUs, 3780 complete and 0 interrupted iterations
main   [  63% ] 0000/0100 VUs  3m09.0s/5m0s  20.00 iters/s

running (3m10.0s), 0000/0100 VUs, 3800 complete and 0 interrupted iterations
main   [  63% ] 0000/0100 VUs  3m10.0s/5m0s  20.00 iters/s

running (3m11.0s), 0000/0100 VUs, 3820 complete and 0 interrupted iterations
main   [  64% ] 0000/0100 VUs  3m11.0s/5m0s  20.00 iters/s

running (3m12.0s), 0000/0100 VUs, 3840 complete and 0 interrupted iterations
main   [  64% ] 0000/0100 VUs  3m12.0s/5m0s  20.00 iters/s

running (3m13.0s), 0000/0100 VUs, 3860 complete and 0 interrupted iterations
main   [  64% ] 0000/0100 VUs  3m13.0s/5m0s  20.00 iters/s

running (3m14.0s), 0000/0100 VUs, 3880 complete and 0 interrupted iterations
main   [  65% ] 0000/0100 VUs  3m14.0s/5m0s  20.00 iters/s

running (3m15.0s), 0000/0100 VUs, 3900 complete and 0 interrupted iterations
main   [  65% ] 0000/0100 VUs  3m15.0s/5m0s  20.00 iters/s

running (3m16.0s), 0000/0100 VUs, 3920 complete and 0 interrupted iterations
main   [  65% ] 0000/0100 VUs  3m16.0s/5m0s  20.00 iters/s

running (3m17.0s), 0000/0100 VUs, 3940 complete and 0 interrupted iterations
main   [  66% ] 0000/0100 VUs  3m17.0s/5m0s  20.00 iters/s

running (3m18.0s), 0000/0100 VUs, 3960 complete and 0 interrupted iterations
main   [  66% ] 0000/0100 VUs  3m18.0s/5m0s  20.00 iters/s

running (3m19.0s), 0000/0100 VUs, 3980 complete and 0 interrupted iterations
main   [  66% ] 0000/0100 VUs  3m19.0s/5m0s  20.00 iters/s

running (3m20.0s), 0000/0100 VUs, 4000 complete and 0 interrupted iterations
main   [  67% ] 0000/0100 VUs  3m20.0s/5m0s  20.00 iters/s

running (3m21.0s), 0000/0100 VUs, 4020 complete and 0 interrupted iterations
main   [  67% ] 0000/0100 VUs  3m21.0s/5m0s  20.00 iters/s

running (3m22.0s), 0000/0100 VUs, 4040 complete and 0 interrupted iterations
main   [  67% ] 0000/0100 VUs  3m22.0s/5m0s  20.00 iters/s

running (3m23.0s), 0000/0100 VUs, 4060 complete and 0 interrupted iterations
main   [  68% ] 0000/0100 VUs  3m23.0s/5m0s  20.00 iters/s

running (3m24.0s), 0000/0100 VUs, 4080 complete and 0 interrupted iterations
main   [  68% ] 0000/0100 VUs  3m24.0s/5m0s  20.00 iters/s

running (3m25.0s), 0000/0100 VUs, 4100 complete and 0 interrupted iterations
main   [  68% ] 0000/0100 VUs  3m25.0s/5m0s  20.00 iters/s

running (3m26.0s), 0000/0100 VUs, 4120 complete and 0 interrupted iterations
main   [  69% ] 0000/0100 VUs  3m26.0s/5m0s  20.00 iters/s

running (3m27.0s), 0000/0100 VUs, 4140 complete and 0 interrupted iterations
main   [  69% ] 0000/0100 VUs  3m27.0s/5m0s  20.00 iters/s

running (3m28.0s), 0000/0100 VUs, 4160 complete and 0 interrupted iterations
main   [  69% ] 0000/0100 VUs  3m28.0s/5m0s  20.00 iters/s

running (3m29.0s), 0000/0100 VUs, 4180 complete and 0 interrupted iterations
main   [  70% ] 0000/0100 VUs  3m29.0s/5m0s  20.00 iters/s

running (3m30.0s), 0000/0100 VUs, 4200 complete and 0 interrupted iterations
main   [  70% ] 0000/0100 VUs  3m30.0s/5m0s  20.00 iters/s

running (3m31.0s), 0000/0100 VUs, 4220 complete and 0 interrupted iterations
main   [  70% ] 0000/0100 VUs  3m31.0s/5m0s  20.00 iters/s

running (3m32.0s), 0000/0100 VUs, 4240 complete and 0 interrupted iterations
main   [  71% ] 0000/0100 VUs  3m32.0s/5m0s  20.00 iters/s

running (3m33.0s), 0000/0100 VUs, 4260 complete and 0 interrupted iterations
main   [  71% ] 0000/0100 VUs  3m33.0s/5m0s  20.00 iters/s

running (3m34.0s), 0000/0100 VUs, 4280 complete and 0 interrupted iterations
main   [  71% ] 0000/0100 VUs  3m34.0s/5m0s  20.00 iters/s

running (3m35.0s), 0000/0100 VUs, 4300 complete and 0 interrupted iterations
main   [  72% ] 0000/0100 VUs  3m35.0s/5m0s  20.00 iters/s

running (3m36.0s), 0000/0100 VUs, 4320 complete and 0 interrupted iterations
main   [  72% ] 0000/0100 VUs  3m36.0s/5m0s  20.00 iters/s

running (3m37.0s), 0000/0100 VUs, 4340 complete and 0 interrupted iterations
main   [  72% ] 0000/0100 VUs  3m37.0s/5m0s  20.00 iters/s

running (3m38.0s), 0000/0100 VUs, 4360 complete and 0 interrupted iterations
main   [  73% ] 0000/0100 VUs  3m38.0s/5m0s  20.00 iters/s

running (3m39.0s), 0000/0100 VUs, 4380 complete and 0 interrupted iterations
main   [  73% ] 0000/0100 VUs  3m39.0s/5m0s  20.00 iters/s

running (3m40.0s), 0000/0100 VUs, 4400 complete and 0 interrupted iterations
main   [  73% ] 0000/0100 VUs  3m40.0s/5m0s  20.00 iters/s

running (3m41.0s), 0000/0100 VUs, 4420 complete and 0 interrupted iterations
main   [  74% ] 0000/0100 VUs  3m41.0s/5m0s  20.00 iters/s

running (3m42.0s), 0000/0100 VUs, 4440 complete and 0 interrupted iterations
main   [  74% ] 0000/0100 VUs  3m42.0s/5m0s  20.00 iters/s

running (3m43.0s), 0000/0100 VUs, 4460 complete and 0 interrupted iterations
main   [  74% ] 0000/0100 VUs  3m43.0s/5m0s  20.00 iters/s

running (3m44.0s), 0000/0100 VUs, 4480 complete and 0 interrupted iterations
main   [  75% ] 0000/0100 VUs  3m44.0s/5m0s  20.00 iters/s

running (3m45.0s), 0000/0100 VUs, 4500 complete and 0 interrupted iterations
main   [  75% ] 0000/0100 VUs  3m45.0s/5m0s  20.00 iters/s

running (3m46.0s), 0000/0100 VUs, 4520 complete and 0 interrupted iterations
main   [  75% ] 0000/0100 VUs  3m46.0s/5m0s  20.00 iters/s

running (3m47.0s), 0000/0100 VUs, 4540 complete and 0 interrupted iterations
main   [  76% ] 0000/0100 VUs  3m47.0s/5m0s  20.00 iters/s

running (3m48.0s), 0000/0100 VUs, 4560 complete and 0 interrupted iterations
main   [  76% ] 0000/0100 VUs  3m48.0s/5m0s  20.00 iters/s

running (3m49.0s), 0000/0100 VUs, 4580 complete and 0 interrupted iterations
main   [  76% ] 0000/0100 VUs  3m49.0s/5m0s  20.00 iters/s

running (3m50.0s), 0000/0100 VUs, 4600 complete and 0 interrupted iterations
main   [  77% ] 0000/0100 VUs  3m50.0s/5m0s  20.00 iters/s

running (3m51.0s), 0000/0100 VUs, 4620 complete and 0 interrupted iterations
main   [  77% ] 0000/0100 VUs  3m51.0s/5m0s  20.00 iters/s

running (3m52.0s), 0000/0100 VUs, 4640 complete and 0 interrupted iterations
main   [  77% ] 0000/0100 VUs  3m52.0s/5m0s  20.00 iters/s

running (3m53.0s), 0000/0100 VUs, 4660 complete and 0 interrupted iterations
main   [  78% ] 0000/0100 VUs  3m53.0s/5m0s  20.00 iters/s

running (3m54.0s), 0000/0100 VUs, 4680 complete and 0 interrupted iterations
main   [  78% ] 0000/0100 VUs  3m54.0s/5m0s  20.00 iters/s

running (3m55.0s), 0000/0100 VUs, 4700 complete and 0 interrupted iterations
main   [  78% ] 0000/0100 VUs  3m55.0s/5m0s  20.00 iters/s

running (3m56.0s), 0000/0100 VUs, 4720 complete and 0 interrupted iterations
main   [  79% ] 0000/0100 VUs  3m56.0s/5m0s  20.00 iters/s

running (3m57.0s), 0000/0100 VUs, 4740 complete and 0 interrupted iterations
main   [  79% ] 0000/0100 VUs  3m57.0s/5m0s  20.00 iters/s

running (3m58.0s), 0001/0100 VUs, 4760 complete and 0 interrupted iterations
main   [  79% ] 0001/0100 VUs  3m58.0s/5m0s  20.00 iters/s

running (3m59.0s), 0000/0100 VUs, 4780 complete and 0 interrupted iterations
main   [  80% ] 0000/0100 VUs  3m59.0s/5m0s  20.00 iters/s

running (4m00.0s), 0000/0100 VUs, 4800 complete and 0 interrupted iterations
main   [  80% ] 0000/0100 VUs  4m00.0s/5m0s  20.00 iters/s

running (4m01.0s), 0000/0100 VUs, 4820 complete and 0 interrupted iterations
main   [  80% ] 0000/0100 VUs  4m01.0s/5m0s  20.00 iters/s

running (4m02.0s), 0000/0100 VUs, 4840 complete and 0 interrupted iterations
main   [  81% ] 0000/0100 VUs  4m02.0s/5m0s  20.00 iters/s

running (4m03.0s), 0000/0100 VUs, 4860 complete and 0 interrupted iterations
main   [  81% ] 0000/0100 VUs  4m03.0s/5m0s  20.00 iters/s

running (4m04.0s), 0000/0100 VUs, 4880 complete and 0 interrupted iterations
main   [  81% ] 0000/0100 VUs  4m04.0s/5m0s  20.00 iters/s

running (4m05.0s), 0000/0100 VUs, 4900 complete and 0 interrupted iterations
main   [  82% ] 0000/0100 VUs  4m05.0s/5m0s  20.00 iters/s

running (4m06.0s), 0000/0100 VUs, 4920 complete and 0 interrupted iterations
main   [  82% ] 0000/0100 VUs  4m06.0s/5m0s  20.00 iters/s

running (4m07.0s), 0000/0100 VUs, 4940 complete and 0 interrupted iterations
main   [  82% ] 0000/0100 VUs  4m07.0s/5m0s  20.00 iters/s

running (4m08.0s), 0000/0100 VUs, 4960 complete and 0 interrupted iterations
main   [  83% ] 0000/0100 VUs  4m08.0s/5m0s  20.00 iters/s

running (4m09.0s), 0000/0100 VUs, 4980 complete and 0 interrupted iterations
main   [  83% ] 0000/0100 VUs  4m09.0s/5m0s  20.00 iters/s

running (4m10.0s), 0000/0100 VUs, 5000 complete and 0 interrupted iterations
main   [  83% ] 0000/0100 VUs  4m10.0s/5m0s  20.00 iters/s

running (4m11.0s), 0000/0100 VUs, 5020 complete and 0 interrupted iterations
main   [  84% ] 0000/0100 VUs  4m11.0s/5m0s  20.00 iters/s

running (4m12.0s), 0000/0100 VUs, 5040 complete and 0 interrupted iterations
main   [  84% ] 0000/0100 VUs  4m12.0s/5m0s  20.00 iters/s

running (4m13.0s), 0000/0100 VUs, 5060 complete and 0 interrupted iterations
main   [  84% ] 0000/0100 VUs  4m13.0s/5m0s  20.00 iters/s

running (4m14.0s), 0000/0100 VUs, 5080 complete and 0 interrupted iterations
main   [  85% ] 0000/0100 VUs  4m14.0s/5m0s  20.00 iters/s

running (4m15.0s), 0000/0100 VUs, 5100 complete and 0 interrupted iterations
main   [  85% ] 0000/0100 VUs  4m15.0s/5m0s  20.00 iters/s

running (4m16.0s), 0000/0100 VUs, 5120 complete and 0 interrupted iterations
main   [  85% ] 0000/0100 VUs  4m16.0s/5m0s  20.00 iters/s

running (4m17.0s), 0000/0100 VUs, 5140 complete and 0 interrupted iterations
main   [  86% ] 0000/0100 VUs  4m17.0s/5m0s  20.00 iters/s

running (4m18.0s), 0000/0100 VUs, 5160 complete and 0 interrupted iterations
main   [  86% ] 0000/0100 VUs  4m18.0s/5m0s  20.00 iters/s

running (4m19.0s), 0000/0100 VUs, 5180 complete and 0 interrupted iterations
main   [  86% ] 0000/0100 VUs  4m19.0s/5m0s  20.00 iters/s

running (4m20.0s), 0000/0100 VUs, 5200 complete and 0 interrupted iterations
main   [  87% ] 0000/0100 VUs  4m20.0s/5m0s  20.00 iters/s

running (4m21.0s), 0000/0100 VUs, 5220 complete and 0 interrupted iterations
main   [  87% ] 0000/0100 VUs  4m21.0s/5m0s  20.00 iters/s

running (4m22.0s), 0000/0100 VUs, 5240 complete and 0 interrupted iterations
main   [  87% ] 0000/0100 VUs  4m22.0s/5m0s  20.00 iters/s

running (4m23.0s), 0000/0100 VUs, 5260 complete and 0 interrupted iterations
main   [  88% ] 0000/0100 VUs  4m23.0s/5m0s  20.00 iters/s

running (4m24.0s), 0000/0100 VUs, 5280 complete and 0 interrupted iterations
main   [  88% ] 0000/0100 VUs  4m24.0s/5m0s  20.00 iters/s

running (4m25.0s), 0000/0100 VUs, 5300 complete and 0 interrupted iterations
main   [  88% ] 0000/0100 VUs  4m25.0s/5m0s  20.00 iters/s

running (4m26.0s), 0000/0100 VUs, 5320 complete and 0 interrupted iterations
main   [  89% ] 0000/0100 VUs  4m26.0s/5m0s  20.00 iters/s

running (4m27.0s), 0000/0100 VUs, 5340 complete and 0 interrupted iterations
main   [  89% ] 0000/0100 VUs  4m27.0s/5m0s  20.00 iters/s

running (4m28.0s), 0000/0100 VUs, 5360 complete and 0 interrupted iterations
main   [  89% ] 0000/0100 VUs  4m28.0s/5m0s  20.00 iters/s

running (4m29.0s), 0000/0100 VUs, 5380 complete and 0 interrupted iterations
main   [  90% ] 0000/0100 VUs  4m29.0s/5m0s  20.00 iters/s

running (4m30.0s), 0000/0100 VUs, 5400 complete and 0 interrupted iterations
main   [  90% ] 0000/0100 VUs  4m30.0s/5m0s  20.00 iters/s

running (4m31.0s), 0000/0100 VUs, 5420 complete and 0 interrupted iterations
main   [  90% ] 0000/0100 VUs  4m31.0s/5m0s  20.00 iters/s

running (4m32.0s), 0000/0100 VUs, 5440 complete and 0 interrupted iterations
main   [  91% ] 0000/0100 VUs  4m32.0s/5m0s  20.00 iters/s

running (4m33.0s), 0000/0100 VUs, 5460 complete and 0 interrupted iterations
main   [  91% ] 0000/0100 VUs  4m33.0s/5m0s  20.00 iters/s

running (4m34.0s), 0000/0100 VUs, 5480 complete and 0 interrupted iterations
main   [  91% ] 0000/0100 VUs  4m34.0s/5m0s  20.00 iters/s

running (4m35.0s), 0000/0100 VUs, 5500 complete and 0 interrupted iterations
main   [  92% ] 0000/0100 VUs  4m35.0s/5m0s  20.00 iters/s

running (4m36.0s), 0000/0100 VUs, 5520 complete and 0 interrupted iterations
main   [  92% ] 0000/0100 VUs  4m36.0s/5m0s  20.00 iters/s

running (4m37.0s), 0000/0100 VUs, 5540 complete and 0 interrupted iterations
main   [  92% ] 0000/0100 VUs  4m37.0s/5m0s  20.00 iters/s

running (4m38.0s), 0000/0100 VUs, 5560 complete and 0 interrupted iterations
main   [  93% ] 0000/0100 VUs  4m38.0s/5m0s  20.00 iters/s

running (4m39.0s), 0000/0100 VUs, 5580 complete and 0 interrupted iterations
main   [  93% ] 0000/0100 VUs  4m39.0s/5m0s  20.00 iters/s

running (4m40.0s), 0000/0100 VUs, 5600 complete and 0 interrupted iterations
main   [  93% ] 0000/0100 VUs  4m40.0s/5m0s  20.00 iters/s

running (4m41.0s), 0000/0100 VUs, 5620 complete and 0 interrupted iterations
main   [  94% ] 0000/0100 VUs  4m41.0s/5m0s  20.00 iters/s

running (4m42.0s), 0000/0100 VUs, 5640 complete and 0 interrupted iterations
main   [  94% ] 0000/0100 VUs  4m42.0s/5m0s  20.00 iters/s

running (4m43.0s), 0000/0100 VUs, 5660 complete and 0 interrupted iterations
main   [  94% ] 0000/0100 VUs  4m43.0s/5m0s  20.00 iters/s

running (4m44.0s), 0000/0100 VUs, 5680 complete and 0 interrupted iterations
main   [  95% ] 0000/0100 VUs  4m44.0s/5m0s  20.00 iters/s

running (4m45.0s), 0000/0100 VUs, 5700 complete and 0 interrupted iterations
main   [  95% ] 0000/0100 VUs  4m45.0s/5m0s  20.00 iters/s

running (4m46.0s), 0000/0100 VUs, 5720 complete and 0 interrupted iterations
main   [  95% ] 0000/0100 VUs  4m46.0s/5m0s  20.00 iters/s

running (4m47.0s), 0000/0100 VUs, 5740 complete and 0 interrupted iterations
main   [  96% ] 0000/0100 VUs  4m47.0s/5m0s  20.00 iters/s

running (4m48.0s), 0000/0100 VUs, 5760 complete and 0 interrupted iterations
main   [  96% ] 0000/0100 VUs  4m48.0s/5m0s  20.00 iters/s

running (4m49.0s), 0000/0100 VUs, 5780 complete and 0 interrupted iterations
main   [  96% ] 0000/0100 VUs  4m49.0s/5m0s  20.00 iters/s

running (4m50.0s), 0000/0100 VUs, 5800 complete and 0 interrupted iterations
main   [  97% ] 0000/0100 VUs  4m50.0s/5m0s  20.00 iters/s

running (4m51.0s), 0000/0100 VUs, 5820 complete and 0 interrupted iterations
main   [  97% ] 0000/0100 VUs  4m51.0s/5m0s  20.00 iters/s

running (4m52.0s), 0000/0100 VUs, 5840 complete and 0 interrupted iterations
main   [  97% ] 0000/0100 VUs  4m52.0s/5m0s  20.00 iters/s

running (4m53.0s), 0000/0100 VUs, 5860 complete and 0 interrupted iterations
main   [  98% ] 0000/0100 VUs  4m53.0s/5m0s  20.00 iters/s

running (4m54.0s), 0000/0100 VUs, 5880 complete and 0 interrupted iterations
main   [  98% ] 0000/0100 VUs  4m54.0s/5m0s  20.00 iters/s

running (4m55.0s), 0000/0100 VUs, 5900 complete and 0 interrupted iterations
main   [  98% ] 0000/0100 VUs  4m55.0s/5m0s  20.00 iters/s

running (4m56.0s), 0000/0100 VUs, 5920 complete and 0 interrupted iterations
main   [  99% ] 0000/0100 VUs  4m56.0s/5m0s  20.00 iters/s

running (4m57.0s), 0000/0100 VUs, 5940 complete and 0 interrupted iterations
main   [  99% ] 0000/0100 VUs  4m57.0s/5m0s  20.00 iters/s

running (4m58.0s), 0000/0100 VUs, 5960 complete and 0 interrupted iterations
main   [  99% ] 0000/0100 VUs  4m58.0s/5m0s  20.00 iters/s

running (4m59.0s), 0000/0100 VUs, 5980 complete and 0 interrupted iterations
main   [ 100% ] 0000/0100 VUs  4m59.0s/5m0s  20.00 iters/s

running (5m00.0s), 0000/0100 VUs, 6000 complete and 0 interrupted iterations
main   [ 100% ] 0000/0100 VUs  5m00.0s/5m0s  20.00 iters/s

running (5m00.0s), 0000/0100 VUs, 6000 complete and 0 interrupted iterations
main ✓ [ 100% ] 0000/0100 VUs  5m0s  20.00 iters/s
  Repeat 3 complete. Results in results/b-inbatch-rtt300-r20-n250-rep3-1781347005.json
=== Cell complete: 3 repeat(s) for b/inbatch rtt=300us ===

[campaign] (3) cell: b|inbatch-nodup|300|20|-|N=250,MAX_MEMBER_ID=2000
=== Cell: scenario=b style=inbatch-nodup rtt=300us rate=20rps duration=5m scale=full maxMember=2000 repeats=3 ===
[1/4] Setting netem delay 300us...
Setting netem delay 300us on lab-mysql eth0...
time="2026-06-13T19:41:45+09:00" level=warning msg="/Users/rene/rdb-join-lab/docker-compose.yml: the attribute `version` is obsolete, it will be ignored, please remove it to avoid potential confusion"
Current qdisc:
time="2026-06-13T19:41:45+09:00" level=warning msg="/Users/rene/rdb-join-lab/docker-compose.yml: the attribute `version` is obsolete, it will be ignored, please remove it to avoid potential confusion"
qdisc netem 8002: root refcnt 7 limit 1000 delay 300us seed 2663496697929820906
[2/4] Warming InnoDB buffer pool...
=== Step 1: Warm-up queries (priming buffer pool, ~10% of full scale) ===
COUNT(*)
3400211
COUNT(*)
1000000
COUNT(*)
8679702
COUNT(*)
10000
Warm-up queries complete.
=== Step 2: Triggering InnoDB buffer pool dump ===
time="2026-06-13T19:41:47+09:00" level=warning msg="/Users/rene/rdb-join-lab/docker-compose.yml: the attribute `version` is obsolete, it will be ignored, please remove it to avoid potential confusion"
mysql: [Warning] Using a password on the command line interface can be insecure.
Polling dump status (timeout 300s)...
  [0s] Dump status: Buffer pool(s) dump completed at 260613 10:41:47
Buffer pool dump completed.
=== Step 3: Triggering InnoDB buffer pool load ===
time="2026-06-13T19:41:47+09:00" level=warning msg="/Users/rene/rdb-join-lab/docker-compose.yml: the attribute `version` is obsolete, it will be ignored, please remove it to avoid potential confusion"
mysql: [Warning] Using a password on the command line interface can be insecure.
Polling load status (timeout 300s)...
  [0s] Load status: Buffer pool(s) load completed at 260613 10:41:47
Buffer pool load completed.
=== Step 3b: Capturing post-load snapshot for warm-state gate ===
COUNT(*)
1210060
COUNT(*)
8679702
COUNT(*)
10000
Re-verification queries complete.
=== Step 4: Warm-state gate (physical reads < 0.01, post-load window) ===
  Post-load reverify window: physical reads delta: 0 / 22886 = 0.0
  (Pre-warmup baseline: 112284 / 2550642728, for reference)
  Warm-state gate PASSED.
=== Step 5: ANALYZE TABLE ===
Table	Op	Msg_type	Msg_text
lab.coupon_policy	analyze	status	OK
lab.member	analyze	status	OK
lab.coupon_issue	analyze	status	OK
ANALYZE TABLE complete.
=== Step 5b: Capturing InnoDB engine status (AHI verification) ===
  InnoDB status captured: results/innodb-status-1781347308.txt
  AHI indicator: INSERT BUFFER AND ADAPTIVE HASH INDEX
0.00 hash searches/s, 23907.62 non-hash searches/s
=== Step 5c: EXPLAIN Scenario B ORDER BY id ASC (filesort check) ===
  WARNING: EXPLAIN shows 'Using filesort' for Scenario B ORDER BY id ASC query.
  Expected idx_issue_member_id to cover ORDER BY — check index creation in schema.sql.
  EXPLAIN output:
1	SIMPLE	coupon_issue	NULL	ref	idx_issue_member_status,idx_issue_member_id	idx_issue_member_status	8	const	1206	100.00	Using filesort
[3/4] Dual calibration (nominal=300us)...
  [held conn] calibrate n=10000...
{
    "n": 10000,
    "min": 333,
    "p50": 558,
    "p95": 683,
    "p99": 725,
    "max": 2327
}
  [per checkout] calibrate/loaded n=10000...
{
    "n": 10000,
    "min": 347,
    "p50": 534,
    "p95": 596,
    "p99": 696,
    "max": 7137
}
Running dual calibration probe (n=10000 held + n=10000 loaded)...
=== held (pure wire RTT) ===
{
    "n": 10000,
    "min": 353,
    "p50": 534,
    "p95": 587,
    "p99": 674,
    "max": 1931
}
=== loaded (wire RTT + pool checkout) ===
{
    "n": 10000,
    "min": 345,
    "p50": 533,
    "p95": 584,
    "p99": 642,
    "max": 2082
}

Appended dual record to results/calibration.jsonl: {"held": {"n": 10000, "min": 353, "p50": 534, "p95": 587, "p99": 674, "max": 1931}, "loaded": {"n": 10000, "min": 345, "p50": 533, "p95": 584, "p99": 642, "max": 2082}, "timestamp": "2026-06-13T10:42:10Z", "nominal_delay_us": 300}
[4/3] Running k6 repeat 1/3 (output -> results/b-inbatch-nodup-rtt300-r20-n250-rep1-1781347330.json)...
time="2026-06-13T19:42:10+09:00" level=warning msg="/Users/rene/rdb-join-lab/docker-compose.yml: the attribute `version` is obsolete, it will be ignored, please remove it to avoid potential confusion"

         /\      Grafana   /‾‾/  
    /\  /  \     |\  __   /  /   
   /  \/    \    | |/ /  /   ‾‾\ 
  /          \   |   (  |  (‾)  |
 / __________ \  |_|\_\  \_____/ 


     execution: local
        script: /scripts/scenario.js
        output: -

     scenarios: (100.00%) 1 scenario, 1000 max VUs, 5m30s max duration (incl. graceful stop):
              * main: 20.00 iterations/s for 5m0s (maxVUs: 100-1000, gracefulStop: 30s)


running (0m01.0s), 0000/0100 VUs, 20 complete and 0 interrupted iterations
main   [   0% ] 0000/0100 VUs  0m01.0s/5m0s  20.00 iters/s

running (0m02.0s), 0000/0100 VUs, 40 complete and 0 interrupted iterations
main   [   1% ] 0000/0100 VUs  0m02.0s/5m0s  20.00 iters/s

running (0m03.0s), 0000/0100 VUs, 60 complete and 0 interrupted iterations
main   [   1% ] 0000/0100 VUs  0m03.0s/5m0s  20.00 iters/s

running (0m04.0s), 0000/0100 VUs, 80 complete and 0 interrupted iterations
main   [   1% ] 0000/0100 VUs  0m04.0s/5m0s  20.00 iters/s

running (0m05.0s), 0000/0100 VUs, 100 complete and 0 interrupted iterations
main   [   2% ] 0000/0100 VUs  0m05.0s/5m0s  20.00 iters/s

running (0m06.0s), 0000/0100 VUs, 120 complete and 0 interrupted iterations
main   [   2% ] 0000/0100 VUs  0m06.0s/5m0s  20.00 iters/s

running (0m07.0s), 0000/0100 VUs, 140 complete and 0 interrupted iterations
main   [   2% ] 0000/0100 VUs  0m07.0s/5m0s  20.00 iters/s

running (0m08.0s), 0000/0100 VUs, 160 complete and 0 interrupted iterations
main   [   3% ] 0000/0100 VUs  0m08.0s/5m0s  20.00 iters/s

running (0m09.0s), 0000/0100 VUs, 180 complete and 0 interrupted iterations
main   [   3% ] 0000/0100 VUs  0m09.0s/5m0s  20.00 iters/s

running (0m10.0s), 0000/0100 VUs, 200 complete and 0 interrupted iterations
main   [   3% ] 0000/0100 VUs  0m10.0s/5m0s  20.00 iters/s

running (0m11.0s), 0000/0100 VUs, 220 complete and 0 interrupted iterations
main   [   4% ] 0000/0100 VUs  0m11.0s/5m0s  20.00 iters/s

running (0m12.0s), 0000/0100 VUs, 240 complete and 0 interrupted iterations
main   [   4% ] 0000/0100 VUs  0m12.0s/5m0s  20.00 iters/s

running (0m13.0s), 0000/0100 VUs, 260 complete and 0 interrupted iterations
main   [   4% ] 0000/0100 VUs  0m13.0s/5m0s  20.00 iters/s

running (0m14.0s), 0000/0100 VUs, 280 complete and 0 interrupted iterations
main   [   5% ] 0000/0100 VUs  0m14.0s/5m0s  20.00 iters/s

running (0m15.0s), 0000/0100 VUs, 300 complete and 0 interrupted iterations
main   [   5% ] 0000/0100 VUs  0m15.0s/5m0s  20.00 iters/s

running (0m16.0s), 0000/0100 VUs, 320 complete and 0 interrupted iterations
main   [   5% ] 0000/0100 VUs  0m16.0s/5m0s  20.00 iters/s

running (0m17.0s), 0000/0100 VUs, 340 complete and 0 interrupted iterations
main   [   6% ] 0000/0100 VUs  0m17.0s/5m0s  20.00 iters/s

running (0m18.0s), 0000/0100 VUs, 360 complete and 0 interrupted iterations
main   [   6% ] 0000/0100 VUs  0m18.0s/5m0s  20.00 iters/s

running (0m19.0s), 0000/0100 VUs, 380 complete and 0 interrupted iterations
main   [   6% ] 0000/0100 VUs  0m19.0s/5m0s  20.00 iters/s

running (0m20.0s), 0000/0100 VUs, 400 complete and 0 interrupted iterations
main   [   7% ] 0000/0100 VUs  0m20.0s/5m0s  20.00 iters/s

running (0m21.0s), 0000/0100 VUs, 420 complete and 0 interrupted iterations
main   [   7% ] 0000/0100 VUs  0m21.0s/5m0s  20.00 iters/s

running (0m22.0s), 0000/0100 VUs, 440 complete and 0 interrupted iterations
main   [   7% ] 0000/0100 VUs  0m22.0s/5m0s  20.00 iters/s

running (0m23.0s), 0000/0100 VUs, 460 complete and 0 interrupted iterations
main   [   8% ] 0000/0100 VUs  0m23.0s/5m0s  20.00 iters/s

running (0m24.0s), 0000/0100 VUs, 480 complete and 0 interrupted iterations
main   [   8% ] 0000/0100 VUs  0m24.0s/5m0s  20.00 iters/s

running (0m25.0s), 0000/0100 VUs, 500 complete and 0 interrupted iterations
main   [   8% ] 0000/0100 VUs  0m25.0s/5m0s  20.00 iters/s

running (0m26.0s), 0000/0100 VUs, 520 complete and 0 interrupted iterations
main   [   9% ] 0000/0100 VUs  0m26.0s/5m0s  20.00 iters/s

running (0m27.0s), 0000/0100 VUs, 540 complete and 0 interrupted iterations
main   [   9% ] 0000/0100 VUs  0m27.0s/5m0s  20.00 iters/s

running (0m28.0s), 0000/0100 VUs, 560 complete and 0 interrupted iterations
main   [   9% ] 0000/0100 VUs  0m28.0s/5m0s  20.00 iters/s

running (0m29.0s), 0000/0100 VUs, 580 complete and 0 interrupted iterations
main   [  10% ] 0000/0100 VUs  0m29.0s/5m0s  20.00 iters/s

running (0m30.0s), 0000/0100 VUs, 600 complete and 0 interrupted iterations
main   [  10% ] 0000/0100 VUs  0m30.0s/5m0s  20.00 iters/s

running (0m31.0s), 0000/0100 VUs, 620 complete and 0 interrupted iterations
main   [  10% ] 0000/0100 VUs  0m31.0s/5m0s  20.00 iters/s

running (0m32.0s), 0000/0100 VUs, 640 complete and 0 interrupted iterations
main   [  11% ] 0000/0100 VUs  0m32.0s/5m0s  20.00 iters/s

running (0m33.0s), 0000/0100 VUs, 660 complete and 0 interrupted iterations
main   [  11% ] 0000/0100 VUs  0m33.0s/5m0s  20.00 iters/s

running (0m34.0s), 0000/0100 VUs, 680 complete and 0 interrupted iterations
main   [  11% ] 0000/0100 VUs  0m34.0s/5m0s  20.00 iters/s

running (0m35.0s), 0000/0100 VUs, 700 complete and 0 interrupted iterations
main   [  12% ] 0000/0100 VUs  0m35.0s/5m0s  20.00 iters/s

running (0m36.0s), 0000/0100 VUs, 720 complete and 0 interrupted iterations
main   [  12% ] 0000/0100 VUs  0m36.0s/5m0s  20.00 iters/s

running (0m37.0s), 0000/0100 VUs, 740 complete and 0 interrupted iterations
main   [  12% ] 0000/0100 VUs  0m37.0s/5m0s  20.00 iters/s

running (0m38.0s), 0000/0100 VUs, 760 complete and 0 interrupted iterations
main   [  13% ] 0000/0100 VUs  0m38.0s/5m0s  20.00 iters/s

running (0m39.0s), 0000/0100 VUs, 780 complete and 0 interrupted iterations
main   [  13% ] 0000/0100 VUs  0m39.0s/5m0s  20.00 iters/s

running (0m40.0s), 0000/0100 VUs, 800 complete and 0 interrupted iterations
main   [  13% ] 0000/0100 VUs  0m40.0s/5m0s  20.00 iters/s

running (0m41.0s), 0000/0100 VUs, 820 complete and 0 interrupted iterations
main   [  14% ] 0000/0100 VUs  0m41.0s/5m0s  20.00 iters/s

running (0m42.0s), 0000/0100 VUs, 840 complete and 0 interrupted iterations
main   [  14% ] 0000/0100 VUs  0m42.0s/5m0s  20.00 iters/s

running (0m43.0s), 0000/0100 VUs, 860 complete and 0 interrupted iterations
main   [  14% ] 0000/0100 VUs  0m43.0s/5m0s  20.00 iters/s

running (0m44.0s), 0000/0100 VUs, 880 complete and 0 interrupted iterations
main   [  15% ] 0000/0100 VUs  0m44.0s/5m0s  20.00 iters/s

running (0m45.0s), 0000/0100 VUs, 900 complete and 0 interrupted iterations
main   [  15% ] 0000/0100 VUs  0m45.0s/5m0s  20.00 iters/s

running (0m46.0s), 0000/0100 VUs, 920 complete and 0 interrupted iterations
main   [  15% ] 0000/0100 VUs  0m46.0s/5m0s  20.00 iters/s

running (0m47.0s), 0000/0100 VUs, 940 complete and 0 interrupted iterations
main   [  16% ] 0000/0100 VUs  0m47.0s/5m0s  20.00 iters/s

running (0m48.0s), 0000/0100 VUs, 960 complete and 0 interrupted iterations
main   [  16% ] 0000/0100 VUs  0m48.0s/5m0s  20.00 iters/s

running (0m49.0s), 0000/0100 VUs, 980 complete and 0 interrupted iterations
main   [  16% ] 0000/0100 VUs  0m49.0s/5m0s  20.00 iters/s

running (0m50.0s), 0000/0100 VUs, 1000 complete and 0 interrupted iterations
main   [  17% ] 0000/0100 VUs  0m50.0s/5m0s  20.00 iters/s

running (0m51.0s), 0000/0100 VUs, 1020 complete and 0 interrupted iterations
main   [  17% ] 0000/0100 VUs  0m51.0s/5m0s  20.00 iters/s

running (0m52.0s), 0000/0100 VUs, 1040 complete and 0 interrupted iterations
main   [  17% ] 0000/0100 VUs  0m52.0s/5m0s  20.00 iters/s

running (0m53.0s), 0000/0100 VUs, 1060 complete and 0 interrupted iterations
main   [  18% ] 0000/0100 VUs  0m53.0s/5m0s  20.00 iters/s

running (0m54.0s), 0000/0100 VUs, 1080 complete and 0 interrupted iterations
main   [  18% ] 0000/0100 VUs  0m54.0s/5m0s  20.00 iters/s

running (0m55.0s), 0000/0100 VUs, 1100 complete and 0 interrupted iterations
main   [  18% ] 0000/0100 VUs  0m55.0s/5m0s  20.00 iters/s

running (0m56.0s), 0000/0100 VUs, 1120 complete and 0 interrupted iterations
main   [  19% ] 0000/0100 VUs  0m56.0s/5m0s  20.00 iters/s

running (0m57.0s), 0000/0100 VUs, 1140 complete and 0 interrupted iterations
main   [  19% ] 0000/0100 VUs  0m57.0s/5m0s  20.00 iters/s

running (0m58.0s), 0000/0100 VUs, 1160 complete and 0 interrupted iterations
main   [  19% ] 0000/0100 VUs  0m58.0s/5m0s  20.00 iters/s

running (0m59.0s), 0000/0100 VUs, 1180 complete and 0 interrupted iterations
main   [  20% ] 0000/0100 VUs  0m59.0s/5m0s  20.00 iters/s

running (1m00.0s), 0000/0100 VUs, 1200 complete and 0 interrupted iterations
main   [  20% ] 0000/0100 VUs  1m00.0s/5m0s  20.00 iters/s

running (1m01.0s), 0000/0100 VUs, 1220 complete and 0 interrupted iterations
main   [  20% ] 0000/0100 VUs  1m01.0s/5m0s  20.00 iters/s

running (1m02.0s), 0000/0100 VUs, 1240 complete and 0 interrupted iterations
main   [  21% ] 0000/0100 VUs  1m02.0s/5m0s  20.00 iters/s

running (1m03.0s), 0000/0100 VUs, 1260 complete and 0 interrupted iterations
main   [  21% ] 0000/0100 VUs  1m03.0s/5m0s  20.00 iters/s

running (1m04.0s), 0000/0100 VUs, 1280 complete and 0 interrupted iterations
main   [  21% ] 0000/0100 VUs  1m04.0s/5m0s  20.00 iters/s

running (1m05.0s), 0000/0100 VUs, 1300 complete and 0 interrupted iterations
main   [  22% ] 0000/0100 VUs  1m05.0s/5m0s  20.00 iters/s

running (1m06.0s), 0000/0100 VUs, 1320 complete and 0 interrupted iterations
main   [  22% ] 0000/0100 VUs  1m06.0s/5m0s  20.00 iters/s

running (1m07.0s), 0000/0100 VUs, 1340 complete and 0 interrupted iterations
main   [  22% ] 0000/0100 VUs  1m07.0s/5m0s  20.00 iters/s

running (1m08.0s), 0000/0100 VUs, 1360 complete and 0 interrupted iterations
main   [  23% ] 0000/0100 VUs  1m08.0s/5m0s  20.00 iters/s

running (1m09.0s), 0000/0100 VUs, 1380 complete and 0 interrupted iterations
main   [  23% ] 0000/0100 VUs  1m09.0s/5m0s  20.00 iters/s

running (1m10.0s), 0000/0100 VUs, 1400 complete and 0 interrupted iterations
main   [  23% ] 0000/0100 VUs  1m10.0s/5m0s  20.00 iters/s

running (1m11.0s), 0000/0100 VUs, 1420 complete and 0 interrupted iterations
main   [  24% ] 0000/0100 VUs  1m11.0s/5m0s  20.00 iters/s

running (1m12.0s), 0000/0100 VUs, 1440 complete and 0 interrupted iterations
main   [  24% ] 0000/0100 VUs  1m12.0s/5m0s  20.00 iters/s

running (1m13.0s), 0000/0100 VUs, 1460 complete and 0 interrupted iterations
main   [  24% ] 0000/0100 VUs  1m13.0s/5m0s  20.00 iters/s

running (1m14.0s), 0000/0100 VUs, 1480 complete and 0 interrupted iterations
main   [  25% ] 0000/0100 VUs  1m14.0s/5m0s  20.00 iters/s

running (1m15.0s), 0000/0100 VUs, 1500 complete and 0 interrupted iterations
main   [  25% ] 0000/0100 VUs  1m15.0s/5m0s  20.00 iters/s

running (1m16.0s), 0000/0100 VUs, 1520 complete and 0 interrupted iterations
main   [  25% ] 0000/0100 VUs  1m16.0s/5m0s  20.00 iters/s

running (1m17.0s), 0000/0100 VUs, 1540 complete and 0 interrupted iterations
main   [  26% ] 0000/0100 VUs  1m17.0s/5m0s  20.00 iters/s

running (1m18.0s), 0000/0100 VUs, 1560 complete and 0 interrupted iterations
main   [  26% ] 0000/0100 VUs  1m18.0s/5m0s  20.00 iters/s

running (1m19.0s), 0000/0100 VUs, 1580 complete and 0 interrupted iterations
main   [  26% ] 0000/0100 VUs  1m19.0s/5m0s  20.00 iters/s

running (1m20.0s), 0000/0100 VUs, 1600 complete and 0 interrupted iterations
main   [  27% ] 0000/0100 VUs  1m20.0s/5m0s  20.00 iters/s

running (1m21.0s), 0000/0100 VUs, 1620 complete and 0 interrupted iterations
main   [  27% ] 0000/0100 VUs  1m21.0s/5m0s  20.00 iters/s

running (1m22.0s), 0000/0100 VUs, 1640 complete and 0 interrupted iterations
main   [  27% ] 0000/0100 VUs  1m22.0s/5m0s  20.00 iters/s

running (1m23.0s), 0000/0100 VUs, 1660 complete and 0 interrupted iterations
main   [  28% ] 0000/0100 VUs  1m23.0s/5m0s  20.00 iters/s

running (1m24.0s), 0000/0100 VUs, 1680 complete and 0 interrupted iterations
main   [  28% ] 0000/0100 VUs  1m24.0s/5m0s  20.00 iters/s

running (1m25.0s), 0000/0100 VUs, 1700 complete and 0 interrupted iterations
main   [  28% ] 0000/0100 VUs  1m25.0s/5m0s  20.00 iters/s

running (1m26.0s), 0000/0100 VUs, 1720 complete and 0 interrupted iterations
main   [  29% ] 0000/0100 VUs  1m26.0s/5m0s  20.00 iters/s

running (1m27.0s), 0000/0100 VUs, 1740 complete and 0 interrupted iterations
main   [  29% ] 0000/0100 VUs  1m27.0s/5m0s  20.00 iters/s

running (1m28.0s), 0000/0100 VUs, 1760 complete and 0 interrupted iterations
main   [  29% ] 0000/0100 VUs  1m28.0s/5m0s  20.00 iters/s

running (1m29.0s), 0000/0100 VUs, 1780 complete and 0 interrupted iterations
main   [  30% ] 0000/0100 VUs  1m29.0s/5m0s  20.00 iters/s

running (1m30.0s), 0000/0100 VUs, 1800 complete and 0 interrupted iterations
main   [  30% ] 0000/0100 VUs  1m30.0s/5m0s  20.00 iters/s

running (1m31.0s), 0000/0100 VUs, 1820 complete and 0 interrupted iterations
main   [  30% ] 0000/0100 VUs  1m31.0s/5m0s  20.00 iters/s

running (1m32.0s), 0000/0100 VUs, 1840 complete and 0 interrupted iterations
main   [  31% ] 0000/0100 VUs  1m32.0s/5m0s  20.00 iters/s

running (1m33.0s), 0000/0100 VUs, 1860 complete and 0 interrupted iterations
main   [  31% ] 0000/0100 VUs  1m33.0s/5m0s  20.00 iters/s

running (1m34.0s), 0000/0100 VUs, 1880 complete and 0 interrupted iterations
main   [  31% ] 0000/0100 VUs  1m34.0s/5m0s  20.00 iters/s

running (1m35.0s), 0000/0100 VUs, 1900 complete and 0 interrupted iterations
main   [  32% ] 0000/0100 VUs  1m35.0s/5m0s  20.00 iters/s

running (1m36.0s), 0000/0100 VUs, 1920 complete and 0 interrupted iterations
main   [  32% ] 0000/0100 VUs  1m36.0s/5m0s  20.00 iters/s

running (1m37.0s), 0000/0100 VUs, 1940 complete and 0 interrupted iterations
main   [  32% ] 0000/0100 VUs  1m37.0s/5m0s  20.00 iters/s

running (1m38.0s), 0000/0100 VUs, 1960 complete and 0 interrupted iterations
main   [  33% ] 0000/0100 VUs  1m38.0s/5m0s  20.00 iters/s

running (1m39.0s), 0000/0100 VUs, 1980 complete and 0 interrupted iterations
main   [  33% ] 0000/0100 VUs  1m39.0s/5m0s  20.00 iters/s

running (1m40.0s), 0000/0100 VUs, 2000 complete and 0 interrupted iterations
main   [  33% ] 0000/0100 VUs  1m40.0s/5m0s  20.00 iters/s

running (1m41.0s), 0000/0100 VUs, 2020 complete and 0 interrupted iterations
main   [  34% ] 0000/0100 VUs  1m41.0s/5m0s  20.00 iters/s

running (1m42.0s), 0000/0100 VUs, 2040 complete and 0 interrupted iterations
main   [  34% ] 0000/0100 VUs  1m42.0s/5m0s  20.00 iters/s

running (1m43.0s), 0000/0100 VUs, 2060 complete and 0 interrupted iterations
main   [  34% ] 0000/0100 VUs  1m43.0s/5m0s  20.00 iters/s

running (1m44.0s), 0000/0100 VUs, 2080 complete and 0 interrupted iterations
main   [  35% ] 0000/0100 VUs  1m44.0s/5m0s  20.00 iters/s

running (1m45.0s), 0000/0100 VUs, 2100 complete and 0 interrupted iterations
main   [  35% ] 0000/0100 VUs  1m45.0s/5m0s  20.00 iters/s

running (1m46.0s), 0000/0100 VUs, 2120 complete and 0 interrupted iterations
main   [  35% ] 0000/0100 VUs  1m46.0s/5m0s  20.00 iters/s

running (1m47.0s), 0000/0100 VUs, 2140 complete and 0 interrupted iterations
main   [  36% ] 0000/0100 VUs  1m47.0s/5m0s  20.00 iters/s

running (1m48.0s), 0000/0100 VUs, 2160 complete and 0 interrupted iterations
main   [  36% ] 0000/0100 VUs  1m48.0s/5m0s  20.00 iters/s

running (1m49.0s), 0000/0100 VUs, 2180 complete and 0 interrupted iterations
main   [  36% ] 0000/0100 VUs  1m49.0s/5m0s  20.00 iters/s

running (1m50.0s), 0000/0100 VUs, 2200 complete and 0 interrupted iterations
main   [  37% ] 0000/0100 VUs  1m50.0s/5m0s  20.00 iters/s

running (1m51.0s), 0000/0100 VUs, 2220 complete and 0 interrupted iterations
main   [  37% ] 0000/0100 VUs  1m51.0s/5m0s  20.00 iters/s

running (1m52.0s), 0000/0100 VUs, 2240 complete and 0 interrupted iterations
main   [  37% ] 0000/0100 VUs  1m52.0s/5m0s  20.00 iters/s

running (1m53.0s), 0000/0100 VUs, 2260 complete and 0 interrupted iterations
main   [  38% ] 0000/0100 VUs  1m53.0s/5m0s  20.00 iters/s

running (1m54.0s), 0000/0100 VUs, 2280 complete and 0 interrupted iterations
main   [  38% ] 0000/0100 VUs  1m54.0s/5m0s  20.00 iters/s

running (1m55.0s), 0000/0100 VUs, 2300 complete and 0 interrupted iterations
main   [  38% ] 0000/0100 VUs  1m55.0s/5m0s  20.00 iters/s

running (1m56.0s), 0000/0100 VUs, 2320 complete and 0 interrupted iterations
main   [  39% ] 0000/0100 VUs  1m56.0s/5m0s  20.00 iters/s

running (1m57.0s), 0000/0100 VUs, 2340 complete and 0 interrupted iterations
main   [  39% ] 0000/0100 VUs  1m57.0s/5m0s  20.00 iters/s

running (1m58.0s), 0000/0100 VUs, 2360 complete and 0 interrupted iterations
main   [  39% ] 0000/0100 VUs  1m58.0s/5m0s  20.00 iters/s

running (1m59.0s), 0000/0100 VUs, 2380 complete and 0 interrupted iterations
main   [  40% ] 0000/0100 VUs  1m59.0s/5m0s  20.00 iters/s

running (2m00.0s), 0000/0100 VUs, 2400 complete and 0 interrupted iterations
main   [  40% ] 0000/0100 VUs  2m00.0s/5m0s  20.00 iters/s

running (2m01.0s), 0000/0100 VUs, 2420 complete and 0 interrupted iterations
main   [  40% ] 0000/0100 VUs  2m01.0s/5m0s  20.00 iters/s

running (2m02.0s), 0000/0100 VUs, 2440 complete and 0 interrupted iterations
main   [  41% ] 0000/0100 VUs  2m02.0s/5m0s  20.00 iters/s

running (2m03.0s), 0000/0100 VUs, 2460 complete and 0 interrupted iterations
main   [  41% ] 0000/0100 VUs  2m03.0s/5m0s  20.00 iters/s

running (2m04.0s), 0000/0100 VUs, 2480 complete and 0 interrupted iterations
main   [  41% ] 0000/0100 VUs  2m04.0s/5m0s  20.00 iters/s

running (2m05.0s), 0000/0100 VUs, 2500 complete and 0 interrupted iterations
main   [  42% ] 0000/0100 VUs  2m05.0s/5m0s  20.00 iters/s

running (2m06.0s), 0000/0100 VUs, 2520 complete and 0 interrupted iterations
main   [  42% ] 0000/0100 VUs  2m06.0s/5m0s  20.00 iters/s

running (2m07.0s), 0000/0100 VUs, 2540 complete and 0 interrupted iterations
main   [  42% ] 0000/0100 VUs  2m07.0s/5m0s  20.00 iters/s

running (2m08.0s), 0000/0100 VUs, 2560 complete and 0 interrupted iterations
main   [  43% ] 0000/0100 VUs  2m08.0s/5m0s  20.00 iters/s

running (2m09.0s), 0000/0100 VUs, 2580 complete and 0 interrupted iterations
main   [  43% ] 0000/0100 VUs  2m09.0s/5m0s  20.00 iters/s

running (2m10.0s), 0000/0100 VUs, 2600 complete and 0 interrupted iterations
main   [  43% ] 0000/0100 VUs  2m10.0s/5m0s  20.00 iters/s

running (2m11.0s), 0000/0100 VUs, 2620 complete and 0 interrupted iterations
main   [  44% ] 0000/0100 VUs  2m11.0s/5m0s  20.00 iters/s

running (2m12.0s), 0000/0100 VUs, 2640 complete and 0 interrupted iterations
main   [  44% ] 0000/0100 VUs  2m12.0s/5m0s  20.00 iters/s

running (2m13.0s), 0000/0100 VUs, 2660 complete and 0 interrupted iterations
main   [  44% ] 0000/0100 VUs  2m13.0s/5m0s  20.00 iters/s

running (2m14.0s), 0000/0100 VUs, 2680 complete and 0 interrupted iterations
main   [  45% ] 0000/0100 VUs  2m14.0s/5m0s  20.00 iters/s

running (2m15.0s), 0000/0100 VUs, 2700 complete and 0 interrupted iterations
main   [  45% ] 0000/0100 VUs  2m15.0s/5m0s  20.00 iters/s

running (2m16.0s), 0000/0100 VUs, 2720 complete and 0 interrupted iterations
main   [  45% ] 0000/0100 VUs  2m16.0s/5m0s  20.00 iters/s

running (2m17.0s), 0000/0100 VUs, 2740 complete and 0 interrupted iterations
main   [  46% ] 0000/0100 VUs  2m17.0s/5m0s  20.00 iters/s

running (2m18.0s), 0000/0100 VUs, 2760 complete and 0 interrupted iterations
main   [  46% ] 0000/0100 VUs  2m18.0s/5m0s  20.00 iters/s

running (2m19.0s), 0000/0100 VUs, 2780 complete and 0 interrupted iterations
main   [  46% ] 0000/0100 VUs  2m19.0s/5m0s  20.00 iters/s

running (2m20.0s), 0000/0100 VUs, 2800 complete and 0 interrupted iterations
main   [  47% ] 0000/0100 VUs  2m20.0s/5m0s  20.00 iters/s

running (2m21.0s), 0000/0100 VUs, 2820 complete and 0 interrupted iterations
main   [  47% ] 0000/0100 VUs  2m21.0s/5m0s  20.00 iters/s

running (2m22.0s), 0000/0100 VUs, 2840 complete and 0 interrupted iterations
main   [  47% ] 0000/0100 VUs  2m22.0s/5m0s  20.00 iters/s

running (2m23.0s), 0000/0100 VUs, 2860 complete and 0 interrupted iterations
main   [  48% ] 0000/0100 VUs  2m23.0s/5m0s  20.00 iters/s

running (2m24.0s), 0000/0100 VUs, 2880 complete and 0 interrupted iterations
main   [  48% ] 0000/0100 VUs  2m24.0s/5m0s  20.00 iters/s

running (2m25.0s), 0000/0100 VUs, 2900 complete and 0 interrupted iterations
main   [  48% ] 0000/0100 VUs  2m25.0s/5m0s  20.00 iters/s

running (2m26.0s), 0000/0100 VUs, 2920 complete and 0 interrupted iterations
main   [  49% ] 0000/0100 VUs  2m26.0s/5m0s  20.00 iters/s

running (2m27.0s), 0000/0100 VUs, 2940 complete and 0 interrupted iterations
main   [  49% ] 0000/0100 VUs  2m27.0s/5m0s  20.00 iters/s

running (2m28.0s), 0000/0100 VUs, 2960 complete and 0 interrupted iterations
main   [  49% ] 0000/0100 VUs  2m28.0s/5m0s  20.00 iters/s

running (2m29.0s), 0000/0100 VUs, 2980 complete and 0 interrupted iterations
main   [  50% ] 0000/0100 VUs  2m29.0s/5m0s  20.00 iters/s

running (2m30.0s), 0000/0100 VUs, 3000 complete and 0 interrupted iterations
main   [  50% ] 0000/0100 VUs  2m30.0s/5m0s  20.00 iters/s

running (2m31.0s), 0000/0100 VUs, 3020 complete and 0 interrupted iterations
main   [  50% ] 0000/0100 VUs  2m31.0s/5m0s  20.00 iters/s

running (2m32.0s), 0000/0100 VUs, 3040 complete and 0 interrupted iterations
main   [  51% ] 0000/0100 VUs  2m32.0s/5m0s  20.00 iters/s

running (2m33.0s), 0000/0100 VUs, 3060 complete and 0 interrupted iterations
main   [  51% ] 0000/0100 VUs  2m33.0s/5m0s  20.00 iters/s

running (2m34.0s), 0000/0100 VUs, 3080 complete and 0 interrupted iterations
main   [  51% ] 0000/0100 VUs  2m34.0s/5m0s  20.00 iters/s

running (2m35.0s), 0000/0100 VUs, 3100 complete and 0 interrupted iterations
main   [  52% ] 0000/0100 VUs  2m35.0s/5m0s  20.00 iters/s

running (2m36.0s), 0000/0100 VUs, 3120 complete and 0 interrupted iterations
main   [  52% ] 0000/0100 VUs  2m36.0s/5m0s  20.00 iters/s

running (2m37.0s), 0000/0100 VUs, 3140 complete and 0 interrupted iterations
main   [  52% ] 0000/0100 VUs  2m37.0s/5m0s  20.00 iters/s

running (2m38.0s), 0000/0100 VUs, 3160 complete and 0 interrupted iterations
main   [  53% ] 0000/0100 VUs  2m38.0s/5m0s  20.00 iters/s

running (2m39.0s), 0000/0100 VUs, 3180 complete and 0 interrupted iterations
main   [  53% ] 0000/0100 VUs  2m39.0s/5m0s  20.00 iters/s

running (2m40.0s), 0000/0100 VUs, 3200 complete and 0 interrupted iterations
main   [  53% ] 0000/0100 VUs  2m40.0s/5m0s  20.00 iters/s

running (2m41.0s), 0000/0100 VUs, 3220 complete and 0 interrupted iterations
main   [  54% ] 0000/0100 VUs  2m41.0s/5m0s  20.00 iters/s

running (2m42.0s), 0000/0100 VUs, 3240 complete and 0 interrupted iterations
main   [  54% ] 0000/0100 VUs  2m42.0s/5m0s  20.00 iters/s

running (2m43.0s), 0000/0100 VUs, 3260 complete and 0 interrupted iterations
main   [  54% ] 0000/0100 VUs  2m43.0s/5m0s  20.00 iters/s

running (2m44.0s), 0000/0100 VUs, 3280 complete and 0 interrupted iterations
main   [  55% ] 0000/0100 VUs  2m44.0s/5m0s  20.00 iters/s

running (2m45.0s), 0000/0100 VUs, 3300 complete and 0 interrupted iterations
main   [  55% ] 0000/0100 VUs  2m45.0s/5m0s  20.00 iters/s

running (2m46.0s), 0000/0100 VUs, 3320 complete and 0 interrupted iterations
main   [  55% ] 0000/0100 VUs  2m46.0s/5m0s  20.00 iters/s

running (2m47.0s), 0000/0100 VUs, 3340 complete and 0 interrupted iterations
main   [  56% ] 0000/0100 VUs  2m47.0s/5m0s  20.00 iters/s

running (2m48.0s), 0000/0100 VUs, 3360 complete and 0 interrupted iterations
main   [  56% ] 0000/0100 VUs  2m48.0s/5m0s  20.00 iters/s

running (2m49.0s), 0000/0100 VUs, 3380 complete and 0 interrupted iterations
main   [  56% ] 0000/0100 VUs  2m49.0s/5m0s  20.00 iters/s

running (2m50.0s), 0000/0100 VUs, 3400 complete and 0 interrupted iterations
main   [  57% ] 0000/0100 VUs  2m50.0s/5m0s  20.00 iters/s

running (2m51.0s), 0000/0100 VUs, 3420 complete and 0 interrupted iterations
main   [  57% ] 0000/0100 VUs  2m51.0s/5m0s  20.00 iters/s

running (2m52.0s), 0000/0100 VUs, 3440 complete and 0 interrupted iterations
main   [  57% ] 0000/0100 VUs  2m52.0s/5m0s  20.00 iters/s

running (2m53.0s), 0000/0100 VUs, 3460 complete and 0 interrupted iterations
main   [  58% ] 0000/0100 VUs  2m53.0s/5m0s  20.00 iters/s

running (2m54.0s), 0000/0100 VUs, 3480 complete and 0 interrupted iterations
main   [  58% ] 0000/0100 VUs  2m54.0s/5m0s  20.00 iters/s

running (2m55.0s), 0000/0100 VUs, 3500 complete and 0 interrupted iterations
main   [  58% ] 0000/0100 VUs  2m55.0s/5m0s  20.00 iters/s

running (2m56.0s), 0000/0100 VUs, 3520 complete and 0 interrupted iterations
main   [  59% ] 0000/0100 VUs  2m56.0s/5m0s  20.00 iters/s

running (2m57.0s), 0000/0100 VUs, 3540 complete and 0 interrupted iterations
main   [  59% ] 0000/0100 VUs  2m57.0s/5m0s  20.00 iters/s

running (2m58.0s), 0000/0100 VUs, 3560 complete and 0 interrupted iterations
main   [  59% ] 0000/0100 VUs  2m58.0s/5m0s  20.00 iters/s

running (2m59.0s), 0000/0100 VUs, 3580 complete and 0 interrupted iterations
main   [  60% ] 0000/0100 VUs  2m59.0s/5m0s  20.00 iters/s

running (3m00.0s), 0000/0100 VUs, 3600 complete and 0 interrupted iterations
main   [  60% ] 0000/0100 VUs  3m00.0s/5m0s  20.00 iters/s

running (3m01.0s), 0000/0100 VUs, 3620 complete and 0 interrupted iterations
main   [  60% ] 0000/0100 VUs  3m01.0s/5m0s  20.00 iters/s

running (3m02.0s), 0000/0100 VUs, 3640 complete and 0 interrupted iterations
main   [  61% ] 0000/0100 VUs  3m02.0s/5m0s  20.00 iters/s

running (3m03.0s), 0000/0100 VUs, 3660 complete and 0 interrupted iterations
main   [  61% ] 0000/0100 VUs  3m03.0s/5m0s  20.00 iters/s

running (3m04.0s), 0000/0100 VUs, 3680 complete and 0 interrupted iterations
main   [  61% ] 0000/0100 VUs  3m04.0s/5m0s  20.00 iters/s

running (3m05.0s), 0000/0100 VUs, 3700 complete and 0 interrupted iterations
main   [  62% ] 0000/0100 VUs  3m05.0s/5m0s  20.00 iters/s

running (3m06.0s), 0000/0100 VUs, 3720 complete and 0 interrupted iterations
main   [  62% ] 0000/0100 VUs  3m06.0s/5m0s  20.00 iters/s

running (3m07.0s), 0000/0100 VUs, 3740 complete and 0 interrupted iterations
main   [  62% ] 0000/0100 VUs  3m07.0s/5m0s  20.00 iters/s

running (3m08.0s), 0000/0100 VUs, 3760 complete and 0 interrupted iterations
main   [  63% ] 0000/0100 VUs  3m08.0s/5m0s  20.00 iters/s

running (3m09.0s), 0000/0100 VUs, 3780 complete and 0 interrupted iterations
main   [  63% ] 0000/0100 VUs  3m09.0s/5m0s  20.00 iters/s

running (3m10.0s), 0000/0100 VUs, 3800 complete and 0 interrupted iterations
main   [  63% ] 0000/0100 VUs  3m10.0s/5m0s  20.00 iters/s

running (3m11.0s), 0000/0100 VUs, 3820 complete and 0 interrupted iterations
main   [  64% ] 0000/0100 VUs  3m11.0s/5m0s  20.00 iters/s

running (3m12.0s), 0000/0100 VUs, 3840 complete and 0 interrupted iterations
main   [  64% ] 0000/0100 VUs  3m12.0s/5m0s  20.00 iters/s

running (3m13.0s), 0000/0100 VUs, 3860 complete and 0 interrupted iterations
main   [  64% ] 0000/0100 VUs  3m13.0s/5m0s  20.00 iters/s

running (3m14.0s), 0000/0100 VUs, 3880 complete and 0 interrupted iterations
main   [  65% ] 0000/0100 VUs  3m14.0s/5m0s  20.00 iters/s

running (3m15.0s), 0000/0100 VUs, 3900 complete and 0 interrupted iterations
main   [  65% ] 0000/0100 VUs  3m15.0s/5m0s  20.00 iters/s

running (3m16.0s), 0000/0100 VUs, 3920 complete and 0 interrupted iterations
main   [  65% ] 0000/0100 VUs  3m16.0s/5m0s  20.00 iters/s

running (3m17.0s), 0000/0100 VUs, 3940 complete and 0 interrupted iterations
main   [  66% ] 0000/0100 VUs  3m17.0s/5m0s  20.00 iters/s

running (3m18.0s), 0000/0100 VUs, 3960 complete and 0 interrupted iterations
main   [  66% ] 0000/0100 VUs  3m18.0s/5m0s  20.00 iters/s

running (3m19.0s), 0000/0100 VUs, 3980 complete and 0 interrupted iterations
main   [  66% ] 0000/0100 VUs  3m19.0s/5m0s  20.00 iters/s

running (3m20.0s), 0000/0100 VUs, 4000 complete and 0 interrupted iterations
main   [  67% ] 0000/0100 VUs  3m20.0s/5m0s  20.00 iters/s

running (3m21.0s), 0000/0100 VUs, 4020 complete and 0 interrupted iterations
main   [  67% ] 0000/0100 VUs  3m21.0s/5m0s  20.00 iters/s

running (3m22.0s), 0000/0100 VUs, 4040 complete and 0 interrupted iterations
main   [  67% ] 0000/0100 VUs  3m22.0s/5m0s  20.00 iters/s

running (3m23.0s), 0000/0100 VUs, 4060 complete and 0 interrupted iterations
main   [  68% ] 0000/0100 VUs  3m23.0s/5m0s  20.00 iters/s

running (3m24.0s), 0000/0100 VUs, 4080 complete and 0 interrupted iterations
main   [  68% ] 0000/0100 VUs  3m24.0s/5m0s  20.00 iters/s

running (3m25.0s), 0000/0100 VUs, 4100 complete and 0 interrupted iterations
main   [  68% ] 0000/0100 VUs  3m25.0s/5m0s  20.00 iters/s

running (3m26.0s), 0000/0100 VUs, 4120 complete and 0 interrupted iterations
main   [  69% ] 0000/0100 VUs  3m26.0s/5m0s  20.00 iters/s

running (3m27.0s), 0000/0100 VUs, 4140 complete and 0 interrupted iterations
main   [  69% ] 0000/0100 VUs  3m27.0s/5m0s  20.00 iters/s

running (3m28.0s), 0000/0100 VUs, 4160 complete and 0 interrupted iterations
main   [  69% ] 0000/0100 VUs  3m28.0s/5m0s  20.00 iters/s

running (3m29.0s), 0000/0100 VUs, 4180 complete and 0 interrupted iterations
main   [  70% ] 0000/0100 VUs  3m29.0s/5m0s  20.00 iters/s

running (3m30.0s), 0000/0100 VUs, 4200 complete and 0 interrupted iterations
main   [  70% ] 0000/0100 VUs  3m30.0s/5m0s  20.00 iters/s

running (3m31.0s), 0000/0100 VUs, 4220 complete and 0 interrupted iterations
main   [  70% ] 0000/0100 VUs  3m31.0s/5m0s  20.00 iters/s

running (3m32.0s), 0000/0100 VUs, 4240 complete and 0 interrupted iterations
main   [  71% ] 0000/0100 VUs  3m32.0s/5m0s  20.00 iters/s

running (3m33.0s), 0000/0100 VUs, 4260 complete and 0 interrupted iterations
main   [  71% ] 0000/0100 VUs  3m33.0s/5m0s  20.00 iters/s

running (3m34.0s), 0000/0100 VUs, 4280 complete and 0 interrupted iterations
main   [  71% ] 0000/0100 VUs  3m34.0s/5m0s  20.00 iters/s

running (3m35.0s), 0000/0100 VUs, 4300 complete and 0 interrupted iterations
main   [  72% ] 0000/0100 VUs  3m35.0s/5m0s  20.00 iters/s

running (3m36.0s), 0000/0100 VUs, 4320 complete and 0 interrupted iterations
main   [  72% ] 0000/0100 VUs  3m36.0s/5m0s  20.00 iters/s

running (3m37.0s), 0000/0100 VUs, 4340 complete and 0 interrupted iterations
main   [  72% ] 0000/0100 VUs  3m37.0s/5m0s  20.00 iters/s

running (3m38.0s), 0000/0100 VUs, 4360 complete and 0 interrupted iterations
main   [  73% ] 0000/0100 VUs  3m38.0s/5m0s  20.00 iters/s

running (3m39.0s), 0000/0100 VUs, 4380 complete and 0 interrupted iterations
main   [  73% ] 0000/0100 VUs  3m39.0s/5m0s  20.00 iters/s

running (3m40.0s), 0000/0100 VUs, 4400 complete and 0 interrupted iterations
main   [  73% ] 0000/0100 VUs  3m40.0s/5m0s  20.00 iters/s

running (3m41.0s), 0000/0100 VUs, 4420 complete and 0 interrupted iterations
main   [  74% ] 0000/0100 VUs  3m41.0s/5m0s  20.00 iters/s

running (3m42.0s), 0000/0100 VUs, 4440 complete and 0 interrupted iterations
main   [  74% ] 0000/0100 VUs  3m42.0s/5m0s  20.00 iters/s

running (3m43.0s), 0000/0100 VUs, 4460 complete and 0 interrupted iterations
main   [  74% ] 0000/0100 VUs  3m43.0s/5m0s  20.00 iters/s

running (3m44.0s), 0000/0100 VUs, 4480 complete and 0 interrupted iterations
main   [  75% ] 0000/0100 VUs  3m44.0s/5m0s  20.00 iters/s

running (3m45.0s), 0000/0100 VUs, 4500 complete and 0 interrupted iterations
main   [  75% ] 0000/0100 VUs  3m45.0s/5m0s  20.00 iters/s

running (3m46.0s), 0000/0100 VUs, 4520 complete and 0 interrupted iterations
main   [  75% ] 0000/0100 VUs  3m46.0s/5m0s  20.00 iters/s

running (3m47.0s), 0000/0100 VUs, 4540 complete and 0 interrupted iterations
main   [  76% ] 0000/0100 VUs  3m47.0s/5m0s  20.00 iters/s

running (3m48.0s), 0000/0100 VUs, 4560 complete and 0 interrupted iterations
main   [  76% ] 0000/0100 VUs  3m48.0s/5m0s  20.00 iters/s

running (3m49.0s), 0000/0100 VUs, 4580 complete and 0 interrupted iterations
main   [  76% ] 0000/0100 VUs  3m49.0s/5m0s  20.00 iters/s

running (3m50.0s), 0000/0100 VUs, 4600 complete and 0 interrupted iterations
main   [  77% ] 0000/0100 VUs  3m50.0s/5m0s  20.00 iters/s

running (3m51.0s), 0000/0100 VUs, 4620 complete and 0 interrupted iterations
main   [  77% ] 0000/0100 VUs  3m51.0s/5m0s  20.00 iters/s

running (3m52.0s), 0000/0100 VUs, 4640 complete and 0 interrupted iterations
main   [  77% ] 0000/0100 VUs  3m52.0s/5m0s  20.00 iters/s

running (3m53.0s), 0000/0100 VUs, 4660 complete and 0 interrupted iterations
main   [  78% ] 0000/0100 VUs  3m53.0s/5m0s  20.00 iters/s

running (3m54.0s), 0000/0100 VUs, 4680 complete and 0 interrupted iterations
main   [  78% ] 0000/0100 VUs  3m54.0s/5m0s  20.00 iters/s

running (3m55.0s), 0000/0100 VUs, 4700 complete and 0 interrupted iterations
main   [  78% ] 0000/0100 VUs  3m55.0s/5m0s  20.00 iters/s

running (3m56.0s), 0000/0100 VUs, 4720 complete and 0 interrupted iterations
main   [  79% ] 0000/0100 VUs  3m56.0s/5m0s  20.00 iters/s

running (3m57.0s), 0000/0100 VUs, 4740 complete and 0 interrupted iterations
main   [  79% ] 0000/0100 VUs  3m57.0s/5m0s  20.00 iters/s

running (3m58.0s), 0000/0100 VUs, 4760 complete and 0 interrupted iterations
main   [  79% ] 0000/0100 VUs  3m58.0s/5m0s  20.00 iters/s

running (3m59.0s), 0000/0100 VUs, 4780 complete and 0 interrupted iterations
main   [  80% ] 0000/0100 VUs  3m59.0s/5m0s  20.00 iters/s

running (4m00.0s), 0000/0100 VUs, 4800 complete and 0 interrupted iterations
main   [  80% ] 0000/0100 VUs  4m00.0s/5m0s  20.00 iters/s

running (4m01.0s), 0000/0100 VUs, 4820 complete and 0 interrupted iterations
main   [  80% ] 0000/0100 VUs  4m01.0s/5m0s  20.00 iters/s

running (4m02.0s), 0000/0100 VUs, 4840 complete and 0 interrupted iterations
main   [  81% ] 0000/0100 VUs  4m02.0s/5m0s  20.00 iters/s

running (4m03.0s), 0000/0100 VUs, 4860 complete and 0 interrupted iterations
main   [  81% ] 0000/0100 VUs  4m03.0s/5m0s  20.00 iters/s

running (4m04.0s), 0000/0100 VUs, 4880 complete and 0 interrupted iterations
main   [  81% ] 0000/0100 VUs  4m04.0s/5m0s  20.00 iters/s

running (4m05.0s), 0000/0100 VUs, 4900 complete and 0 interrupted iterations
main   [  82% ] 0000/0100 VUs  4m05.0s/5m0s  20.00 iters/s

running (4m06.0s), 0000/0100 VUs, 4920 complete and 0 interrupted iterations
main   [  82% ] 0000/0100 VUs  4m06.0s/5m0s  20.00 iters/s

running (4m07.0s), 0000/0100 VUs, 4940 complete and 0 interrupted iterations
main   [  82% ] 0000/0100 VUs  4m07.0s/5m0s  20.00 iters/s

running (4m08.0s), 0000/0100 VUs, 4960 complete and 0 interrupted iterations
main   [  83% ] 0000/0100 VUs  4m08.0s/5m0s  20.00 iters/s

running (4m09.0s), 0000/0100 VUs, 4980 complete and 0 interrupted iterations
main   [  83% ] 0000/0100 VUs  4m09.0s/5m0s  20.00 iters/s

running (4m10.0s), 0000/0100 VUs, 5000 complete and 0 interrupted iterations
main   [  83% ] 0000/0100 VUs  4m10.0s/5m0s  20.00 iters/s

running (4m11.0s), 0000/0100 VUs, 5020 complete and 0 interrupted iterations
main   [  84% ] 0000/0100 VUs  4m11.0s/5m0s  20.00 iters/s

running (4m12.0s), 0000/0100 VUs, 5040 complete and 0 interrupted iterations
main   [  84% ] 0000/0100 VUs  4m12.0s/5m0s  20.00 iters/s

running (4m13.0s), 0000/0100 VUs, 5060 complete and 0 interrupted iterations
main   [  84% ] 0000/0100 VUs  4m13.0s/5m0s  20.00 iters/s

running (4m14.0s), 0000/0100 VUs, 5080 complete and 0 interrupted iterations
main   [  85% ] 0000/0100 VUs  4m14.0s/5m0s  20.00 iters/s

running (4m15.0s), 0000/0100 VUs, 5100 complete and 0 interrupted iterations
main   [  85% ] 0000/0100 VUs  4m15.0s/5m0s  20.00 iters/s

running (4m16.0s), 0000/0100 VUs, 5120 complete and 0 interrupted iterations
main   [  85% ] 0000/0100 VUs  4m16.0s/5m0s  20.00 iters/s

running (4m17.0s), 0000/0100 VUs, 5140 complete and 0 interrupted iterations
main   [  86% ] 0000/0100 VUs  4m17.0s/5m0s  20.00 iters/s

running (4m18.0s), 0000/0100 VUs, 5160 complete and 0 interrupted iterations
main   [  86% ] 0000/0100 VUs  4m18.0s/5m0s  20.00 iters/s

running (4m19.0s), 0000/0100 VUs, 5180 complete and 0 interrupted iterations
main   [  86% ] 0000/0100 VUs  4m19.0s/5m0s  20.00 iters/s

running (4m20.0s), 0000/0100 VUs, 5200 complete and 0 interrupted iterations
main   [  87% ] 0000/0100 VUs  4m20.0s/5m0s  20.00 iters/s

running (4m21.0s), 0000/0100 VUs, 5220 complete and 0 interrupted iterations
main   [  87% ] 0000/0100 VUs  4m21.0s/5m0s  20.00 iters/s

running (4m22.0s), 0000/0100 VUs, 5240 complete and 0 interrupted iterations
main   [  87% ] 0000/0100 VUs  4m22.0s/5m0s  20.00 iters/s

running (4m23.0s), 0000/0100 VUs, 5260 complete and 0 interrupted iterations
main   [  88% ] 0000/0100 VUs  4m23.0s/5m0s  20.00 iters/s

running (4m24.0s), 0000/0100 VUs, 5280 complete and 0 interrupted iterations
main   [  88% ] 0000/0100 VUs  4m24.0s/5m0s  20.00 iters/s

running (4m25.0s), 0000/0100 VUs, 5300 complete and 0 interrupted iterations
main   [  88% ] 0000/0100 VUs  4m25.0s/5m0s  20.00 iters/s

running (4m26.0s), 0000/0100 VUs, 5320 complete and 0 interrupted iterations
main   [  89% ] 0000/0100 VUs  4m26.0s/5m0s  20.00 iters/s

running (4m27.0s), 0000/0100 VUs, 5340 complete and 0 interrupted iterations
main   [  89% ] 0000/0100 VUs  4m27.0s/5m0s  20.00 iters/s

running (4m28.0s), 0000/0100 VUs, 5360 complete and 0 interrupted iterations
main   [  89% ] 0000/0100 VUs  4m28.0s/5m0s  20.00 iters/s

running (4m29.0s), 0000/0100 VUs, 5380 complete and 0 interrupted iterations
main   [  90% ] 0000/0100 VUs  4m29.0s/5m0s  20.00 iters/s

running (4m30.0s), 0000/0100 VUs, 5400 complete and 0 interrupted iterations
main   [  90% ] 0000/0100 VUs  4m30.0s/5m0s  20.00 iters/s

running (4m31.0s), 0000/0100 VUs, 5420 complete and 0 interrupted iterations
main   [  90% ] 0000/0100 VUs  4m31.0s/5m0s  20.00 iters/s

running (4m32.0s), 0000/0100 VUs, 5440 complete and 0 interrupted iterations
main   [  91% ] 0000/0100 VUs  4m32.0s/5m0s  20.00 iters/s

running (4m33.0s), 0000/0100 VUs, 5460 complete and 0 interrupted iterations
main   [  91% ] 0000/0100 VUs  4m33.0s/5m0s  20.00 iters/s

running (4m34.0s), 0000/0100 VUs, 5480 complete and 0 interrupted iterations
main   [  91% ] 0000/0100 VUs  4m34.0s/5m0s  20.00 iters/s

running (4m35.0s), 0000/0100 VUs, 5500 complete and 0 interrupted iterations
main   [  92% ] 0000/0100 VUs  4m35.0s/5m0s  20.00 iters/s

running (4m36.0s), 0000/0100 VUs, 5520 complete and 0 interrupted iterations
main   [  92% ] 0000/0100 VUs  4m36.0s/5m0s  20.00 iters/s

running (4m37.0s), 0000/0100 VUs, 5540 complete and 0 interrupted iterations
main   [  92% ] 0000/0100 VUs  4m37.0s/5m0s  20.00 iters/s

running (4m38.0s), 0000/0100 VUs, 5560 complete and 0 interrupted iterations
main   [  93% ] 0000/0100 VUs  4m38.0s/5m0s  20.00 iters/s

running (4m39.0s), 0000/0100 VUs, 5580 complete and 0 interrupted iterations
main   [  93% ] 0000/0100 VUs  4m39.0s/5m0s  20.00 iters/s

running (4m40.0s), 0000/0100 VUs, 5600 complete and 0 interrupted iterations
main   [  93% ] 0000/0100 VUs  4m40.0s/5m0s  20.00 iters/s

running (4m41.0s), 0000/0100 VUs, 5620 complete and 0 interrupted iterations
main   [  94% ] 0000/0100 VUs  4m41.0s/5m0s  20.00 iters/s

running (4m42.0s), 0000/0100 VUs, 5640 complete and 0 interrupted iterations
main   [  94% ] 0000/0100 VUs  4m42.0s/5m0s  20.00 iters/s

running (4m43.0s), 0000/0100 VUs, 5660 complete and 0 interrupted iterations
main   [  94% ] 0000/0100 VUs  4m43.0s/5m0s  20.00 iters/s

running (4m44.0s), 0000/0100 VUs, 5680 complete and 0 interrupted iterations
main   [  95% ] 0000/0100 VUs  4m44.0s/5m0s  20.00 iters/s

running (4m45.0s), 0000/0100 VUs, 5700 complete and 0 interrupted iterations
main   [  95% ] 0000/0100 VUs  4m45.0s/5m0s  20.00 iters/s

running (4m46.0s), 0000/0100 VUs, 5720 complete and 0 interrupted iterations
main   [  95% ] 0000/0100 VUs  4m46.0s/5m0s  20.00 iters/s

running (4m47.0s), 0000/0100 VUs, 5740 complete and 0 interrupted iterations
main   [  96% ] 0000/0100 VUs  4m47.0s/5m0s  20.00 iters/s

running (4m48.0s), 0000/0100 VUs, 5760 complete and 0 interrupted iterations
main   [  96% ] 0000/0100 VUs  4m48.0s/5m0s  20.00 iters/s

running (4m49.0s), 0000/0100 VUs, 5780 complete and 0 interrupted iterations
main   [  96% ] 0000/0100 VUs  4m49.0s/5m0s  20.00 iters/s

running (4m50.0s), 0000/0100 VUs, 5800 complete and 0 interrupted iterations
main   [  97% ] 0000/0100 VUs  4m50.0s/5m0s  20.00 iters/s

running (4m51.0s), 0000/0100 VUs, 5820 complete and 0 interrupted iterations
main   [  97% ] 0000/0100 VUs  4m51.0s/5m0s  20.00 iters/s

running (4m52.0s), 0000/0100 VUs, 5840 complete and 0 interrupted iterations
main   [  97% ] 0000/0100 VUs  4m52.0s/5m0s  20.00 iters/s

running (4m53.0s), 0000/0100 VUs, 5860 complete and 0 interrupted iterations
main   [  98% ] 0000/0100 VUs  4m53.0s/5m0s  20.00 iters/s

running (4m54.0s), 0000/0100 VUs, 5880 complete and 0 interrupted iterations
main   [  98% ] 0000/0100 VUs  4m54.0s/5m0s  20.00 iters/s

running (4m55.0s), 0000/0100 VUs, 5900 complete and 0 interrupted iterations
main   [  98% ] 0000/0100 VUs  4m55.0s/5m0s  20.00 iters/s

running (4m56.0s), 0000/0100 VUs, 5920 complete and 0 interrupted iterations
main   [  99% ] 0000/0100 VUs  4m56.0s/5m0s  20.00 iters/s

running (4m57.0s), 0000/0100 VUs, 5940 complete and 0 interrupted iterations
main   [  99% ] 0000/0100 VUs  4m57.0s/5m0s  20.00 iters/s

running (4m58.0s), 0000/0100 VUs, 5960 complete and 0 interrupted iterations
main   [  99% ] 0000/0100 VUs  4m58.0s/5m0s  20.00 iters/s

running (4m59.0s), 0000/0100 VUs, 5980 complete and 0 interrupted iterations
main   [ 100% ] 0000/0100 VUs  4m59.0s/5m0s  20.00 iters/s

running (5m00.0s), 0000/0100 VUs, 6000 complete and 0 interrupted iterations
main   [ 100% ] 0000/0100 VUs  5m00.0s/5m0s  20.00 iters/s

running (5m00.0s), 0000/0100 VUs, 6000 complete and 0 interrupted iterations
main ✓ [ 100% ] 0000/0100 VUs  5m0s  20.00 iters/s
  Repeat 1 complete. Results in results/b-inbatch-nodup-rtt300-r20-n250-rep1-1781347330.json
[4/3] Running k6 repeat 2/3 (output -> results/b-inbatch-nodup-rtt300-r20-n250-rep2-1781347630.json)...
time="2026-06-13T19:47:10+09:00" level=warning msg="/Users/rene/rdb-join-lab/docker-compose.yml: the attribute `version` is obsolete, it will be ignored, please remove it to avoid potential confusion"

         /\      Grafana   /‾‾/  
    /\  /  \     |\  __   /  /   
   /  \/    \    | |/ /  /   ‾‾\ 
  /          \   |   (  |  (‾)  |
 / __________ \  |_|\_\  \_____/ 


     execution: local
        script: /scripts/scenario.js
        output: -

     scenarios: (100.00%) 1 scenario, 1000 max VUs, 5m30s max duration (incl. graceful stop):
              * main: 20.00 iterations/s for 5m0s (maxVUs: 100-1000, gracefulStop: 30s)


running (0m01.0s), 0000/0100 VUs, 20 complete and 0 interrupted iterations
main   [   0% ] 0000/0100 VUs  0m01.0s/5m0s  20.00 iters/s

running (0m02.0s), 0000/0100 VUs, 40 complete and 0 interrupted iterations
main   [   1% ] 0000/0100 VUs  0m02.0s/5m0s  20.00 iters/s

running (0m03.0s), 0000/0100 VUs, 60 complete and 0 interrupted iterations
main   [   1% ] 0000/0100 VUs  0m03.0s/5m0s  20.00 iters/s

running (0m04.0s), 0000/0100 VUs, 80 complete and 0 interrupted iterations
main   [   1% ] 0000/0100 VUs  0m04.0s/5m0s  20.00 iters/s

running (0m05.0s), 0000/0100 VUs, 100 complete and 0 interrupted iterations
main   [   2% ] 0000/0100 VUs  0m05.0s/5m0s  20.00 iters/s

running (0m06.0s), 0000/0100 VUs, 120 complete and 0 interrupted iterations
main   [   2% ] 0000/0100 VUs  0m06.0s/5m0s  20.00 iters/s

running (0m07.0s), 0000/0100 VUs, 140 complete and 0 interrupted iterations
main   [   2% ] 0000/0100 VUs  0m07.0s/5m0s  20.00 iters/s

running (0m08.0s), 0000/0100 VUs, 160 complete and 0 interrupted iterations
main   [   3% ] 0000/0100 VUs  0m08.0s/5m0s  20.00 iters/s

running (0m09.0s), 0000/0100 VUs, 180 complete and 0 interrupted iterations
main   [   3% ] 0000/0100 VUs  0m09.0s/5m0s  20.00 iters/s

running (0m10.0s), 0000/0100 VUs, 200 complete and 0 interrupted iterations
main   [   3% ] 0000/0100 VUs  0m10.0s/5m0s  20.00 iters/s

running (0m11.0s), 0000/0100 VUs, 220 complete and 0 interrupted iterations
main   [   4% ] 0000/0100 VUs  0m11.0s/5m0s  20.00 iters/s

running (0m12.0s), 0000/0100 VUs, 240 complete and 0 interrupted iterations
main   [   4% ] 0000/0100 VUs  0m12.0s/5m0s  20.00 iters/s

running (0m13.0s), 0000/0100 VUs, 260 complete and 0 interrupted iterations
main   [   4% ] 0000/0100 VUs  0m13.0s/5m0s  20.00 iters/s

running (0m14.0s), 0000/0100 VUs, 280 complete and 0 interrupted iterations
main   [   5% ] 0000/0100 VUs  0m14.0s/5m0s  20.00 iters/s

running (0m15.0s), 0000/0100 VUs, 300 complete and 0 interrupted iterations
main   [   5% ] 0000/0100 VUs  0m15.0s/5m0s  20.00 iters/s

running (0m16.0s), 0000/0100 VUs, 320 complete and 0 interrupted iterations
main   [   5% ] 0000/0100 VUs  0m16.0s/5m0s  20.00 iters/s

running (0m17.0s), 0000/0100 VUs, 340 complete and 0 interrupted iterations
main   [   6% ] 0000/0100 VUs  0m17.0s/5m0s  20.00 iters/s

running (0m18.0s), 0000/0100 VUs, 360 complete and 0 interrupted iterations
main   [   6% ] 0000/0100 VUs  0m18.0s/5m0s  20.00 iters/s

running (0m19.0s), 0000/0100 VUs, 380 complete and 0 interrupted iterations
main   [   6% ] 0000/0100 VUs  0m19.0s/5m0s  20.00 iters/s

running (0m20.0s), 0000/0100 VUs, 400 complete and 0 interrupted iterations
main   [   7% ] 0000/0100 VUs  0m20.0s/5m0s  20.00 iters/s

running (0m21.0s), 0000/0100 VUs, 420 complete and 0 interrupted iterations
main   [   7% ] 0000/0100 VUs  0m21.0s/5m0s  20.00 iters/s

running (0m22.0s), 0000/0100 VUs, 440 complete and 0 interrupted iterations
main   [   7% ] 0000/0100 VUs  0m22.0s/5m0s  20.00 iters/s

running (0m23.0s), 0000/0100 VUs, 460 complete and 0 interrupted iterations
main   [   8% ] 0000/0100 VUs  0m23.0s/5m0s  20.00 iters/s

running (0m24.0s), 0000/0100 VUs, 480 complete and 0 interrupted iterations
main   [   8% ] 0000/0100 VUs  0m24.0s/5m0s  20.00 iters/s

running (0m25.0s), 0000/0100 VUs, 500 complete and 0 interrupted iterations
main   [   8% ] 0000/0100 VUs  0m25.0s/5m0s  20.00 iters/s

running (0m26.0s), 0000/0100 VUs, 520 complete and 0 interrupted iterations
main   [   9% ] 0000/0100 VUs  0m26.0s/5m0s  20.00 iters/s

running (0m27.0s), 0000/0100 VUs, 540 complete and 0 interrupted iterations
main   [   9% ] 0000/0100 VUs  0m27.0s/5m0s  20.00 iters/s

running (0m28.0s), 0000/0100 VUs, 560 complete and 0 interrupted iterations
main   [   9% ] 0000/0100 VUs  0m28.0s/5m0s  20.00 iters/s

running (0m29.0s), 0000/0100 VUs, 580 complete and 0 interrupted iterations
main   [  10% ] 0000/0100 VUs  0m29.0s/5m0s  20.00 iters/s

running (0m30.0s), 0000/0100 VUs, 600 complete and 0 interrupted iterations
main   [  10% ] 0000/0100 VUs  0m30.0s/5m0s  20.00 iters/s

running (0m31.0s), 0000/0100 VUs, 620 complete and 0 interrupted iterations
main   [  10% ] 0000/0100 VUs  0m31.0s/5m0s  20.00 iters/s

running (0m32.0s), 0000/0100 VUs, 640 complete and 0 interrupted iterations
main   [  11% ] 0000/0100 VUs  0m32.0s/5m0s  20.00 iters/s

running (0m33.0s), 0000/0100 VUs, 660 complete and 0 interrupted iterations
main   [  11% ] 0000/0100 VUs  0m33.0s/5m0s  20.00 iters/s

running (0m34.0s), 0000/0100 VUs, 680 complete and 0 interrupted iterations
main   [  11% ] 0000/0100 VUs  0m34.0s/5m0s  20.00 iters/s

running (0m35.0s), 0000/0100 VUs, 700 complete and 0 interrupted iterations
main   [  12% ] 0000/0100 VUs  0m35.0s/5m0s  20.00 iters/s

running (0m36.0s), 0000/0100 VUs, 720 complete and 0 interrupted iterations
main   [  12% ] 0000/0100 VUs  0m36.0s/5m0s  20.00 iters/s

running (0m37.0s), 0000/0100 VUs, 740 complete and 0 interrupted iterations
main   [  12% ] 0000/0100 VUs  0m37.0s/5m0s  20.00 iters/s

running (0m38.0s), 0000/0100 VUs, 760 complete and 0 interrupted iterations
main   [  13% ] 0000/0100 VUs  0m38.0s/5m0s  20.00 iters/s

running (0m39.0s), 0000/0100 VUs, 780 complete and 0 interrupted iterations
main   [  13% ] 0000/0100 VUs  0m39.0s/5m0s  20.00 iters/s

running (0m40.0s), 0000/0100 VUs, 800 complete and 0 interrupted iterations
main   [  13% ] 0000/0100 VUs  0m40.0s/5m0s  20.00 iters/s

running (0m41.0s), 0000/0100 VUs, 820 complete and 0 interrupted iterations
main   [  14% ] 0000/0100 VUs  0m41.0s/5m0s  20.00 iters/s

running (0m42.0s), 0000/0100 VUs, 840 complete and 0 interrupted iterations
main   [  14% ] 0000/0100 VUs  0m42.0s/5m0s  20.00 iters/s

running (0m43.0s), 0000/0100 VUs, 860 complete and 0 interrupted iterations
main   [  14% ] 0000/0100 VUs  0m43.0s/5m0s  20.00 iters/s

running (0m44.0s), 0000/0100 VUs, 880 complete and 0 interrupted iterations
main   [  15% ] 0000/0100 VUs  0m44.0s/5m0s  20.00 iters/s

running (0m45.0s), 0000/0100 VUs, 900 complete and 0 interrupted iterations
main   [  15% ] 0000/0100 VUs  0m45.0s/5m0s  20.00 iters/s

running (0m46.0s), 0000/0100 VUs, 920 complete and 0 interrupted iterations
main   [  15% ] 0000/0100 VUs  0m46.0s/5m0s  20.00 iters/s

running (0m47.0s), 0000/0100 VUs, 940 complete and 0 interrupted iterations
main   [  16% ] 0000/0100 VUs  0m47.0s/5m0s  20.00 iters/s

running (0m48.0s), 0000/0100 VUs, 960 complete and 0 interrupted iterations
main   [  16% ] 0000/0100 VUs  0m48.0s/5m0s  20.00 iters/s

running (0m49.0s), 0000/0100 VUs, 980 complete and 0 interrupted iterations
main   [  16% ] 0000/0100 VUs  0m49.0s/5m0s  20.00 iters/s

running (0m50.0s), 0000/0100 VUs, 1000 complete and 0 interrupted iterations
main   [  17% ] 0000/0100 VUs  0m50.0s/5m0s  20.00 iters/s

running (0m51.0s), 0000/0100 VUs, 1020 complete and 0 interrupted iterations
main   [  17% ] 0000/0100 VUs  0m51.0s/5m0s  20.00 iters/s

running (0m52.0s), 0000/0100 VUs, 1040 complete and 0 interrupted iterations
main   [  17% ] 0000/0100 VUs  0m52.0s/5m0s  20.00 iters/s

running (0m53.0s), 0000/0100 VUs, 1060 complete and 0 interrupted iterations
main   [  18% ] 0000/0100 VUs  0m53.0s/5m0s  20.00 iters/s

running (0m54.0s), 0000/0100 VUs, 1080 complete and 0 interrupted iterations
main   [  18% ] 0000/0100 VUs  0m54.0s/5m0s  20.00 iters/s

running (0m55.0s), 0000/0100 VUs, 1100 complete and 0 interrupted iterations
main   [  18% ] 0000/0100 VUs  0m55.0s/5m0s  20.00 iters/s

running (0m56.0s), 0000/0100 VUs, 1120 complete and 0 interrupted iterations
main   [  19% ] 0000/0100 VUs  0m56.0s/5m0s  20.00 iters/s

running (0m57.0s), 0000/0100 VUs, 1140 complete and 0 interrupted iterations
main   [  19% ] 0000/0100 VUs  0m57.0s/5m0s  20.00 iters/s

running (0m58.0s), 0000/0100 VUs, 1160 complete and 0 interrupted iterations
main   [  19% ] 0000/0100 VUs  0m58.0s/5m0s  20.00 iters/s

running (0m59.0s), 0000/0100 VUs, 1180 complete and 0 interrupted iterations
main   [  20% ] 0000/0100 VUs  0m59.0s/5m0s  20.00 iters/s

running (1m00.0s), 0000/0100 VUs, 1200 complete and 0 interrupted iterations
main   [  20% ] 0000/0100 VUs  1m00.0s/5m0s  20.00 iters/s

running (1m01.0s), 0000/0100 VUs, 1220 complete and 0 interrupted iterations
main   [  20% ] 0000/0100 VUs  1m01.0s/5m0s  20.00 iters/s

running (1m02.0s), 0000/0100 VUs, 1240 complete and 0 interrupted iterations
main   [  21% ] 0000/0100 VUs  1m02.0s/5m0s  20.00 iters/s

running (1m03.0s), 0000/0100 VUs, 1260 complete and 0 interrupted iterations
main   [  21% ] 0000/0100 VUs  1m03.0s/5m0s  20.00 iters/s

running (1m04.0s), 0000/0100 VUs, 1280 complete and 0 interrupted iterations
main   [  21% ] 0000/0100 VUs  1m04.0s/5m0s  20.00 iters/s

running (1m05.0s), 0000/0100 VUs, 1300 complete and 0 interrupted iterations
main   [  22% ] 0000/0100 VUs  1m05.0s/5m0s  20.00 iters/s

running (1m06.0s), 0000/0100 VUs, 1320 complete and 0 interrupted iterations
main   [  22% ] 0000/0100 VUs  1m06.0s/5m0s  20.00 iters/s

running (1m07.0s), 0000/0100 VUs, 1340 complete and 0 interrupted iterations
main   [  22% ] 0000/0100 VUs  1m07.0s/5m0s  20.00 iters/s

running (1m08.0s), 0000/0100 VUs, 1360 complete and 0 interrupted iterations
main   [  23% ] 0000/0100 VUs  1m08.0s/5m0s  20.00 iters/s

running (1m09.0s), 0000/0100 VUs, 1380 complete and 0 interrupted iterations
main   [  23% ] 0000/0100 VUs  1m09.0s/5m0s  20.00 iters/s

running (1m10.0s), 0000/0100 VUs, 1400 complete and 0 interrupted iterations
main   [  23% ] 0000/0100 VUs  1m10.0s/5m0s  20.00 iters/s

running (1m11.0s), 0000/0100 VUs, 1420 complete and 0 interrupted iterations
main   [  24% ] 0000/0100 VUs  1m11.0s/5m0s  20.00 iters/s

running (1m12.0s), 0000/0100 VUs, 1440 complete and 0 interrupted iterations
main   [  24% ] 0000/0100 VUs  1m12.0s/5m0s  20.00 iters/s

running (1m13.0s), 0000/0100 VUs, 1460 complete and 0 interrupted iterations
main   [  24% ] 0000/0100 VUs  1m13.0s/5m0s  20.00 iters/s

running (1m14.0s), 0000/0100 VUs, 1480 complete and 0 interrupted iterations
main   [  25% ] 0000/0100 VUs  1m14.0s/5m0s  20.00 iters/s

running (1m15.0s), 0000/0100 VUs, 1500 complete and 0 interrupted iterations
main   [  25% ] 0000/0100 VUs  1m15.0s/5m0s  20.00 iters/s

running (1m16.0s), 0000/0100 VUs, 1520 complete and 0 interrupted iterations
main   [  25% ] 0000/0100 VUs  1m16.0s/5m0s  20.00 iters/s

running (1m17.0s), 0000/0100 VUs, 1540 complete and 0 interrupted iterations
main   [  26% ] 0000/0100 VUs  1m17.0s/5m0s  20.00 iters/s

running (1m18.0s), 0000/0100 VUs, 1560 complete and 0 interrupted iterations
main   [  26% ] 0000/0100 VUs  1m18.0s/5m0s  20.00 iters/s

running (1m19.0s), 0000/0100 VUs, 1580 complete and 0 interrupted iterations
main   [  26% ] 0000/0100 VUs  1m19.0s/5m0s  20.00 iters/s

running (1m20.0s), 0000/0100 VUs, 1600 complete and 0 interrupted iterations
main   [  27% ] 0000/0100 VUs  1m20.0s/5m0s  20.00 iters/s

running (1m21.0s), 0000/0100 VUs, 1620 complete and 0 interrupted iterations
main   [  27% ] 0000/0100 VUs  1m21.0s/5m0s  20.00 iters/s

running (1m22.0s), 0000/0100 VUs, 1640 complete and 0 interrupted iterations
main   [  27% ] 0000/0100 VUs  1m22.0s/5m0s  20.00 iters/s

running (1m23.0s), 0000/0100 VUs, 1660 complete and 0 interrupted iterations
main   [  28% ] 0000/0100 VUs  1m23.0s/5m0s  20.00 iters/s

running (1m24.0s), 0000/0100 VUs, 1680 complete and 0 interrupted iterations
main   [  28% ] 0000/0100 VUs  1m24.0s/5m0s  20.00 iters/s

running (1m25.0s), 0000/0100 VUs, 1700 complete and 0 interrupted iterations
main   [  28% ] 0000/0100 VUs  1m25.0s/5m0s  20.00 iters/s

running (1m26.0s), 0000/0100 VUs, 1720 complete and 0 interrupted iterations
main   [  29% ] 0000/0100 VUs  1m26.0s/5m0s  20.00 iters/s

running (1m27.0s), 0000/0100 VUs, 1740 complete and 0 interrupted iterations
main   [  29% ] 0000/0100 VUs  1m27.0s/5m0s  20.00 iters/s

running (1m28.0s), 0000/0100 VUs, 1760 complete and 0 interrupted iterations
main   [  29% ] 0000/0100 VUs  1m28.0s/5m0s  20.00 iters/s

running (1m29.0s), 0000/0100 VUs, 1780 complete and 0 interrupted iterations
main   [  30% ] 0000/0100 VUs  1m29.0s/5m0s  20.00 iters/s

running (1m30.0s), 0000/0100 VUs, 1800 complete and 0 interrupted iterations
main   [  30% ] 0000/0100 VUs  1m30.0s/5m0s  20.00 iters/s

running (1m31.0s), 0000/0100 VUs, 1820 complete and 0 interrupted iterations
main   [  30% ] 0000/0100 VUs  1m31.0s/5m0s  20.00 iters/s

running (1m32.0s), 0000/0100 VUs, 1840 complete and 0 interrupted iterations
main   [  31% ] 0000/0100 VUs  1m32.0s/5m0s  20.00 iters/s

running (1m33.0s), 0000/0100 VUs, 1860 complete and 0 interrupted iterations
main   [  31% ] 0000/0100 VUs  1m33.0s/5m0s  20.00 iters/s

running (1m34.0s), 0000/0100 VUs, 1880 complete and 0 interrupted iterations
main   [  31% ] 0000/0100 VUs  1m34.0s/5m0s  20.00 iters/s

running (1m35.0s), 0000/0100 VUs, 1900 complete and 0 interrupted iterations
main   [  32% ] 0000/0100 VUs  1m35.0s/5m0s  20.00 iters/s

running (1m36.0s), 0000/0100 VUs, 1920 complete and 0 interrupted iterations
main   [  32% ] 0000/0100 VUs  1m36.0s/5m0s  20.00 iters/s

running (1m37.0s), 0000/0100 VUs, 1940 complete and 0 interrupted iterations
main   [  32% ] 0000/0100 VUs  1m37.0s/5m0s  20.00 iters/s

running (1m38.0s), 0000/0100 VUs, 1960 complete and 0 interrupted iterations
main   [  33% ] 0000/0100 VUs  1m38.0s/5m0s  20.00 iters/s

running (1m39.0s), 0000/0100 VUs, 1980 complete and 0 interrupted iterations
main   [  33% ] 0000/0100 VUs  1m39.0s/5m0s  20.00 iters/s

running (1m40.0s), 0000/0100 VUs, 2000 complete and 0 interrupted iterations
main   [  33% ] 0000/0100 VUs  1m40.0s/5m0s  20.00 iters/s

running (1m41.0s), 0000/0100 VUs, 2020 complete and 0 interrupted iterations
main   [  34% ] 0000/0100 VUs  1m41.0s/5m0s  20.00 iters/s

running (1m42.0s), 0000/0100 VUs, 2040 complete and 0 interrupted iterations
main   [  34% ] 0000/0100 VUs  1m42.0s/5m0s  20.00 iters/s

running (1m43.0s), 0000/0100 VUs, 2060 complete and 0 interrupted iterations
main   [  34% ] 0000/0100 VUs  1m43.0s/5m0s  20.00 iters/s

running (1m44.0s), 0000/0100 VUs, 2080 complete and 0 interrupted iterations
main   [  35% ] 0000/0100 VUs  1m44.0s/5m0s  20.00 iters/s

running (1m45.0s), 0000/0100 VUs, 2100 complete and 0 interrupted iterations
main   [  35% ] 0000/0100 VUs  1m45.0s/5m0s  20.00 iters/s

running (1m46.0s), 0000/0100 VUs, 2120 complete and 0 interrupted iterations
main   [  35% ] 0000/0100 VUs  1m46.0s/5m0s  20.00 iters/s

running (1m47.0s), 0000/0100 VUs, 2140 complete and 0 interrupted iterations
main   [  36% ] 0000/0100 VUs  1m47.0s/5m0s  20.00 iters/s

running (1m48.0s), 0000/0100 VUs, 2160 complete and 0 interrupted iterations
main   [  36% ] 0000/0100 VUs  1m48.0s/5m0s  20.00 iters/s

running (1m49.0s), 0000/0100 VUs, 2180 complete and 0 interrupted iterations
main   [  36% ] 0000/0100 VUs  1m49.0s/5m0s  20.00 iters/s

running (1m50.0s), 0000/0100 VUs, 2200 complete and 0 interrupted iterations
main   [  37% ] 0000/0100 VUs  1m50.0s/5m0s  20.00 iters/s

running (1m51.0s), 0000/0100 VUs, 2220 complete and 0 interrupted iterations
main   [  37% ] 0000/0100 VUs  1m51.0s/5m0s  20.00 iters/s

running (1m52.0s), 0000/0100 VUs, 2240 complete and 0 interrupted iterations
main   [  37% ] 0000/0100 VUs  1m52.0s/5m0s  20.00 iters/s

running (1m53.0s), 0000/0100 VUs, 2260 complete and 0 interrupted iterations
main   [  38% ] 0000/0100 VUs  1m53.0s/5m0s  20.00 iters/s

running (1m54.0s), 0000/0100 VUs, 2280 complete and 0 interrupted iterations
main   [  38% ] 0000/0100 VUs  1m54.0s/5m0s  20.00 iters/s

running (1m55.0s), 0000/0100 VUs, 2300 complete and 0 interrupted iterations
main   [  38% ] 0000/0100 VUs  1m55.0s/5m0s  20.00 iters/s

running (1m56.0s), 0000/0100 VUs, 2320 complete and 0 interrupted iterations
main   [  39% ] 0000/0100 VUs  1m56.0s/5m0s  20.00 iters/s

running (1m57.0s), 0000/0100 VUs, 2340 complete and 0 interrupted iterations
main   [  39% ] 0000/0100 VUs  1m57.0s/5m0s  20.00 iters/s

running (1m58.0s), 0000/0100 VUs, 2360 complete and 0 interrupted iterations
main   [  39% ] 0000/0100 VUs  1m58.0s/5m0s  20.00 iters/s

running (1m59.0s), 0000/0100 VUs, 2380 complete and 0 interrupted iterations
main   [  40% ] 0000/0100 VUs  1m59.0s/5m0s  20.00 iters/s

running (2m00.0s), 0000/0100 VUs, 2400 complete and 0 interrupted iterations
main   [  40% ] 0000/0100 VUs  2m00.0s/5m0s  20.00 iters/s

running (2m01.0s), 0000/0100 VUs, 2420 complete and 0 interrupted iterations
main   [  40% ] 0000/0100 VUs  2m01.0s/5m0s  20.00 iters/s

running (2m02.0s), 0000/0100 VUs, 2440 complete and 0 interrupted iterations
main   [  41% ] 0000/0100 VUs  2m02.0s/5m0s  20.00 iters/s

running (2m03.0s), 0000/0100 VUs, 2460 complete and 0 interrupted iterations
main   [  41% ] 0000/0100 VUs  2m03.0s/5m0s  20.00 iters/s

running (2m04.0s), 0000/0100 VUs, 2480 complete and 0 interrupted iterations
main   [  41% ] 0000/0100 VUs  2m04.0s/5m0s  20.00 iters/s

running (2m05.0s), 0000/0100 VUs, 2500 complete and 0 interrupted iterations
main   [  42% ] 0000/0100 VUs  2m05.0s/5m0s  20.00 iters/s

running (2m06.0s), 0000/0100 VUs, 2520 complete and 0 interrupted iterations
main   [  42% ] 0000/0100 VUs  2m06.0s/5m0s  20.00 iters/s

running (2m07.0s), 0000/0100 VUs, 2540 complete and 0 interrupted iterations
main   [  42% ] 0000/0100 VUs  2m07.0s/5m0s  20.00 iters/s

running (2m08.0s), 0000/0100 VUs, 2560 complete and 0 interrupted iterations
main   [  43% ] 0000/0100 VUs  2m08.0s/5m0s  20.00 iters/s

running (2m09.0s), 0000/0100 VUs, 2580 complete and 0 interrupted iterations
main   [  43% ] 0000/0100 VUs  2m09.0s/5m0s  20.00 iters/s

running (2m10.0s), 0000/0100 VUs, 2600 complete and 0 interrupted iterations
main   [  43% ] 0000/0100 VUs  2m10.0s/5m0s  20.00 iters/s

running (2m11.0s), 0000/0100 VUs, 2620 complete and 0 interrupted iterations
main   [  44% ] 0000/0100 VUs  2m11.0s/5m0s  20.00 iters/s

running (2m12.0s), 0000/0100 VUs, 2640 complete and 0 interrupted iterations
main   [  44% ] 0000/0100 VUs  2m12.0s/5m0s  20.00 iters/s

running (2m13.0s), 0000/0100 VUs, 2660 complete and 0 interrupted iterations
main   [  44% ] 0000/0100 VUs  2m13.0s/5m0s  20.00 iters/s

running (2m14.0s), 0000/0100 VUs, 2680 complete and 0 interrupted iterations
main   [  45% ] 0000/0100 VUs  2m14.0s/5m0s  20.00 iters/s

running (2m15.0s), 0000/0100 VUs, 2700 complete and 0 interrupted iterations
main   [  45% ] 0000/0100 VUs  2m15.0s/5m0s  20.00 iters/s

running (2m16.0s), 0000/0100 VUs, 2720 complete and 0 interrupted iterations
main   [  45% ] 0000/0100 VUs  2m16.0s/5m0s  20.00 iters/s

running (2m17.0s), 0000/0100 VUs, 2740 complete and 0 interrupted iterations
main   [  46% ] 0000/0100 VUs  2m17.0s/5m0s  20.00 iters/s

running (2m18.0s), 0000/0100 VUs, 2760 complete and 0 interrupted iterations
main   [  46% ] 0000/0100 VUs  2m18.0s/5m0s  20.00 iters/s

running (2m19.0s), 0000/0100 VUs, 2780 complete and 0 interrupted iterations
main   [  46% ] 0000/0100 VUs  2m19.0s/5m0s  20.00 iters/s

running (2m20.0s), 0000/0100 VUs, 2800 complete and 0 interrupted iterations
main   [  47% ] 0000/0100 VUs  2m20.0s/5m0s  20.00 iters/s

running (2m21.0s), 0000/0100 VUs, 2820 complete and 0 interrupted iterations
main   [  47% ] 0000/0100 VUs  2m21.0s/5m0s  20.00 iters/s

running (2m22.0s), 0000/0100 VUs, 2840 complete and 0 interrupted iterations
main   [  47% ] 0000/0100 VUs  2m22.0s/5m0s  20.00 iters/s

running (2m23.0s), 0000/0100 VUs, 2860 complete and 0 interrupted iterations
main   [  48% ] 0000/0100 VUs  2m23.0s/5m0s  20.00 iters/s

running (2m24.0s), 0000/0100 VUs, 2880 complete and 0 interrupted iterations
main   [  48% ] 0000/0100 VUs  2m24.0s/5m0s  20.00 iters/s

running (2m25.0s), 0000/0100 VUs, 2900 complete and 0 interrupted iterations
main   [  48% ] 0000/0100 VUs  2m25.0s/5m0s  20.00 iters/s

running (2m26.0s), 0000/0100 VUs, 2920 complete and 0 interrupted iterations
main   [  49% ] 0000/0100 VUs  2m26.0s/5m0s  20.00 iters/s

running (2m27.0s), 0000/0100 VUs, 2940 complete and 0 interrupted iterations
main   [  49% ] 0000/0100 VUs  2m27.0s/5m0s  20.00 iters/s

running (2m28.0s), 0000/0100 VUs, 2960 complete and 0 interrupted iterations
main   [  49% ] 0000/0100 VUs  2m28.0s/5m0s  20.00 iters/s

running (2m29.0s), 0000/0100 VUs, 2980 complete and 0 interrupted iterations
main   [  50% ] 0000/0100 VUs  2m29.0s/5m0s  20.00 iters/s

running (2m30.0s), 0000/0100 VUs, 3000 complete and 0 interrupted iterations
main   [  50% ] 0000/0100 VUs  2m30.0s/5m0s  20.00 iters/s

running (2m31.0s), 0000/0100 VUs, 3020 complete and 0 interrupted iterations
main   [  50% ] 0000/0100 VUs  2m31.0s/5m0s  20.00 iters/s

running (2m32.0s), 0000/0100 VUs, 3040 complete and 0 interrupted iterations
main   [  51% ] 0000/0100 VUs  2m32.0s/5m0s  20.00 iters/s

running (2m33.0s), 0000/0100 VUs, 3060 complete and 0 interrupted iterations
main   [  51% ] 0000/0100 VUs  2m33.0s/5m0s  20.00 iters/s

running (2m34.0s), 0000/0100 VUs, 3080 complete and 0 interrupted iterations
main   [  51% ] 0000/0100 VUs  2m34.0s/5m0s  20.00 iters/s

running (2m35.0s), 0000/0100 VUs, 3100 complete and 0 interrupted iterations
main   [  52% ] 0000/0100 VUs  2m35.0s/5m0s  20.00 iters/s

running (2m36.0s), 0000/0100 VUs, 3120 complete and 0 interrupted iterations
main   [  52% ] 0000/0100 VUs  2m36.0s/5m0s  20.00 iters/s

running (2m37.0s), 0000/0100 VUs, 3140 complete and 0 interrupted iterations
main   [  52% ] 0000/0100 VUs  2m37.0s/5m0s  20.00 iters/s

running (2m38.0s), 0000/0100 VUs, 3160 complete and 0 interrupted iterations
main   [  53% ] 0000/0100 VUs  2m38.0s/5m0s  20.00 iters/s

running (2m39.0s), 0000/0100 VUs, 3180 complete and 0 interrupted iterations
main   [  53% ] 0000/0100 VUs  2m39.0s/5m0s  20.00 iters/s

running (2m40.0s), 0000/0100 VUs, 3200 complete and 0 interrupted iterations
main   [  53% ] 0000/0100 VUs  2m40.0s/5m0s  20.00 iters/s

running (2m41.0s), 0000/0100 VUs, 3220 complete and 0 interrupted iterations
main   [  54% ] 0000/0100 VUs  2m41.0s/5m0s  20.00 iters/s

running (2m42.0s), 0000/0100 VUs, 3240 complete and 0 interrupted iterations
main   [  54% ] 0000/0100 VUs  2m42.0s/5m0s  20.00 iters/s

running (2m43.0s), 0000/0100 VUs, 3260 complete and 0 interrupted iterations
main   [  54% ] 0000/0100 VUs  2m43.0s/5m0s  20.00 iters/s

running (2m44.0s), 0000/0100 VUs, 3280 complete and 0 interrupted iterations
main   [  55% ] 0000/0100 VUs  2m44.0s/5m0s  20.00 iters/s

running (2m45.0s), 0000/0100 VUs, 3300 complete and 0 interrupted iterations
main   [  55% ] 0000/0100 VUs  2m45.0s/5m0s  20.00 iters/s

running (2m46.0s), 0000/0100 VUs, 3320 complete and 0 interrupted iterations
main   [  55% ] 0000/0100 VUs  2m46.0s/5m0s  20.00 iters/s

running (2m47.0s), 0000/0100 VUs, 3340 complete and 0 interrupted iterations
main   [  56% ] 0000/0100 VUs  2m47.0s/5m0s  20.00 iters/s

running (2m48.0s), 0000/0100 VUs, 3360 complete and 0 interrupted iterations
main   [  56% ] 0000/0100 VUs  2m48.0s/5m0s  20.00 iters/s

running (2m49.0s), 0000/0100 VUs, 3380 complete and 0 interrupted iterations
main   [  56% ] 0000/0100 VUs  2m49.0s/5m0s  20.00 iters/s

running (2m50.0s), 0000/0100 VUs, 3400 complete and 0 interrupted iterations
main   [  57% ] 0000/0100 VUs  2m50.0s/5m0s  20.00 iters/s

running (2m51.0s), 0000/0100 VUs, 3420 complete and 0 interrupted iterations
main   [  57% ] 0000/0100 VUs  2m51.0s/5m0s  20.00 iters/s

running (2m52.0s), 0000/0100 VUs, 3440 complete and 0 interrupted iterations
main   [  57% ] 0000/0100 VUs  2m52.0s/5m0s  20.00 iters/s

running (2m53.0s), 0000/0100 VUs, 3460 complete and 0 interrupted iterations
main   [  58% ] 0000/0100 VUs  2m53.0s/5m0s  20.00 iters/s

running (2m54.0s), 0000/0100 VUs, 3480 complete and 0 interrupted iterations
main   [  58% ] 0000/0100 VUs  2m54.0s/5m0s  20.00 iters/s

running (2m55.0s), 0000/0100 VUs, 3500 complete and 0 interrupted iterations
main   [  58% ] 0000/0100 VUs  2m55.0s/5m0s  20.00 iters/s

running (2m56.0s), 0000/0100 VUs, 3520 complete and 0 interrupted iterations
main   [  59% ] 0000/0100 VUs  2m56.0s/5m0s  20.00 iters/s

running (2m57.0s), 0000/0100 VUs, 3540 complete and 0 interrupted iterations
main   [  59% ] 0000/0100 VUs  2m57.0s/5m0s  20.00 iters/s

running (2m58.0s), 0000/0100 VUs, 3560 complete and 0 interrupted iterations
main   [  59% ] 0000/0100 VUs  2m58.0s/5m0s  20.00 iters/s

running (2m59.0s), 0000/0100 VUs, 3580 complete and 0 interrupted iterations
main   [  60% ] 0000/0100 VUs  2m59.0s/5m0s  20.00 iters/s

running (3m00.0s), 0000/0100 VUs, 3600 complete and 0 interrupted iterations
main   [  60% ] 0000/0100 VUs  3m00.0s/5m0s  20.00 iters/s

running (3m01.0s), 0000/0100 VUs, 3620 complete and 0 interrupted iterations
main   [  60% ] 0000/0100 VUs  3m01.0s/5m0s  20.00 iters/s

running (3m02.0s), 0000/0100 VUs, 3640 complete and 0 interrupted iterations
main   [  61% ] 0000/0100 VUs  3m02.0s/5m0s  20.00 iters/s

running (3m03.0s), 0000/0100 VUs, 3660 complete and 0 interrupted iterations
main   [  61% ] 0000/0100 VUs  3m03.0s/5m0s  20.00 iters/s

running (3m04.0s), 0000/0100 VUs, 3680 complete and 0 interrupted iterations
main   [  61% ] 0000/0100 VUs  3m04.0s/5m0s  20.00 iters/s

running (3m05.0s), 0000/0100 VUs, 3700 complete and 0 interrupted iterations
main   [  62% ] 0000/0100 VUs  3m05.0s/5m0s  20.00 iters/s

running (3m06.0s), 0000/0100 VUs, 3720 complete and 0 interrupted iterations
main   [  62% ] 0000/0100 VUs  3m06.0s/5m0s  20.00 iters/s

running (3m07.0s), 0000/0100 VUs, 3740 complete and 0 interrupted iterations
main   [  62% ] 0000/0100 VUs  3m07.0s/5m0s  20.00 iters/s

running (3m08.0s), 0000/0100 VUs, 3760 complete and 0 interrupted iterations
main   [  63% ] 0000/0100 VUs  3m08.0s/5m0s  20.00 iters/s

running (3m09.0s), 0000/0100 VUs, 3780 complete and 0 interrupted iterations
main   [  63% ] 0000/0100 VUs  3m09.0s/5m0s  20.00 iters/s

running (3m10.0s), 0000/0100 VUs, 3800 complete and 0 interrupted iterations
main   [  63% ] 0000/0100 VUs  3m10.0s/5m0s  20.00 iters/s

running (3m11.0s), 0000/0100 VUs, 3820 complete and 0 interrupted iterations
main   [  64% ] 0000/0100 VUs  3m11.0s/5m0s  20.00 iters/s

running (3m12.0s), 0000/0100 VUs, 3840 complete and 0 interrupted iterations
main   [  64% ] 0000/0100 VUs  3m12.0s/5m0s  20.00 iters/s

running (3m13.0s), 0000/0100 VUs, 3860 complete and 0 interrupted iterations
main   [  64% ] 0000/0100 VUs  3m13.0s/5m0s  20.00 iters/s

running (3m14.0s), 0000/0100 VUs, 3880 complete and 0 interrupted iterations
main   [  65% ] 0000/0100 VUs  3m14.0s/5m0s  20.00 iters/s

running (3m15.0s), 0000/0100 VUs, 3900 complete and 0 interrupted iterations
main   [  65% ] 0000/0100 VUs  3m15.0s/5m0s  20.00 iters/s

running (3m16.0s), 0000/0100 VUs, 3920 complete and 0 interrupted iterations
main   [  65% ] 0000/0100 VUs  3m16.0s/5m0s  20.00 iters/s

running (3m17.0s), 0000/0100 VUs, 3940 complete and 0 interrupted iterations
main   [  66% ] 0000/0100 VUs  3m17.0s/5m0s  20.00 iters/s

running (3m18.0s), 0000/0100 VUs, 3960 complete and 0 interrupted iterations
main   [  66% ] 0000/0100 VUs  3m18.0s/5m0s  20.00 iters/s

running (3m19.0s), 0000/0100 VUs, 3980 complete and 0 interrupted iterations
main   [  66% ] 0000/0100 VUs  3m19.0s/5m0s  20.00 iters/s

running (3m20.0s), 0000/0100 VUs, 4000 complete and 0 interrupted iterations
main   [  67% ] 0000/0100 VUs  3m20.0s/5m0s  20.00 iters/s

running (3m21.0s), 0000/0100 VUs, 4020 complete and 0 interrupted iterations
main   [  67% ] 0000/0100 VUs  3m21.0s/5m0s  20.00 iters/s

running (3m22.0s), 0000/0100 VUs, 4040 complete and 0 interrupted iterations
main   [  67% ] 0000/0100 VUs  3m22.0s/5m0s  20.00 iters/s

running (3m23.0s), 0000/0100 VUs, 4060 complete and 0 interrupted iterations
main   [  68% ] 0000/0100 VUs  3m23.0s/5m0s  20.00 iters/s

running (3m24.0s), 0000/0100 VUs, 4080 complete and 0 interrupted iterations
main   [  68% ] 0000/0100 VUs  3m24.0s/5m0s  20.00 iters/s

running (3m25.0s), 0000/0100 VUs, 4100 complete and 0 interrupted iterations
main   [  68% ] 0000/0100 VUs  3m25.0s/5m0s  20.00 iters/s

running (3m26.0s), 0000/0100 VUs, 4120 complete and 0 interrupted iterations
main   [  69% ] 0000/0100 VUs  3m26.0s/5m0s  20.00 iters/s

running (3m27.0s), 0000/0100 VUs, 4140 complete and 0 interrupted iterations
main   [  69% ] 0000/0100 VUs  3m27.0s/5m0s  20.00 iters/s

running (3m28.0s), 0000/0100 VUs, 4160 complete and 0 interrupted iterations
main   [  69% ] 0000/0100 VUs  3m28.0s/5m0s  20.00 iters/s

running (3m29.0s), 0000/0100 VUs, 4180 complete and 0 interrupted iterations
main   [  70% ] 0000/0100 VUs  3m29.0s/5m0s  20.00 iters/s

running (3m30.0s), 0000/0100 VUs, 4200 complete and 0 interrupted iterations
main   [  70% ] 0000/0100 VUs  3m30.0s/5m0s  20.00 iters/s

running (3m31.0s), 0000/0100 VUs, 4220 complete and 0 interrupted iterations
main   [  70% ] 0000/0100 VUs  3m31.0s/5m0s  20.00 iters/s

running (3m32.0s), 0000/0100 VUs, 4240 complete and 0 interrupted iterations
main   [  71% ] 0000/0100 VUs  3m32.0s/5m0s  20.00 iters/s

running (3m33.0s), 0000/0100 VUs, 4260 complete and 0 interrupted iterations
main   [  71% ] 0000/0100 VUs  3m33.0s/5m0s  20.00 iters/s

running (3m34.0s), 0000/0100 VUs, 4280 complete and 0 interrupted iterations
main   [  71% ] 0000/0100 VUs  3m34.0s/5m0s  20.00 iters/s

running (3m35.0s), 0000/0100 VUs, 4300 complete and 0 interrupted iterations
main   [  72% ] 0000/0100 VUs  3m35.0s/5m0s  20.00 iters/s

running (3m36.0s), 0000/0100 VUs, 4320 complete and 0 interrupted iterations
main   [  72% ] 0000/0100 VUs  3m36.0s/5m0s  20.00 iters/s

running (3m37.0s), 0000/0100 VUs, 4340 complete and 0 interrupted iterations
main   [  72% ] 0000/0100 VUs  3m37.0s/5m0s  20.00 iters/s

running (3m38.0s), 0000/0100 VUs, 4360 complete and 0 interrupted iterations
main   [  73% ] 0000/0100 VUs  3m38.0s/5m0s  20.00 iters/s

running (3m39.0s), 0000/0100 VUs, 4380 complete and 0 interrupted iterations
main   [  73% ] 0000/0100 VUs  3m39.0s/5m0s  20.00 iters/s

running (3m40.0s), 0000/0100 VUs, 4400 complete and 0 interrupted iterations
main   [  73% ] 0000/0100 VUs  3m40.0s/5m0s  20.00 iters/s

running (3m41.0s), 0000/0100 VUs, 4420 complete and 0 interrupted iterations
main   [  74% ] 0000/0100 VUs  3m41.0s/5m0s  20.00 iters/s

running (3m42.0s), 0000/0100 VUs, 4440 complete and 0 interrupted iterations
main   [  74% ] 0000/0100 VUs  3m42.0s/5m0s  20.00 iters/s

running (3m43.0s), 0000/0100 VUs, 4460 complete and 0 interrupted iterations
main   [  74% ] 0000/0100 VUs  3m43.0s/5m0s  20.00 iters/s

running (3m44.0s), 0000/0100 VUs, 4480 complete and 0 interrupted iterations
main   [  75% ] 0000/0100 VUs  3m44.0s/5m0s  20.00 iters/s

running (3m45.0s), 0000/0100 VUs, 4500 complete and 0 interrupted iterations
main   [  75% ] 0000/0100 VUs  3m45.0s/5m0s  20.00 iters/s

running (3m46.0s), 0000/0100 VUs, 4520 complete and 0 interrupted iterations
main   [  75% ] 0000/0100 VUs  3m46.0s/5m0s  20.00 iters/s

running (3m47.0s), 0000/0100 VUs, 4540 complete and 0 interrupted iterations
main   [  76% ] 0000/0100 VUs  3m47.0s/5m0s  20.00 iters/s

running (3m48.0s), 0000/0100 VUs, 4560 complete and 0 interrupted iterations
main   [  76% ] 0000/0100 VUs  3m48.0s/5m0s  20.00 iters/s

running (3m49.0s), 0000/0100 VUs, 4580 complete and 0 interrupted iterations
main   [  76% ] 0000/0100 VUs  3m49.0s/5m0s  20.00 iters/s

running (3m50.0s), 0000/0100 VUs, 4600 complete and 0 interrupted iterations
main   [  77% ] 0000/0100 VUs  3m50.0s/5m0s  20.00 iters/s

running (3m51.0s), 0000/0100 VUs, 4620 complete and 0 interrupted iterations
main   [  77% ] 0000/0100 VUs  3m51.0s/5m0s  20.00 iters/s

running (3m52.0s), 0000/0100 VUs, 4640 complete and 0 interrupted iterations
main   [  77% ] 0000/0100 VUs  3m52.0s/5m0s  20.00 iters/s

running (3m53.0s), 0000/0100 VUs, 4660 complete and 0 interrupted iterations
main   [  78% ] 0000/0100 VUs  3m53.0s/5m0s  20.00 iters/s

running (3m54.0s), 0000/0100 VUs, 4680 complete and 0 interrupted iterations
main   [  78% ] 0000/0100 VUs  3m54.0s/5m0s  20.00 iters/s

running (3m55.0s), 0000/0100 VUs, 4700 complete and 0 interrupted iterations
main   [  78% ] 0000/0100 VUs  3m55.0s/5m0s  20.00 iters/s

running (3m56.0s), 0000/0100 VUs, 4720 complete and 0 interrupted iterations
main   [  79% ] 0000/0100 VUs  3m56.0s/5m0s  20.00 iters/s

running (3m57.0s), 0000/0100 VUs, 4740 complete and 0 interrupted iterations
main   [  79% ] 0000/0100 VUs  3m57.0s/5m0s  20.00 iters/s

running (3m58.0s), 0000/0100 VUs, 4760 complete and 0 interrupted iterations
main   [  79% ] 0000/0100 VUs  3m58.0s/5m0s  20.00 iters/s

running (3m59.0s), 0000/0100 VUs, 4780 complete and 0 interrupted iterations
main   [  80% ] 0000/0100 VUs  3m59.0s/5m0s  20.00 iters/s

running (4m00.0s), 0000/0100 VUs, 4800 complete and 0 interrupted iterations
main   [  80% ] 0000/0100 VUs  4m00.0s/5m0s  20.00 iters/s

running (4m01.0s), 0000/0100 VUs, 4820 complete and 0 interrupted iterations
main   [  80% ] 0000/0100 VUs  4m01.0s/5m0s  20.00 iters/s

running (4m02.0s), 0000/0100 VUs, 4840 complete and 0 interrupted iterations
main   [  81% ] 0000/0100 VUs  4m02.0s/5m0s  20.00 iters/s

running (4m03.0s), 0000/0100 VUs, 4860 complete and 0 interrupted iterations
main   [  81% ] 0000/0100 VUs  4m03.0s/5m0s  20.00 iters/s

running (4m04.0s), 0000/0100 VUs, 4880 complete and 0 interrupted iterations
main   [  81% ] 0000/0100 VUs  4m04.0s/5m0s  20.00 iters/s

running (4m05.0s), 0000/0100 VUs, 4900 complete and 0 interrupted iterations
main   [  82% ] 0000/0100 VUs  4m05.0s/5m0s  20.00 iters/s

running (4m06.0s), 0000/0100 VUs, 4920 complete and 0 interrupted iterations
main   [  82% ] 0000/0100 VUs  4m06.0s/5m0s  20.00 iters/s

running (4m07.0s), 0000/0100 VUs, 4940 complete and 0 interrupted iterations
main   [  82% ] 0000/0100 VUs  4m07.0s/5m0s  20.00 iters/s

running (4m08.0s), 0000/0100 VUs, 4960 complete and 0 interrupted iterations
main   [  83% ] 0000/0100 VUs  4m08.0s/5m0s  20.00 iters/s

running (4m09.0s), 0000/0100 VUs, 4980 complete and 0 interrupted iterations
main   [  83% ] 0000/0100 VUs  4m09.0s/5m0s  20.00 iters/s

running (4m10.0s), 0000/0100 VUs, 5000 complete and 0 interrupted iterations
main   [  83% ] 0000/0100 VUs  4m10.0s/5m0s  20.00 iters/s

running (4m11.0s), 0000/0100 VUs, 5020 complete and 0 interrupted iterations
main   [  84% ] 0000/0100 VUs  4m11.0s/5m0s  20.00 iters/s

running (4m12.0s), 0000/0100 VUs, 5040 complete and 0 interrupted iterations
main   [  84% ] 0000/0100 VUs  4m12.0s/5m0s  20.00 iters/s

running (4m13.0s), 0000/0100 VUs, 5060 complete and 0 interrupted iterations
main   [  84% ] 0000/0100 VUs  4m13.0s/5m0s  20.00 iters/s

running (4m14.0s), 0000/0100 VUs, 5080 complete and 0 interrupted iterations
main   [  85% ] 0000/0100 VUs  4m14.0s/5m0s  20.00 iters/s

running (4m15.0s), 0000/0100 VUs, 5100 complete and 0 interrupted iterations
main   [  85% ] 0000/0100 VUs  4m15.0s/5m0s  20.00 iters/s

running (4m16.0s), 0000/0100 VUs, 5120 complete and 0 interrupted iterations
main   [  85% ] 0000/0100 VUs  4m16.0s/5m0s  20.00 iters/s

running (4m17.0s), 0000/0100 VUs, 5140 complete and 0 interrupted iterations
main   [  86% ] 0000/0100 VUs  4m17.0s/5m0s  20.00 iters/s

running (4m18.0s), 0000/0100 VUs, 5160 complete and 0 interrupted iterations
main   [  86% ] 0000/0100 VUs  4m18.0s/5m0s  20.00 iters/s

running (4m19.0s), 0000/0100 VUs, 5180 complete and 0 interrupted iterations
main   [  86% ] 0000/0100 VUs  4m19.0s/5m0s  20.00 iters/s

running (4m20.0s), 0000/0100 VUs, 5200 complete and 0 interrupted iterations
main   [  87% ] 0000/0100 VUs  4m20.0s/5m0s  20.00 iters/s

running (4m21.0s), 0000/0100 VUs, 5220 complete and 0 interrupted iterations
main   [  87% ] 0000/0100 VUs  4m21.0s/5m0s  20.00 iters/s

running (4m22.0s), 0000/0100 VUs, 5240 complete and 0 interrupted iterations
main   [  87% ] 0000/0100 VUs  4m22.0s/5m0s  20.00 iters/s

running (4m23.0s), 0000/0100 VUs, 5260 complete and 0 interrupted iterations
main   [  88% ] 0000/0100 VUs  4m23.0s/5m0s  20.00 iters/s

running (4m24.0s), 0000/0100 VUs, 5280 complete and 0 interrupted iterations
main   [  88% ] 0000/0100 VUs  4m24.0s/5m0s  20.00 iters/s

running (4m25.0s), 0000/0100 VUs, 5300 complete and 0 interrupted iterations
main   [  88% ] 0000/0100 VUs  4m25.0s/5m0s  20.00 iters/s

running (4m26.0s), 0000/0100 VUs, 5320 complete and 0 interrupted iterations
main   [  89% ] 0000/0100 VUs  4m26.0s/5m0s  20.00 iters/s

running (4m27.0s), 0000/0100 VUs, 5340 complete and 0 interrupted iterations
main   [  89% ] 0000/0100 VUs  4m27.0s/5m0s  20.00 iters/s

running (4m28.0s), 0000/0100 VUs, 5360 complete and 0 interrupted iterations
main   [  89% ] 0000/0100 VUs  4m28.0s/5m0s  20.00 iters/s

running (4m29.0s), 0000/0100 VUs, 5380 complete and 0 interrupted iterations
main   [  90% ] 0000/0100 VUs  4m29.0s/5m0s  20.00 iters/s

running (4m30.0s), 0000/0100 VUs, 5400 complete and 0 interrupted iterations
main   [  90% ] 0000/0100 VUs  4m30.0s/5m0s  20.00 iters/s

running (4m31.0s), 0000/0100 VUs, 5420 complete and 0 interrupted iterations
main   [  90% ] 0000/0100 VUs  4m31.0s/5m0s  20.00 iters/s

running (4m32.0s), 0000/0100 VUs, 5440 complete and 0 interrupted iterations
main   [  91% ] 0000/0100 VUs  4m32.0s/5m0s  20.00 iters/s

running (4m33.0s), 0000/0100 VUs, 5460 complete and 0 interrupted iterations
main   [  91% ] 0000/0100 VUs  4m33.0s/5m0s  20.00 iters/s

running (4m34.0s), 0000/0100 VUs, 5480 complete and 0 interrupted iterations
main   [  91% ] 0000/0100 VUs  4m34.0s/5m0s  20.00 iters/s

running (4m35.0s), 0000/0100 VUs, 5500 complete and 0 interrupted iterations
main   [  92% ] 0000/0100 VUs  4m35.0s/5m0s  20.00 iters/s

running (4m36.0s), 0000/0100 VUs, 5520 complete and 0 interrupted iterations
main   [  92% ] 0000/0100 VUs  4m36.0s/5m0s  20.00 iters/s

running (4m37.0s), 0000/0100 VUs, 5540 complete and 0 interrupted iterations
main   [  92% ] 0000/0100 VUs  4m37.0s/5m0s  20.00 iters/s

running (4m38.0s), 0000/0100 VUs, 5560 complete and 0 interrupted iterations
main   [  93% ] 0000/0100 VUs  4m38.0s/5m0s  20.00 iters/s

running (4m39.0s), 0000/0100 VUs, 5580 complete and 0 interrupted iterations
main   [  93% ] 0000/0100 VUs  4m39.0s/5m0s  20.00 iters/s

running (4m40.0s), 0000/0100 VUs, 5600 complete and 0 interrupted iterations
main   [  93% ] 0000/0100 VUs  4m40.0s/5m0s  20.00 iters/s

running (4m41.0s), 0000/0100 VUs, 5620 complete and 0 interrupted iterations
main   [  94% ] 0000/0100 VUs  4m41.0s/5m0s  20.00 iters/s

running (4m42.0s), 0000/0100 VUs, 5640 complete and 0 interrupted iterations
main   [  94% ] 0000/0100 VUs  4m42.0s/5m0s  20.00 iters/s

running (4m43.0s), 0000/0100 VUs, 5660 complete and 0 interrupted iterations
main   [  94% ] 0000/0100 VUs  4m43.0s/5m0s  20.00 iters/s

running (4m44.0s), 0000/0100 VUs, 5680 complete and 0 interrupted iterations
main   [  95% ] 0000/0100 VUs  4m44.0s/5m0s  20.00 iters/s

running (4m45.0s), 0000/0100 VUs, 5700 complete and 0 interrupted iterations
main   [  95% ] 0000/0100 VUs  4m45.0s/5m0s  20.00 iters/s

running (4m46.0s), 0000/0100 VUs, 5720 complete and 0 interrupted iterations
main   [  95% ] 0000/0100 VUs  4m46.0s/5m0s  20.00 iters/s

running (4m47.0s), 0000/0100 VUs, 5740 complete and 0 interrupted iterations
main   [  96% ] 0000/0100 VUs  4m47.0s/5m0s  20.00 iters/s

running (4m48.0s), 0000/0100 VUs, 5760 complete and 0 interrupted iterations
main   [  96% ] 0000/0100 VUs  4m48.0s/5m0s  20.00 iters/s

running (4m49.0s), 0000/0100 VUs, 5780 complete and 0 interrupted iterations
main   [  96% ] 0000/0100 VUs  4m49.0s/5m0s  20.00 iters/s

running (4m50.0s), 0000/0100 VUs, 5800 complete and 0 interrupted iterations
main   [  97% ] 0000/0100 VUs  4m50.0s/5m0s  20.00 iters/s

running (4m51.0s), 0000/0100 VUs, 5820 complete and 0 interrupted iterations
main   [  97% ] 0000/0100 VUs  4m51.0s/5m0s  20.00 iters/s

running (4m52.0s), 0000/0100 VUs, 5840 complete and 0 interrupted iterations
main   [  97% ] 0000/0100 VUs  4m52.0s/5m0s  20.00 iters/s

running (4m53.0s), 0000/0100 VUs, 5860 complete and 0 interrupted iterations
main   [  98% ] 0000/0100 VUs  4m53.0s/5m0s  20.00 iters/s

running (4m54.0s), 0000/0100 VUs, 5880 complete and 0 interrupted iterations
main   [  98% ] 0000/0100 VUs  4m54.0s/5m0s  20.00 iters/s

running (4m55.0s), 0000/0100 VUs, 5900 complete and 0 interrupted iterations
main   [  98% ] 0000/0100 VUs  4m55.0s/5m0s  20.00 iters/s

running (4m56.0s), 0000/0100 VUs, 5920 complete and 0 interrupted iterations
main   [  99% ] 0000/0100 VUs  4m56.0s/5m0s  20.00 iters/s

running (4m57.0s), 0000/0100 VUs, 5940 complete and 0 interrupted iterations
main   [  99% ] 0000/0100 VUs  4m57.0s/5m0s  20.00 iters/s

running (4m58.0s), 0000/0100 VUs, 5960 complete and 0 interrupted iterations
main   [  99% ] 0000/0100 VUs  4m58.0s/5m0s  20.00 iters/s

running (4m59.0s), 0000/0100 VUs, 5980 complete and 0 interrupted iterations
main   [ 100% ] 0000/0100 VUs  4m59.0s/5m0s  20.00 iters/s

running (5m00.0s), 0000/0100 VUs, 6000 complete and 0 interrupted iterations
main   [ 100% ] 0000/0100 VUs  5m00.0s/5m0s  20.00 iters/s

running (5m00.0s), 0000/0100 VUs, 6001 complete and 0 interrupted iterations
main ✓ [ 100% ] 0000/0100 VUs  5m0s  20.00 iters/s
  Repeat 2 complete. Results in results/b-inbatch-nodup-rtt300-r20-n250-rep2-1781347630.json
[4/3] Running k6 repeat 3/3 (output -> results/b-inbatch-nodup-rtt300-r20-n250-rep3-1781347931.json)...
time="2026-06-13T19:52:11+09:00" level=warning msg="/Users/rene/rdb-join-lab/docker-compose.yml: the attribute `version` is obsolete, it will be ignored, please remove it to avoid potential confusion"

         /\      Grafana   /‾‾/  
    /\  /  \     |\  __   /  /   
   /  \/    \    | |/ /  /   ‾‾\ 
  /          \   |   (  |  (‾)  |
 / __________ \  |_|\_\  \_____/ 


     execution: local
        script: /scripts/scenario.js
        output: -

     scenarios: (100.00%) 1 scenario, 1000 max VUs, 5m30s max duration (incl. graceful stop):
              * main: 20.00 iterations/s for 5m0s (maxVUs: 100-1000, gracefulStop: 30s)


running (0m01.0s), 0000/0100 VUs, 20 complete and 0 interrupted iterations
main   [   0% ] 0000/0100 VUs  0m01.0s/5m0s  20.00 iters/s

running (0m02.0s), 0000/0100 VUs, 40 complete and 0 interrupted iterations
main   [   1% ] 0000/0100 VUs  0m02.0s/5m0s  20.00 iters/s

running (0m03.0s), 0000/0100 VUs, 60 complete and 0 interrupted iterations
main   [   1% ] 0000/0100 VUs  0m03.0s/5m0s  20.00 iters/s

running (0m04.0s), 0000/0100 VUs, 80 complete and 0 interrupted iterations
main   [   1% ] 0000/0100 VUs  0m04.0s/5m0s  20.00 iters/s

running (0m05.0s), 0000/0100 VUs, 100 complete and 0 interrupted iterations
main   [   2% ] 0000/0100 VUs  0m05.0s/5m0s  20.00 iters/s

running (0m06.0s), 0000/0100 VUs, 120 complete and 0 interrupted iterations
main   [   2% ] 0000/0100 VUs  0m06.0s/5m0s  20.00 iters/s

running (0m07.0s), 0000/0100 VUs, 140 complete and 0 interrupted iterations
main   [   2% ] 0000/0100 VUs  0m07.0s/5m0s  20.00 iters/s

running (0m08.0s), 0000/0100 VUs, 160 complete and 0 interrupted iterations
main   [   3% ] 0000/0100 VUs  0m08.0s/5m0s  20.00 iters/s

running (0m09.0s), 0000/0100 VUs, 180 complete and 0 interrupted iterations
main   [   3% ] 0000/0100 VUs  0m09.0s/5m0s  20.00 iters/s

running (0m10.0s), 0000/0100 VUs, 200 complete and 0 interrupted iterations
main   [   3% ] 0000/0100 VUs  0m10.0s/5m0s  20.00 iters/s

running (0m11.0s), 0000/0100 VUs, 220 complete and 0 interrupted iterations
main   [   4% ] 0000/0100 VUs  0m11.0s/5m0s  20.00 iters/s

running (0m12.0s), 0000/0100 VUs, 240 complete and 0 interrupted iterations
main   [   4% ] 0000/0100 VUs  0m12.0s/5m0s  20.00 iters/s

running (0m13.0s), 0000/0100 VUs, 260 complete and 0 interrupted iterations
main   [   4% ] 0000/0100 VUs  0m13.0s/5m0s  20.00 iters/s

running (0m14.0s), 0000/0100 VUs, 280 complete and 0 interrupted iterations
main   [   5% ] 0000/0100 VUs  0m14.0s/5m0s  20.00 iters/s

running (0m15.0s), 0000/0100 VUs, 300 complete and 0 interrupted iterations
main   [   5% ] 0000/0100 VUs  0m15.0s/5m0s  20.00 iters/s

running (0m16.0s), 0000/0100 VUs, 320 complete and 0 interrupted iterations
main   [   5% ] 0000/0100 VUs  0m16.0s/5m0s  20.00 iters/s

running (0m17.0s), 0000/0100 VUs, 340 complete and 0 interrupted iterations
main   [   6% ] 0000/0100 VUs  0m17.0s/5m0s  20.00 iters/s

running (0m18.0s), 0000/0100 VUs, 360 complete and 0 interrupted iterations
main   [   6% ] 0000/0100 VUs  0m18.0s/5m0s  20.00 iters/s

running (0m19.0s), 0000/0100 VUs, 380 complete and 0 interrupted iterations
main   [   6% ] 0000/0100 VUs  0m19.0s/5m0s  20.00 iters/s

running (0m20.0s), 0000/0100 VUs, 400 complete and 0 interrupted iterations
main   [   7% ] 0000/0100 VUs  0m20.0s/5m0s  20.00 iters/s

running (0m21.0s), 0000/0100 VUs, 420 complete and 0 interrupted iterations
main   [   7% ] 0000/0100 VUs  0m21.0s/5m0s  20.00 iters/s

running (0m22.0s), 0000/0100 VUs, 440 complete and 0 interrupted iterations
main   [   7% ] 0000/0100 VUs  0m22.0s/5m0s  20.00 iters/s

running (0m23.0s), 0000/0100 VUs, 460 complete and 0 interrupted iterations
main   [   8% ] 0000/0100 VUs  0m23.0s/5m0s  20.00 iters/s

running (0m24.0s), 0000/0100 VUs, 480 complete and 0 interrupted iterations
main   [   8% ] 0000/0100 VUs  0m24.0s/5m0s  20.00 iters/s

running (0m25.0s), 0000/0100 VUs, 500 complete and 0 interrupted iterations
main   [   8% ] 0000/0100 VUs  0m25.0s/5m0s  20.00 iters/s

running (0m26.0s), 0000/0100 VUs, 520 complete and 0 interrupted iterations
main   [   9% ] 0000/0100 VUs  0m26.0s/5m0s  20.00 iters/s

running (0m27.0s), 0000/0100 VUs, 540 complete and 0 interrupted iterations
main   [   9% ] 0000/0100 VUs  0m27.0s/5m0s  20.00 iters/s

running (0m28.0s), 0000/0100 VUs, 560 complete and 0 interrupted iterations
main   [   9% ] 0000/0100 VUs  0m28.0s/5m0s  20.00 iters/s

running (0m29.0s), 0000/0100 VUs, 580 complete and 0 interrupted iterations
main   [  10% ] 0000/0100 VUs  0m29.0s/5m0s  20.00 iters/s

running (0m30.0s), 0000/0100 VUs, 600 complete and 0 interrupted iterations
main   [  10% ] 0000/0100 VUs  0m30.0s/5m0s  20.00 iters/s

running (0m31.0s), 0000/0100 VUs, 620 complete and 0 interrupted iterations
main   [  10% ] 0000/0100 VUs  0m31.0s/5m0s  20.00 iters/s

running (0m32.0s), 0000/0100 VUs, 640 complete and 0 interrupted iterations
main   [  11% ] 0000/0100 VUs  0m32.0s/5m0s  20.00 iters/s

running (0m33.0s), 0000/0100 VUs, 660 complete and 0 interrupted iterations
main   [  11% ] 0000/0100 VUs  0m33.0s/5m0s  20.00 iters/s

running (0m34.0s), 0000/0100 VUs, 680 complete and 0 interrupted iterations
main   [  11% ] 0000/0100 VUs  0m34.0s/5m0s  20.00 iters/s

running (0m35.0s), 0000/0100 VUs, 700 complete and 0 interrupted iterations
main   [  12% ] 0000/0100 VUs  0m35.0s/5m0s  20.00 iters/s

running (0m36.0s), 0000/0100 VUs, 720 complete and 0 interrupted iterations
main   [  12% ] 0000/0100 VUs  0m36.0s/5m0s  20.00 iters/s

running (0m37.0s), 0000/0100 VUs, 740 complete and 0 interrupted iterations
main   [  12% ] 0000/0100 VUs  0m37.0s/5m0s  20.00 iters/s

running (0m38.0s), 0000/0100 VUs, 760 complete and 0 interrupted iterations
main   [  13% ] 0000/0100 VUs  0m38.0s/5m0s  20.00 iters/s

running (0m39.0s), 0000/0100 VUs, 780 complete and 0 interrupted iterations
main   [  13% ] 0000/0100 VUs  0m39.0s/5m0s  20.00 iters/s

running (0m40.0s), 0000/0100 VUs, 800 complete and 0 interrupted iterations
main   [  13% ] 0000/0100 VUs  0m40.0s/5m0s  20.00 iters/s

running (0m41.0s), 0000/0100 VUs, 820 complete and 0 interrupted iterations
main   [  14% ] 0000/0100 VUs  0m41.0s/5m0s  20.00 iters/s

running (0m42.0s), 0000/0100 VUs, 840 complete and 0 interrupted iterations
main   [  14% ] 0000/0100 VUs  0m42.0s/5m0s  20.00 iters/s

running (0m43.0s), 0000/0100 VUs, 860 complete and 0 interrupted iterations
main   [  14% ] 0000/0100 VUs  0m43.0s/5m0s  20.00 iters/s

running (0m44.0s), 0000/0100 VUs, 880 complete and 0 interrupted iterations
main   [  15% ] 0000/0100 VUs  0m44.0s/5m0s  20.00 iters/s

running (0m45.0s), 0000/0100 VUs, 900 complete and 0 interrupted iterations
main   [  15% ] 0000/0100 VUs  0m45.0s/5m0s  20.00 iters/s

running (0m46.0s), 0000/0100 VUs, 920 complete and 0 interrupted iterations
main   [  15% ] 0000/0100 VUs  0m46.0s/5m0s  20.00 iters/s

running (0m47.0s), 0000/0100 VUs, 940 complete and 0 interrupted iterations
main   [  16% ] 0000/0100 VUs  0m47.0s/5m0s  20.00 iters/s

running (0m48.0s), 0000/0100 VUs, 960 complete and 0 interrupted iterations
main   [  16% ] 0000/0100 VUs  0m48.0s/5m0s  20.00 iters/s

running (0m49.0s), 0000/0100 VUs, 980 complete and 0 interrupted iterations
main   [  16% ] 0000/0100 VUs  0m49.0s/5m0s  20.00 iters/s

running (0m50.0s), 0000/0100 VUs, 1000 complete and 0 interrupted iterations
main   [  17% ] 0000/0100 VUs  0m50.0s/5m0s  20.00 iters/s

running (0m51.0s), 0000/0100 VUs, 1020 complete and 0 interrupted iterations
main   [  17% ] 0000/0100 VUs  0m51.0s/5m0s  20.00 iters/s

running (0m52.0s), 0000/0100 VUs, 1040 complete and 0 interrupted iterations
main   [  17% ] 0000/0100 VUs  0m52.0s/5m0s  20.00 iters/s

running (0m53.0s), 0000/0100 VUs, 1060 complete and 0 interrupted iterations
main   [  18% ] 0000/0100 VUs  0m53.0s/5m0s  20.00 iters/s

running (0m54.0s), 0000/0100 VUs, 1080 complete and 0 interrupted iterations
main   [  18% ] 0000/0100 VUs  0m54.0s/5m0s  20.00 iters/s

running (0m55.0s), 0000/0100 VUs, 1100 complete and 0 interrupted iterations
main   [  18% ] 0000/0100 VUs  0m55.0s/5m0s  20.00 iters/s

running (0m56.0s), 0000/0100 VUs, 1120 complete and 0 interrupted iterations
main   [  19% ] 0000/0100 VUs  0m56.0s/5m0s  20.00 iters/s

running (0m57.0s), 0000/0100 VUs, 1140 complete and 0 interrupted iterations
main   [  19% ] 0000/0100 VUs  0m57.0s/5m0s  20.00 iters/s

running (0m58.0s), 0000/0100 VUs, 1160 complete and 0 interrupted iterations
main   [  19% ] 0000/0100 VUs  0m58.0s/5m0s  20.00 iters/s

running (0m59.0s), 0000/0100 VUs, 1180 complete and 0 interrupted iterations
main   [  20% ] 0000/0100 VUs  0m59.0s/5m0s  20.00 iters/s

running (1m00.0s), 0000/0100 VUs, 1200 complete and 0 interrupted iterations
main   [  20% ] 0000/0100 VUs  1m00.0s/5m0s  20.00 iters/s

running (1m01.0s), 0000/0100 VUs, 1220 complete and 0 interrupted iterations
main   [  20% ] 0000/0100 VUs  1m01.0s/5m0s  20.00 iters/s

running (1m02.0s), 0000/0100 VUs, 1240 complete and 0 interrupted iterations
main   [  21% ] 0000/0100 VUs  1m02.0s/5m0s  20.00 iters/s

running (1m03.0s), 0000/0100 VUs, 1260 complete and 0 interrupted iterations
main   [  21% ] 0000/0100 VUs  1m03.0s/5m0s  20.00 iters/s

running (1m04.0s), 0000/0100 VUs, 1280 complete and 0 interrupted iterations
main   [  21% ] 0000/0100 VUs  1m04.0s/5m0s  20.00 iters/s

running (1m05.0s), 0000/0100 VUs, 1300 complete and 0 interrupted iterations
main   [  22% ] 0000/0100 VUs  1m05.0s/5m0s  20.00 iters/s

running (1m06.0s), 0000/0100 VUs, 1320 complete and 0 interrupted iterations
main   [  22% ] 0000/0100 VUs  1m06.0s/5m0s  20.00 iters/s

running (1m07.0s), 0000/0100 VUs, 1340 complete and 0 interrupted iterations
main   [  22% ] 0000/0100 VUs  1m07.0s/5m0s  20.00 iters/s

running (1m08.0s), 0000/0100 VUs, 1360 complete and 0 interrupted iterations
main   [  23% ] 0000/0100 VUs  1m08.0s/5m0s  20.00 iters/s

running (1m09.0s), 0000/0100 VUs, 1380 complete and 0 interrupted iterations
main   [  23% ] 0000/0100 VUs  1m09.0s/5m0s  20.00 iters/s

running (1m10.0s), 0000/0100 VUs, 1400 complete and 0 interrupted iterations
main   [  23% ] 0000/0100 VUs  1m10.0s/5m0s  20.00 iters/s

running (1m11.0s), 0000/0100 VUs, 1420 complete and 0 interrupted iterations
main   [  24% ] 0000/0100 VUs  1m11.0s/5m0s  20.00 iters/s

running (1m12.0s), 0000/0100 VUs, 1440 complete and 0 interrupted iterations
main   [  24% ] 0000/0100 VUs  1m12.0s/5m0s  20.00 iters/s

running (1m13.0s), 0000/0100 VUs, 1460 complete and 0 interrupted iterations
main   [  24% ] 0000/0100 VUs  1m13.0s/5m0s  20.00 iters/s

running (1m14.0s), 0000/0100 VUs, 1480 complete and 0 interrupted iterations
main   [  25% ] 0000/0100 VUs  1m14.0s/5m0s  20.00 iters/s

running (1m15.0s), 0000/0100 VUs, 1500 complete and 0 interrupted iterations
main   [  25% ] 0000/0100 VUs  1m15.0s/5m0s  20.00 iters/s

running (1m16.0s), 0000/0100 VUs, 1520 complete and 0 interrupted iterations
main   [  25% ] 0000/0100 VUs  1m16.0s/5m0s  20.00 iters/s

running (1m17.0s), 0000/0100 VUs, 1540 complete and 0 interrupted iterations
main   [  26% ] 0000/0100 VUs  1m17.0s/5m0s  20.00 iters/s

running (1m18.0s), 0000/0100 VUs, 1560 complete and 0 interrupted iterations
main   [  26% ] 0000/0100 VUs  1m18.0s/5m0s  20.00 iters/s

running (1m19.0s), 0000/0100 VUs, 1580 complete and 0 interrupted iterations
main   [  26% ] 0000/0100 VUs  1m19.0s/5m0s  20.00 iters/s

running (1m20.0s), 0000/0100 VUs, 1600 complete and 0 interrupted iterations
main   [  27% ] 0000/0100 VUs  1m20.0s/5m0s  20.00 iters/s

running (1m21.0s), 0000/0100 VUs, 1620 complete and 0 interrupted iterations
main   [  27% ] 0000/0100 VUs  1m21.0s/5m0s  20.00 iters/s

running (1m22.0s), 0000/0100 VUs, 1640 complete and 0 interrupted iterations
main   [  27% ] 0000/0100 VUs  1m22.0s/5m0s  20.00 iters/s

running (1m23.0s), 0000/0100 VUs, 1660 complete and 0 interrupted iterations
main   [  28% ] 0000/0100 VUs  1m23.0s/5m0s  20.00 iters/s

running (1m24.0s), 0000/0100 VUs, 1680 complete and 0 interrupted iterations
main   [  28% ] 0000/0100 VUs  1m24.0s/5m0s  20.00 iters/s

running (1m25.0s), 0000/0100 VUs, 1700 complete and 0 interrupted iterations
main   [  28% ] 0000/0100 VUs  1m25.0s/5m0s  20.00 iters/s

running (1m26.0s), 0000/0100 VUs, 1720 complete and 0 interrupted iterations
main   [  29% ] 0000/0100 VUs  1m26.0s/5m0s  20.00 iters/s

running (1m27.0s), 0000/0100 VUs, 1740 complete and 0 interrupted iterations
main   [  29% ] 0000/0100 VUs  1m27.0s/5m0s  20.00 iters/s

running (1m28.0s), 0000/0100 VUs, 1760 complete and 0 interrupted iterations
main   [  29% ] 0000/0100 VUs  1m28.0s/5m0s  20.00 iters/s

running (1m29.0s), 0000/0100 VUs, 1780 complete and 0 interrupted iterations
main   [  30% ] 0000/0100 VUs  1m29.0s/5m0s  20.00 iters/s

running (1m30.0s), 0000/0100 VUs, 1800 complete and 0 interrupted iterations
main   [  30% ] 0000/0100 VUs  1m30.0s/5m0s  20.00 iters/s

running (1m31.0s), 0000/0100 VUs, 1820 complete and 0 interrupted iterations
main   [  30% ] 0000/0100 VUs  1m31.0s/5m0s  20.00 iters/s

running (1m32.0s), 0000/0100 VUs, 1840 complete and 0 interrupted iterations
main   [  31% ] 0000/0100 VUs  1m32.0s/5m0s  20.00 iters/s

running (1m33.0s), 0000/0100 VUs, 1860 complete and 0 interrupted iterations
main   [  31% ] 0000/0100 VUs  1m33.0s/5m0s  20.00 iters/s

running (1m34.0s), 0000/0100 VUs, 1880 complete and 0 interrupted iterations
main   [  31% ] 0000/0100 VUs  1m34.0s/5m0s  20.00 iters/s

running (1m35.0s), 0000/0100 VUs, 1900 complete and 0 interrupted iterations
main   [  32% ] 0000/0100 VUs  1m35.0s/5m0s  20.00 iters/s

running (1m36.0s), 0000/0100 VUs, 1920 complete and 0 interrupted iterations
main   [  32% ] 0000/0100 VUs  1m36.0s/5m0s  20.00 iters/s

running (1m37.0s), 0000/0100 VUs, 1940 complete and 0 interrupted iterations
main   [  32% ] 0000/0100 VUs  1m37.0s/5m0s  20.00 iters/s

running (1m38.0s), 0000/0100 VUs, 1960 complete and 0 interrupted iterations
main   [  33% ] 0000/0100 VUs  1m38.0s/5m0s  20.00 iters/s

running (1m39.0s), 0000/0100 VUs, 1980 complete and 0 interrupted iterations
main   [  33% ] 0000/0100 VUs  1m39.0s/5m0s  20.00 iters/s

running (1m40.0s), 0000/0100 VUs, 2000 complete and 0 interrupted iterations
main   [  33% ] 0000/0100 VUs  1m40.0s/5m0s  20.00 iters/s

running (1m41.0s), 0000/0100 VUs, 2020 complete and 0 interrupted iterations
main   [  34% ] 0000/0100 VUs  1m41.0s/5m0s  20.00 iters/s

running (1m42.0s), 0000/0100 VUs, 2040 complete and 0 interrupted iterations
main   [  34% ] 0000/0100 VUs  1m42.0s/5m0s  20.00 iters/s

running (1m43.0s), 0000/0100 VUs, 2060 complete and 0 interrupted iterations
main   [  34% ] 0000/0100 VUs  1m43.0s/5m0s  20.00 iters/s

running (1m44.0s), 0000/0100 VUs, 2080 complete and 0 interrupted iterations
main   [  35% ] 0000/0100 VUs  1m44.0s/5m0s  20.00 iters/s

running (1m45.0s), 0000/0100 VUs, 2100 complete and 0 interrupted iterations
main   [  35% ] 0000/0100 VUs  1m45.0s/5m0s  20.00 iters/s

running (1m46.0s), 0000/0100 VUs, 2120 complete and 0 interrupted iterations
main   [  35% ] 0000/0100 VUs  1m46.0s/5m0s  20.00 iters/s

running (1m47.0s), 0000/0100 VUs, 2140 complete and 0 interrupted iterations
main   [  36% ] 0000/0100 VUs  1m47.0s/5m0s  20.00 iters/s

running (1m48.0s), 0000/0100 VUs, 2160 complete and 0 interrupted iterations
main   [  36% ] 0000/0100 VUs  1m48.0s/5m0s  20.00 iters/s

running (1m49.0s), 0000/0100 VUs, 2180 complete and 0 interrupted iterations
main   [  36% ] 0000/0100 VUs  1m49.0s/5m0s  20.00 iters/s

running (1m50.0s), 0000/0100 VUs, 2200 complete and 0 interrupted iterations
main   [  37% ] 0000/0100 VUs  1m50.0s/5m0s  20.00 iters/s

running (1m51.0s), 0000/0100 VUs, 2220 complete and 0 interrupted iterations
main   [  37% ] 0000/0100 VUs  1m51.0s/5m0s  20.00 iters/s

running (1m52.0s), 0000/0100 VUs, 2240 complete and 0 interrupted iterations
main   [  37% ] 0000/0100 VUs  1m52.0s/5m0s  20.00 iters/s

running (1m53.0s), 0000/0100 VUs, 2260 complete and 0 interrupted iterations
main   [  38% ] 0000/0100 VUs  1m53.0s/5m0s  20.00 iters/s

running (1m54.0s), 0000/0100 VUs, 2280 complete and 0 interrupted iterations
main   [  38% ] 0000/0100 VUs  1m54.0s/5m0s  20.00 iters/s

running (1m55.0s), 0000/0100 VUs, 2300 complete and 0 interrupted iterations
main   [  38% ] 0000/0100 VUs  1m55.0s/5m0s  20.00 iters/s

running (1m56.0s), 0000/0100 VUs, 2320 complete and 0 interrupted iterations
main   [  39% ] 0000/0100 VUs  1m56.0s/5m0s  20.00 iters/s

running (1m57.0s), 0000/0100 VUs, 2340 complete and 0 interrupted iterations
main   [  39% ] 0000/0100 VUs  1m57.0s/5m0s  20.00 iters/s

running (1m58.0s), 0000/0100 VUs, 2360 complete and 0 interrupted iterations
main   [  39% ] 0000/0100 VUs  1m58.0s/5m0s  20.00 iters/s

running (1m59.0s), 0000/0100 VUs, 2380 complete and 0 interrupted iterations
main   [  40% ] 0000/0100 VUs  1m59.0s/5m0s  20.00 iters/s

running (2m00.0s), 0000/0100 VUs, 2400 complete and 0 interrupted iterations
main   [  40% ] 0000/0100 VUs  2m00.0s/5m0s  20.00 iters/s

running (2m01.0s), 0000/0100 VUs, 2420 complete and 0 interrupted iterations
main   [  40% ] 0000/0100 VUs  2m01.0s/5m0s  20.00 iters/s

running (2m02.0s), 0000/0100 VUs, 2440 complete and 0 interrupted iterations
main   [  41% ] 0000/0100 VUs  2m02.0s/5m0s  20.00 iters/s

running (2m03.0s), 0000/0100 VUs, 2460 complete and 0 interrupted iterations
main   [  41% ] 0000/0100 VUs  2m03.0s/5m0s  20.00 iters/s

running (2m04.0s), 0000/0100 VUs, 2480 complete and 0 interrupted iterations
main   [  41% ] 0000/0100 VUs  2m04.0s/5m0s  20.00 iters/s

running (2m05.0s), 0000/0100 VUs, 2500 complete and 0 interrupted iterations
main   [  42% ] 0000/0100 VUs  2m05.0s/5m0s  20.00 iters/s

running (2m06.0s), 0000/0100 VUs, 2520 complete and 0 interrupted iterations
main   [  42% ] 0000/0100 VUs  2m06.0s/5m0s  20.00 iters/s

running (2m07.0s), 0000/0100 VUs, 2540 complete and 0 interrupted iterations
main   [  42% ] 0000/0100 VUs  2m07.0s/5m0s  20.00 iters/s

running (2m08.0s), 0000/0100 VUs, 2560 complete and 0 interrupted iterations
main   [  43% ] 0000/0100 VUs  2m08.0s/5m0s  20.00 iters/s

running (2m09.0s), 0000/0100 VUs, 2580 complete and 0 interrupted iterations
main   [  43% ] 0000/0100 VUs  2m09.0s/5m0s  20.00 iters/s

running (2m10.0s), 0000/0100 VUs, 2600 complete and 0 interrupted iterations
main   [  43% ] 0000/0100 VUs  2m10.0s/5m0s  20.00 iters/s

running (2m11.0s), 0000/0100 VUs, 2620 complete and 0 interrupted iterations
main   [  44% ] 0000/0100 VUs  2m11.0s/5m0s  20.00 iters/s

running (2m12.0s), 0000/0100 VUs, 2640 complete and 0 interrupted iterations
main   [  44% ] 0000/0100 VUs  2m12.0s/5m0s  20.00 iters/s

running (2m13.0s), 0000/0100 VUs, 2660 complete and 0 interrupted iterations
main   [  44% ] 0000/0100 VUs  2m13.0s/5m0s  20.00 iters/s

running (2m14.0s), 0000/0100 VUs, 2680 complete and 0 interrupted iterations
main   [  45% ] 0000/0100 VUs  2m14.0s/5m0s  20.00 iters/s

running (2m15.0s), 0000/0100 VUs, 2700 complete and 0 interrupted iterations
main   [  45% ] 0000/0100 VUs  2m15.0s/5m0s  20.00 iters/s

running (2m16.0s), 0000/0100 VUs, 2720 complete and 0 interrupted iterations
main   [  45% ] 0000/0100 VUs  2m16.0s/5m0s  20.00 iters/s

running (2m17.0s), 0000/0100 VUs, 2740 complete and 0 interrupted iterations
main   [  46% ] 0000/0100 VUs  2m17.0s/5m0s  20.00 iters/s

running (2m18.0s), 0000/0100 VUs, 2760 complete and 0 interrupted iterations
main   [  46% ] 0000/0100 VUs  2m18.0s/5m0s  20.00 iters/s

running (2m19.0s), 0000/0100 VUs, 2780 complete and 0 interrupted iterations
main   [  46% ] 0000/0100 VUs  2m19.0s/5m0s  20.00 iters/s

running (2m20.0s), 0000/0100 VUs, 2800 complete and 0 interrupted iterations
main   [  47% ] 0000/0100 VUs  2m20.0s/5m0s  20.00 iters/s

running (2m21.0s), 0000/0100 VUs, 2820 complete and 0 interrupted iterations
main   [  47% ] 0000/0100 VUs  2m21.0s/5m0s  20.00 iters/s

running (2m22.0s), 0000/0100 VUs, 2840 complete and 0 interrupted iterations
main   [  47% ] 0000/0100 VUs  2m22.0s/5m0s  20.00 iters/s

running (2m23.0s), 0000/0100 VUs, 2860 complete and 0 interrupted iterations
main   [  48% ] 0000/0100 VUs  2m23.0s/5m0s  20.00 iters/s

running (2m24.0s), 0000/0100 VUs, 2880 complete and 0 interrupted iterations
main   [  48% ] 0000/0100 VUs  2m24.0s/5m0s  20.00 iters/s

running (2m25.0s), 0000/0100 VUs, 2900 complete and 0 interrupted iterations
main   [  48% ] 0000/0100 VUs  2m25.0s/5m0s  20.00 iters/s

running (2m26.0s), 0000/0100 VUs, 2920 complete and 0 interrupted iterations
main   [  49% ] 0000/0100 VUs  2m26.0s/5m0s  20.00 iters/s

running (2m27.0s), 0000/0100 VUs, 2940 complete and 0 interrupted iterations
main   [  49% ] 0000/0100 VUs  2m27.0s/5m0s  20.00 iters/s

running (2m28.0s), 0000/0100 VUs, 2960 complete and 0 interrupted iterations
main   [  49% ] 0000/0100 VUs  2m28.0s/5m0s  20.00 iters/s

running (2m29.0s), 0000/0100 VUs, 2980 complete and 0 interrupted iterations
main   [  50% ] 0000/0100 VUs  2m29.0s/5m0s  20.00 iters/s

running (2m30.0s), 0000/0100 VUs, 3000 complete and 0 interrupted iterations
main   [  50% ] 0000/0100 VUs  2m30.0s/5m0s  20.00 iters/s

running (2m31.0s), 0000/0100 VUs, 3020 complete and 0 interrupted iterations
main   [  50% ] 0000/0100 VUs  2m31.0s/5m0s  20.00 iters/s

running (2m32.0s), 0000/0100 VUs, 3040 complete and 0 interrupted iterations
main   [  51% ] 0000/0100 VUs  2m32.0s/5m0s  20.00 iters/s

running (2m33.0s), 0000/0100 VUs, 3060 complete and 0 interrupted iterations
main   [  51% ] 0000/0100 VUs  2m33.0s/5m0s  20.00 iters/s

running (2m34.0s), 0000/0100 VUs, 3080 complete and 0 interrupted iterations
main   [  51% ] 0000/0100 VUs  2m34.0s/5m0s  20.00 iters/s

running (2m35.0s), 0000/0100 VUs, 3100 complete and 0 interrupted iterations
main   [  52% ] 0000/0100 VUs  2m35.0s/5m0s  20.00 iters/s

running (2m36.0s), 0000/0100 VUs, 3120 complete and 0 interrupted iterations
main   [  52% ] 0000/0100 VUs  2m36.0s/5m0s  20.00 iters/s

running (2m37.0s), 0000/0100 VUs, 3140 complete and 0 interrupted iterations
main   [  52% ] 0000/0100 VUs  2m37.0s/5m0s  20.00 iters/s

running (2m38.0s), 0000/0100 VUs, 3160 complete and 0 interrupted iterations
main   [  53% ] 0000/0100 VUs  2m38.0s/5m0s  20.00 iters/s

running (2m39.0s), 0000/0100 VUs, 3180 complete and 0 interrupted iterations
main   [  53% ] 0000/0100 VUs  2m39.0s/5m0s  20.00 iters/s

running (2m40.0s), 0000/0100 VUs, 3200 complete and 0 interrupted iterations
main   [  53% ] 0000/0100 VUs  2m40.0s/5m0s  20.00 iters/s

running (2m41.0s), 0000/0100 VUs, 3220 complete and 0 interrupted iterations
main   [  54% ] 0000/0100 VUs  2m41.0s/5m0s  20.00 iters/s

running (2m42.0s), 0000/0100 VUs, 3240 complete and 0 interrupted iterations
main   [  54% ] 0000/0100 VUs  2m42.0s/5m0s  20.00 iters/s

running (2m43.0s), 0000/0100 VUs, 3260 complete and 0 interrupted iterations
main   [  54% ] 0000/0100 VUs  2m43.0s/5m0s  20.00 iters/s

running (2m44.0s), 0000/0100 VUs, 3280 complete and 0 interrupted iterations
main   [  55% ] 0000/0100 VUs  2m44.0s/5m0s  20.00 iters/s

running (2m45.0s), 0000/0100 VUs, 3300 complete and 0 interrupted iterations
main   [  55% ] 0000/0100 VUs  2m45.0s/5m0s  20.00 iters/s

running (2m46.0s), 0000/0100 VUs, 3320 complete and 0 interrupted iterations
main   [  55% ] 0000/0100 VUs  2m46.0s/5m0s  20.00 iters/s

running (2m47.0s), 0000/0100 VUs, 3340 complete and 0 interrupted iterations
main   [  56% ] 0000/0100 VUs  2m47.0s/5m0s  20.00 iters/s

running (2m48.0s), 0000/0100 VUs, 3360 complete and 0 interrupted iterations
main   [  56% ] 0000/0100 VUs  2m48.0s/5m0s  20.00 iters/s

running (2m49.0s), 0000/0100 VUs, 3380 complete and 0 interrupted iterations
main   [  56% ] 0000/0100 VUs  2m49.0s/5m0s  20.00 iters/s

running (2m50.0s), 0000/0100 VUs, 3400 complete and 0 interrupted iterations
main   [  57% ] 0000/0100 VUs  2m50.0s/5m0s  20.00 iters/s

running (2m51.0s), 0000/0100 VUs, 3420 complete and 0 interrupted iterations
main   [  57% ] 0000/0100 VUs  2m51.0s/5m0s  20.00 iters/s

running (2m52.0s), 0000/0100 VUs, 3440 complete and 0 interrupted iterations
main   [  57% ] 0000/0100 VUs  2m52.0s/5m0s  20.00 iters/s

running (2m53.0s), 0000/0100 VUs, 3460 complete and 0 interrupted iterations
main   [  58% ] 0000/0100 VUs  2m53.0s/5m0s  20.00 iters/s

running (2m54.0s), 0000/0100 VUs, 3480 complete and 0 interrupted iterations
main   [  58% ] 0000/0100 VUs  2m54.0s/5m0s  20.00 iters/s

running (2m55.0s), 0000/0100 VUs, 3500 complete and 0 interrupted iterations
main   [  58% ] 0000/0100 VUs  2m55.0s/5m0s  20.00 iters/s

running (2m56.0s), 0000/0100 VUs, 3520 complete and 0 interrupted iterations
main   [  59% ] 0000/0100 VUs  2m56.0s/5m0s  20.00 iters/s

running (2m57.0s), 0000/0100 VUs, 3540 complete and 0 interrupted iterations
main   [  59% ] 0000/0100 VUs  2m57.0s/5m0s  20.00 iters/s

running (2m58.0s), 0000/0100 VUs, 3560 complete and 0 interrupted iterations
main   [  59% ] 0000/0100 VUs  2m58.0s/5m0s  20.00 iters/s

running (2m59.0s), 0000/0100 VUs, 3580 complete and 0 interrupted iterations
main   [  60% ] 0000/0100 VUs  2m59.0s/5m0s  20.00 iters/s

running (3m00.0s), 0000/0100 VUs, 3600 complete and 0 interrupted iterations
main   [  60% ] 0000/0100 VUs  3m00.0s/5m0s  20.00 iters/s

running (3m01.0s), 0000/0100 VUs, 3620 complete and 0 interrupted iterations
main   [  60% ] 0000/0100 VUs  3m01.0s/5m0s  20.00 iters/s

running (3m02.0s), 0000/0100 VUs, 3640 complete and 0 interrupted iterations
main   [  61% ] 0000/0100 VUs  3m02.0s/5m0s  20.00 iters/s

running (3m03.0s), 0000/0100 VUs, 3660 complete and 0 interrupted iterations
main   [  61% ] 0000/0100 VUs  3m03.0s/5m0s  20.00 iters/s

running (3m04.0s), 0000/0100 VUs, 3680 complete and 0 interrupted iterations
main   [  61% ] 0000/0100 VUs  3m04.0s/5m0s  20.00 iters/s

running (3m05.0s), 0000/0100 VUs, 3700 complete and 0 interrupted iterations
main   [  62% ] 0000/0100 VUs  3m05.0s/5m0s  20.00 iters/s

running (3m06.0s), 0000/0100 VUs, 3720 complete and 0 interrupted iterations
main   [  62% ] 0000/0100 VUs  3m06.0s/5m0s  20.00 iters/s

running (3m07.0s), 0000/0100 VUs, 3740 complete and 0 interrupted iterations
main   [  62% ] 0000/0100 VUs  3m07.0s/5m0s  20.00 iters/s

running (3m08.0s), 0000/0100 VUs, 3760 complete and 0 interrupted iterations
main   [  63% ] 0000/0100 VUs  3m08.0s/5m0s  20.00 iters/s

running (3m09.0s), 0000/0100 VUs, 3780 complete and 0 interrupted iterations
main   [  63% ] 0000/0100 VUs  3m09.0s/5m0s  20.00 iters/s

running (3m10.0s), 0000/0100 VUs, 3800 complete and 0 interrupted iterations
main   [  63% ] 0000/0100 VUs  3m10.0s/5m0s  20.00 iters/s

running (3m11.0s), 0000/0100 VUs, 3820 complete and 0 interrupted iterations
main   [  64% ] 0000/0100 VUs  3m11.0s/5m0s  20.00 iters/s

running (3m12.0s), 0000/0100 VUs, 3840 complete and 0 interrupted iterations
main   [  64% ] 0000/0100 VUs  3m12.0s/5m0s  20.00 iters/s

running (3m13.0s), 0000/0100 VUs, 3860 complete and 0 interrupted iterations
main   [  64% ] 0000/0100 VUs  3m13.0s/5m0s  20.00 iters/s

running (3m14.0s), 0000/0100 VUs, 3880 complete and 0 interrupted iterations
main   [  65% ] 0000/0100 VUs  3m14.0s/5m0s  20.00 iters/s

running (3m15.0s), 0000/0100 VUs, 3900 complete and 0 interrupted iterations
main   [  65% ] 0000/0100 VUs  3m15.0s/5m0s  20.00 iters/s

running (3m16.0s), 0000/0100 VUs, 3920 complete and 0 interrupted iterations
main   [  65% ] 0000/0100 VUs  3m16.0s/5m0s  20.00 iters/s

running (3m17.0s), 0000/0100 VUs, 3940 complete and 0 interrupted iterations
main   [  66% ] 0000/0100 VUs  3m17.0s/5m0s  20.00 iters/s

running (3m18.0s), 0000/0100 VUs, 3960 complete and 0 interrupted iterations
main   [  66% ] 0000/0100 VUs  3m18.0s/5m0s  20.00 iters/s

running (3m19.0s), 0000/0100 VUs, 3980 complete and 0 interrupted iterations
main   [  66% ] 0000/0100 VUs  3m19.0s/5m0s  20.00 iters/s

running (3m20.0s), 0000/0100 VUs, 4000 complete and 0 interrupted iterations
main   [  67% ] 0000/0100 VUs  3m20.0s/5m0s  20.00 iters/s

running (3m21.0s), 0000/0100 VUs, 4020 complete and 0 interrupted iterations
main   [  67% ] 0000/0100 VUs  3m21.0s/5m0s  20.00 iters/s

running (3m22.0s), 0000/0100 VUs, 4040 complete and 0 interrupted iterations
main   [  67% ] 0000/0100 VUs  3m22.0s/5m0s  20.00 iters/s

running (3m23.0s), 0000/0100 VUs, 4060 complete and 0 interrupted iterations
main   [  68% ] 0000/0100 VUs  3m23.0s/5m0s  20.00 iters/s

running (3m24.0s), 0000/0100 VUs, 4080 complete and 0 interrupted iterations
main   [  68% ] 0000/0100 VUs  3m24.0s/5m0s  20.00 iters/s

running (3m25.0s), 0000/0100 VUs, 4100 complete and 0 interrupted iterations
main   [  68% ] 0000/0100 VUs  3m25.0s/5m0s  20.00 iters/s

running (3m26.0s), 0000/0100 VUs, 4120 complete and 0 interrupted iterations
main   [  69% ] 0000/0100 VUs  3m26.0s/5m0s  20.00 iters/s

running (3m27.0s), 0000/0100 VUs, 4140 complete and 0 interrupted iterations
main   [  69% ] 0000/0100 VUs  3m27.0s/5m0s  20.00 iters/s

running (3m28.0s), 0000/0100 VUs, 4160 complete and 0 interrupted iterations
main   [  69% ] 0000/0100 VUs  3m28.0s/5m0s  20.00 iters/s

running (3m29.0s), 0000/0100 VUs, 4180 complete and 0 interrupted iterations
main   [  70% ] 0000/0100 VUs  3m29.0s/5m0s  20.00 iters/s

running (3m30.0s), 0000/0100 VUs, 4200 complete and 0 interrupted iterations
main   [  70% ] 0000/0100 VUs  3m30.0s/5m0s  20.00 iters/s

running (3m31.0s), 0000/0100 VUs, 4220 complete and 0 interrupted iterations
main   [  70% ] 0000/0100 VUs  3m31.0s/5m0s  20.00 iters/s

running (3m32.0s), 0000/0100 VUs, 4240 complete and 0 interrupted iterations
main   [  71% ] 0000/0100 VUs  3m32.0s/5m0s  20.00 iters/s

running (3m33.0s), 0000/0100 VUs, 4260 complete and 0 interrupted iterations
main   [  71% ] 0000/0100 VUs  3m33.0s/5m0s  20.00 iters/s

running (3m34.0s), 0000/0100 VUs, 4280 complete and 0 interrupted iterations
main   [  71% ] 0000/0100 VUs  3m34.0s/5m0s  20.00 iters/s

running (3m35.0s), 0000/0100 VUs, 4300 complete and 0 interrupted iterations
main   [  72% ] 0000/0100 VUs  3m35.0s/5m0s  20.00 iters/s

running (3m36.0s), 0000/0100 VUs, 4320 complete and 0 interrupted iterations
main   [  72% ] 0000/0100 VUs  3m36.0s/5m0s  20.00 iters/s

running (3m37.0s), 0000/0100 VUs, 4340 complete and 0 interrupted iterations
main   [  72% ] 0000/0100 VUs  3m37.0s/5m0s  20.00 iters/s

running (3m38.0s), 0000/0100 VUs, 4360 complete and 0 interrupted iterations
main   [  73% ] 0000/0100 VUs  3m38.0s/5m0s  20.00 iters/s

running (3m39.0s), 0000/0100 VUs, 4380 complete and 0 interrupted iterations
main   [  73% ] 0000/0100 VUs  3m39.0s/5m0s  20.00 iters/s

running (3m40.0s), 0000/0100 VUs, 4400 complete and 0 interrupted iterations
main   [  73% ] 0000/0100 VUs  3m40.0s/5m0s  20.00 iters/s

running (3m41.0s), 0000/0100 VUs, 4420 complete and 0 interrupted iterations
main   [  74% ] 0000/0100 VUs  3m41.0s/5m0s  20.00 iters/s

running (3m42.0s), 0000/0100 VUs, 4440 complete and 0 interrupted iterations
main   [  74% ] 0000/0100 VUs  3m42.0s/5m0s  20.00 iters/s

running (3m43.0s), 0000/0100 VUs, 4460 complete and 0 interrupted iterations
main   [  74% ] 0000/0100 VUs  3m43.0s/5m0s  20.00 iters/s

running (3m44.0s), 0000/0100 VUs, 4480 complete and 0 interrupted iterations
main   [  75% ] 0000/0100 VUs  3m44.0s/5m0s  20.00 iters/s

running (3m45.0s), 0000/0100 VUs, 4500 complete and 0 interrupted iterations
main   [  75% ] 0000/0100 VUs  3m45.0s/5m0s  20.00 iters/s

running (3m46.0s), 0000/0100 VUs, 4520 complete and 0 interrupted iterations
main   [  75% ] 0000/0100 VUs  3m46.0s/5m0s  20.00 iters/s

running (3m47.0s), 0000/0100 VUs, 4540 complete and 0 interrupted iterations
main   [  76% ] 0000/0100 VUs  3m47.0s/5m0s  20.00 iters/s

running (3m48.0s), 0000/0100 VUs, 4560 complete and 0 interrupted iterations
main   [  76% ] 0000/0100 VUs  3m48.0s/5m0s  20.00 iters/s

running (3m49.0s), 0000/0100 VUs, 4580 complete and 0 interrupted iterations
main   [  76% ] 0000/0100 VUs  3m49.0s/5m0s  20.00 iters/s

running (3m50.0s), 0000/0100 VUs, 4600 complete and 0 interrupted iterations
main   [  77% ] 0000/0100 VUs  3m50.0s/5m0s  20.00 iters/s

running (3m51.0s), 0000/0100 VUs, 4620 complete and 0 interrupted iterations
main   [  77% ] 0000/0100 VUs  3m51.0s/5m0s  20.00 iters/s

running (3m52.0s), 0000/0100 VUs, 4640 complete and 0 interrupted iterations
main   [  77% ] 0000/0100 VUs  3m52.0s/5m0s  20.00 iters/s

running (3m53.0s), 0000/0100 VUs, 4660 complete and 0 interrupted iterations
main   [  78% ] 0000/0100 VUs  3m53.0s/5m0s  20.00 iters/s

running (3m54.0s), 0000/0100 VUs, 4680 complete and 0 interrupted iterations
main   [  78% ] 0000/0100 VUs  3m54.0s/5m0s  20.00 iters/s

running (3m55.0s), 0000/0100 VUs, 4700 complete and 0 interrupted iterations
main   [  78% ] 0000/0100 VUs  3m55.0s/5m0s  20.00 iters/s

running (3m56.0s), 0000/0100 VUs, 4720 complete and 0 interrupted iterations
main   [  79% ] 0000/0100 VUs  3m56.0s/5m0s  20.00 iters/s

running (3m57.0s), 0000/0100 VUs, 4740 complete and 0 interrupted iterations
main   [  79% ] 0000/0100 VUs  3m57.0s/5m0s  20.00 iters/s

running (3m58.0s), 0000/0100 VUs, 4760 complete and 0 interrupted iterations
main   [  79% ] 0000/0100 VUs  3m58.0s/5m0s  20.00 iters/s

running (3m59.0s), 0000/0100 VUs, 4780 complete and 0 interrupted iterations
main   [  80% ] 0000/0100 VUs  3m59.0s/5m0s  20.00 iters/s

running (4m00.0s), 0000/0100 VUs, 4800 complete and 0 interrupted iterations
main   [  80% ] 0000/0100 VUs  4m00.0s/5m0s  20.00 iters/s

running (4m01.0s), 0000/0100 VUs, 4820 complete and 0 interrupted iterations
main   [  80% ] 0000/0100 VUs  4m01.0s/5m0s  20.00 iters/s

running (4m02.0s), 0000/0100 VUs, 4840 complete and 0 interrupted iterations
main   [  81% ] 0000/0100 VUs  4m02.0s/5m0s  20.00 iters/s

running (4m03.0s), 0000/0100 VUs, 4860 complete and 0 interrupted iterations
main   [  81% ] 0000/0100 VUs  4m03.0s/5m0s  20.00 iters/s

running (4m04.0s), 0000/0100 VUs, 4880 complete and 0 interrupted iterations
main   [  81% ] 0000/0100 VUs  4m04.0s/5m0s  20.00 iters/s

running (4m05.0s), 0000/0100 VUs, 4900 complete and 0 interrupted iterations
main   [  82% ] 0000/0100 VUs  4m05.0s/5m0s  20.00 iters/s

running (4m06.0s), 0000/0100 VUs, 4920 complete and 0 interrupted iterations
main   [  82% ] 0000/0100 VUs  4m06.0s/5m0s  20.00 iters/s

running (4m07.0s), 0000/0100 VUs, 4940 complete and 0 interrupted iterations
main   [  82% ] 0000/0100 VUs  4m07.0s/5m0s  20.00 iters/s

running (4m08.0s), 0000/0100 VUs, 4960 complete and 0 interrupted iterations
main   [  83% ] 0000/0100 VUs  4m08.0s/5m0s  20.00 iters/s

running (4m09.0s), 0000/0100 VUs, 4980 complete and 0 interrupted iterations
main   [  83% ] 0000/0100 VUs  4m09.0s/5m0s  20.00 iters/s

running (4m10.0s), 0000/0100 VUs, 5000 complete and 0 interrupted iterations
main   [  83% ] 0000/0100 VUs  4m10.0s/5m0s  20.00 iters/s

running (4m11.0s), 0000/0100 VUs, 5020 complete and 0 interrupted iterations
main   [  84% ] 0000/0100 VUs  4m11.0s/5m0s  20.00 iters/s

running (4m12.0s), 0000/0100 VUs, 5040 complete and 0 interrupted iterations
main   [  84% ] 0000/0100 VUs  4m12.0s/5m0s  20.00 iters/s

running (4m13.0s), 0000/0100 VUs, 5060 complete and 0 interrupted iterations
main   [  84% ] 0000/0100 VUs  4m13.0s/5m0s  20.00 iters/s

running (4m14.0s), 0000/0100 VUs, 5080 complete and 0 interrupted iterations
main   [  85% ] 0000/0100 VUs  4m14.0s/5m0s  20.00 iters/s

running (4m15.0s), 0000/0100 VUs, 5100 complete and 0 interrupted iterations
main   [  85% ] 0000/0100 VUs  4m15.0s/5m0s  20.00 iters/s

running (4m16.0s), 0000/0100 VUs, 5120 complete and 0 interrupted iterations
main   [  85% ] 0000/0100 VUs  4m16.0s/5m0s  20.00 iters/s

running (4m17.0s), 0000/0100 VUs, 5140 complete and 0 interrupted iterations
main   [  86% ] 0000/0100 VUs  4m17.0s/5m0s  20.00 iters/s

running (4m18.0s), 0000/0100 VUs, 5160 complete and 0 interrupted iterations
main   [  86% ] 0000/0100 VUs  4m18.0s/5m0s  20.00 iters/s

running (4m19.0s), 0000/0100 VUs, 5180 complete and 0 interrupted iterations
main   [  86% ] 0000/0100 VUs  4m19.0s/5m0s  20.00 iters/s

running (4m20.0s), 0000/0100 VUs, 5200 complete and 0 interrupted iterations
main   [  87% ] 0000/0100 VUs  4m20.0s/5m0s  20.00 iters/s

running (4m21.0s), 0000/0100 VUs, 5220 complete and 0 interrupted iterations
main   [  87% ] 0000/0100 VUs  4m21.0s/5m0s  20.00 iters/s

running (4m22.0s), 0000/0100 VUs, 5240 complete and 0 interrupted iterations
main   [  87% ] 0000/0100 VUs  4m22.0s/5m0s  20.00 iters/s

running (4m23.0s), 0000/0100 VUs, 5260 complete and 0 interrupted iterations
main   [  88% ] 0000/0100 VUs  4m23.0s/5m0s  20.00 iters/s

running (4m24.0s), 0000/0100 VUs, 5280 complete and 0 interrupted iterations
main   [  88% ] 0000/0100 VUs  4m24.0s/5m0s  20.00 iters/s

running (4m25.0s), 0000/0100 VUs, 5300 complete and 0 interrupted iterations
main   [  88% ] 0000/0100 VUs  4m25.0s/5m0s  20.00 iters/s

running (4m26.0s), 0000/0100 VUs, 5320 complete and 0 interrupted iterations
main   [  89% ] 0000/0100 VUs  4m26.0s/5m0s  20.00 iters/s

running (4m27.0s), 0000/0100 VUs, 5340 complete and 0 interrupted iterations
main   [  89% ] 0000/0100 VUs  4m27.0s/5m0s  20.00 iters/s

running (4m28.0s), 0000/0100 VUs, 5360 complete and 0 interrupted iterations
main   [  89% ] 0000/0100 VUs  4m28.0s/5m0s  20.00 iters/s

running (4m29.0s), 0000/0100 VUs, 5380 complete and 0 interrupted iterations
main   [  90% ] 0000/0100 VUs  4m29.0s/5m0s  20.00 iters/s

running (4m30.0s), 0000/0100 VUs, 5400 complete and 0 interrupted iterations
main   [  90% ] 0000/0100 VUs  4m30.0s/5m0s  20.00 iters/s

running (4m31.0s), 0000/0100 VUs, 5420 complete and 0 interrupted iterations
main   [  90% ] 0000/0100 VUs  4m31.0s/5m0s  20.00 iters/s

running (4m32.0s), 0000/0100 VUs, 5440 complete and 0 interrupted iterations
main   [  91% ] 0000/0100 VUs  4m32.0s/5m0s  20.00 iters/s

running (4m33.0s), 0000/0100 VUs, 5460 complete and 0 interrupted iterations
main   [  91% ] 0000/0100 VUs  4m33.0s/5m0s  20.00 iters/s

running (4m34.0s), 0000/0100 VUs, 5480 complete and 0 interrupted iterations
main   [  91% ] 0000/0100 VUs  4m34.0s/5m0s  20.00 iters/s

running (4m35.0s), 0000/0100 VUs, 5500 complete and 0 interrupted iterations
main   [  92% ] 0000/0100 VUs  4m35.0s/5m0s  20.00 iters/s

running (4m36.0s), 0000/0100 VUs, 5520 complete and 0 interrupted iterations
main   [  92% ] 0000/0100 VUs  4m36.0s/5m0s  20.00 iters/s

running (4m37.0s), 0000/0100 VUs, 5540 complete and 0 interrupted iterations
main   [  92% ] 0000/0100 VUs  4m37.0s/5m0s  20.00 iters/s

running (4m38.0s), 0000/0100 VUs, 5560 complete and 0 interrupted iterations
main   [  93% ] 0000/0100 VUs  4m38.0s/5m0s  20.00 iters/s

running (4m39.0s), 0000/0100 VUs, 5580 complete and 0 interrupted iterations
main   [  93% ] 0000/0100 VUs  4m39.0s/5m0s  20.00 iters/s

running (4m40.0s), 0000/0100 VUs, 5600 complete and 0 interrupted iterations
main   [  93% ] 0000/0100 VUs  4m40.0s/5m0s  20.00 iters/s

running (4m41.0s), 0000/0100 VUs, 5620 complete and 0 interrupted iterations
main   [  94% ] 0000/0100 VUs  4m41.0s/5m0s  20.00 iters/s

running (4m42.0s), 0000/0100 VUs, 5640 complete and 0 interrupted iterations
main   [  94% ] 0000/0100 VUs  4m42.0s/5m0s  20.00 iters/s

running (4m43.0s), 0000/0100 VUs, 5660 complete and 0 interrupted iterations
main   [  94% ] 0000/0100 VUs  4m43.0s/5m0s  20.00 iters/s

running (4m44.0s), 0000/0100 VUs, 5680 complete and 0 interrupted iterations
main   [  95% ] 0000/0100 VUs  4m44.0s/5m0s  20.00 iters/s

running (4m45.0s), 0000/0100 VUs, 5700 complete and 0 interrupted iterations
main   [  95% ] 0000/0100 VUs  4m45.0s/5m0s  20.00 iters/s

running (4m46.0s), 0000/0100 VUs, 5720 complete and 0 interrupted iterations
main   [  95% ] 0000/0100 VUs  4m46.0s/5m0s  20.00 iters/s

running (4m47.0s), 0000/0100 VUs, 5740 complete and 0 interrupted iterations
main   [  96% ] 0000/0100 VUs  4m47.0s/5m0s  20.00 iters/s

running (4m48.0s), 0000/0100 VUs, 5760 complete and 0 interrupted iterations
main   [  96% ] 0000/0100 VUs  4m48.0s/5m0s  20.00 iters/s

running (4m49.0s), 0000/0100 VUs, 5780 complete and 0 interrupted iterations
main   [  96% ] 0000/0100 VUs  4m49.0s/5m0s  20.00 iters/s

running (4m50.0s), 0000/0100 VUs, 5800 complete and 0 interrupted iterations
main   [  97% ] 0000/0100 VUs  4m50.0s/5m0s  20.00 iters/s

running (4m51.0s), 0000/0100 VUs, 5820 complete and 0 interrupted iterations
main   [  97% ] 0000/0100 VUs  4m51.0s/5m0s  20.00 iters/s

running (4m52.0s), 0000/0100 VUs, 5840 complete and 0 interrupted iterations
main   [  97% ] 0000/0100 VUs  4m52.0s/5m0s  20.00 iters/s

running (4m53.0s), 0000/0100 VUs, 5860 complete and 0 interrupted iterations
main   [  98% ] 0000/0100 VUs  4m53.0s/5m0s  20.00 iters/s

running (4m54.0s), 0000/0100 VUs, 5880 complete and 0 interrupted iterations
main   [  98% ] 0000/0100 VUs  4m54.0s/5m0s  20.00 iters/s

running (4m55.0s), 0000/0100 VUs, 5900 complete and 0 interrupted iterations
main   [  98% ] 0000/0100 VUs  4m55.0s/5m0s  20.00 iters/s

running (4m56.0s), 0000/0100 VUs, 5920 complete and 0 interrupted iterations
main   [  99% ] 0000/0100 VUs  4m56.0s/5m0s  20.00 iters/s

running (4m57.0s), 0000/0100 VUs, 5940 complete and 0 interrupted iterations
main   [  99% ] 0000/0100 VUs  4m57.0s/5m0s  20.00 iters/s

running (4m58.0s), 0000/0100 VUs, 5960 complete and 0 interrupted iterations
main   [  99% ] 0000/0100 VUs  4m58.0s/5m0s  20.00 iters/s

running (4m59.0s), 0000/0100 VUs, 5980 complete and 0 interrupted iterations
main   [ 100% ] 0000/0100 VUs  4m59.0s/5m0s  20.00 iters/s

running (5m00.0s), 0000/0100 VUs, 6000 complete and 0 interrupted iterations
main   [ 100% ] 0000/0100 VUs  5m00.0s/5m0s  20.00 iters/s

running (5m00.0s), 0000/0100 VUs, 6000 complete and 0 interrupted iterations
main ✓ [ 100% ] 0000/0100 VUs  5m0s  20.00 iters/s
  Repeat 3 complete. Results in results/b-inbatch-nodup-rtt300-r20-n250-rep3-1781347931.json
=== Cell complete: 3 repeat(s) for b/inbatch-nodup rtt=300us ===

=== Campaign summary ===
cells in file: 30, completed this run: 3, already done (skipped): 27, failed: 0, stopped by time cap: 0
progress ledger: results/campaign-progress.tsv
